2026-08-20 22:59:04,018 [    135]   INFO - #c.i.p.i.b.AppStarter - ------------------------------------------------------ IDE STARTED ------------------------------------------------------
2026-08-20 22:59:04,178 [    295]   INFO - #c.i.i.p.PluginManager - Using broken plugins file from IDE distribution
2026-08-20 22:59:04,399 [    516]   INFO - #c.i.p.i.b.AppStarter - JNA library (64-bit) loaded in 161 ms
2026-08-20 22:59:04,405 [    522]   INFO - #c.i.u.i.PageCacheUtils - File page caching params:
2026-08-20 22:59:04,407 [    524]   INFO - #c.i.u.i.PageCacheUtils - 	DEFAULT_PAGE_SIZE: 10485760
2026-08-20 22:59:04,408 [    525]   INFO - #c.i.u.i.PageCacheUtils - 	Direct memory to use, max: 2126512128
2026-08-20 22:59:04,414 [    531]   INFO - #c.i.u.i.PageCacheUtils - 	FilePageCache: regular + lock-free (LOCK_FREE_PAGE_CACHE_ENABLED:true)
2026-08-20 22:59:04,418 [    535]   INFO - #c.i.p.i.b.AppStarter - IDE: IntelliJ IDEA (build #IC-241.14494.240, Thu, 28 Mar 2024 05:12:00 GMT)
2026-08-20 22:59:04,425 [    542]   INFO - #c.i.u.i.PageCacheUtils - 	NEW_PAGE_CACHE_MEMORY_FRACTION: 0.20000000298023224
2026-08-20 22:59:04,427 [    544]   INFO - #c.i.u.i.PageCacheUtils - 	Regular FilePageCache: 503316478 bytes
2026-08-20 22:59:04,428 [    545]   INFO - #c.i.u.i.PageCacheUtils - 	New     FilePageCache: 125829122 bytes (+ up to 10.0% overflow)
2026-08-20 22:59:04,425 [    542]   INFO - #c.i.p.i.b.AppStarter - OS: Linux (7.1.8-200.fc44.x86_64)
2026-08-20 22:59:04,436 [    553]   INFO - #c.i.p.i.b.AppStarter - JRE: 17.0.10+8-b1207.12, amd64 (JetBrains s.r.o.)
2026-08-20 22:59:04,436 [    553]   INFO - #c.i.u.i.PageCacheUtils - 	DirectByteBuffers pool: 104857600 bytes
2026-08-20 22:59:04,442 [    559]   INFO - #c.i.p.i.b.AppStarter - JVM: 17.0.10+8-b1207.12 (OpenJDK 64-Bit Server VM)
2026-08-20 22:59:04,449 [    566]   INFO - #c.i.p.i.b.AppStarter - PID: 31339
2026-08-20 22:59:04,455 [    572]   INFO - #c.i.p.i.b.AppStarter - desktop: KDE
2026-08-20 22:59:04,458 [    575]   INFO - #c.i.p.i.b.AppStarter - toolkit: sun.awt.X11.XToolkit
2026-08-20 22:59:04,537 [    654]   INFO - #c.i.i.p.PluginManager - PluginDescriptor(name=Docker Runner, id=com.olezelelabs.dockerrunner, descriptorPath=plugin.xml, path=~/Developer/DockerRunner/.intellijPlatform/sandbox/DockerRunner/IC-2024.1/plugins/DockerRunner, version=1.0-SNAPSHOT, package=null, isBundled=false) overrides PluginDescriptor(name=Docker Runner, id=com.olezelelabs.dockerrunner, descriptorPath=plugin.xml, path=~/Developer/DockerRunner/.intellijPlatform/sandbox/DockerRunner/IC-2024.1/plugins/DockerRunner, version=1.0-SNAPSHOT, package=null, isBundled=false)
2026-08-20 22:59:04,564 [    681]   INFO - #c.i.p.i.b.AppStarter - JVM options: [-Daether.connector.resumeDownloads=false, -Dawt.lock.fair=true, -Dide.native.launcher=false, -Dide.no.platform.update=false, -Dide.show.tips.on.startup.default.value=false, -Didea.auto.reload.plugins=true, -Didea.classpath.index.enabled=false, -Didea.config.path=/home/lucasalmeida/Developer/DockerRunner/.intellijPlatform/sandbox/DockerRunner/IC-2024.1/config, -Didea.is.internal=true, -Didea.log.path=/home/lucasalmeida/Developer/DockerRunner/.intellijPlatform/sandbox/DockerRunner/IC-2024.1/log, -Didea.paths.selector=IdeaIC2024.1, -Didea.platform.prefix=Idea, -Didea.plugin.in.sandbox.mode=true, -Didea.plugins.path=/home/lucasalmeida/Developer/DockerRunner/.intellijPlatform/sandbox/DockerRunner/IC-2024.1/plugins, -Didea.required.plugins.id=com.olezelelabs.dockerrunner, -Didea.reset.classpath.from.manifest=true, -Didea.system.path=/home/lucasalmeida/Developer/DockerRunner/.intellijPlatform/sandbox/DockerRunner/IC-2024.1/system, -Didea.vendor.name=JetBrains, -Dintellij.console.log.level=warning, -Dintellij.platform.runtime.repository.path=/home/lucasalmeida/.gradle/caches/9.6.0/transforms/bea1b87427568a068e547fc0eae09392/transformed/ideaIC-2024.1/modules/module-descriptors.jar, -Djava.system.class.loader=com.intellij.util.lang.PathClassLoader, -Djbr.catch.SIGABRT=true, -Djdk.attach.allowAttachSelf=true, -Djdk.http.auth.tunneling.disabledSchemes="", -Djdk.module.illegalAccess.silent=true, -Djna.boot.library.path=/home/lucasalmeida/.gradle/caches/9.6.0/transforms/bea1b87427568a068e547fc0eae09392/transformed/ideaIC-2024.1/lib/jna/amd64, -Djna.noclasspath=true, -Djna.nosys=true, -Dplugin.path=/home/lucasalmeida/Developer/DockerRunner/.intellijPlatform/sandbox/DockerRunner/IC-2024.1/plugins/DockerRunner, -Dpty4j.preferred.native.folder=/home/lucasalmeida/.gradle/caches/9.6.0/transforms/bea1b87427568a068e547fc0eae09392/transformed/ideaIC-2024.1/lib/pty4j, -Dsplash=true, -Dsun.awt.disablegrab=true, -Dsun.io.useCanonCaches=false, -Dsun.java2d.metal=true, -Dsun.tools.attach.tmp.only=true, -XX:+HeapDumpOnOutOfMemoryError, -XX:-OmitStackTraceInFastThrow, -XX:+IgnoreUnrecognizedVMOptions, -XX:CICompilerCount=2, -XX:ReservedCodeCacheSize=512m, -XX:CompileCommand=exclude,com/intellij/openapi/vfs/impl/FilePartNodeRoot,trieDescend, -XX:SoftRefLRUPolicyMSPerMB=50, --add-opens=java.base/java.io=ALL-UNNAMED, --add-opens=java.base/java.lang=ALL-UNNAMED, --add-opens=java.base/java.lang.ref=ALL-UNNAMED, --add-opens=java.base/java.lang.reflect=ALL-UNNAMED, --add-opens=java.base/java.net=ALL-UNNAMED, --add-opens=java.base/java.nio=ALL-UNNAMED, --add-opens=java.base/java.nio.charset=ALL-UNNAMED, --add-opens=java.base/java.text=ALL-UNNAMED, --add-opens=java.base/java.time=ALL-UNNAMED, --add-opens=java.base/java.util=ALL-UNNAMED, --add-opens=java.base/java.util.concurrent=ALL-UNNAMED, --add-opens=java.base/java.util.concurrent.atomic=ALL-UNNAMED, --add-opens=java.base/java.util.concurrent.locks=ALL-UNNAMED, --add-opens=java.base/jdk.internal.vm=ALL-UNNAMED, --add-opens=java.base/sun.nio.ch=ALL-UNNAMED, --add-opens=java.base/sun.nio.fs=ALL-UNNAMED, --add-opens=java.base/sun.security.ssl=ALL-UNNAMED, --add-opens=java.base/sun.security.util=ALL-UNNAMED, --add-opens=java.base/sun.net.dns=ALL-UNNAMED, --add-opens=java.desktop/com.sun.java.swing.plaf.gtk=ALL-UNNAMED, --add-opens=java.desktop/java.awt=ALL-UNNAMED, --add-opens=java.desktop/java.awt.dnd.peer=ALL-UNNAMED, --add-opens=java.desktop/java.awt.event=ALL-UNNAMED, --add-opens=java.desktop/java.awt.image=ALL-UNNAMED, --add-opens=java.desktop/java.awt.peer=ALL-UNNAMED, --add-opens=java.desktop/java.awt.font=ALL-UNNAMED, --add-opens=java.desktop/javax.swing=ALL-UNNAMED, --add-opens=java.desktop/javax.swing.plaf.basic=ALL-UNNAMED, --add-opens=java.desktop/javax.swing.text=ALL-UNNAMED, --add-opens=java.desktop/javax.swing.text.html=ALL-UNNAMED, --add-opens=java.desktop/sun.awt.X11=ALL-UNNAMED, --add-opens=java.desktop/sun.awt.datatransfer=ALL-UNNAMED, --add-opens=java.desktop/sun.awt.image=ALL-UNNAMED, --add-opens=java.desktop/sun.awt=ALL-UNNAMED, --add-opens=java.desktop/sun.font=ALL-UNNAMED, --add-opens=java.desktop/sun.java2d=ALL-UNNAMED, --add-opens=java.desktop/sun.swing=ALL-UNNAMED, --add-opens=java.desktop/com.sun.java.swing=ALL-UNNAMED, --add-opens=jdk.attach/sun.tools.attach=ALL-UNNAMED, --add-opens=jdk.compiler/com.sun.tools.javac.api=ALL-UNNAMED, --add-opens=jdk.internal.jvmstat/sun.jvmstat.monitor=ALL-UNNAMED, --add-opens=jdk.jdi/com.sun.tools.jdi=ALL-UNNAMED, -javaagent:/home/lucasalmeida/Developer/DockerRunner/.intellijPlatform/coroutines-javaagent-legacy.jar, -Xms128m, -Xmx2048m, -Dfile.encoding=UTF-8, -Duser.country=BR, -Duser.language=pt, -Duser.variant, -ea]
2026-08-20 22:59:04,568 [    685]   INFO - #c.i.p.i.b.AppStarter - args: 
2026-08-20 22:59:04,570 [    687]   INFO - #c.i.p.i.b.AppStarter - library path: /usr/java/packages/lib:/usr/lib64:/lib64:/lib:/usr/lib
2026-08-20 22:59:04,572 [    689]   INFO - #c.i.p.i.b.AppStarter - boot library path: /home/lucasalmeida/.gradle/caches/9.6.0/transforms/bea1b87427568a068e547fc0eae09392/transformed/ideaIC-2024.1/jbr/lib
2026-08-20 22:59:04,652 [    769]   INFO - #c.i.p.i.b.AppStarter - locale=pt_BR JNU=UTF-8 file.encoding=UTF-8
    idea.config.path=/home/lucasalmeida/Developer/DockerRunner/.intellijPlatform/sandbox/DockerRunner/IC-2024.1/config
    idea.system.path=/home/lucasalmeida/Developer/DockerRunner/.intellijPlatform/sandbox/DockerRunner/IC-2024.1/system
    idea.plugins.path=/home/lucasalmeida/Developer/DockerRunner/.intellijPlatform/sandbox/DockerRunner/IC-2024.1/plugins
    idea.log.path=/home/lucasalmeida/Developer/DockerRunner/.intellijPlatform/sandbox/DockerRunner/IC-2024.1/log
2026-08-20 22:59:04,695 [    812]   INFO - #c.i.p.i.b.AppStarter - CPU cores: 8; ForkJoinPool.commonPool: java.util.concurrent.ForkJoinPool@3d90dc27[Running, parallelism = 7, size = 0, active = 0, running = 0, steals = 0, tasks = 0, submissions = 0]; factory: com.intellij.concurrency.IdeaForkJoinWorkerThreadFactory@8b9f
2026-08-20 22:59:04,751 [    868]   INFO - #c.i.i.p.PluginManager - Module intellij.sh.python is not enabled because dependency intellij.python.community.impl is not available
Module intellij.groovy/ant is not enabled because dependency AntSupport is not available
Module intellij.qodana.jvm.swagger is not enabled because dependency com.intellij.swagger is not available
Module intellij.qodana.python is not enabled because dependency intellij.python is not available
Module intellij.qodana.php is not enabled because dependency com.jetbrains.php is not available
Module intellij.qodana.js is not enabled because dependency JavaScript is not available
Module intellij.qodana.inspectionKts.js is not enabled because dependency JavaScript is not available
Module intellij.qodana.go is not enabled because dependency intellij.go.coverage is not available
Module intellij.cwm.plugin.elevation is not enabled because dependency intellij.execution.process.elevation is not available
Module intellij.packageChecker.php is not enabled because dependency com.jetbrains.php is not available
Module intellij.packageChecker.python is not enabled because dependency intellij.python.community.impl is not available
Module intellij.packageChecker.javascript is not enabled because dependency JavaScript is not available
Module intellij.packageChecker.go is not enabled because dependency org.jetbrains.plugins.go is not available
2026-08-20 22:59:04,945 [   1062]   INFO - #c.i.i.p.PluginManager - Loaded bundled plugins: IDEA CORE (241.14494.240), TextMate Bundles (241.14494.240), Images (241.14494.240), Copyright (241.14494.240), Emoji Picker (241.14494.240), EditorConfig (241.14494.240), IDE Services / Provisioner API (241.14494.240), Machine Learning in Search Everywhere (241.14494.240), YAML (241.14494.240), JetBrains maven model api classes (241.14494.240), JetBrains Repository Search (241.14494.240), Maven server api classes (241.14494.240), Markdown (241.14494.240), Terminal (241.14494.240), Mercurial (241.14494.240), Properties (241.14494.240), Gradle (241.14494.240), NetBeans Keymap (241.14494.240), JetBrains Marketplace Licensing (241.14494.240), com.intellij.dev (241.14494.240), Remote Execution Agent (241.14494.240), Shell Script (241.14494.240), HTML Tools (241.14494.240), Visual Studio Keymap (241.14494.240), Machine Learning Code Completion (241.14494.240), Toml (241.14494.240), WebP Support (241.14494.240), Performance Testing (241.14494.240), Grazie Lite (241.14494.240), Eclipse Keymap (241.14494.240), Perforce Helix Core (241.14494.240), GitLab (241.14494.240), IDE Features Trainer (241.14494.240), Java (241.14494.240), com.intellij.tracing.ide (241.14494.240), Java Bytecode Decompiler (241.14494.240), Java Stream Debugger (241.14494.240), Task Management (241.14494.240), GitHub (241.14494.240), JUnit (241.14494.240), Eclipse Interoperability (241.14494.240), IntelliLang (241.14494.240), Groovy (241.14494.240), JavaFX (241.14494.240), Turbo Complete (241.14494.240), Kotlin (241.14494.240-IJ), Gradle DSL API (241.14494.240), Java Internationalization (241.14494.240), UI Designer (241.14494.240), Bytecode Viewer (241.14494.240), Maven (241.14494.240), TestNG (241.14494.240), Code Coverage for Java (241.14494.240), Gradle-Java (241.14494.240), Gradle-Java-Analysis (241.14494.240), Gradle-Maven (241.14494.240), Java IDE Customization (241.14494.240), Settings Sync (241.14494.240), Git (241.14494.240), Qodana (241.14494.240), Configuration Script (241.14494.240), Shared Indexes (241.14494.240), Code With Me (241.14494.240), Subversion (241.14494.240), Package Checker (241.14494.240), Gradle Dependency Updater Implementation (241.14494.240), Async Profiler for IDE Performance Testing (241.14494.240)
2026-08-20 22:59:04,947 [   1064]   INFO - #c.i.i.p.PluginManager - Loaded custom plugins: Docker Runner (1.0-SNAPSHOT)
2026-08-20 22:59:05,562 [   1679]   INFO - c.i.p.i.IdeFingerprint - Calculated dependencies fingerprint in 184 ms (hash=1b9gggtm0zhar, buildTime=1711602720, appVersion=IC-241.14494.240)
2026-08-20 22:59:05,959 [   2076]   INFO - #c.i.o.v.n.p.FSRecords - VFS health-check enabled: first after 600000 ms, and each following 43200000 ms, wrap in RA: true
2026-08-20 22:59:06,151 [   2268]   INFO - #c.i.s.m.SettingsRepositoryToSettingsSyncMigration - No data from settingsRepository in 'settingsRepository' folder => no migration needed
2026-08-20 22:59:06,216 [   2333]   INFO - #c.i.a.o.PathMacrosImpl - Loaded path macros: {MAVEN_REPOSITORY=/home/lucasalmeida/.m2/repository}
2026-08-20 22:59:06,382 [   2499]   INFO - #c.i.o.v.n.p.PersistentFSLoader - VFS uses 'fast' names enumerator (over mmapped file)
2026-08-20 22:59:06,384 [   2501]   INFO - #c.i.o.v.n.p.PersistentFSLoader - VFS uses streamlined attributes storage (over mmapped file)
2026-08-20 22:59:06,400 [   2517]   INFO - #c.i.o.v.n.p.PersistentFSLoader - VFS uses content storage over memory-mapped file, with compression algo: LZ4[ > 8000b ]
2026-08-20 22:59:06,722 [   2839]   INFO - #c.i.i.p.ExpiredPluginsState - Plugins to skip: []
2026-08-20 22:59:09,568 [   5685]   INFO - #c.i.o.v.n.p.PersistentFSLoader - VFS: impl (expected) version=846397, 0 file records, 0 content blobs
2026-08-20 22:59:09,795 [   5912]   INFO - #c.i.o.v.n.p.FSRecordsImpl - VFS scanned: file-by-name index was populated
2026-08-20 22:59:09,827 [   5944]   INFO - #c.i.o.v.n.p.FSRecordsImpl - VFS initialized: 3353 ms, 0 failed attempts, 0 error(s) were recovered
2026-08-20 22:59:10,168 [   6285]   INFO - #c.i.o.v.i.l.NativeFileWatcherImpl - Starting file watcher: /home/lucasalmeida/.gradle/caches/9.6.0/transforms/bea1b87427568a068e547fc0eae09392/transformed/ideaIC-2024.1/bin/fsnotifier
2026-08-20 22:59:10,326 [   6443]   INFO - #c.i.h.u.LocalHistoryLog - local history version mismatch (was: 0, expected: 7), rebuilding...
2026-08-20 22:59:10,350 [   6467]   INFO - #c.i.h.u.LocalHistoryLog - FS has been rebuild, rebuilding local history...
2026-08-20 22:59:10,606 [   6723]   INFO - #c.i.o.v.i.l.NativeFileWatcherImpl - Native file watcher is operational.
2026-08-20 22:59:10,702 [   6819]   INFO - #c.i.u.n.s.CertificateManager - Default SSL context initialized
2026-08-20 22:59:11,448 [   7565]   INFO - #c.i.p.i.m.GlobalMenuLinux - Start glib main loop in thread: GlobalMenuLinux loop
2026-08-20 22:59:11,542 [   7659]   INFO - #c.i.p.i.m.GlobalMenuLinux - Closed dbus-service 'com.canonical.AppMenu.Registrar'
2026-08-20 22:59:12,084 [   8201]   INFO - #o.j.i.BuiltInServerManager - built-in server started, port 63342
2026-08-20 22:59:12,498 [   8615]   INFO - #c.i.i.s.p.i.SharedIndexMainZipStorage - Shared Indexes Storage is opened and empty
2026-08-20 22:59:12,527 [   8644]   WARN - #c.i.i.s.p.i.BundledSharedIndexProvider - Bundled shared index is not found at: /home/lucasalmeida/.gradle/caches/9.6.0/transforms/bea1b87427568a068e547fc0eae09392/transformed/ideaIC-2024.1/jdk-shared-indexes
2026-08-20 22:59:15,416 [  11533]   WARN - #c.i.i.u.l.LafManagerImpl - VersionControl.Log.Commit.rowHeight = null in LookAndFeelThemeAdapter; it may lead to performance degradation
2026-08-20 22:59:15,928 [  12045]   INFO - #c.i.u.i.FileBasedIndexImpl - Indices to be built:java.source.module.name(v = 4),JavaFxControllerClassIndex(v = 1),org.jetbrains.kotlin.idea.vfilefinder.KotlinModuleMappingIndex(v = 5),HtmlTagIdIndex(v = 3),org.jetbrains.kotlin.idea.versions.KotlinJvmMetadataVersionIndex(v = 5),org.jetbrains.kotlin.idea.vfilefinder.KotlinJvmModuleAnnotationsIndex(v = 1),FilenameIndex(v = 258),RelaxSymbolIndex(v = 0),SchemaTypeInheritance(v = 2),Trigram.Index(v = 4),javafx.custom.component(v = 2),org.jetbrains.kotlin.idea.vfilefinder.KotlinBuiltInsMetadataIndex(v = 4),IdIndex(v = 22),org.jetbrains.kotlin.idea.versions.KotlinJsMetadataVersionIndex(v = 3),xmlProperties(v = 2),java.fun.expression(v = 6),json.file.root.values(v = 5),KotlinTopLevelClassLikeDeclarationByPackageShortNameIndex(v = 3),java.null.method.argument(v = 1),yaml.keys.name(v = 1),KotlinTopLevelCallableByPackageShortNameIndex(v = 3),Stubs(v = 46),filetypes(v = 4096),org.jetbrains.kotlin.idea.vfilefinder.KotlinMetadataFilePackageIndex(v = 2),FrameworkDetectionIndex(v = 65536),java.auto.module.name(v = 6),org.jetbrains.kotlin.idea.vfilefinder.KotlinPartialPackageNamesIndex(v = 5),editorconfig.index.name(v = 5),org.jetbrains.kotlin.idea.vfilefinder.KotlinStdlibIndex(v = 1),KotlinPackageSourcesMemberNamesIndex(v = 2),org.jetbrains.kotlin.idea.vfilefinder.KotlinClassFileIndex(v = 3),DomFileIndex(v = 0),org.jetbrains.kotlin.idea.vfilefinder.KotlinMetadataFileIndex(v = 2),org.jetbrains.kotlin.idea.vfilefinder.KlibMetaFileIndex(v = 4),KotlinBinaryRootToPackageIndex(v = 5),javafx.id.name(v = 3),XmlTagNames(v = 1),XmlNamespaces(v = 8),html5.custom.attributes.index(v = 1),bytecodeAnalysis(v = 11),com.intellij.uiDesigner.FormClassIndex(v = 0),java.binary.plus.expression(v = 4),TodoIndex(v = 13),fileIncludes(v = 6),org.jetbrains.kotlin.idea.vfilefinder.KotlinJavaScriptMetaFileIndex(v = 4),org.jetbrains.kotlin.idea.vfilefinder.KotlinShortClassNameFileIndex(v = 3)
2026-08-20 22:59:16,019 [  12136]   INFO - #c.i.u.i.FileBasedIndexImpl - Using nice flusher for indexes
2026-08-20 22:59:16,159 [  12276]   INFO - #c.i.u.i.IndexDataInitializer - Index data initialization done: 4684 ms. Initialized indexes: [FilenameIndex, Trigram.Index, DomFileIndex, TodoIndex, IdIndex, FrameworkDetectionIndex, fileIncludes, filetypes, XmlTagNames, html5.custom.attributes.index, RelaxSymbolIndex, XmlNamespaces, SchemaTypeInheritance, java.auto.module.name, editorconfig.index.name, xmlProperties, json.file.root.values, HtmlTagIdIndex, yaml.keys.name, java.fun.expression, java.binary.plus.expression, java.null.method.argument, bytecodeAnalysis, javafx.id.name, java.source.module.name, JavaFxControllerClassIndex, javafx.custom.component, org.jetbrains.kotlin.idea.versions.KotlinJvmMetadataVersionIndex, org.jetbrains.kotlin.idea.versions.KotlinJsMetadataVersionIndex, Stubs, org.jetbrains.kotlin.idea.vfilefinder.KotlinJavaScriptMetaFileIndex, org.jetbrains.kotlin.idea.vfilefinder.KotlinClassFileIndex, org.jetbrains.kotlin.idea.vfilefinder.KotlinMetadataFileIndex, KotlinPackageSourcesMemberNamesIndex, org.jetbrains.kotlin.idea.vfilefinder.KotlinPartialPackageNamesIndex, org.jetbrains.kotlin.idea.vfilefinder.KotlinMetadataFilePackageIndex, org.jetbrains.kotlin.idea.vfilefinder.KotlinModuleMappingIndex, org.jetbrains.kotlin.idea.vfilefinder.KotlinJvmModuleAnnotationsIndex, org.jetbrains.kotlin.idea.vfilefinder.KotlinStdlibIndex, org.jetbrains.kotlin.idea.vfilefinder.KotlinBuiltInsMetadataIndex, org.jetbrains.kotlin.idea.vfilefinder.KotlinShortClassNameFileIndex, KotlinBinaryRootToPackageIndex, org.jetbrains.kotlin.idea.vfilefinder.KlibMetaFileIndex, com.intellij.uiDesigner.FormClassIndex, KotlinTopLevelCallableByPackageShortNameIndex, KotlinTopLevelClassLikeDeclarationByPackageShortNameIndex].
2026-08-20 22:59:17,507 [  13624]   INFO - #c.i.p.s.StubIndexImpl - Following stub indices will be built:KotlinExtensionsInObjectsByReceiverTypeIndex(v = 2),java.anonymous.baseref(v = 2),gr.field.name(v = 5),org.jetbrains.kotlin.idea.stubindex.KotlinInnerTypeAliasClassIdIndex(v = 2),KotlinProbablyContractedFunctionShortNameIndex(v = 2),jvm.static.member.type(v = 2),gr.anonymous.class(v = 6),kotlin.primeIndexKey(v = 2),org.jetbrains.kotlin.idea.stubindex.KotlinTopLevelFunctionFqnNameIndex(v = 2),org.jetbrains.kotlin.idea.stubindex.KotlinTypeAliasShortNameIndex(v = 2),java.module.name(v = 4),dom.elementClass(v = 0),gr.annot.method.name(v = 5),gr.script.class(v = 5),org.jetbrains.kotlin.idea.stubindex.KotlinTopLevelClassByPackageIndex(v = 2),KotlinProbablyNothingPropertyShortNameIndex(v = 2),org.jetbrains.kotlin.idea.stubindex.KotlinScriptFqnIndex(v = 2),markdown.header(v = 2),org.jetbrains.kotlin.idea.stubindex.KotlinSubclassObjectNameIndex(v = 2),KotlinTopLevelExtensionsByReceiverTypeIndex(v = 3),dom.namespaceKey(v = 1),gr.class.fqn.s(v = 5),java.method.name(v = 2),jvm.static.member.name(v = 2),markdown.header.anchor(v = 2),gr.script.fqn.s(v = 5),org.jetbrains.kotlin.idea.stubindex.KotlinTopLevelTypeAliasFqNameIndex(v = 2),gr.method.name(v = 5),org.jetbrains.kotlin.idea.stubindex.KotlinFullClassNameIndex(v = 2),org.jetbrains.kotlin.idea.stubindex.KotlinAnnotationsIndex(v = 3),java.class.extlist(v = 3),gr.class.super(v = 5),gr.annot.members(v = 5),properties.index(v = 2),org.jetbrains.kotlin.idea.stubindex.KotlinFileFacadeShortNameIndex(v = 2),org.jetbrains.kotlin.idea.stubindex.KotlinSuperClassIndex(v = 2),KotlinFileFacadeClassByPackageIndex(v = 2),java.method.parameter.types(v = 3),KotlinOverridableInternalMembersShortNameIndex(v = 2),java.class.shortname(v = 4),org.jetbrains.kotlin.idea.stubindex.KotlinPropertyShortNameIndex(v = 2),java.annotations(v = 2),java.class.fqn(v = 1),java.unnamed.class(v = 2),java.field.name(v = 2),org.jetbrains.kotlin.idea.stubindex.KotlinFileFacadeFqNameIndex(v = 2),KotlinTypeAliasByExpansionShortNameIndex(v = 2),org.jetbrains.kotlin.idea.stubindex.KotlinTopLevelPropertyFqnNameIndex(v = 2),KotlinTopLevelTypeAliasByPackageIndex(v = 2),org.jetbrains.kotlin.idea.stubindex.KotlinFilePartClassIndex(v = 2),org.jetbrains.kotlin.idea.stubindex.KotlinMultifileClassPartIndex(v = 2),org.jetbrains.kotlin.idea.stubindex.KotlinExactPackagesIndex(v = 2),KotlinTopLevelFunctionByPackageIndex(v = 2),org.jetbrains.kotlin.idea.stubindex.KotlinClassShortNameIndex(v = 2),org.jetbrains.kotlin.idea.stubindex.KotlinJvmNameAnnotationIndex(v = 2),KotlinProbablyNothingFunctionShortNameIndex(v = 2),org.jetbrains.kotlin.idea.stubindex.KotlinFunctionShortNameIndex(v = 2),KotlinTopLevelPropertyByPackageIndex(v = 2)
2026-08-20 22:59:17,512 [  13629]   INFO - #c.i.u.i.IndexDataInitializer - Index data initialization done: 1350 ms. Initialized stub indexes: {dom.namespaceKey, java.method.name, gr.annot.method.name, KotlinFileFacadeClassByPackageIndex, org.jetbrains.kotlin.idea.stubindex.KotlinFileFacadeShortNameIndex, KotlinProbablyNothingPropertyShortNameIndex, org.jetbrains.kotlin.idea.stubindex.KotlinSuperClassIndex, org.jetbrains.kotlin.idea.stubindex.KotlinTopLevelFunctionFqnNameIndex, gr.class.super, KotlinOverridableInternalMembersShortNameIndex, KotlinProbablyNothingFunctionShortNameIndex, org.jetbrains.kotlin.idea.stubindex.KotlinScriptFqnIndex, org.jetbrains.kotlin.idea.stubindex.KotlinFilePartClassIndex, jvm.static.member.name, gr.field.name, org.jetbrains.kotlin.idea.stubindex.KotlinTopLevelClassByPackageIndex, org.jetbrains.kotlin.idea.stubindex.KotlinTypeAliasShortNameIndex, jvm.static.member.type, java.class.fqn, java.module.name, org.jetbrains.kotlin.idea.stubindex.KotlinFullClassNameIndex, KotlinProbablyContractedFunctionShortNameIndex, markdown.header, gr.script.fqn.s, org.jetbrains.kotlin.idea.stubindex.KotlinPropertyShortNameIndex, org.jetbrains.kotlin.idea.stubindex.KotlinJvmNameAnnotationIndex, properties.index, gr.anonymous.class, KotlinTopLevelFunctionByPackageIndex, java.annotations, org.jetbrains.kotlin.idea.stubindex.KotlinFunctionShortNameIndex, KotlinTopLevelExtensionsByReceiverTypeIndex, org.jetbrains.kotlin.idea.stubindex.KotlinInnerTypeAliasClassIdIndex, java.unnamed.class, KotlinTypeAliasByExpansionShortNameIndex, org.jetbrains.kotlin.idea.stubindex.KotlinMultifileClassPartIndex, markdown.header.anchor, org.jetbrains.kotlin.idea.stubindex.KotlinTopLevelTypeAliasFqNameIndex, KotlinExtensionsInObjectsByReceiverTypeIndex, java.anonymous.baseref, org.jetbrains.kotlin.idea.stubindex.KotlinAnnotationsIndex, java.method.parameter.types, dom.elementClass, gr.class.fqn.s, java.field.name, java.class.shortname, java.class.extlist, KotlinTopLevelTypeAliasByPackageIndex, gr.script.class, org.jetbrains.kotlin.idea.stubindex.KotlinExactPackagesIndex, org.jetbrains.kotlin.idea.stubindex.KotlinTopLevelPropertyFqnNameIndex, KotlinTopLevelPropertyByPackageIndex, org.jetbrains.kotlin.idea.stubindex.KotlinClassShortNameIndex, org.jetbrains.kotlin.idea.stubindex.KotlinSubclassObjectNameIndex, org.jetbrains.kotlin.idea.stubindex.KotlinFileFacadeFqNameIndex, kotlin.primeIndexKey, gr.method.name, gr.annot.members}.
2026-08-20 22:59:38,405 [  34522]   INFO - #c.i.o.u.i.UpdateCheckerService - channel: release
2026-08-20 22:59:38,417 [  34534]   WARN - java.util.prefs - Prefs file removed in background /home/lucasalmeida/.java/.userPrefs/prefs.xml
2026-08-20 22:59:38,448 [  34565]   INFO - #c.i.p.i.b.ApplicationLoader - Input method disabler: not gtk desktop: '' | 'kde'
2026-08-20 22:59:46,716 [  42833]   INFO - #c.i.w.i.i.j.s.JpsGlobalModelSynchronizerImpl - Loading global entities com.intellij.platform.workspace.jps.entities.SdkEntity from files
2026-08-20 22:59:46,722 [  42839]   INFO - #c.i.w.i.i.j.s.JpsGlobalModelSynchronizerImpl - Loading global entities com.intellij.platform.workspace.jps.entities.LibraryEntity from files
2026-08-20 22:59:46,803 [  42920]   INFO - #o.j.j.m.j.i.JdkVersionDetectorImpl - /usr/lib/jvm/java/release
java.lang.IllegalArgumentException: "25.0.4"
	at com.intellij.util.lang.JavaVersion.parse(JavaVersion.java:307)
	at org.jetbrains.jps.model.java.impl.JdkVersionDetectorImpl.detectFromRelease(JdkVersionDetectorImpl.java:66)
	at org.jetbrains.jps.model.java.impl.JdkVersionDetectorImpl.detectJdkVersionInfo(JdkVersionDetectorImpl.java:41)
	at com.intellij.openapi.projectRoots.impl.SdkVersionUtil.getJdkVersionInfo(SdkVersionUtil.java:17)
	at com.intellij.openapi.projectRoots.impl.JavaSdkImpl.lambda$getInfo$14(JavaSdkImpl.java:426)
	at java.base/java.util.concurrent.ConcurrentHashMap.computeIfAbsent(ConcurrentHashMap.java:1708)
	at com.intellij.openapi.projectRoots.impl.JavaSdkImpl.getInfo(JavaSdkImpl.java:426)
	at com.intellij.openapi.projectRoots.impl.JavaSdkImpl.getVersionString(JavaSdkImpl.java:431)
	at com.intellij.ide.projectWizard.ProjectWizardJdkComboBox$addExistingJdks$detected$1.invoke(ProjectWizardJdkComboBox.kt:318)
	at com.intellij.ide.projectWizard.ProjectWizardJdkComboBox$addExistingJdks$detected$1.invoke(ProjectWizardJdkComboBox.kt:316)
	at com.intellij.openapi.progress.CoroutinesKt.blockingContextInner(coroutines.kt:320)
	at com.intellij.openapi.progress.CoroutinesKt.access$blockingContextInner(coroutines.kt:1)
	at com.intellij.openapi.progress.CoroutinesKt$blockingContext$2.invokeSuspend(coroutines.kt:197)
	at com.intellij.openapi.progress.CoroutinesKt$blockingContext$2.invoke(coroutines.kt)
	at com.intellij.openapi.progress.CoroutinesKt$blockingContext$2.invoke(coroutines.kt)
	at kotlinx.coroutines.intrinsics.UndispatchedKt.startUndispatchedOrReturn(Undispatched.kt:78)
	at kotlinx.coroutines.CoroutineScopeKt.coroutineScope(CoroutineScope.kt:264)
	at com.intellij.openapi.progress.CoroutinesKt.blockingContext(coroutines.kt:196)
	at com.intellij.ide.projectWizard.ProjectWizardJdkComboBox.addExistingJdks(ProjectWizardJdkComboBox.kt:316)
	at com.intellij.ide.projectWizard.ProjectWizardJdkComboBox.access$addExistingJdks(ProjectWizardJdkComboBox.kt:150)
	at com.intellij.ide.projectWizard.ProjectWizardJdkComboBox$3.invokeSuspend(ProjectWizardJdkComboBox.kt:174)
	at kotlin.coroutines.jvm.internal.BaseContinuationImpl.resumeWith(ContinuationImpl.kt:33)
	at kotlinx.coroutines.DispatchedTask.run(DispatchedTask.kt:108)
	at kotlinx.coroutines.scheduling.CoroutineScheduler.runSafely(CoroutineScheduler.kt:584)
	at kotlinx.coroutines.scheduling.CoroutineScheduler$Worker.executeTask(CoroutineScheduler.kt:793)
	at kotlinx.coroutines.scheduling.CoroutineScheduler$Worker.runWorker(CoroutineScheduler.kt:697)
	at kotlinx.coroutines.scheduling.CoroutineScheduler$Worker.run(CoroutineScheduler.kt:684)
2026-08-20 22:59:46,909 [  43026]   INFO - #o.j.j.m.j.i.JdkVersionDetectorImpl - /usr/lib/jvm/java/bin/java
java.lang.IllegalArgumentException: openjdk version "25.0.4" 2026-07-21
	at com.intellij.util.lang.JavaVersion.parse(JavaVersion.java:307)
	at org.jetbrains.jps.model.java.impl.JdkVersionDetectorImpl.detectFromOutput(JdkVersionDetectorImpl.java:131)
	at org.jetbrains.jps.model.java.impl.JdkVersionDetectorImpl.detectJdkVersionInfo(JdkVersionDetectorImpl.java:49)
	at com.intellij.openapi.projectRoots.impl.SdkVersionUtil.getJdkVersionInfo(SdkVersionUtil.java:17)
	at com.intellij.openapi.projectRoots.impl.JavaSdkImpl.lambda$getInfo$14(JavaSdkImpl.java:426)
	at java.base/java.util.concurrent.ConcurrentHashMap.computeIfAbsent(ConcurrentHashMap.java:1708)
	at com.intellij.openapi.projectRoots.impl.JavaSdkImpl.getInfo(JavaSdkImpl.java:426)
	at com.intellij.openapi.projectRoots.impl.JavaSdkImpl.getVersionString(JavaSdkImpl.java:431)
	at com.intellij.ide.projectWizard.ProjectWizardJdkComboBox$addExistingJdks$detected$1.invoke(ProjectWizardJdkComboBox.kt:318)
	at com.intellij.ide.projectWizard.ProjectWizardJdkComboBox$addExistingJdks$detected$1.invoke(ProjectWizardJdkComboBox.kt:316)
	at com.intellij.openapi.progress.CoroutinesKt.blockingContextInner(coroutines.kt:320)
	at com.intellij.openapi.progress.CoroutinesKt.access$blockingContextInner(coroutines.kt:1)
	at com.intellij.openapi.progress.CoroutinesKt$blockingContext$2.invokeSuspend(coroutines.kt:197)
	at com.intellij.openapi.progress.CoroutinesKt$blockingContext$2.invoke(coroutines.kt)
	at com.intellij.openapi.progress.CoroutinesKt$blockingContext$2.invoke(coroutines.kt)
	at kotlinx.coroutines.intrinsics.UndispatchedKt.startUndispatchedOrReturn(Undispatched.kt:78)
	at kotlinx.coroutines.CoroutineScopeKt.coroutineScope(CoroutineScope.kt:264)
	at com.intellij.openapi.progress.CoroutinesKt.blockingContext(coroutines.kt:196)
	at com.intellij.ide.projectWizard.ProjectWizardJdkComboBox.addExistingJdks(ProjectWizardJdkComboBox.kt:316)
	at com.intellij.ide.projectWizard.ProjectWizardJdkComboBox.access$addExistingJdks(ProjectWizardJdkComboBox.kt:150)
	at com.intellij.ide.projectWizard.ProjectWizardJdkComboBox$3.invokeSuspend(ProjectWizardJdkComboBox.kt:174)
	at kotlin.coroutines.jvm.internal.BaseContinuationImpl.resumeWith(ContinuationImpl.kt:33)
	at kotlinx.coroutines.DispatchedTask.run(DispatchedTask.kt:108)
	at kotlinx.coroutines.scheduling.CoroutineScheduler.runSafely(CoroutineScheduler.kt:584)
	at kotlinx.coroutines.scheduling.CoroutineScheduler$Worker.executeTask(CoroutineScheduler.kt:793)
	at kotlinx.coroutines.scheduling.CoroutineScheduler$Worker.runWorker(CoroutineScheduler.kt:697)
	at kotlinx.coroutines.scheduling.CoroutineScheduler$Worker.run(CoroutineScheduler.kt:684)
2026-08-20 22:59:46,911 [  43028]   INFO - #o.j.j.m.j.i.JdkVersionDetectorImpl - /usr/lib/jvm/java-25/release
java.lang.IllegalArgumentException: "25.0.4"
	at com.intellij.util.lang.JavaVersion.parse(JavaVersion.java:307)
	at org.jetbrains.jps.model.java.impl.JdkVersionDetectorImpl.detectFromRelease(JdkVersionDetectorImpl.java:66)
	at org.jetbrains.jps.model.java.impl.JdkVersionDetectorImpl.detectJdkVersionInfo(JdkVersionDetectorImpl.java:41)
	at com.intellij.openapi.projectRoots.impl.SdkVersionUtil.getJdkVersionInfo(SdkVersionUtil.java:17)
	at com.intellij.openapi.projectRoots.impl.JavaSdkImpl.lambda$getInfo$14(JavaSdkImpl.java:426)
	at java.base/java.util.concurrent.ConcurrentHashMap.computeIfAbsent(ConcurrentHashMap.java:1708)
	at com.intellij.openapi.projectRoots.impl.JavaSdkImpl.getInfo(JavaSdkImpl.java:426)
	at com.intellij.openapi.projectRoots.impl.JavaSdkImpl.getVersionString(JavaSdkImpl.java:431)
	at com.intellij.ide.projectWizard.ProjectWizardJdkComboBox$addExistingJdks$detected$1.invoke(ProjectWizardJdkComboBox.kt:318)
	at com.intellij.ide.projectWizard.ProjectWizardJdkComboBox$addExistingJdks$detected$1.invoke(ProjectWizardJdkComboBox.kt:316)
	at com.intellij.openapi.progress.CoroutinesKt.blockingContextInner(coroutines.kt:320)
	at com.intellij.openapi.progress.CoroutinesKt.access$blockingContextInner(coroutines.kt:1)
	at com.intellij.openapi.progress.CoroutinesKt$blockingContext$2.invokeSuspend(coroutines.kt:197)
	at com.intellij.openapi.progress.CoroutinesKt$blockingContext$2.invoke(coroutines.kt)
	at com.intellij.openapi.progress.CoroutinesKt$blockingContext$2.invoke(coroutines.kt)
	at kotlinx.coroutines.intrinsics.UndispatchedKt.startUndispatchedOrReturn(Undispatched.kt:78)
	at kotlinx.coroutines.CoroutineScopeKt.coroutineScope(CoroutineScope.kt:264)
	at com.intellij.openapi.progress.CoroutinesKt.blockingContext(coroutines.kt:196)
	at com.intellij.ide.projectWizard.ProjectWizardJdkComboBox.addExistingJdks(ProjectWizardJdkComboBox.kt:316)
	at com.intellij.ide.projectWizard.ProjectWizardJdkComboBox.access$addExistingJdks(ProjectWizardJdkComboBox.kt:150)
	at com.intellij.ide.projectWizard.ProjectWizardJdkComboBox$3.invokeSuspend(ProjectWizardJdkComboBox.kt:174)
	at kotlin.coroutines.jvm.internal.BaseContinuationImpl.resumeWith(ContinuationImpl.kt:33)
	at kotlinx.coroutines.DispatchedTask.run(DispatchedTask.kt:108)
	at kotlinx.coroutines.scheduling.CoroutineScheduler.runSafely(CoroutineScheduler.kt:584)
	at kotlinx.coroutines.scheduling.CoroutineScheduler$Worker.executeTask(CoroutineScheduler.kt:793)
	at kotlinx.coroutines.scheduling.CoroutineScheduler$Worker.runWorker(CoroutineScheduler.kt:697)
	at kotlinx.coroutines.scheduling.CoroutineScheduler$Worker.run(CoroutineScheduler.kt:684)
2026-08-20 22:59:46,962 [  43079]   INFO - #o.j.j.m.j.i.JdkVersionDetectorImpl - /usr/lib/jvm/java-25/bin/java
java.lang.IllegalArgumentException: openjdk version "25.0.4" 2026-07-21
	at com.intellij.util.lang.JavaVersion.parse(JavaVersion.java:307)
	at org.jetbrains.jps.model.java.impl.JdkVersionDetectorImpl.detectFromOutput(JdkVersionDetectorImpl.java:131)
	at org.jetbrains.jps.model.java.impl.JdkVersionDetectorImpl.detectJdkVersionInfo(JdkVersionDetectorImpl.java:49)
	at com.intellij.openapi.projectRoots.impl.SdkVersionUtil.getJdkVersionInfo(SdkVersionUtil.java:17)
	at com.intellij.openapi.projectRoots.impl.JavaSdkImpl.lambda$getInfo$14(JavaSdkImpl.java:426)
	at java.base/java.util.concurrent.ConcurrentHashMap.computeIfAbsent(ConcurrentHashMap.java:1708)
	at com.intellij.openapi.projectRoots.impl.JavaSdkImpl.getInfo(JavaSdkImpl.java:426)
	at com.intellij.openapi.projectRoots.impl.JavaSdkImpl.getVersionString(JavaSdkImpl.java:431)
	at com.intellij.ide.projectWizard.ProjectWizardJdkComboBox$addExistingJdks$detected$1.invoke(ProjectWizardJdkComboBox.kt:318)
	at com.intellij.ide.projectWizard.ProjectWizardJdkComboBox$addExistingJdks$detected$1.invoke(ProjectWizardJdkComboBox.kt:316)
	at com.intellij.openapi.progress.CoroutinesKt.blockingContextInner(coroutines.kt:320)
	at com.intellij.openapi.progress.CoroutinesKt.access$blockingContextInner(coroutines.kt:1)
	at com.intellij.openapi.progress.CoroutinesKt$blockingContext$2.invokeSuspend(coroutines.kt:197)
	at com.intellij.openapi.progress.CoroutinesKt$blockingContext$2.invoke(coroutines.kt)
	at com.intellij.openapi.progress.CoroutinesKt$blockingContext$2.invoke(coroutines.kt)
	at kotlinx.coroutines.intrinsics.UndispatchedKt.startUndispatchedOrReturn(Undispatched.kt:78)
	at kotlinx.coroutines.CoroutineScopeKt.coroutineScope(CoroutineScope.kt:264)
	at com.intellij.openapi.progress.CoroutinesKt.blockingContext(coroutines.kt:196)
	at com.intellij.ide.projectWizard.ProjectWizardJdkComboBox.addExistingJdks(ProjectWizardJdkComboBox.kt:316)
	at com.intellij.ide.projectWizard.ProjectWizardJdkComboBox.access$addExistingJdks(ProjectWizardJdkComboBox.kt:150)
	at com.intellij.ide.projectWizard.ProjectWizardJdkComboBox$3.invokeSuspend(ProjectWizardJdkComboBox.kt:174)
	at kotlin.coroutines.jvm.internal.BaseContinuationImpl.resumeWith(ContinuationImpl.kt:33)
	at kotlinx.coroutines.DispatchedTask.run(DispatchedTask.kt:108)
	at kotlinx.coroutines.scheduling.CoroutineScheduler.runSafely(CoroutineScheduler.kt:584)
	at kotlinx.coroutines.scheduling.CoroutineScheduler$Worker.executeTask(CoroutineScheduler.kt:793)
	at kotlinx.coroutines.scheduling.CoroutineScheduler$Worker.runWorker(CoroutineScheduler.kt:697)
	at kotlinx.coroutines.scheduling.CoroutineScheduler$Worker.run(CoroutineScheduler.kt:684)
2026-08-20 22:59:46,964 [  43081]   INFO - #o.j.j.m.j.i.JdkVersionDetectorImpl - /usr/lib/jvm/java-25-openjdk/release
java.lang.IllegalArgumentException: "25.0.4"
	at com.intellij.util.lang.JavaVersion.parse(JavaVersion.java:307)
	at org.jetbrains.jps.model.java.impl.JdkVersionDetectorImpl.detectFromRelease(JdkVersionDetectorImpl.java:66)
	at org.jetbrains.jps.model.java.impl.JdkVersionDetectorImpl.detectJdkVersionInfo(JdkVersionDetectorImpl.java:41)
	at com.intellij.openapi.projectRoots.impl.SdkVersionUtil.getJdkVersionInfo(SdkVersionUtil.java:17)
	at com.intellij.openapi.projectRoots.impl.JavaSdkImpl.lambda$getInfo$14(JavaSdkImpl.java:426)
	at java.base/java.util.concurrent.ConcurrentHashMap.computeIfAbsent(ConcurrentHashMap.java:1708)
	at com.intellij.openapi.projectRoots.impl.JavaSdkImpl.getInfo(JavaSdkImpl.java:426)
	at com.intellij.openapi.projectRoots.impl.JavaSdkImpl.getVersionString(JavaSdkImpl.java:431)
	at com.intellij.ide.projectWizard.ProjectWizardJdkComboBox$addExistingJdks$detected$1.invoke(ProjectWizardJdkComboBox.kt:318)
	at com.intellij.ide.projectWizard.ProjectWizardJdkComboBox$addExistingJdks$detected$1.invoke(ProjectWizardJdkComboBox.kt:316)
	at com.intellij.openapi.progress.CoroutinesKt.blockingContextInner(coroutines.kt:320)
	at com.intellij.openapi.progress.CoroutinesKt.access$blockingContextInner(coroutines.kt:1)
	at com.intellij.openapi.progress.CoroutinesKt$blockingContext$2.invokeSuspend(coroutines.kt:197)
	at com.intellij.openapi.progress.CoroutinesKt$blockingContext$2.invoke(coroutines.kt)
	at com.intellij.openapi.progress.CoroutinesKt$blockingContext$2.invoke(coroutines.kt)
	at kotlinx.coroutines.intrinsics.UndispatchedKt.startUndispatchedOrReturn(Undispatched.kt:78)
	at kotlinx.coroutines.CoroutineScopeKt.coroutineScope(CoroutineScope.kt:264)
	at com.intellij.openapi.progress.CoroutinesKt.blockingContext(coroutines.kt:196)
	at com.intellij.ide.projectWizard.ProjectWizardJdkComboBox.addExistingJdks(ProjectWizardJdkComboBox.kt:316)
	at com.intellij.ide.projectWizard.ProjectWizardJdkComboBox.access$addExistingJdks(ProjectWizardJdkComboBox.kt:150)
	at com.intellij.ide.projectWizard.ProjectWizardJdkComboBox$3.invokeSuspend(ProjectWizardJdkComboBox.kt:174)
	at kotlin.coroutines.jvm.internal.BaseContinuationImpl.resumeWith(ContinuationImpl.kt:33)
	at kotlinx.coroutines.DispatchedTask.run(DispatchedTask.kt:108)
	at kotlinx.coroutines.scheduling.CoroutineScheduler.runSafely(CoroutineScheduler.kt:584)
	at kotlinx.coroutines.scheduling.CoroutineScheduler$Worker.executeTask(CoroutineScheduler.kt:793)
	at kotlinx.coroutines.scheduling.CoroutineScheduler$Worker.runWorker(CoroutineScheduler.kt:697)
	at kotlinx.coroutines.scheduling.CoroutineScheduler$Worker.run(CoroutineScheduler.kt:684)
2026-08-20 22:59:47,018 [  43135]   INFO - #o.j.j.m.j.i.JdkVersionDetectorImpl - /usr/lib/jvm/java-25-openjdk/bin/java
java.lang.IllegalArgumentException: openjdk version "25.0.4" 2026-07-21
	at com.intellij.util.lang.JavaVersion.parse(JavaVersion.java:307)
	at org.jetbrains.jps.model.java.impl.JdkVersionDetectorImpl.detectFromOutput(JdkVersionDetectorImpl.java:131)
	at org.jetbrains.jps.model.java.impl.JdkVersionDetectorImpl.detectJdkVersionInfo(JdkVersionDetectorImpl.java:49)
	at com.intellij.openapi.projectRoots.impl.SdkVersionUtil.getJdkVersionInfo(SdkVersionUtil.java:17)
	at com.intellij.openapi.projectRoots.impl.JavaSdkImpl.lambda$getInfo$14(JavaSdkImpl.java:426)
	at java.base/java.util.concurrent.ConcurrentHashMap.computeIfAbsent(ConcurrentHashMap.java:1708)
	at com.intellij.openapi.projectRoots.impl.JavaSdkImpl.getInfo(JavaSdkImpl.java:426)
	at com.intellij.openapi.projectRoots.impl.JavaSdkImpl.getVersionString(JavaSdkImpl.java:431)
	at com.intellij.ide.projectWizard.ProjectWizardJdkComboBox$addExistingJdks$detected$1.invoke(ProjectWizardJdkComboBox.kt:318)
	at com.intellij.ide.projectWizard.ProjectWizardJdkComboBox$addExistingJdks$detected$1.invoke(ProjectWizardJdkComboBox.kt:316)
	at com.intellij.openapi.progress.CoroutinesKt.blockingContextInner(coroutines.kt:320)
	at com.intellij.openapi.progress.CoroutinesKt.access$blockingContextInner(coroutines.kt:1)
	at com.intellij.openapi.progress.CoroutinesKt$blockingContext$2.invokeSuspend(coroutines.kt:197)
	at com.intellij.openapi.progress.CoroutinesKt$blockingContext$2.invoke(coroutines.kt)
	at com.intellij.openapi.progress.CoroutinesKt$blockingContext$2.invoke(coroutines.kt)
	at kotlinx.coroutines.intrinsics.UndispatchedKt.startUndispatchedOrReturn(Undispatched.kt:78)
	at kotlinx.coroutines.CoroutineScopeKt.coroutineScope(CoroutineScope.kt:264)
	at com.intellij.openapi.progress.CoroutinesKt.blockingContext(coroutines.kt:196)
	at com.intellij.ide.projectWizard.ProjectWizardJdkComboBox.addExistingJdks(ProjectWizardJdkComboBox.kt:316)
	at com.intellij.ide.projectWizard.ProjectWizardJdkComboBox.access$addExistingJdks(ProjectWizardJdkComboBox.kt:150)
	at com.intellij.ide.projectWizard.ProjectWizardJdkComboBox$3.invokeSuspend(ProjectWizardJdkComboBox.kt:174)
	at kotlin.coroutines.jvm.internal.BaseContinuationImpl.resumeWith(ContinuationImpl.kt:33)
	at kotlinx.coroutines.DispatchedTask.run(DispatchedTask.kt:108)
	at kotlinx.coroutines.scheduling.CoroutineScheduler.runSafely(CoroutineScheduler.kt:584)
	at kotlinx.coroutines.scheduling.CoroutineScheduler$Worker.executeTask(CoroutineScheduler.kt:793)
	at kotlinx.coroutines.scheduling.CoroutineScheduler$Worker.runWorker(CoroutineScheduler.kt:697)
	at kotlinx.coroutines.scheduling.CoroutineScheduler$Worker.run(CoroutineScheduler.kt:684)
2026-08-20 22:59:47,020 [  43137]   INFO - #o.j.j.m.j.i.JdkVersionDetectorImpl - /usr/lib/jvm/java-openjdk/release
java.lang.IllegalArgumentException: "25.0.4"
	at com.intellij.util.lang.JavaVersion.parse(JavaVersion.java:307)
	at org.jetbrains.jps.model.java.impl.JdkVersionDetectorImpl.detectFromRelease(JdkVersionDetectorImpl.java:66)
	at org.jetbrains.jps.model.java.impl.JdkVersionDetectorImpl.detectJdkVersionInfo(JdkVersionDetectorImpl.java:41)
	at com.intellij.openapi.projectRoots.impl.SdkVersionUtil.getJdkVersionInfo(SdkVersionUtil.java:17)
	at com.intellij.openapi.projectRoots.impl.JavaSdkImpl.lambda$getInfo$14(JavaSdkImpl.java:426)
	at java.base/java.util.concurrent.ConcurrentHashMap.computeIfAbsent(ConcurrentHashMap.java:1708)
	at com.intellij.openapi.projectRoots.impl.JavaSdkImpl.getInfo(JavaSdkImpl.java:426)
	at com.intellij.openapi.projectRoots.impl.JavaSdkImpl.getVersionString(JavaSdkImpl.java:431)
	at com.intellij.ide.projectWizard.ProjectWizardJdkComboBox$addExistingJdks$detected$1.invoke(ProjectWizardJdkComboBox.kt:318)
	at com.intellij.ide.projectWizard.ProjectWizardJdkComboBox$addExistingJdks$detected$1.invoke(ProjectWizardJdkComboBox.kt:316)
	at com.intellij.openapi.progress.CoroutinesKt.blockingContextInner(coroutines.kt:320)
	at com.intellij.openapi.progress.CoroutinesKt.access$blockingContextInner(coroutines.kt:1)
	at com.intellij.openapi.progress.CoroutinesKt$blockingContext$2.invokeSuspend(coroutines.kt:197)
	at com.intellij.openapi.progress.CoroutinesKt$blockingContext$2.invoke(coroutines.kt)
	at com.intellij.openapi.progress.CoroutinesKt$blockingContext$2.invoke(coroutines.kt)
	at kotlinx.coroutines.intrinsics.UndispatchedKt.startUndispatchedOrReturn(Undispatched.kt:78)
	at kotlinx.coroutines.CoroutineScopeKt.coroutineScope(CoroutineScope.kt:264)
	at com.intellij.openapi.progress.CoroutinesKt.blockingContext(coroutines.kt:196)
	at com.intellij.ide.projectWizard.ProjectWizardJdkComboBox.addExistingJdks(ProjectWizardJdkComboBox.kt:316)
	at com.intellij.ide.projectWizard.ProjectWizardJdkComboBox.access$addExistingJdks(ProjectWizardJdkComboBox.kt:150)
	at com.intellij.ide.projectWizard.ProjectWizardJdkComboBox$3.invokeSuspend(ProjectWizardJdkComboBox.kt:174)
	at kotlin.coroutines.jvm.internal.BaseContinuationImpl.resumeWith(ContinuationImpl.kt:33)
	at kotlinx.coroutines.DispatchedTask.run(DispatchedTask.kt:108)
	at kotlinx.coroutines.scheduling.CoroutineScheduler.runSafely(CoroutineScheduler.kt:584)
	at kotlinx.coroutines.scheduling.CoroutineScheduler$Worker.executeTask(CoroutineScheduler.kt:793)
	at kotlinx.coroutines.scheduling.CoroutineScheduler$Worker.runWorker(CoroutineScheduler.kt:697)
	at kotlinx.coroutines.scheduling.CoroutineScheduler$Worker.run(CoroutineScheduler.kt:684)
2026-08-20 22:59:47,075 [  43192]   INFO - #o.j.j.m.j.i.JdkVersionDetectorImpl - /usr/lib/jvm/java-openjdk/bin/java
java.lang.IllegalArgumentException: openjdk version "25.0.4" 2026-07-21
	at com.intellij.util.lang.JavaVersion.parse(JavaVersion.java:307)
	at org.jetbrains.jps.model.java.impl.JdkVersionDetectorImpl.detectFromOutput(JdkVersionDetectorImpl.java:131)
	at org.jetbrains.jps.model.java.impl.JdkVersionDetectorImpl.detectJdkVersionInfo(JdkVersionDetectorImpl.java:49)
	at com.intellij.openapi.projectRoots.impl.SdkVersionUtil.getJdkVersionInfo(SdkVersionUtil.java:17)
	at com.intellij.openapi.projectRoots.impl.JavaSdkImpl.lambda$getInfo$14(JavaSdkImpl.java:426)
	at java.base/java.util.concurrent.ConcurrentHashMap.computeIfAbsent(ConcurrentHashMap.java:1708)
	at com.intellij.openapi.projectRoots.impl.JavaSdkImpl.getInfo(JavaSdkImpl.java:426)
	at com.intellij.openapi.projectRoots.impl.JavaSdkImpl.getVersionString(JavaSdkImpl.java:431)
	at com.intellij.ide.projectWizard.ProjectWizardJdkComboBox$addExistingJdks$detected$1.invoke(ProjectWizardJdkComboBox.kt:318)
	at com.intellij.ide.projectWizard.ProjectWizardJdkComboBox$addExistingJdks$detected$1.invoke(ProjectWizardJdkComboBox.kt:316)
	at com.intellij.openapi.progress.CoroutinesKt.blockingContextInner(coroutines.kt:320)
	at com.intellij.openapi.progress.CoroutinesKt.access$blockingContextInner(coroutines.kt:1)
	at com.intellij.openapi.progress.CoroutinesKt$blockingContext$2.invokeSuspend(coroutines.kt:197)
	at com.intellij.openapi.progress.CoroutinesKt$blockingContext$2.invoke(coroutines.kt)
	at com.intellij.openapi.progress.CoroutinesKt$blockingContext$2.invoke(coroutines.kt)
	at kotlinx.coroutines.intrinsics.UndispatchedKt.startUndispatchedOrReturn(Undispatched.kt:78)
	at kotlinx.coroutines.CoroutineScopeKt.coroutineScope(CoroutineScope.kt:264)
	at com.intellij.openapi.progress.CoroutinesKt.blockingContext(coroutines.kt:196)
	at com.intellij.ide.projectWizard.ProjectWizardJdkComboBox.addExistingJdks(ProjectWizardJdkComboBox.kt:316)
	at com.intellij.ide.projectWizard.ProjectWizardJdkComboBox.access$addExistingJdks(ProjectWizardJdkComboBox.kt:150)
	at com.intellij.ide.projectWizard.ProjectWizardJdkComboBox$3.invokeSuspend(ProjectWizardJdkComboBox.kt:174)
	at kotlin.coroutines.jvm.internal.BaseContinuationImpl.resumeWith(ContinuationImpl.kt:33)
	at kotlinx.coroutines.DispatchedTask.run(DispatchedTask.kt:108)
	at kotlinx.coroutines.scheduling.CoroutineScheduler.runSafely(CoroutineScheduler.kt:584)
	at kotlinx.coroutines.scheduling.CoroutineScheduler$Worker.executeTask(CoroutineScheduler.kt:793)
	at kotlinx.coroutines.scheduling.CoroutineScheduler$Worker.runWorker(CoroutineScheduler.kt:697)
	at kotlinx.coroutines.scheduling.CoroutineScheduler$Worker.run(CoroutineScheduler.kt:684)
2026-08-20 22:59:47,076 [  43193]   INFO - #o.j.j.m.j.i.JdkVersionDetectorImpl - /usr/lib/jvm/jre/release
java.lang.IllegalArgumentException: "25.0.4"
	at com.intellij.util.lang.JavaVersion.parse(JavaVersion.java:307)
	at org.jetbrains.jps.model.java.impl.JdkVersionDetectorImpl.detectFromRelease(JdkVersionDetectorImpl.java:66)
	at org.jetbrains.jps.model.java.impl.JdkVersionDetectorImpl.detectJdkVersionInfo(JdkVersionDetectorImpl.java:41)
	at com.intellij.openapi.projectRoots.impl.SdkVersionUtil.getJdkVersionInfo(SdkVersionUtil.java:17)
	at com.intellij.openapi.projectRoots.impl.JavaSdkImpl.lambda$getInfo$14(JavaSdkImpl.java:426)
	at java.base/java.util.concurrent.ConcurrentHashMap.computeIfAbsent(ConcurrentHashMap.java:1708)
	at com.intellij.openapi.projectRoots.impl.JavaSdkImpl.getInfo(JavaSdkImpl.java:426)
	at com.intellij.openapi.projectRoots.impl.JavaSdkImpl.getVersionString(JavaSdkImpl.java:431)
	at com.intellij.ide.projectWizard.ProjectWizardJdkComboBox$addExistingJdks$detected$1.invoke(ProjectWizardJdkComboBox.kt:318)
	at com.intellij.ide.projectWizard.ProjectWizardJdkComboBox$addExistingJdks$detected$1.invoke(ProjectWizardJdkComboBox.kt:316)
	at com.intellij.openapi.progress.CoroutinesKt.blockingContextInner(coroutines.kt:320)
	at com.intellij.openapi.progress.CoroutinesKt.access$blockingContextInner(coroutines.kt:1)
	at com.intellij.openapi.progress.CoroutinesKt$blockingContext$2.invokeSuspend(coroutines.kt:197)
	at com.intellij.openapi.progress.CoroutinesKt$blockingContext$2.invoke(coroutines.kt)
	at com.intellij.openapi.progress.CoroutinesKt$blockingContext$2.invoke(coroutines.kt)
	at kotlinx.coroutines.intrinsics.UndispatchedKt.startUndispatchedOrReturn(Undispatched.kt:78)
	at kotlinx.coroutines.CoroutineScopeKt.coroutineScope(CoroutineScope.kt:264)
	at com.intellij.openapi.progress.CoroutinesKt.blockingContext(coroutines.kt:196)
	at com.intellij.ide.projectWizard.ProjectWizardJdkComboBox.addExistingJdks(ProjectWizardJdkComboBox.kt:316)
	at com.intellij.ide.projectWizard.ProjectWizardJdkComboBox.access$addExistingJdks(ProjectWizardJdkComboBox.kt:150)
	at com.intellij.ide.projectWizard.ProjectWizardJdkComboBox$3.invokeSuspend(ProjectWizardJdkComboBox.kt:174)
	at kotlin.coroutines.jvm.internal.BaseContinuationImpl.resumeWith(ContinuationImpl.kt:33)
	at kotlinx.coroutines.DispatchedTask.run(DispatchedTask.kt:108)
	at kotlinx.coroutines.scheduling.CoroutineScheduler.runSafely(CoroutineScheduler.kt:584)
	at kotlinx.coroutines.scheduling.CoroutineScheduler$Worker.executeTask(CoroutineScheduler.kt:793)
	at kotlinx.coroutines.scheduling.CoroutineScheduler$Worker.runWorker(CoroutineScheduler.kt:697)
	at kotlinx.coroutines.scheduling.CoroutineScheduler$Worker.run(CoroutineScheduler.kt:684)
2026-08-20 22:59:47,129 [  43246]   INFO - #o.j.j.m.j.i.JdkVersionDetectorImpl - /usr/lib/jvm/jre/bin/java
java.lang.IllegalArgumentException: openjdk version "25.0.4" 2026-07-21
	at com.intellij.util.lang.JavaVersion.parse(JavaVersion.java:307)
	at org.jetbrains.jps.model.java.impl.JdkVersionDetectorImpl.detectFromOutput(JdkVersionDetectorImpl.java:131)
	at org.jetbrains.jps.model.java.impl.JdkVersionDetectorImpl.detectJdkVersionInfo(JdkVersionDetectorImpl.java:49)
	at com.intellij.openapi.projectRoots.impl.SdkVersionUtil.getJdkVersionInfo(SdkVersionUtil.java:17)
	at com.intellij.openapi.projectRoots.impl.JavaSdkImpl.lambda$getInfo$14(JavaSdkImpl.java:426)
	at java.base/java.util.concurrent.ConcurrentHashMap.computeIfAbsent(ConcurrentHashMap.java:1708)
	at com.intellij.openapi.projectRoots.impl.JavaSdkImpl.getInfo(JavaSdkImpl.java:426)
	at com.intellij.openapi.projectRoots.impl.JavaSdkImpl.getVersionString(JavaSdkImpl.java:431)
	at com.intellij.ide.projectWizard.ProjectWizardJdkComboBox$addExistingJdks$detected$1.invoke(ProjectWizardJdkComboBox.kt:318)
	at com.intellij.ide.projectWizard.ProjectWizardJdkComboBox$addExistingJdks$detected$1.invoke(ProjectWizardJdkComboBox.kt:316)
	at com.intellij.openapi.progress.CoroutinesKt.blockingContextInner(coroutines.kt:320)
	at com.intellij.openapi.progress.CoroutinesKt.access$blockingContextInner(coroutines.kt:1)
	at com.intellij.openapi.progress.CoroutinesKt$blockingContext$2.invokeSuspend(coroutines.kt:197)
	at com.intellij.openapi.progress.CoroutinesKt$blockingContext$2.invoke(coroutines.kt)
	at com.intellij.openapi.progress.CoroutinesKt$blockingContext$2.invoke(coroutines.kt)
	at kotlinx.coroutines.intrinsics.UndispatchedKt.startUndispatchedOrReturn(Undispatched.kt:78)
	at kotlinx.coroutines.CoroutineScopeKt.coroutineScope(CoroutineScope.kt:264)
	at com.intellij.openapi.progress.CoroutinesKt.blockingContext(coroutines.kt:196)
	at com.intellij.ide.projectWizard.ProjectWizardJdkComboBox.addExistingJdks(ProjectWizardJdkComboBox.kt:316)
	at com.intellij.ide.projectWizard.ProjectWizardJdkComboBox.access$addExistingJdks(ProjectWizardJdkComboBox.kt:150)
	at com.intellij.ide.projectWizard.ProjectWizardJdkComboBox$3.invokeSuspend(ProjectWizardJdkComboBox.kt:174)
	at kotlin.coroutines.jvm.internal.BaseContinuationImpl.resumeWith(ContinuationImpl.kt:33)
	at kotlinx.coroutines.DispatchedTask.run(DispatchedTask.kt:108)
	at kotlinx.coroutines.scheduling.CoroutineScheduler.runSafely(CoroutineScheduler.kt:584)
	at kotlinx.coroutines.scheduling.CoroutineScheduler$Worker.executeTask(CoroutineScheduler.kt:793)
	at kotlinx.coroutines.scheduling.CoroutineScheduler$Worker.runWorker(CoroutineScheduler.kt:697)
	at kotlinx.coroutines.scheduling.CoroutineScheduler$Worker.run(CoroutineScheduler.kt:684)
2026-08-20 22:59:47,131 [  43248]   INFO - #o.j.j.m.j.i.JdkVersionDetectorImpl - /usr/lib/jvm/jre-25/release
java.lang.IllegalArgumentException: "25.0.4"
	at com.intellij.util.lang.JavaVersion.parse(JavaVersion.java:307)
	at org.jetbrains.jps.model.java.impl.JdkVersionDetectorImpl.detectFromRelease(JdkVersionDetectorImpl.java:66)
	at org.jetbrains.jps.model.java.impl.JdkVersionDetectorImpl.detectJdkVersionInfo(JdkVersionDetectorImpl.java:41)
	at com.intellij.openapi.projectRoots.impl.SdkVersionUtil.getJdkVersionInfo(SdkVersionUtil.java:17)
	at com.intellij.openapi.projectRoots.impl.JavaSdkImpl.lambda$getInfo$14(JavaSdkImpl.java:426)
	at java.base/java.util.concurrent.ConcurrentHashMap.computeIfAbsent(ConcurrentHashMap.java:1708)
	at com.intellij.openapi.projectRoots.impl.JavaSdkImpl.getInfo(JavaSdkImpl.java:426)
	at com.intellij.openapi.projectRoots.impl.JavaSdkImpl.getVersionString(JavaSdkImpl.java:431)
	at com.intellij.ide.projectWizard.ProjectWizardJdkComboBox$addExistingJdks$detected$1.invoke(ProjectWizardJdkComboBox.kt:318)
	at com.intellij.ide.projectWizard.ProjectWizardJdkComboBox$addExistingJdks$detected$1.invoke(ProjectWizardJdkComboBox.kt:316)
	at com.intellij.openapi.progress.CoroutinesKt.blockingContextInner(coroutines.kt:320)
	at com.intellij.openapi.progress.CoroutinesKt.access$blockingContextInner(coroutines.kt:1)
	at com.intellij.openapi.progress.CoroutinesKt$blockingContext$2.invokeSuspend(coroutines.kt:197)
	at com.intellij.openapi.progress.CoroutinesKt$blockingContext$2.invoke(coroutines.kt)
	at com.intellij.openapi.progress.CoroutinesKt$blockingContext$2.invoke(coroutines.kt)
	at kotlinx.coroutines.intrinsics.UndispatchedKt.startUndispatchedOrReturn(Undispatched.kt:78)
	at kotlinx.coroutines.CoroutineScopeKt.coroutineScope(CoroutineScope.kt:264)
	at com.intellij.openapi.progress.CoroutinesKt.blockingContext(coroutines.kt:196)
	at com.intellij.ide.projectWizard.ProjectWizardJdkComboBox.addExistingJdks(ProjectWizardJdkComboBox.kt:316)
	at com.intellij.ide.projectWizard.ProjectWizardJdkComboBox.access$addExistingJdks(ProjectWizardJdkComboBox.kt:150)
	at com.intellij.ide.projectWizard.ProjectWizardJdkComboBox$3.invokeSuspend(ProjectWizardJdkComboBox.kt:174)
	at kotlin.coroutines.jvm.internal.BaseContinuationImpl.resumeWith(ContinuationImpl.kt:33)
	at kotlinx.coroutines.DispatchedTask.run(DispatchedTask.kt:108)
	at kotlinx.coroutines.scheduling.CoroutineScheduler.runSafely(CoroutineScheduler.kt:584)
	at kotlinx.coroutines.scheduling.CoroutineScheduler$Worker.executeTask(CoroutineScheduler.kt:793)
	at kotlinx.coroutines.scheduling.CoroutineScheduler$Worker.runWorker(CoroutineScheduler.kt:697)
	at kotlinx.coroutines.scheduling.CoroutineScheduler$Worker.run(CoroutineScheduler.kt:684)
2026-08-20 22:59:47,184 [  43301]   INFO - #o.j.j.m.j.i.JdkVersionDetectorImpl - /usr/lib/jvm/jre-25/bin/java
java.lang.IllegalArgumentException: openjdk version "25.0.4" 2026-07-21
	at com.intellij.util.lang.JavaVersion.parse(JavaVersion.java:307)
	at org.jetbrains.jps.model.java.impl.JdkVersionDetectorImpl.detectFromOutput(JdkVersionDetectorImpl.java:131)
	at org.jetbrains.jps.model.java.impl.JdkVersionDetectorImpl.detectJdkVersionInfo(JdkVersionDetectorImpl.java:49)
	at com.intellij.openapi.projectRoots.impl.SdkVersionUtil.getJdkVersionInfo(SdkVersionUtil.java:17)
	at com.intellij.openapi.projectRoots.impl.JavaSdkImpl.lambda$getInfo$14(JavaSdkImpl.java:426)
	at java.base/java.util.concurrent.ConcurrentHashMap.computeIfAbsent(ConcurrentHashMap.java:1708)
	at com.intellij.openapi.projectRoots.impl.JavaSdkImpl.getInfo(JavaSdkImpl.java:426)
	at com.intellij.openapi.projectRoots.impl.JavaSdkImpl.getVersionString(JavaSdkImpl.java:431)
	at com.intellij.ide.projectWizard.ProjectWizardJdkComboBox$addExistingJdks$detected$1.invoke(ProjectWizardJdkComboBox.kt:318)
	at com.intellij.ide.projectWizard.ProjectWizardJdkComboBox$addExistingJdks$detected$1.invoke(ProjectWizardJdkComboBox.kt:316)
	at com.intellij.openapi.progress.CoroutinesKt.blockingContextInner(coroutines.kt:320)
	at com.intellij.openapi.progress.CoroutinesKt.access$blockingContextInner(coroutines.kt:1)
	at com.intellij.openapi.progress.CoroutinesKt$blockingContext$2.invokeSuspend(coroutines.kt:197)
	at com.intellij.openapi.progress.CoroutinesKt$blockingContext$2.invoke(coroutines.kt)
	at com.intellij.openapi.progress.CoroutinesKt$blockingContext$2.invoke(coroutines.kt)
	at kotlinx.coroutines.intrinsics.UndispatchedKt.startUndispatchedOrReturn(Undispatched.kt:78)
	at kotlinx.coroutines.CoroutineScopeKt.coroutineScope(CoroutineScope.kt:264)
	at com.intellij.openapi.progress.CoroutinesKt.blockingContext(coroutines.kt:196)
	at com.intellij.ide.projectWizard.ProjectWizardJdkComboBox.addExistingJdks(ProjectWizardJdkComboBox.kt:316)
	at com.intellij.ide.projectWizard.ProjectWizardJdkComboBox.access$addExistingJdks(ProjectWizardJdkComboBox.kt:150)
	at com.intellij.ide.projectWizard.ProjectWizardJdkComboBox$3.invokeSuspend(ProjectWizardJdkComboBox.kt:174)
	at kotlin.coroutines.jvm.internal.BaseContinuationImpl.resumeWith(ContinuationImpl.kt:33)
	at kotlinx.coroutines.DispatchedTask.run(DispatchedTask.kt:108)
	at kotlinx.coroutines.scheduling.CoroutineScheduler.runSafely(CoroutineScheduler.kt:584)
	at kotlinx.coroutines.scheduling.CoroutineScheduler$Worker.executeTask(CoroutineScheduler.kt:793)
	at kotlinx.coroutines.scheduling.CoroutineScheduler$Worker.runWorker(CoroutineScheduler.kt:697)
	at kotlinx.coroutines.scheduling.CoroutineScheduler$Worker.run(CoroutineScheduler.kt:684)
2026-08-20 22:59:47,186 [  43303]   INFO - #o.j.j.m.j.i.JdkVersionDetectorImpl - /usr/lib/jvm/jre-25-openjdk/release
java.lang.IllegalArgumentException: "25.0.4"
	at com.intellij.util.lang.JavaVersion.parse(JavaVersion.java:307)
	at org.jetbrains.jps.model.java.impl.JdkVersionDetectorImpl.detectFromRelease(JdkVersionDetectorImpl.java:66)
	at org.jetbrains.jps.model.java.impl.JdkVersionDetectorImpl.detectJdkVersionInfo(JdkVersionDetectorImpl.java:41)
	at com.intellij.openapi.projectRoots.impl.SdkVersionUtil.getJdkVersionInfo(SdkVersionUtil.java:17)
	at com.intellij.openapi.projectRoots.impl.JavaSdkImpl.lambda$getInfo$14(JavaSdkImpl.java:426)
	at java.base/java.util.concurrent.ConcurrentHashMap.computeIfAbsent(ConcurrentHashMap.java:1708)
	at com.intellij.openapi.projectRoots.impl.JavaSdkImpl.getInfo(JavaSdkImpl.java:426)
	at com.intellij.openapi.projectRoots.impl.JavaSdkImpl.getVersionString(JavaSdkImpl.java:431)
	at com.intellij.ide.projectWizard.ProjectWizardJdkComboBox$addExistingJdks$detected$1.invoke(ProjectWizardJdkComboBox.kt:318)
	at com.intellij.ide.projectWizard.ProjectWizardJdkComboBox$addExistingJdks$detected$1.invoke(ProjectWizardJdkComboBox.kt:316)
	at com.intellij.openapi.progress.CoroutinesKt.blockingContextInner(coroutines.kt:320)
	at com.intellij.openapi.progress.CoroutinesKt.access$blockingContextInner(coroutines.kt:1)
	at com.intellij.openapi.progress.CoroutinesKt$blockingContext$2.invokeSuspend(coroutines.kt:197)
	at com.intellij.openapi.progress.CoroutinesKt$blockingContext$2.invoke(coroutines.kt)
	at com.intellij.openapi.progress.CoroutinesKt$blockingContext$2.invoke(coroutines.kt)
	at kotlinx.coroutines.intrinsics.UndispatchedKt.startUndispatchedOrReturn(Undispatched.kt:78)
	at kotlinx.coroutines.CoroutineScopeKt.coroutineScope(CoroutineScope.kt:264)
	at com.intellij.openapi.progress.CoroutinesKt.blockingContext(coroutines.kt:196)
	at com.intellij.ide.projectWizard.ProjectWizardJdkComboBox.addExistingJdks(ProjectWizardJdkComboBox.kt:316)
	at com.intellij.ide.projectWizard.ProjectWizardJdkComboBox.access$addExistingJdks(ProjectWizardJdkComboBox.kt:150)
	at com.intellij.ide.projectWizard.ProjectWizardJdkComboBox$3.invokeSuspend(ProjectWizardJdkComboBox.kt:174)
	at kotlin.coroutines.jvm.internal.BaseContinuationImpl.resumeWith(ContinuationImpl.kt:33)
	at kotlinx.coroutines.DispatchedTask.run(DispatchedTask.kt:108)
	at kotlinx.coroutines.scheduling.CoroutineScheduler.runSafely(CoroutineScheduler.kt:584)
	at kotlinx.coroutines.scheduling.CoroutineScheduler$Worker.executeTask(CoroutineScheduler.kt:793)
	at kotlinx.coroutines.scheduling.CoroutineScheduler$Worker.runWorker(CoroutineScheduler.kt:697)
	at kotlinx.coroutines.scheduling.CoroutineScheduler$Worker.run(CoroutineScheduler.kt:684)
2026-08-20 22:59:47,237 [  43354]   INFO - #o.j.j.m.j.i.JdkVersionDetectorImpl - /usr/lib/jvm/jre-25-openjdk/bin/java
java.lang.IllegalArgumentException: openjdk version "25.0.4" 2026-07-21
	at com.intellij.util.lang.JavaVersion.parse(JavaVersion.java:307)
	at org.jetbrains.jps.model.java.impl.JdkVersionDetectorImpl.detectFromOutput(JdkVersionDetectorImpl.java:131)
	at org.jetbrains.jps.model.java.impl.JdkVersionDetectorImpl.detectJdkVersionInfo(JdkVersionDetectorImpl.java:49)
	at com.intellij.openapi.projectRoots.impl.SdkVersionUtil.getJdkVersionInfo(SdkVersionUtil.java:17)
	at com.intellij.openapi.projectRoots.impl.JavaSdkImpl.lambda$getInfo$14(JavaSdkImpl.java:426)
	at java.base/java.util.concurrent.ConcurrentHashMap.computeIfAbsent(ConcurrentHashMap.java:1708)
	at com.intellij.openapi.projectRoots.impl.JavaSdkImpl.getInfo(JavaSdkImpl.java:426)
	at com.intellij.openapi.projectRoots.impl.JavaSdkImpl.getVersionString(JavaSdkImpl.java:431)
	at com.intellij.ide.projectWizard.ProjectWizardJdkComboBox$addExistingJdks$detected$1.invoke(ProjectWizardJdkComboBox.kt:318)
	at com.intellij.ide.projectWizard.ProjectWizardJdkComboBox$addExistingJdks$detected$1.invoke(ProjectWizardJdkComboBox.kt:316)
	at com.intellij.openapi.progress.CoroutinesKt.blockingContextInner(coroutines.kt:320)
	at com.intellij.openapi.progress.CoroutinesKt.access$blockingContextInner(coroutines.kt:1)
	at com.intellij.openapi.progress.CoroutinesKt$blockingContext$2.invokeSuspend(coroutines.kt:197)
	at com.intellij.openapi.progress.CoroutinesKt$blockingContext$2.invoke(coroutines.kt)
	at com.intellij.openapi.progress.CoroutinesKt$blockingContext$2.invoke(coroutines.kt)
	at kotlinx.coroutines.intrinsics.UndispatchedKt.startUndispatchedOrReturn(Undispatched.kt:78)
	at kotlinx.coroutines.CoroutineScopeKt.coroutineScope(CoroutineScope.kt:264)
	at com.intellij.openapi.progress.CoroutinesKt.blockingContext(coroutines.kt:196)
	at com.intellij.ide.projectWizard.ProjectWizardJdkComboBox.addExistingJdks(ProjectWizardJdkComboBox.kt:316)
	at com.intellij.ide.projectWizard.ProjectWizardJdkComboBox.access$addExistingJdks(ProjectWizardJdkComboBox.kt:150)
	at com.intellij.ide.projectWizard.ProjectWizardJdkComboBox$3.invokeSuspend(ProjectWizardJdkComboBox.kt:174)
	at kotlin.coroutines.jvm.internal.BaseContinuationImpl.resumeWith(ContinuationImpl.kt:33)
	at kotlinx.coroutines.DispatchedTask.run(DispatchedTask.kt:108)
	at kotlinx.coroutines.scheduling.CoroutineScheduler.runSafely(CoroutineScheduler.kt:584)
	at kotlinx.coroutines.scheduling.CoroutineScheduler$Worker.executeTask(CoroutineScheduler.kt:793)
	at kotlinx.coroutines.scheduling.CoroutineScheduler$Worker.runWorker(CoroutineScheduler.kt:697)
	at kotlinx.coroutines.scheduling.CoroutineScheduler$Worker.run(CoroutineScheduler.kt:684)
2026-08-20 22:59:47,238 [  43355]   INFO - #o.j.j.m.j.i.JdkVersionDetectorImpl - /usr/lib/jvm/jre-openjdk/release
java.lang.IllegalArgumentException: "25.0.4"
	at com.intellij.util.lang.JavaVersion.parse(JavaVersion.java:307)
	at org.jetbrains.jps.model.java.impl.JdkVersionDetectorImpl.detectFromRelease(JdkVersionDetectorImpl.java:66)
	at org.jetbrains.jps.model.java.impl.JdkVersionDetectorImpl.detectJdkVersionInfo(JdkVersionDetectorImpl.java:41)
	at com.intellij.openapi.projectRoots.impl.SdkVersionUtil.getJdkVersionInfo(SdkVersionUtil.java:17)
	at com.intellij.openapi.projectRoots.impl.JavaSdkImpl.lambda$getInfo$14(JavaSdkImpl.java:426)
	at java.base/java.util.concurrent.ConcurrentHashMap.computeIfAbsent(ConcurrentHashMap.java:1708)
	at com.intellij.openapi.projectRoots.impl.JavaSdkImpl.getInfo(JavaSdkImpl.java:426)
	at com.intellij.openapi.projectRoots.impl.JavaSdkImpl.getVersionString(JavaSdkImpl.java:431)
	at com.intellij.ide.projectWizard.ProjectWizardJdkComboBox$addExistingJdks$detected$1.invoke(ProjectWizardJdkComboBox.kt:318)
	at com.intellij.ide.projectWizard.ProjectWizardJdkComboBox$addExistingJdks$detected$1.invoke(ProjectWizardJdkComboBox.kt:316)
	at com.intellij.openapi.progress.CoroutinesKt.blockingContextInner(coroutines.kt:320)
	at com.intellij.openapi.progress.CoroutinesKt.access$blockingContextInner(coroutines.kt:1)
	at com.intellij.openapi.progress.CoroutinesKt$blockingContext$2.invokeSuspend(coroutines.kt:197)
	at com.intellij.openapi.progress.CoroutinesKt$blockingContext$2.invoke(coroutines.kt)
	at com.intellij.openapi.progress.CoroutinesKt$blockingContext$2.invoke(coroutines.kt)
	at kotlinx.coroutines.intrinsics.UndispatchedKt.startUndispatchedOrReturn(Undispatched.kt:78)
	at kotlinx.coroutines.CoroutineScopeKt.coroutineScope(CoroutineScope.kt:264)
	at com.intellij.openapi.progress.CoroutinesKt.blockingContext(coroutines.kt:196)
	at com.intellij.ide.projectWizard.ProjectWizardJdkComboBox.addExistingJdks(ProjectWizardJdkComboBox.kt:316)
	at com.intellij.ide.projectWizard.ProjectWizardJdkComboBox.access$addExistingJdks(ProjectWizardJdkComboBox.kt:150)
	at com.intellij.ide.projectWizard.ProjectWizardJdkComboBox$3.invokeSuspend(ProjectWizardJdkComboBox.kt:174)
	at kotlin.coroutines.jvm.internal.BaseContinuationImpl.resumeWith(ContinuationImpl.kt:33)
	at kotlinx.coroutines.DispatchedTask.run(DispatchedTask.kt:108)
	at kotlinx.coroutines.scheduling.CoroutineScheduler.runSafely(CoroutineScheduler.kt:584)
	at kotlinx.coroutines.scheduling.CoroutineScheduler$Worker.executeTask(CoroutineScheduler.kt:793)
	at kotlinx.coroutines.scheduling.CoroutineScheduler$Worker.runWorker(CoroutineScheduler.kt:697)
	at kotlinx.coroutines.scheduling.CoroutineScheduler$Worker.run(CoroutineScheduler.kt:684)
2026-08-20 22:59:47,292 [  43409]   INFO - #o.j.j.m.j.i.JdkVersionDetectorImpl - /usr/lib/jvm/jre-openjdk/bin/java
java.lang.IllegalArgumentException: openjdk version "25.0.4" 2026-07-21
	at com.intellij.util.lang.JavaVersion.parse(JavaVersion.java:307)
	at org.jetbrains.jps.model.java.impl.JdkVersionDetectorImpl.detectFromOutput(JdkVersionDetectorImpl.java:131)
	at org.jetbrains.jps.model.java.impl.JdkVersionDetectorImpl.detectJdkVersionInfo(JdkVersionDetectorImpl.java:49)
	at com.intellij.openapi.projectRoots.impl.SdkVersionUtil.getJdkVersionInfo(SdkVersionUtil.java:17)
	at com.intellij.openapi.projectRoots.impl.JavaSdkImpl.lambda$getInfo$14(JavaSdkImpl.java:426)
	at java.base/java.util.concurrent.ConcurrentHashMap.computeIfAbsent(ConcurrentHashMap.java:1708)
	at com.intellij.openapi.projectRoots.impl.JavaSdkImpl.getInfo(JavaSdkImpl.java:426)
	at com.intellij.openapi.projectRoots.impl.JavaSdkImpl.getVersionString(JavaSdkImpl.java:431)
	at com.intellij.ide.projectWizard.ProjectWizardJdkComboBox$addExistingJdks$detected$1.invoke(ProjectWizardJdkComboBox.kt:318)
	at com.intellij.ide.projectWizard.ProjectWizardJdkComboBox$addExistingJdks$detected$1.invoke(ProjectWizardJdkComboBox.kt:316)
	at com.intellij.openapi.progress.CoroutinesKt.blockingContextInner(coroutines.kt:320)
	at com.intellij.openapi.progress.CoroutinesKt.access$blockingContextInner(coroutines.kt:1)
	at com.intellij.openapi.progress.CoroutinesKt$blockingContext$2.invokeSuspend(coroutines.kt:197)
	at com.intellij.openapi.progress.CoroutinesKt$blockingContext$2.invoke(coroutines.kt)
	at com.intellij.openapi.progress.CoroutinesKt$blockingContext$2.invoke(coroutines.kt)
	at kotlinx.coroutines.intrinsics.UndispatchedKt.startUndispatchedOrReturn(Undispatched.kt:78)
	at kotlinx.coroutines.CoroutineScopeKt.coroutineScope(CoroutineScope.kt:264)
	at com.intellij.openapi.progress.CoroutinesKt.blockingContext(coroutines.kt:196)
	at com.intellij.ide.projectWizard.ProjectWizardJdkComboBox.addExistingJdks(ProjectWizardJdkComboBox.kt:316)
	at com.intellij.ide.projectWizard.ProjectWizardJdkComboBox.access$addExistingJdks(ProjectWizardJdkComboBox.kt:150)
	at com.intellij.ide.projectWizard.ProjectWizardJdkComboBox$3.invokeSuspend(ProjectWizardJdkComboBox.kt:174)
	at kotlin.coroutines.jvm.internal.BaseContinuationImpl.resumeWith(ContinuationImpl.kt:33)
	at kotlinx.coroutines.DispatchedTask.run(DispatchedTask.kt:108)
	at kotlinx.coroutines.scheduling.CoroutineScheduler.runSafely(CoroutineScheduler.kt:584)
	at kotlinx.coroutines.scheduling.CoroutineScheduler$Worker.executeTask(CoroutineScheduler.kt:793)
	at kotlinx.coroutines.scheduling.CoroutineScheduler$Worker.runWorker(CoroutineScheduler.kt:697)
	at kotlinx.coroutines.scheduling.CoroutineScheduler$Worker.run(CoroutineScheduler.kt:684)
2026-08-20 22:59:48,499 [  44616]   INFO - #c.i.w.i.i.GlobalWorkspaceModel - Global model updated to version 2 in 58 ms: Adding SDK: temurin-17 JavaSDK
2026-08-20 22:59:57,283 [  53400]   INFO - #c.i.w.i.i.l.m.ModuleBridgeLoaderService - Workspace model loaded without cache. Loading real project state into workspace model. Thread[DefaultDispatcher-worker-5 @com.intellij.ide.actions.NewProjectAction#actionPerformed@WelcomeScreen#1962,5,main]
2026-08-20 22:59:57,334 [  53451]   INFO - #c.i.w.i.i.GlobalWorkspaceModel - Sync global entities with mutable entity storage
2026-08-20 22:59:57,402 [  53519]   INFO - #c.i.w.i.i.j.s.JpsProjectModelSynchronizer - Attempt 1: Apply JPS storage (iml files)
2026-08-20 22:59:57,500 [  53617]   INFO - #c.i.w.i.i.GlobalWorkspaceModel - Global model updated to version 3 in 6 ms: Sync entities from project teste with global storage
2026-08-20 22:59:57,510 [  53627]   INFO - #c.i.w.i.i.EntitiesOrphanageImpl - Update orphanage. 0 modules added
2026-08-20 22:59:57,613 [  53730]   INFO - #c.i.w.i.i.j.s.JpsProjectModelSynchronizer - Attempt 1: Changes were successfully applied
2026-08-20 22:59:58,065 [  54182]   INFO - #c.i.r.OsRegistryConfigProvider - Looking for 'enabled' value in [/etc/xdg/JetBrains/portForwarding/enabled, /etc/xdg/JetBrains/portForwarding/config.json, /home/lucasalmeida/.config/JetBrains/portForwarding/enabled, /home/lucasalmeida/.config/JetBrains/portForwarding/config.json, /home/lucasalmeida/.config/kdedefaults/JetBrains/portForwarding/enabled, /home/lucasalmeida/.config/kdedefaults/JetBrains/portForwarding/config.json, /etc/xdg/JetBrains/portForwarding/enabled, /etc/xdg/JetBrains/portForwarding/config.json, /usr/share/kde-settings/kde-profile/default/xdg/JetBrains/portForwarding/enabled, /usr/share/kde-settings/kde-profile/default/xdg/JetBrains/portForwarding/config.json]
2026-08-20 22:59:58,070 [  54187]   INFO - #c.i.r.OsRegistryConfigProvider - OS provided value for 'enabled' is not found
2026-08-20 22:59:58,101 [  54218]   INFO - #c.i.p.c.ProjectCodeStyleSettingsManager - Initialized from default code style settings.
2026-08-20 22:59:58,186 [  54303]   INFO - #c.i.o.r.i.PushedFilePropertiesUpdater - Ignoring push request, as project is not yet initialized
2026-08-20 22:59:58,732 [  54849]   INFO - #c.i.w.i.i.EntitiesOrphanageImpl - Update orphanage. 0 modules added
2026-08-20 22:59:58,736 [  54853]   INFO - #c.i.o.a.i.NonBlockingReadActionImpl - OTel monitoring for NonBlockingReadAction is enabled
2026-08-20 22:59:58,747 [  54864]   INFO - #c.i.w.i.i.WorkspaceModelImpl - Project model updated to version 2 in 179 ms: Module model commit
2026-08-20 22:59:59,064 [  55181]   WARN - org.apache.velocity.deprecation - configuration key 'resource.loader' has been deprecated in favor of 'resource.loaders'
2026-08-20 22:59:59,067 [  55184]   WARN - org.apache.velocity.deprecation - configuration key 'includes.resource.loader.instance' has been deprecated in favor of 'resource.loader.includes.instance'
2026-08-20 22:59:59,159 [  55276]   INFO - #c.i.i.s.l.g.AssetsProcessor - Creating file .gitignore in /home/lucasalmeida/IdeaProjects/teste
2026-08-20 22:59:59,167 [  55284]   INFO - #c.i.i.s.l.g.AssetsProcessor - Creating file src/Main.java in /home/lucasalmeida/IdeaProjects/teste
2026-08-20 22:59:59,270 [  55387]   INFO - PerformancePlugin - Performance Plugin is in silent mode
2026-08-20 22:59:59,428 [  55545]   INFO - #c.i.p.i.m.GlobalMenuLinux - created instance of GlobalMenuLinux for frame: com.intellij.openapi.wm.impl.IdeFrameImpl[frame1,10,20,1346x728,invalid,layout=java.awt.BorderLayout,title=,resizable,normal,defaultCloseOperation=DO_NOTHING_ON_CLOSE,rootPane=com.intellij.openapi.wm.impl.IdeRootPane[,0,28,1346x700,invalid,layout=com.intellij.openapi.wm.impl.IdeRootPane$MyRootLayout,alignmentX=0.0,alignmentY=0.0,border=,flags=449,maximumSize=,minimumSize=,preferredSize=],rootPaneCheckingEnabled=true]
2026-08-20 22:59:59,938 [  56055]   INFO - #c.i.o.p.MergingQueueGuiExecutor - Running task: (dumb mode task) com.intellij.openapi.project.InitialDumbTaskRequiredForSmartMode@41cd65c7
2026-08-20 22:59:59,946 [  56063]   INFO - #c.i.o.p.DumbServiceMergingTaskQueue - Initializing DumbServiceMergingTaskQueue...
2026-08-20 22:59:59,951 [  56068]   INFO - #c.i.o.p.DumbServiceMergingTaskQueue - Running initialization condition: com.intellij.indexing.shared.download.SharedIndexDownloadedCondition@14d639ba
2026-08-20 22:59:59,951 [  56068]   INFO - #c.i.o.p.DumbServiceMergingTaskQueue - Finished: com.intellij.indexing.shared.download.SharedIndexDownloadedCondition@14d639ba
2026-08-20 22:59:59,970 [  56087]   INFO - #c.i.o.p.InitialDumbTaskRequiredForSmartMode - Running task required for smart mode: com.intellij.indexing.shared.platform.impl.OnDiskSharedIndexChunkLocator@3b39c562
2026-08-20 22:59:59,976 [  56093]   INFO - #c.i.o.p.InitialDumbTaskRequiredForSmartMode - Finished task required for smart mode: com.intellij.indexing.shared.platform.impl.OnDiskSharedIndexChunkLocator@3b39c562
2026-08-20 22:59:59,979 [  56096]   INFO - #c.i.o.p.InitialDumbTaskRequiredForSmartMode - Running task required for smart mode: com.intellij.util.indexing.ProjectFileBasedIndexStartupActivity@4b4c4ebf
2026-08-20 22:59:59,989 [  56106]   INFO - #c.i.u.i.p.IncrementalProjectIndexableFilesFilterHolder - IncrementalProjectIndexableFilesFilterFactory is chosen as indexable files filter factory for project: teste
2026-08-20 23:00:00,031 [  56148]   INFO - #c.i.o.p.InitialDumbTaskRequiredForSmartMode - Finished task required for smart mode: com.intellij.util.indexing.ProjectFileBasedIndexStartupActivity@4b4c4ebf
2026-08-20 23:00:00,033 [  56150]   INFO - #c.i.o.p.InitialDumbTaskRequiredForSmartMode - Running task required for smart mode: com.intellij.util.indexing.FileBasedIndexInfrastructureExtensionStartup@58528335
2026-08-20 23:00:00,038 [  56155]   INFO - #c.i.o.p.InitialDumbTaskRequiredForSmartMode - Finished task required for smart mode: com.intellij.util.indexing.FileBasedIndexInfrastructureExtensionStartup@58528335
2026-08-20 23:00:00,040 [  56157]   INFO - #c.i.o.p.InitialDumbTaskRequiredForSmartMode - Running task required for smart mode: com.intellij.externalDependencies.impl.CheckRequiredPluginsActivity@e02d795
2026-08-20 23:00:00,045 [  56162]   INFO - #c.i.o.p.InitialDumbTaskRequiredForSmartMode - Finished task required for smart mode: com.intellij.externalDependencies.impl.CheckRequiredPluginsActivity@e02d795
2026-08-20 23:00:00,047 [  56164]   INFO - #c.i.o.p.InitialDumbTaskRequiredForSmartMode - Running task required for smart mode: com.intellij.util.indexing.DumbModeWhileScanningSubscriber@20cf0b3b
2026-08-20 23:00:00,072 [  56189]   INFO - #c.i.o.p.InitialDumbTaskRequiredForSmartMode - Finished task required for smart mode: com.intellij.util.indexing.DumbModeWhileScanningSubscriber@20cf0b3b
2026-08-20 23:00:00,074 [  56191]   INFO - #c.i.o.p.InitialDumbTaskRequiredForSmartMode - Running task required for smart mode: com.intellij.ide.projectWizard.generators.SdkPreIndexingRequiredForSmartModeActivity@dad013b
2026-08-20 23:00:00,075 [  56192]   INFO - #c.i.o.p.InitialDumbTaskRequiredForSmartMode - Finished task required for smart mode: com.intellij.ide.projectWizard.generators.SdkPreIndexingRequiredForSmartModeActivity@dad013b
2026-08-20 23:00:00,075 [  56192]   INFO - #c.i.o.p.MergingQueueGuiExecutor - Task finished: (dumb mode task) com.intellij.openapi.project.InitialDumbTaskRequiredForSmartMode@41cd65c7
2026-08-20 23:00:00,120 [  56237]   INFO - #c.i.o.a.i.ActionUpdater - 360 ms to grab EDT for EnableMicrophoneAction#presentation@MainToolbar (com.jetbrains.rd.platform.codeWithMe.telephony.EnableMicrophoneAction)
2026-08-20 23:00:00,121 [  56238]   INFO - #c.i.o.a.i.ActionUpdater - 360 ms to grab EDT for EnableCameraAction#presentation@MainToolbar (com.jetbrains.rd.platform.codeWithMe.telephony.EnableCameraAction)
2026-08-20 23:00:00,121 [  56238]   INFO - #c.i.o.a.i.ActionUpdater - 361 ms to grab EDT for EnableScreenSharingAction#presentation@MainToolbar (com.jetbrains.rd.platform.codeWithMe.telephony.EnableScreenSharingAction)
2026-08-20 23:00:00,203 [  56320] SEVERE - #com.olezelelabs.dockerrunner.DockerComposeRunAction - `ActionUpdateThread.OLD_EDT` is deprecated and going to be removed soon. 'com.olezelelabs.dockerrunner.DockerComposeRunAction' must override `getActionUpdateThread` and chose EDT or BGT. See ActionUpdateThread javadoc. [Plugin: com.olezelelabs.dockerrunner]
com.intellij.diagnostic.PluginException: `ActionUpdateThread.OLD_EDT` is deprecated and going to be removed soon. 'com.olezelelabs.dockerrunner.DockerComposeRunAction' must override `getActionUpdateThread` and chose EDT or BGT. See ActionUpdateThread javadoc. [Plugin: com.olezelelabs.dockerrunner]
	at com.intellij.diagnostic.PluginProblemReporterImpl.createPluginExceptionByClass(PluginProblemReporterImpl.java:23)
	at com.intellij.diagnostic.PluginException.createByClass(PluginException.java:90)
	at com.intellij.diagnostic.PluginException.reportDeprecatedUsage(PluginException.java:125)
	at com.intellij.openapi.actionSystem.ActionUpdateThreadAware.getActionUpdateThread(ActionUpdateThreadAware.java:21)
	at com.intellij.openapi.actionSystem.AnAction.getActionUpdateThread(AnAction.java:199)
2026-08-20 23:00:00,218 [  56335] SEVERE - #com.olezelelabs.dockerrunner.DockerComposeRunAction - IntelliJ IDEA 2024.1  Build #IC-241.14494.240
2026-08-20 23:00:00,219 [  56336] SEVERE - #com.olezelelabs.dockerrunner.DockerComposeRunAction - JDK: 17.0.10; VM: OpenJDK 64-Bit Server VM; Vendor: JetBrains s.r.o.
2026-08-20 23:00:00,220 [  56337] SEVERE - #com.olezelelabs.dockerrunner.DockerComposeRunAction - OS: Linux
2026-08-20 23:00:00,221 [  56338] SEVERE - #com.olezelelabs.dockerrunner.DockerComposeRunAction - Plugin to blame: Docker Runner version: 1.0-SNAPSHOT
2026-08-20 23:00:00,221 [  56338] SEVERE - #com.olezelelabs.dockerrunner.DockerComposeRunAction - Last Action: WelcomeScreen.CreateNewProject
2026-08-20 23:00:00,411 [  56528]   INFO - #c.i.o.p.MergingQueueGuiExecutor - Running task: (dumb mode task) com.intellij.util.indexing.UnindexedFilesScanner$2@3b8e2d2d
2026-08-20 23:00:00,418 [  56535]   INFO - #c.i.o.p.MergingQueueGuiExecutor - Task finished: (dumb mode task) com.intellij.util.indexing.UnindexedFilesScanner$2@3b8e2d2d
2026-08-20 23:00:00,418 [  56535]   INFO - #c.i.o.p.MergingQueueGuiExecutor - Running task: UnindexedFilesScanner[teste]
2026-08-20 23:00:00,517 [  56634]   INFO - #c.i.u.i.UnindexedFilesScanner - Started scanning for indexing of teste. Reason: On project open
2026-08-20 23:00:00,551 [  56668]   INFO - #c.i.u.i.UnindexedFilesScanner - Performing delayed pushing properties tasks for teste took 13ms; general responsiveness: ok; EDT responsiveness: ok
2026-08-20 23:00:00,631 [  56748]   INFO - #c.i.o.p.DumbServiceImpl - exit dumb mode [teste]
2026-08-20 23:00:00,633 [  56750]   INFO - #c.i.u.i.d.AppIndexingDependenciesService - Invalidating all indexing flags. Reason: App fingerprint changed: FingerprintImpl(fingerprint=0) to FingerprintImpl(fingerprint=6220796921897560659)
2026-08-20 23:00:00,675 [  56792]   INFO - #c.i.o.e.s.p.m.ExternalProjectsDataStorage - Load external projects data in 14 millis (read time: 6)
2026-08-20 23:00:00,699 [  56816]   INFO - #c.i.u.i.UnindexedFilesScanner - Scanning of teste uses 7 scanning threads
2026-08-20 23:00:00,713 [  56830]   INFO - #o.j.p.g.j.IdeVersionedDataUpdater - Updating version compatibility for org.jetbrains.plugins.gradle.jvmcompat.GradleCompatibilitySupportUpdater. Last update was: 0. Update interval: 1 Url to update https://download.jetbrains.com/resources/intellij/plugins/gradle/v1/compatibility.json
2026-08-20 23:00:01,044 [  57161]   INFO - #c.i.o.p.SmartModeScheduler - Post-startup activity executed. Current mode: 5
2026-08-20 23:00:01,109 [  57226]   WARN - #o.j.p.g.j.IdeVersionedDataUpdater - Could not download new IDE versioned data for org.jetbrains.plugins.gradle.jvmcompat.GradleCompatibilitySupportUpdater
java.lang.IllegalArgumentException: 25
	at com.intellij.util.lang.JavaVersion.parse(JavaVersion.java:307)
	at org.jetbrains.plugins.gradle.jvmcompat.GradleJvmSupportMatrix$getCompatibilityRanges$1$javaRange$1.invoke(GradleJvmSupportMatrix.kt:44)
	at org.jetbrains.plugins.gradle.jvmcompat.GradleJvmSupportMatrix$getCompatibilityRanges$1$javaRange$1.invoke(GradleJvmSupportMatrix.kt:44)
	at org.jetbrains.plugins.gradle.jvmcompat.IdeVersionedDataParser$Companion.parseVersion(IdeVersionedDataParser.kt:21)
	at org.jetbrains.plugins.gradle.jvmcompat.IdeVersionedDataParser$Companion.parseRange(IdeVersionedDataParser.kt:31)
	at org.jetbrains.plugins.gradle.jvmcompat.GradleJvmSupportMatrix.getCompatibilityRanges(GradleJvmSupportMatrix.kt:44)
	at org.jetbrains.plugins.gradle.jvmcompat.GradleJvmSupportMatrix.applyState(GradleJvmSupportMatrix.kt:28)
	at org.jetbrains.plugins.gradle.jvmcompat.GradleJvmSupportMatrix.onStateChanged(GradleJvmSupportMatrix.kt:50)
	at org.jetbrains.plugins.gradle.jvmcompat.GradleJvmSupportMatrix.onStateChanged(GradleJvmSupportMatrix.kt:13)
	at org.jetbrains.plugins.gradle.jvmcompat.IdeVersionedDataStorage.setStateAsString(IdeVersionedDataStorage.kt:44)
	at org.jetbrains.plugins.gradle.jvmcompat.IdeVersionedDataUpdater.retrieveNewData(IdeVersionedDataUpdater.kt:42)
	at org.jetbrains.plugins.gradle.jvmcompat.IdeVersionedDataUpdater.checkForUpdates(IdeVersionedDataUpdater.kt:29)
	at org.jetbrains.plugins.gradle.service.project.GradleVersionUpdateStartupActivity$execute$2.invoke(GradleVersionUpdateStartupActivity.kt:22)
	at org.jetbrains.plugins.gradle.service.project.GradleVersionUpdateStartupActivity$execute$2.invoke(GradleVersionUpdateStartupActivity.kt:21)
	at com.intellij.openapi.progress.CoroutinesKt.blockingContextInner(coroutines.kt:320)
	at com.intellij.openapi.progress.CoroutinesKt.access$blockingContextInner(coroutines.kt:1)
	at com.intellij.openapi.progress.CoroutinesKt$blockingContext$2.invokeSuspend(coroutines.kt:197)
	at com.intellij.openapi.progress.CoroutinesKt$blockingContext$2.invoke(coroutines.kt)
	at com.intellij.openapi.progress.CoroutinesKt$blockingContext$2.invoke(coroutines.kt)
	at kotlinx.coroutines.intrinsics.UndispatchedKt.startUndispatchedOrReturn(Undispatched.kt:78)
	at kotlinx.coroutines.CoroutineScopeKt.coroutineScope(CoroutineScope.kt:264)
	at com.intellij.openapi.progress.CoroutinesKt.blockingContext(coroutines.kt:196)
	at org.jetbrains.plugins.gradle.service.project.GradleVersionUpdateStartupActivity.execute(GradleVersionUpdateStartupActivity.kt:21)
	at com.intellij.ide.startup.impl.StartupManagerImplKt$launchActivity$1.invokeSuspend(StartupManagerImpl.kt:473)
	at kotlin.coroutines.jvm.internal.BaseContinuationImpl.resumeWith(ContinuationImpl.kt:33)
	at kotlinx.coroutines.DispatchedTask.run(DispatchedTask.kt:108)
	at kotlinx.coroutines.scheduling.CoroutineScheduler.runSafely(CoroutineScheduler.kt:584)
	at kotlinx.coroutines.scheduling.CoroutineScheduler$Worker.executeTask(CoroutineScheduler.kt:793)
	at kotlinx.coroutines.scheduling.CoroutineScheduler$Worker.runWorker(CoroutineScheduler.kt:697)
	at kotlinx.coroutines.scheduling.CoroutineScheduler$Worker.run(CoroutineScheduler.kt:684)
2026-08-20 23:00:01,230 [  57347]   INFO - #c.i.i.s.IdeStartupScripts - 0 startup script(s) found
2026-08-20 23:00:01,270 [  57387]   INFO - #c.i.w.i.i.j.s.JpsGlobalModelSynchronizerImpl - Saving global entities com.intellij.platform.workspace.jps.entities.SdkEntity to files
2026-08-20 23:00:01,281 [  57398]   INFO - #c.i.i.b.BookmarksManager - no state loaded for new bookmarks
2026-08-20 23:00:01,298 [  57415]   INFO - #c.i.i.b.BookmarkManager - no state loaded for old bookmarks
2026-08-20 23:00:01,361 [  57478]   INFO - #c.i.d.PerformanceWatcherImpl - Post-startup activities under progress took 980ms; general responsiveness: ok; EDT responsiveness: 1/1 sluggish
2026-08-20 23:00:01,388 [  57505]   INFO - #c.i.w.i.i.j.s.JpsGlobalModelSynchronizerImpl - Saving global entities com.intellij.platform.workspace.jps.entities.LibraryEntity to files
2026-08-20 23:00:01,403 [  57520]   INFO - #c.i.i.f.FavoritesManager - no state loaded for old favorites
2026-08-20 23:00:01,468 [  57585]   INFO - #c.i.u.i.IndexingReasonExplanationLogger - Scheduling indexing of internal.kotlin_builtins by request of indexes: [org.jetbrains.kotlin.idea.vfilefinder.KotlinMetadataFileIndex->NOT_INDEXED,org.jetbrains.kotlin.idea.vfilefinder.KotlinPartialPackageNamesIndex->NOT_INDEXED,org.jetbrains.kotlin.idea.vfilefinder.KotlinMetadataFilePackageIndex->NOT_INDEXED,org.jetbrains.kotlin.idea.vfilefinder.KotlinBuiltInsMetadataIndex->NOT_INDEXED,org.jetbrains.kotlin.idea.vfilefinder.KotlinShortClassNameFileIndex->NOT_INDEXED,KotlinBinaryRootToPackageIndex->NOT_INDEXED,KotlinTopLevelCallableByPackageShortNameIndex->NOT_INDEXED,KotlinTopLevelClassLikeDeclarationByPackageShortNameIndex->NOT_INDEXED,filetypes->NOT_INDEXED,Stubs->NOT_INDEXED,]. Scanner has updated file internal.kotlin_builtins with appliers: [SingleIndexValueApplier{indexId=filetypes, inputId=225, fileInfo='internal.kotlin_builtins(id=225)'}] and removers: []; 
2026-08-20 23:00:01,481 [  57598]   INFO - #c.i.u.i.IndexingReasonExplanationLogger - Scheduling indexing of reflect.kotlin_builtins by request of indexes: [org.jetbrains.kotlin.idea.vfilefinder.KotlinMetadataFileIndex->NOT_INDEXED,org.jetbrains.kotlin.idea.vfilefinder.KotlinPartialPackageNamesIndex->NOT_INDEXED,org.jetbrains.kotlin.idea.vfilefinder.KotlinMetadataFilePackageIndex->NOT_INDEXED,org.jetbrains.kotlin.idea.vfilefinder.KotlinBuiltInsMetadataIndex->NOT_INDEXED,org.jetbrains.kotlin.idea.vfilefinder.KotlinShortClassNameFileIndex->NOT_INDEXED,KotlinBinaryRootToPackageIndex->NOT_INDEXED,KotlinTopLevelCallableByPackageShortNameIndex->NOT_INDEXED,KotlinTopLevelClassLikeDeclarationByPackageShortNameIndex->NOT_INDEXED,filetypes->NOT_INDEXED,Stubs->NOT_INDEXED,]. Scanner has updated file reflect.kotlin_builtins with appliers: [SingleIndexValueApplier{indexId=filetypes, inputId=223, fileInfo='reflect.kotlin_builtins(id=223)'}] and removers: []; 
2026-08-20 23:00:01,490 [  57607]   INFO - #c.i.u.i.IndexingReasonExplanationLogger - Scheduling indexing of annotation.kotlin_builtins by request of indexes: [org.jetbrains.kotlin.idea.vfilefinder.KotlinMetadataFileIndex->NOT_INDEXED,org.jetbrains.kotlin.idea.vfilefinder.KotlinPartialPackageNamesIndex->NOT_INDEXED,org.jetbrains.kotlin.idea.vfilefinder.KotlinMetadataFilePackageIndex->NOT_INDEXED,org.jetbrains.kotlin.idea.vfilefinder.KotlinBuiltInsMetadataIndex->NOT_INDEXED,org.jetbrains.kotlin.idea.vfilefinder.KotlinShortClassNameFileIndex->NOT_INDEXED,KotlinBinaryRootToPackageIndex->NOT_INDEXED,KotlinTopLevelCallableByPackageShortNameIndex->NOT_INDEXED,KotlinTopLevelClassLikeDeclarationByPackageShortNameIndex->NOT_INDEXED,filetypes->NOT_INDEXED,Stubs->NOT_INDEXED,]. Scanner has updated file annotation.kotlin_builtins with appliers: [SingleIndexValueApplier{indexId=filetypes, inputId=221, fileInfo='annotation.kotlin_builtins(id=221)'}] and removers: []; 
2026-08-20 23:00:01,496 [  57613]   INFO - #c.i.u.i.IndexingReasonExplanationLogger - Scheduling indexing of ranges.kotlin_builtins by request of indexes: [org.jetbrains.kotlin.idea.vfilefinder.KotlinMetadataFileIndex->NOT_INDEXED,org.jetbrains.kotlin.idea.vfilefinder.KotlinPartialPackageNamesIndex->NOT_INDEXED,org.jetbrains.kotlin.idea.vfilefinder.KotlinMetadataFilePackageIndex->NOT_INDEXED,org.jetbrains.kotlin.idea.vfilefinder.KotlinBuiltInsMetadataIndex->NOT_INDEXED,org.jetbrains.kotlin.idea.vfilefinder.KotlinShortClassNameFileIndex->NOT_INDEXED,KotlinBinaryRootToPackageIndex->NOT_INDEXED,KotlinTopLevelCallableByPackageShortNameIndex->NOT_INDEXED,KotlinTopLevelClassLikeDeclarationByPackageShortNameIndex->NOT_INDEXED,filetypes->NOT_INDEXED,Stubs->NOT_INDEXED,]. Scanner has updated file ranges.kotlin_builtins with appliers: [SingleIndexValueApplier{indexId=filetypes, inputId=219, fileInfo='ranges.kotlin_builtins(id=219)'}] and removers: []; 
2026-08-20 23:00:01,502 [  57619]   INFO - #c.i.u.i.IndexingReasonExplanationLogger - Scheduling indexing of collections.kotlin_builtins by request of indexes: [org.jetbrains.kotlin.idea.vfilefinder.KotlinMetadataFileIndex->NOT_INDEXED,org.jetbrains.kotlin.idea.vfilefinder.KotlinPartialPackageNamesIndex->NOT_INDEXED,org.jetbrains.kotlin.idea.vfilefinder.KotlinMetadataFilePackageIndex->NOT_INDEXED,org.jetbrains.kotlin.idea.vfilefinder.KotlinBuiltInsMetadataIndex->NOT_INDEXED,org.jetbrains.kotlin.idea.vfilefinder.KotlinShortClassNameFileIndex->NOT_INDEXED,KotlinBinaryRootToPackageIndex->NOT_INDEXED,KotlinTopLevelCallableByPackageShortNameIndex->NOT_INDEXED,KotlinTopLevelClassLikeDeclarationByPackageShortNameIndex->NOT_INDEXED,filetypes->NOT_INDEXED,Stubs->NOT_INDEXED,]. Scanner has updated file collections.kotlin_builtins with appliers: [SingleIndexValueApplier{indexId=filetypes, inputId=217, fileInfo='collections.kotlin_builtins(id=217)'}] and removers: []; 
2026-08-20 23:00:01,509 [  57626]   INFO - #c.i.u.i.IndexingReasonExplanationLogger - Scheduling indexing of kotlin.kotlin_builtins by request of indexes: [org.jetbrains.kotlin.idea.vfilefinder.KotlinMetadataFileIndex->NOT_INDEXED,org.jetbrains.kotlin.idea.vfilefinder.KotlinPartialPackageNamesIndex->NOT_INDEXED,org.jetbrains.kotlin.idea.vfilefinder.KotlinMetadataFilePackageIndex->NOT_INDEXED,org.jetbrains.kotlin.idea.vfilefinder.KotlinBuiltInsMetadataIndex->NOT_INDEXED,org.jetbrains.kotlin.idea.vfilefinder.KotlinShortClassNameFileIndex->NOT_INDEXED,KotlinBinaryRootToPackageIndex->NOT_INDEXED,KotlinTopLevelCallableByPackageShortNameIndex->NOT_INDEXED,KotlinTopLevelClassLikeDeclarationByPackageShortNameIndex->NOT_INDEXED,filetypes->NOT_INDEXED,Stubs->NOT_INDEXED,]. Scanner has updated file kotlin.kotlin_builtins with appliers: [SingleIndexValueApplier{indexId=filetypes, inputId=215, fileInfo='kotlin.kotlin_builtins(id=215)'}] and removers: []; 
2026-08-20 23:00:01,519 [  57636]   INFO - #c.i.u.i.IndexingReasonExplanationLogger - Scheduling indexing of coroutines.kotlin_builtins by request of indexes: [org.jetbrains.kotlin.idea.vfilefinder.KotlinMetadataFileIndex->NOT_INDEXED,org.jetbrains.kotlin.idea.vfilefinder.KotlinPartialPackageNamesIndex->NOT_INDEXED,org.jetbrains.kotlin.idea.vfilefinder.KotlinMetadataFilePackageIndex->NOT_INDEXED,org.jetbrains.kotlin.idea.vfilefinder.KotlinBuiltInsMetadataIndex->NOT_INDEXED,org.jetbrains.kotlin.idea.vfilefinder.KotlinShortClassNameFileIndex->NOT_INDEXED,KotlinBinaryRootToPackageIndex->NOT_INDEXED,KotlinTopLevelCallableByPackageShortNameIndex->NOT_INDEXED,KotlinTopLevelClassLikeDeclarationByPackageShortNameIndex->NOT_INDEXED,filetypes->NOT_INDEXED,Stubs->NOT_INDEXED,]. Scanner has updated file coroutines.kotlin_builtins with appliers: [SingleIndexValueApplier{indexId=filetypes, inputId=227, fileInfo='coroutines.kotlin_builtins(id=227)'}] and removers: []; 
2026-08-20 23:00:01,561 [  57678]   INFO - #c.j.r.f.FollowMeManager - Register new user (name: 'lucasalmeida', client id: Host)
2026-08-20 23:00:01,570 [  57687]   INFO - #c.i.u.i.IndexingReasonExplanationLogger - Scheduling indexing of Main.java by request of indexes: [Trigram.Index->NOT_INDEXED,IdIndex->NOT_INDEXED,filetypes->NOT_INDEXED,java.fun.expression->NOT_INDEXED,java.binary.plus.expression->NOT_INDEXED,java.null.method.argument->NOT_INDEXED,Stubs->NOT_INDEXED,]. Scanner has updated file Main.java with appliers: [SingleIndexValueApplier{indexId=filetypes, inputId=236, fileInfo='Main.java(id=236)'}] and removers: []; 
2026-08-20 23:00:01,621 [  57738]   INFO - #c.i.u.i.IndexingReasonExplanationLogger - Scheduling indexing of svg20.rnc by request of indexes: [Trigram.Index->NOT_INDEXED,IdIndex->NOT_INDEXED,filetypes->NOT_INDEXED,]. Scanner has updated file svg20.rnc with appliers: [SingleIndexValueApplier{indexId=filetypes, inputId=229, fileInfo='svg20.rnc(id=229)'}] and removers: []; 
2026-08-20 23:00:01,624 [  57741]   INFO - #c.i.u.i.IndexingReasonExplanationLogger - Scheduling indexing of .gitignore by request of indexes: [Trigram.Index->NOT_INDEXED,IdIndex->NOT_INDEXED,filetypes->NOT_INDEXED,]. Scanner has updated file .gitignore with appliers: [SingleIndexValueApplier{indexId=filetypes, inputId=231, fileInfo='.gitignore(id=231)'}] and removers: []; 
2026-08-20 23:00:03,959 [  60076]   INFO - #c.i.w.i.i.EntitiesOrphanageImpl - Update orphanage. 0 modules added
2026-08-20 23:00:04,014 [  60131]   INFO - #c.i.w.i.i.WorkspaceModelImpl - Project model updated to version 3 in 99 ms: ConstantEntitiesCheckActivity
2026-08-20 23:00:04,263 [  60380]   INFO - #c.i.c.ComponentStoreImpl - Saving appDebuggerSettings took 82 ms, DontShowAgainFeedbackService took 26 ms, FileTypeManager took 36 ms, GithubAccounts took 14 ms
2026-08-20 23:00:04,288 [  60405]   INFO - #c.i.c.CompilerWorkspaceConfiguration - Available processors: 8
2026-08-20 23:00:04,384 [  60501] SEVERE - #c.i.u.SlowOperations - Slow operations are prohibited on EDT. See SlowOperations.assertSlowOperationsAreAllowed javadoc.
java.lang.Throwable: Slow operations are prohibited on EDT. See SlowOperations.assertSlowOperationsAreAllowed javadoc.
	at com.intellij.openapi.diagnostic.Logger.error(Logger.java:376)
	at com.intellij.util.SlowOperations.assertSlowOperationsAreAllowed(SlowOperations.java:106)
	at com.intellij.workspaceModel.core.fileIndex.impl.WorkspaceFileIndexDataImpl.ensureIsUpToDate(WorkspaceFileIndexDataImpl.kt:142)
	at com.intellij.workspaceModel.core.fileIndex.impl.WorkspaceFileIndexDataImpl.getFileInfo(WorkspaceFileIndexDataImpl.kt:87)
	at com.intellij.workspaceModel.core.fileIndex.impl.WorkspaceFileIndexImpl.getFileInfo(WorkspaceFileIndexImpl.kt:245)
	at com.intellij.openapi.roots.impl.ProjectFileIndexImpl.isUnderIgnored(ProjectFileIndexImpl.java:76)
	at com.intellij.openapi.roots.impl.ProjectFileIndexFacade.isUnderIgnored(ProjectFileIndexFacade.java:71)
	at com.intellij.psi.impl.file.impl.FileManagerImpl.isExcludedOrIgnored(FileManagerImpl.java:436)
	at com.intellij.psi.impl.file.impl.FileManagerImpl.findDirectoryImpl(FileManagerImpl.java:422)
	at com.intellij.psi.impl.file.impl.FileManagerImpl.findDirectory(FileManagerImpl.java:415)
	at com.intellij.psi.impl.PsiManagerImpl.findDirectory(PsiManagerImpl.java:175)
	at com.intellij.psi.AbstractFileViewProvider.shouldCreatePsi(AbstractFileViewProvider.java:89)
	at com.intellij.psi.SingleRootFileViewProvider.createFile(SingleRootFileViewProvider.java:144)
	at com.intellij.psi.SingleRootFileViewProvider.getPsiInner(SingleRootFileViewProvider.java:101)
	at com.intellij.psi.AbstractFileViewProvider.getPsi(AbstractFileViewProvider.java:185)
	at com.intellij.psi.impl.file.impl.FileManagerImpl.findFile(FileManagerImpl.java:377)
	at com.intellij.psi.impl.PsiManagerImpl.findFile(PsiManagerImpl.java:163)
	at com.intellij.ide.projectWizard.generators.AssetsNewProjectWizardStep.reformatCode(AssetsNewProjectWizardStep.kt:97)
	at com.intellij.ide.projectWizard.generators.AssetsNewProjectWizardStep.access$reformatCode(AssetsNewProjectWizardStep.kt:24)
	at com.intellij.ide.projectWizard.generators.AssetsNewProjectWizardStep$setupProject$1$1.invoke(AssetsNewProjectWizardStep.kt:89)
	at com.intellij.ide.projectWizard.generators.AssetsNewProjectWizardStep$setupProject$1$1.invoke(AssetsNewProjectWizardStep.kt:88)
	at com.intellij.ide.wizard.UIWizardUtil.whenProjectCreated$lambda$2$lambda$1(UIWizardUtil.kt:170)
	at com.intellij.util.concurrency.ContextRunnable.run(ContextRunnable.java:27)
	at com.intellij.openapi.application.TransactionGuardImpl.runWithWritingAllowed(TransactionGuardImpl.java:209)
	at com.intellij.openapi.application.TransactionGuardImpl.access$100(TransactionGuardImpl.java:22)
	at com.intellij.openapi.application.TransactionGuardImpl$1.run(TransactionGuardImpl.java:191)
	at com.intellij.openapi.application.impl.RwLockHolder.runIntendedWriteActionOnCurrentThread(RwLockHolder.kt:204)
	at com.intellij.openapi.application.impl.ApplicationImpl.runIntendedWriteActionOnCurrentThread(ApplicationImpl.java:830)
	at com.intellij.openapi.application.impl.ApplicationImpl$2.run(ApplicationImpl.java:419)
	at com.intellij.openapi.application.impl.RwLockHolder.runWithEnabledImplicitRead(RwLockHolder.kt:138)
	at com.intellij.openapi.application.impl.RwLockHolder.runWithImplicitRead(RwLockHolder.kt:129)
	at com.intellij.openapi.application.impl.ApplicationImpl.runWithImplicitRead(ApplicationImpl.java:1152)
	at com.intellij.openapi.application.impl.FlushQueue.doRun(FlushQueue.java:81)
	at com.intellij.openapi.application.impl.FlushQueue.runNextEvent(FlushQueue.java:123)
	at com.intellij.openapi.application.impl.FlushQueue.flushNow(FlushQueue.java:43)
	at java.desktop/java.awt.event.InvocationEvent.dispatch(InvocationEvent.java:318)
	at java.desktop/java.awt.EventQueue.dispatchEventImpl(EventQueue.java:792)
	at java.desktop/java.awt.EventQueue$3.run(EventQueue.java:739)
	at java.desktop/java.awt.EventQueue$3.run(EventQueue.java:733)
	at java.base/java.security.AccessController.doPrivileged(AccessController.java:399)
	at java.base/java.security.ProtectionDomain$JavaSecurityAccessImpl.doIntersectionPrivilege(ProtectionDomain.java:86)
	at java.desktop/java.awt.EventQueue.dispatchEvent(EventQueue.java:761)
	at com.intellij.ide.IdeEventQueue.defaultDispatchEvent(IdeEventQueue.kt:698)
	at com.intellij.ide.IdeEventQueue._dispatchEvent$lambda$12(IdeEventQueue.kt:593)
	at com.intellij.openapi.application.impl.RwLockHolder.runWithoutImplicitRead(RwLockHolder.kt:105)
	at com.intellij.ide.IdeEventQueue._dispatchEvent(IdeEventQueue.kt:593)
	at com.intellij.ide.IdeEventQueue.access$_dispatchEvent(IdeEventQueue.kt:77)
	at com.intellij.ide.IdeEventQueue$dispatchEvent$processEventRunnable$1$1$1.compute(IdeEventQueue.kt:362)
	at com.intellij.ide.IdeEventQueue$dispatchEvent$processEventRunnable$1$1$1.compute(IdeEventQueue.kt:361)
	at com.intellij.openapi.progress.impl.CoreProgressManager.computePrioritized(CoreProgressManager.java:843)
	at com.intellij.ide.IdeEventQueue$dispatchEvent$processEventRunnable$1$1.invoke(IdeEventQueue.kt:361)
	at com.intellij.ide.IdeEventQueue$dispatchEvent$processEventRunnable$1$1.invoke(IdeEventQueue.kt:356)
	at com.intellij.ide.IdeEventQueueKt.performActivity$lambda$1(IdeEventQueue.kt:1021)
	at com.intellij.openapi.application.TransactionGuardImpl.performActivity(TransactionGuardImpl.java:106)
	at com.intellij.ide.IdeEventQueueKt.performActivity(IdeEventQueue.kt:1021)
	at com.intellij.ide.IdeEventQueue.dispatchEvent$lambda$7(IdeEventQueue.kt:356)
	at com.intellij.openapi.application.impl.RwLockHolder.runIntendedWriteActionOnCurrentThread(RwLockHolder.kt:209)
	at com.intellij.openapi.application.impl.ApplicationImpl.runIntendedWriteActionOnCurrentThread(ApplicationImpl.java:830)
	at com.intellij.ide.IdeEventQueue.dispatchEvent(IdeEventQueue.kt:398)
	at java.desktop/java.awt.EventDispatchThread.pumpOneEventForFilters(EventDispatchThread.java:207)
	at java.desktop/java.awt.EventDispatchThread.pumpEventsForFilter(EventDispatchThread.java:128)
	at java.desktop/java.awt.EventDispatchThread.pumpEventsForHierarchy(EventDispatchThread.java:117)
	at java.desktop/java.awt.EventDispatchThread.pumpEvents(EventDispatchThread.java:113)
	at java.desktop/java.awt.EventDispatchThread.pumpEvents(EventDispatchThread.java:105)
	at java.desktop/java.awt.EventDispatchThread.run(EventDispatchThread.java:92)
2026-08-20 23:00:04,390 [  60507] SEVERE - #c.i.u.SlowOperations - IntelliJ IDEA 2024.1  Build #IC-241.14494.240
2026-08-20 23:00:04,390 [  60507] SEVERE - #c.i.u.SlowOperations - JDK: 17.0.10; VM: OpenJDK 64-Bit Server VM; Vendor: JetBrains s.r.o.
2026-08-20 23:00:04,390 [  60507] SEVERE - #c.i.u.SlowOperations - OS: Linux
2026-08-20 23:00:04,391 [  60508] SEVERE - #c.i.u.SlowOperations - Last Action: WelcomeScreen.CreateNewProject
2026-08-20 23:00:04,395 [  60512] SEVERE - #c.i.u.SlowOperations - Slow operations are prohibited on EDT. See SlowOperations.assertSlowOperationsAreAllowed javadoc.
java.lang.Throwable: Slow operations are prohibited on EDT. See SlowOperations.assertSlowOperationsAreAllowed javadoc.
	at com.intellij.openapi.diagnostic.Logger.error(Logger.java:376)
	at com.intellij.util.SlowOperations.assertSlowOperationsAreAllowed(SlowOperations.java:106)
	at com.intellij.workspaceModel.core.fileIndex.impl.WorkspaceFileIndexDataImpl.ensureIsUpToDate(WorkspaceFileIndexDataImpl.kt:142)
	at com.intellij.workspaceModel.core.fileIndex.impl.WorkspaceFileIndexDataImpl.getFileInfo(WorkspaceFileIndexDataImpl.kt:87)
	at com.intellij.workspaceModel.core.fileIndex.impl.WorkspaceFileIndexImpl.getFileInfo(WorkspaceFileIndexImpl.kt:245)
	at com.intellij.openapi.roots.impl.ProjectFileIndexImpl.isUnderIgnored(ProjectFileIndexImpl.java:76)
	at com.intellij.openapi.roots.impl.ProjectFileIndexFacade.isUnderIgnored(ProjectFileIndexFacade.java:71)
	at com.intellij.psi.impl.file.impl.FileManagerImpl.isExcludedOrIgnored(FileManagerImpl.java:436)
	at com.intellij.psi.impl.file.impl.FileManagerImpl.findDirectoryImpl(FileManagerImpl.java:422)
	at com.intellij.psi.impl.file.impl.FileManagerImpl.findDirectoryImpl(FileManagerImpl.java:426)
	at com.intellij.psi.impl.file.impl.FileManagerImpl.findDirectory(FileManagerImpl.java:415)
	at com.intellij.psi.impl.PsiManagerImpl.findDirectory(PsiManagerImpl.java:175)
	at com.intellij.psi.AbstractFileViewProvider.shouldCreatePsi(AbstractFileViewProvider.java:89)
	at com.intellij.psi.SingleRootFileViewProvider.createFile(SingleRootFileViewProvider.java:144)
	at com.intellij.psi.SingleRootFileViewProvider.getPsiInner(SingleRootFileViewProvider.java:101)
	at com.intellij.psi.AbstractFileViewProvider.getPsi(AbstractFileViewProvider.java:185)
	at com.intellij.psi.impl.file.impl.FileManagerImpl.findFile(FileManagerImpl.java:377)
	at com.intellij.psi.impl.PsiManagerImpl.findFile(PsiManagerImpl.java:163)
	at com.intellij.ide.projectWizard.generators.AssetsNewProjectWizardStep.reformatCode(AssetsNewProjectWizardStep.kt:97)
	at com.intellij.ide.projectWizard.generators.AssetsNewProjectWizardStep.access$reformatCode(AssetsNewProjectWizardStep.kt:24)
	at com.intellij.ide.projectWizard.generators.AssetsNewProjectWizardStep$setupProject$1$1.invoke(AssetsNewProjectWizardStep.kt:89)
	at com.intellij.ide.projectWizard.generators.AssetsNewProjectWizardStep$setupProject$1$1.invoke(AssetsNewProjectWizardStep.kt:88)
	at com.intellij.ide.wizard.UIWizardUtil.whenProjectCreated$lambda$2$lambda$1(UIWizardUtil.kt:170)
	at com.intellij.util.concurrency.ContextRunnable.run(ContextRunnable.java:27)
	at com.intellij.openapi.application.TransactionGuardImpl.runWithWritingAllowed(TransactionGuardImpl.java:209)
	at com.intellij.openapi.application.TransactionGuardImpl.access$100(TransactionGuardImpl.java:22)
	at com.intellij.openapi.application.TransactionGuardImpl$1.run(TransactionGuardImpl.java:191)
	at com.intellij.openapi.application.impl.RwLockHolder.runIntendedWriteActionOnCurrentThread(RwLockHolder.kt:204)
	at com.intellij.openapi.application.impl.ApplicationImpl.runIntendedWriteActionOnCurrentThread(ApplicationImpl.java:830)
	at com.intellij.openapi.application.impl.ApplicationImpl$2.run(ApplicationImpl.java:419)
	at com.intellij.openapi.application.impl.RwLockHolder.runWithEnabledImplicitRead(RwLockHolder.kt:138)
	at com.intellij.openapi.application.impl.RwLockHolder.runWithImplicitRead(RwLockHolder.kt:129)
	at com.intellij.openapi.application.impl.ApplicationImpl.runWithImplicitRead(ApplicationImpl.java:1152)
	at com.intellij.openapi.application.impl.FlushQueue.doRun(FlushQueue.java:81)
	at com.intellij.openapi.application.impl.FlushQueue.runNextEvent(FlushQueue.java:123)
	at com.intellij.openapi.application.impl.FlushQueue.flushNow(FlushQueue.java:43)
	at java.desktop/java.awt.event.InvocationEvent.dispatch(InvocationEvent.java:318)
	at java.desktop/java.awt.EventQueue.dispatchEventImpl(EventQueue.java:792)
	at java.desktop/java.awt.EventQueue$3.run(EventQueue.java:739)
	at java.desktop/java.awt.EventQueue$3.run(EventQueue.java:733)
	at java.base/java.security.AccessController.doPrivileged(AccessController.java:399)
	at java.base/java.security.ProtectionDomain$JavaSecurityAccessImpl.doIntersectionPrivilege(ProtectionDomain.java:86)
	at java.desktop/java.awt.EventQueue.dispatchEvent(EventQueue.java:761)
	at com.intellij.ide.IdeEventQueue.defaultDispatchEvent(IdeEventQueue.kt:698)
	at com.intellij.ide.IdeEventQueue._dispatchEvent$lambda$12(IdeEventQueue.kt:593)
	at com.intellij.openapi.application.impl.RwLockHolder.runWithoutImplicitRead(RwLockHolder.kt:105)
	at com.intellij.ide.IdeEventQueue._dispatchEvent(IdeEventQueue.kt:593)
	at com.intellij.ide.IdeEventQueue.access$_dispatchEvent(IdeEventQueue.kt:77)
	at com.intellij.ide.IdeEventQueue$dispatchEvent$processEventRunnable$1$1$1.compute(IdeEventQueue.kt:362)
	at com.intellij.ide.IdeEventQueue$dispatchEvent$processEventRunnable$1$1$1.compute(IdeEventQueue.kt:361)
	at com.intellij.openapi.progress.impl.CoreProgressManager.computePrioritized(CoreProgressManager.java:843)
	at com.intellij.ide.IdeEventQueue$dispatchEvent$processEventRunnable$1$1.invoke(IdeEventQueue.kt:361)
	at com.intellij.ide.IdeEventQueue$dispatchEvent$processEventRunnable$1$1.invoke(IdeEventQueue.kt:356)
	at com.intellij.ide.IdeEventQueueKt.performActivity$lambda$1(IdeEventQueue.kt:1021)
	at com.intellij.openapi.application.TransactionGuardImpl.performActivity(TransactionGuardImpl.java:106)
	at com.intellij.ide.IdeEventQueueKt.performActivity(IdeEventQueue.kt:1021)
	at com.intellij.ide.IdeEventQueue.dispatchEvent$lambda$7(IdeEventQueue.kt:356)
	at com.intellij.openapi.application.impl.RwLockHolder.runIntendedWriteActionOnCurrentThread(RwLockHolder.kt:209)
	at com.intellij.openapi.application.impl.ApplicationImpl.runIntendedWriteActionOnCurrentThread(ApplicationImpl.java:830)
	at com.intellij.ide.IdeEventQueue.dispatchEvent(IdeEventQueue.kt:398)
	at java.desktop/java.awt.EventDispatchThread.pumpOneEventForFilters(EventDispatchThread.java:207)
	at java.desktop/java.awt.EventDispatchThread.pumpEventsForFilter(EventDispatchThread.java:128)
	at java.desktop/java.awt.EventDispatchThread.pumpEventsForHierarchy(EventDispatchThread.java:117)
	at java.desktop/java.awt.EventDispatchThread.pumpEvents(EventDispatchThread.java:113)
	at java.desktop/java.awt.EventDispatchThread.pumpEvents(EventDispatchThread.java:105)
	at java.desktop/java.awt.EventDispatchThread.run(EventDispatchThread.java:92)
2026-08-20 23:00:04,402 [  60519] SEVERE - #c.i.u.SlowOperations - IntelliJ IDEA 2024.1  Build #IC-241.14494.240
2026-08-20 23:00:04,402 [  60519] SEVERE - #c.i.u.SlowOperations - JDK: 17.0.10; VM: OpenJDK 64-Bit Server VM; Vendor: JetBrains s.r.o.
2026-08-20 23:00:04,403 [  60520] SEVERE - #c.i.u.SlowOperations - OS: Linux
2026-08-20 23:00:04,404 [  60521] SEVERE - #c.i.u.SlowOperations - Last Action: WelcomeScreen.CreateNewProject
2026-08-20 23:00:04,407 [  60524] SEVERE - #c.i.u.SlowOperations - Slow operations are prohibited on EDT. See SlowOperations.assertSlowOperationsAreAllowed javadoc.
java.lang.Throwable: Slow operations are prohibited on EDT. See SlowOperations.assertSlowOperationsAreAllowed javadoc.
	at com.intellij.openapi.diagnostic.Logger.error(Logger.java:376)
	at com.intellij.util.SlowOperations.assertSlowOperationsAreAllowed(SlowOperations.java:106)
	at com.intellij.workspaceModel.core.fileIndex.impl.WorkspaceFileIndexDataImpl.ensureIsUpToDate(WorkspaceFileIndexDataImpl.kt:142)
	at com.intellij.workspaceModel.core.fileIndex.impl.WorkspaceFileIndexDataImpl.getFileInfo(WorkspaceFileIndexDataImpl.kt:87)
	at com.intellij.workspaceModel.core.fileIndex.impl.WorkspaceFileIndexImpl.getFileInfo(WorkspaceFileIndexImpl.kt:245)
	at com.intellij.openapi.roots.impl.ProjectFileIndexImpl.isUnderIgnored(ProjectFileIndexImpl.java:76)
	at com.intellij.openapi.roots.impl.ProjectFileIndexFacade.isUnderIgnored(ProjectFileIndexFacade.java:71)
	at com.intellij.psi.impl.file.impl.FileManagerImpl.isExcludedOrIgnored(FileManagerImpl.java:436)
	at com.intellij.psi.impl.file.impl.FileManagerImpl.findDirectoryImpl(FileManagerImpl.java:422)
	at com.intellij.psi.impl.file.impl.FileManagerImpl.findDirectoryImpl(FileManagerImpl.java:426)
	at com.intellij.psi.impl.file.impl.FileManagerImpl.findDirectoryImpl(FileManagerImpl.java:426)
	at com.intellij.psi.impl.file.impl.FileManagerImpl.findDirectory(FileManagerImpl.java:415)
	at com.intellij.psi.impl.PsiManagerImpl.findDirectory(PsiManagerImpl.java:175)
	at com.intellij.psi.AbstractFileViewProvider.shouldCreatePsi(AbstractFileViewProvider.java:89)
	at com.intellij.psi.SingleRootFileViewProvider.createFile(SingleRootFileViewProvider.java:144)
	at com.intellij.psi.SingleRootFileViewProvider.getPsiInner(SingleRootFileViewProvider.java:101)
	at com.intellij.psi.AbstractFileViewProvider.getPsi(AbstractFileViewProvider.java:185)
	at com.intellij.psi.impl.file.impl.FileManagerImpl.findFile(FileManagerImpl.java:377)
	at com.intellij.psi.impl.PsiManagerImpl.findFile(PsiManagerImpl.java:163)
	at com.intellij.ide.projectWizard.generators.AssetsNewProjectWizardStep.reformatCode(AssetsNewProjectWizardStep.kt:97)
	at com.intellij.ide.projectWizard.generators.AssetsNewProjectWizardStep.access$reformatCode(AssetsNewProjectWizardStep.kt:24)
	at com.intellij.ide.projectWizard.generators.AssetsNewProjectWizardStep$setupProject$1$1.invoke(AssetsNewProjectWizardStep.kt:89)
	at com.intellij.ide.projectWizard.generators.AssetsNewProjectWizardStep$setupProject$1$1.invoke(AssetsNewProjectWizardStep.kt:88)
	at com.intellij.ide.wizard.UIWizardUtil.whenProjectCreated$lambda$2$lambda$1(UIWizardUtil.kt:170)
	at com.intellij.util.concurrency.ContextRunnable.run(ContextRunnable.java:27)
	at com.intellij.openapi.application.TransactionGuardImpl.runWithWritingAllowed(TransactionGuardImpl.java:209)
	at com.intellij.openapi.application.TransactionGuardImpl.access$100(TransactionGuardImpl.java:22)
	at com.intellij.openapi.application.TransactionGuardImpl$1.run(TransactionGuardImpl.java:191)
	at com.intellij.openapi.application.impl.RwLockHolder.runIntendedWriteActionOnCurrentThread(RwLockHolder.kt:204)
	at com.intellij.openapi.application.impl.ApplicationImpl.runIntendedWriteActionOnCurrentThread(ApplicationImpl.java:830)
	at com.intellij.openapi.application.impl.ApplicationImpl$2.run(ApplicationImpl.java:419)
	at com.intellij.openapi.application.impl.RwLockHolder.runWithEnabledImplicitRead(RwLockHolder.kt:138)
	at com.intellij.openapi.application.impl.RwLockHolder.runWithImplicitRead(RwLockHolder.kt:129)
	at com.intellij.openapi.application.impl.ApplicationImpl.runWithImplicitRead(ApplicationImpl.java:1152)
	at com.intellij.openapi.application.impl.FlushQueue.doRun(FlushQueue.java:81)
	at com.intellij.openapi.application.impl.FlushQueue.runNextEvent(FlushQueue.java:123)
	at com.intellij.openapi.application.impl.FlushQueue.flushNow(FlushQueue.java:43)
	at java.desktop/java.awt.event.InvocationEvent.dispatch(InvocationEvent.java:318)
	at java.desktop/java.awt.EventQueue.dispatchEventImpl(EventQueue.java:792)
	at java.desktop/java.awt.EventQueue$3.run(EventQueue.java:739)
	at java.desktop/java.awt.EventQueue$3.run(EventQueue.java:733)
	at java.base/java.security.AccessController.doPrivileged(AccessController.java:399)
	at java.base/java.security.ProtectionDomain$JavaSecurityAccessImpl.doIntersectionPrivilege(ProtectionDomain.java:86)
	at java.desktop/java.awt.EventQueue.dispatchEvent(EventQueue.java:761)
	at com.intellij.ide.IdeEventQueue.defaultDispatchEvent(IdeEventQueue.kt:698)
	at com.intellij.ide.IdeEventQueue._dispatchEvent$lambda$12(IdeEventQueue.kt:593)
	at com.intellij.openapi.application.impl.RwLockHolder.runWithoutImplicitRead(RwLockHolder.kt:105)
	at com.intellij.ide.IdeEventQueue._dispatchEvent(IdeEventQueue.kt:593)
	at com.intellij.ide.IdeEventQueue.access$_dispatchEvent(IdeEventQueue.kt:77)
	at com.intellij.ide.IdeEventQueue$dispatchEvent$processEventRunnable$1$1$1.compute(IdeEventQueue.kt:362)
	at com.intellij.ide.IdeEventQueue$dispatchEvent$processEventRunnable$1$1$1.compute(IdeEventQueue.kt:361)
	at com.intellij.openapi.progress.impl.CoreProgressManager.computePrioritized(CoreProgressManager.java:843)
	at com.intellij.ide.IdeEventQueue$dispatchEvent$processEventRunnable$1$1.invoke(IdeEventQueue.kt:361)
	at com.intellij.ide.IdeEventQueue$dispatchEvent$processEventRunnable$1$1.invoke(IdeEventQueue.kt:356)
	at com.intellij.ide.IdeEventQueueKt.performActivity$lambda$1(IdeEventQueue.kt:1021)
	at com.intellij.openapi.application.TransactionGuardImpl.performActivity(TransactionGuardImpl.java:106)
	at com.intellij.ide.IdeEventQueueKt.performActivity(IdeEventQueue.kt:1021)
	at com.intellij.ide.IdeEventQueue.dispatchEvent$lambda$7(IdeEventQueue.kt:356)
	at com.intellij.openapi.application.impl.RwLockHolder.runIntendedWriteActionOnCurrentThread(RwLockHolder.kt:209)
	at com.intellij.openapi.application.impl.ApplicationImpl.runIntendedWriteActionOnCurrentThread(ApplicationImpl.java:830)
	at com.intellij.ide.IdeEventQueue.dispatchEvent(IdeEventQueue.kt:398)
	at java.desktop/java.awt.EventDispatchThread.pumpOneEventForFilters(EventDispatchThread.java:207)
	at java.desktop/java.awt.EventDispatchThread.pumpEventsForFilter(EventDispatchThread.java:128)
	at java.desktop/java.awt.EventDispatchThread.pumpEventsForHierarchy(EventDispatchThread.java:117)
	at java.desktop/java.awt.EventDispatchThread.pumpEvents(EventDispatchThread.java:113)
	at java.desktop/java.awt.EventDispatchThread.pumpEvents(EventDispatchThread.java:105)
	at java.desktop/java.awt.EventDispatchThread.run(EventDispatchThread.java:92)
2026-08-20 23:00:04,413 [  60530] SEVERE - #c.i.u.SlowOperations - IntelliJ IDEA 2024.1  Build #IC-241.14494.240
2026-08-20 23:00:04,414 [  60531] SEVERE - #c.i.u.SlowOperations - JDK: 17.0.10; VM: OpenJDK 64-Bit Server VM; Vendor: JetBrains s.r.o.
2026-08-20 23:00:04,414 [  60531] SEVERE - #c.i.u.SlowOperations - OS: Linux
2026-08-20 23:00:04,415 [  60532] SEVERE - #c.i.u.SlowOperations - Last Action: WelcomeScreen.CreateNewProject
2026-08-20 23:00:04,419 [  60536] SEVERE - #c.i.u.SlowOperations - Slow operations are prohibited on EDT. See SlowOperations.assertSlowOperationsAreAllowed javadoc.
java.lang.Throwable: Slow operations are prohibited on EDT. See SlowOperations.assertSlowOperationsAreAllowed javadoc.
	at com.intellij.openapi.diagnostic.Logger.error(Logger.java:376)
	at com.intellij.util.SlowOperations.assertSlowOperationsAreAllowed(SlowOperations.java:106)
	at com.intellij.workspaceModel.core.fileIndex.impl.WorkspaceFileIndexDataImpl.ensureIsUpToDate(WorkspaceFileIndexDataImpl.kt:142)
	at com.intellij.workspaceModel.core.fileIndex.impl.WorkspaceFileIndexDataImpl.getFileInfo(WorkspaceFileIndexDataImpl.kt:87)
	at com.intellij.workspaceModel.core.fileIndex.impl.WorkspaceFileIndexImpl.getFileInfo(WorkspaceFileIndexImpl.kt:245)
	at com.intellij.openapi.roots.impl.ProjectFileIndexImpl.isUnderIgnored(ProjectFileIndexImpl.java:76)
	at com.intellij.openapi.roots.impl.ProjectFileIndexFacade.isUnderIgnored(ProjectFileIndexFacade.java:71)
	at com.intellij.psi.impl.file.impl.FileManagerImpl.isExcludedOrIgnored(FileManagerImpl.java:436)
	at com.intellij.psi.impl.file.impl.FileManagerImpl.findDirectoryImpl(FileManagerImpl.java:422)
	at com.intellij.psi.impl.file.impl.FileManagerImpl.findDirectoryImpl(FileManagerImpl.java:426)
	at com.intellij.psi.impl.file.impl.FileManagerImpl.findDirectoryImpl(FileManagerImpl.java:426)
	at com.intellij.psi.impl.file.impl.FileManagerImpl.findDirectoryImpl(FileManagerImpl.java:426)
	at com.intellij.psi.impl.file.impl.FileManagerImpl.findDirectory(FileManagerImpl.java:415)
	at com.intellij.psi.impl.PsiManagerImpl.findDirectory(PsiManagerImpl.java:175)
	at com.intellij.psi.AbstractFileViewProvider.shouldCreatePsi(AbstractFileViewProvider.java:89)
	at com.intellij.psi.SingleRootFileViewProvider.createFile(SingleRootFileViewProvider.java:144)
	at com.intellij.psi.SingleRootFileViewProvider.getPsiInner(SingleRootFileViewProvider.java:101)
	at com.intellij.psi.AbstractFileViewProvider.getPsi(AbstractFileViewProvider.java:185)
	at com.intellij.psi.impl.file.impl.FileManagerImpl.findFile(FileManagerImpl.java:377)
	at com.intellij.psi.impl.PsiManagerImpl.findFile(PsiManagerImpl.java:163)
	at com.intellij.ide.projectWizard.generators.AssetsNewProjectWizardStep.reformatCode(AssetsNewProjectWizardStep.kt:97)
	at com.intellij.ide.projectWizard.generators.AssetsNewProjectWizardStep.access$reformatCode(AssetsNewProjectWizardStep.kt:24)
	at com.intellij.ide.projectWizard.generators.AssetsNewProjectWizardStep$setupProject$1$1.invoke(AssetsNewProjectWizardStep.kt:89)
	at com.intellij.ide.projectWizard.generators.AssetsNewProjectWizardStep$setupProject$1$1.invoke(AssetsNewProjectWizardStep.kt:88)
	at com.intellij.ide.wizard.UIWizardUtil.whenProjectCreated$lambda$2$lambda$1(UIWizardUtil.kt:170)
	at com.intellij.util.concurrency.ContextRunnable.run(ContextRunnable.java:27)
	at com.intellij.openapi.application.TransactionGuardImpl.runWithWritingAllowed(TransactionGuardImpl.java:209)
	at com.intellij.openapi.application.TransactionGuardImpl.access$100(TransactionGuardImpl.java:22)
	at com.intellij.openapi.application.TransactionGuardImpl$1.run(TransactionGuardImpl.java:191)
	at com.intellij.openapi.application.impl.RwLockHolder.runIntendedWriteActionOnCurrentThread(RwLockHolder.kt:204)
	at com.intellij.openapi.application.impl.ApplicationImpl.runIntendedWriteActionOnCurrentThread(ApplicationImpl.java:830)
	at com.intellij.openapi.application.impl.ApplicationImpl$2.run(ApplicationImpl.java:419)
	at com.intellij.openapi.application.impl.RwLockHolder.runWithEnabledImplicitRead(RwLockHolder.kt:138)
	at com.intellij.openapi.application.impl.RwLockHolder.runWithImplicitRead(RwLockHolder.kt:129)
	at com.intellij.openapi.application.impl.ApplicationImpl.runWithImplicitRead(ApplicationImpl.java:1152)
	at com.intellij.openapi.application.impl.FlushQueue.doRun(FlushQueue.java:81)
	at com.intellij.openapi.application.impl.FlushQueue.runNextEvent(FlushQueue.java:123)
	at com.intellij.openapi.application.impl.FlushQueue.flushNow(FlushQueue.java:43)
	at java.desktop/java.awt.event.InvocationEvent.dispatch(InvocationEvent.java:318)
	at java.desktop/java.awt.EventQueue.dispatchEventImpl(EventQueue.java:792)
	at java.desktop/java.awt.EventQueue$3.run(EventQueue.java:739)
	at java.desktop/java.awt.EventQueue$3.run(EventQueue.java:733)
	at java.base/java.security.AccessController.doPrivileged(AccessController.java:399)
	at java.base/java.security.ProtectionDomain$JavaSecurityAccessImpl.doIntersectionPrivilege(ProtectionDomain.java:86)
	at java.desktop/java.awt.EventQueue.dispatchEvent(EventQueue.java:761)
	at com.intellij.ide.IdeEventQueue.defaultDispatchEvent(IdeEventQueue.kt:698)
	at com.intellij.ide.IdeEventQueue._dispatchEvent$lambda$12(IdeEventQueue.kt:593)
	at com.intellij.openapi.application.impl.RwLockHolder.runWithoutImplicitRead(RwLockHolder.kt:105)
	at com.intellij.ide.IdeEventQueue._dispatchEvent(IdeEventQueue.kt:593)
	at com.intellij.ide.IdeEventQueue.access$_dispatchEvent(IdeEventQueue.kt:77)
	at com.intellij.ide.IdeEventQueue$dispatchEvent$processEventRunnable$1$1$1.compute(IdeEventQueue.kt:362)
	at com.intellij.ide.IdeEventQueue$dispatchEvent$processEventRunnable$1$1$1.compute(IdeEventQueue.kt:361)
	at com.intellij.openapi.progress.impl.CoreProgressManager.computePrioritized(CoreProgressManager.java:843)
	at com.intellij.ide.IdeEventQueue$dispatchEvent$processEventRunnable$1$1.invoke(IdeEventQueue.kt:361)
	at com.intellij.ide.IdeEventQueue$dispatchEvent$processEventRunnable$1$1.invoke(IdeEventQueue.kt:356)
	at com.intellij.ide.IdeEventQueueKt.performActivity$lambda$1(IdeEventQueue.kt:1021)
	at com.intellij.openapi.application.TransactionGuardImpl.performActivity(TransactionGuardImpl.java:106)
	at com.intellij.ide.IdeEventQueueKt.performActivity(IdeEventQueue.kt:1021)
	at com.intellij.ide.IdeEventQueue.dispatchEvent$lambda$7(IdeEventQueue.kt:356)
	at com.intellij.openapi.application.impl.RwLockHolder.runIntendedWriteActionOnCurrentThread(RwLockHolder.kt:209)
	at com.intellij.openapi.application.impl.ApplicationImpl.runIntendedWriteActionOnCurrentThread(ApplicationImpl.java:830)
	at com.intellij.ide.IdeEventQueue.dispatchEvent(IdeEventQueue.kt:398)
	at java.desktop/java.awt.EventDispatchThread.pumpOneEventForFilters(EventDispatchThread.java:207)
	at java.desktop/java.awt.EventDispatchThread.pumpEventsForFilter(EventDispatchThread.java:128)
	at java.desktop/java.awt.EventDispatchThread.pumpEventsForHierarchy(EventDispatchThread.java:117)
	at java.desktop/java.awt.EventDispatchThread.pumpEvents(EventDispatchThread.java:113)
	at java.desktop/java.awt.EventDispatchThread.pumpEvents(EventDispatchThread.java:105)
	at java.desktop/java.awt.EventDispatchThread.run(EventDispatchThread.java:92)
2026-08-20 23:00:04,425 [  60542] SEVERE - #c.i.u.SlowOperations - IntelliJ IDEA 2024.1  Build #IC-241.14494.240
2026-08-20 23:00:04,426 [  60543] SEVERE - #c.i.u.SlowOperations - JDK: 17.0.10; VM: OpenJDK 64-Bit Server VM; Vendor: JetBrains s.r.o.
2026-08-20 23:00:04,426 [  60543] SEVERE - #c.i.u.SlowOperations - OS: Linux
2026-08-20 23:00:04,427 [  60544] SEVERE - #c.i.u.SlowOperations - Last Action: WelcomeScreen.CreateNewProject
2026-08-20 23:00:04,431 [  60548] SEVERE - #c.i.u.SlowOperations - Slow operations are prohibited on EDT. See SlowOperations.assertSlowOperationsAreAllowed javadoc.
java.lang.Throwable: Slow operations are prohibited on EDT. See SlowOperations.assertSlowOperationsAreAllowed javadoc.
	at com.intellij.openapi.diagnostic.Logger.error(Logger.java:376)
	at com.intellij.util.SlowOperations.assertSlowOperationsAreAllowed(SlowOperations.java:106)
	at com.intellij.workspaceModel.core.fileIndex.impl.WorkspaceFileIndexDataImpl.ensureIsUpToDate(WorkspaceFileIndexDataImpl.kt:142)
	at com.intellij.workspaceModel.core.fileIndex.impl.WorkspaceFileIndexDataImpl.getFileInfo(WorkspaceFileIndexDataImpl.kt:87)
	at com.intellij.workspaceModel.core.fileIndex.impl.WorkspaceFileIndexImpl.getFileInfo(WorkspaceFileIndexImpl.kt:245)
	at com.intellij.openapi.roots.impl.ProjectFileIndexImpl.isUnderIgnored(ProjectFileIndexImpl.java:76)
	at com.intellij.openapi.roots.impl.ProjectFileIndexFacade.isUnderIgnored(ProjectFileIndexFacade.java:71)
	at com.intellij.psi.impl.file.impl.FileManagerImpl.isExcludedOrIgnored(FileManagerImpl.java:436)
	at com.intellij.psi.impl.file.impl.FileManagerImpl.findDirectoryImpl(FileManagerImpl.java:422)
	at com.intellij.psi.impl.file.impl.FileManagerImpl.findDirectoryImpl(FileManagerImpl.java:426)
	at com.intellij.psi.impl.file.impl.FileManagerImpl.findDirectoryImpl(FileManagerImpl.java:426)
	at com.intellij.psi.impl.file.impl.FileManagerImpl.findDirectoryImpl(FileManagerImpl.java:426)
	at com.intellij.psi.impl.file.impl.FileManagerImpl.findDirectoryImpl(FileManagerImpl.java:426)
	at com.intellij.psi.impl.file.impl.FileManagerImpl.findDirectory(FileManagerImpl.java:415)
	at com.intellij.psi.impl.PsiManagerImpl.findDirectory(PsiManagerImpl.java:175)
	at com.intellij.psi.AbstractFileViewProvider.shouldCreatePsi(AbstractFileViewProvider.java:89)
	at com.intellij.psi.SingleRootFileViewProvider.createFile(SingleRootFileViewProvider.java:144)
	at com.intellij.psi.SingleRootFileViewProvider.getPsiInner(SingleRootFileViewProvider.java:101)
	at com.intellij.psi.AbstractFileViewProvider.getPsi(AbstractFileViewProvider.java:185)
	at com.intellij.psi.impl.file.impl.FileManagerImpl.findFile(FileManagerImpl.java:377)
	at com.intellij.psi.impl.PsiManagerImpl.findFile(PsiManagerImpl.java:163)
	at com.intellij.ide.projectWizard.generators.AssetsNewProjectWizardStep.reformatCode(AssetsNewProjectWizardStep.kt:97)
	at com.intellij.ide.projectWizard.generators.AssetsNewProjectWizardStep.access$reformatCode(AssetsNewProjectWizardStep.kt:24)
	at com.intellij.ide.projectWizard.generators.AssetsNewProjectWizardStep$setupProject$1$1.invoke(AssetsNewProjectWizardStep.kt:89)
	at com.intellij.ide.projectWizard.generators.AssetsNewProjectWizardStep$setupProject$1$1.invoke(AssetsNewProjectWizardStep.kt:88)
	at com.intellij.ide.wizard.UIWizardUtil.whenProjectCreated$lambda$2$lambda$1(UIWizardUtil.kt:170)
	at com.intellij.util.concurrency.ContextRunnable.run(ContextRunnable.java:27)
	at com.intellij.openapi.application.TransactionGuardImpl.runWithWritingAllowed(TransactionGuardImpl.java:209)
	at com.intellij.openapi.application.TransactionGuardImpl.access$100(TransactionGuardImpl.java:22)
	at com.intellij.openapi.application.TransactionGuardImpl$1.run(TransactionGuardImpl.java:191)
	at com.intellij.openapi.application.impl.RwLockHolder.runIntendedWriteActionOnCurrentThread(RwLockHolder.kt:204)
	at com.intellij.openapi.application.impl.ApplicationImpl.runIntendedWriteActionOnCurrentThread(ApplicationImpl.java:830)
	at com.intellij.openapi.application.impl.ApplicationImpl$2.run(ApplicationImpl.java:419)
	at com.intellij.openapi.application.impl.RwLockHolder.runWithEnabledImplicitRead(RwLockHolder.kt:138)
	at com.intellij.openapi.application.impl.RwLockHolder.runWithImplicitRead(RwLockHolder.kt:129)
	at com.intellij.openapi.application.impl.ApplicationImpl.runWithImplicitRead(ApplicationImpl.java:1152)
	at com.intellij.openapi.application.impl.FlushQueue.doRun(FlushQueue.java:81)
	at com.intellij.openapi.application.impl.FlushQueue.runNextEvent(FlushQueue.java:123)
	at com.intellij.openapi.application.impl.FlushQueue.flushNow(FlushQueue.java:43)
	at java.desktop/java.awt.event.InvocationEvent.dispatch(InvocationEvent.java:318)
	at java.desktop/java.awt.EventQueue.dispatchEventImpl(EventQueue.java:792)
	at java.desktop/java.awt.EventQueue$3.run(EventQueue.java:739)
	at java.desktop/java.awt.EventQueue$3.run(EventQueue.java:733)
	at java.base/java.security.AccessController.doPrivileged(AccessController.java:399)
	at java.base/java.security.ProtectionDomain$JavaSecurityAccessImpl.doIntersectionPrivilege(ProtectionDomain.java:86)
	at java.desktop/java.awt.EventQueue.dispatchEvent(EventQueue.java:761)
	at com.intellij.ide.IdeEventQueue.defaultDispatchEvent(IdeEventQueue.kt:698)
	at com.intellij.ide.IdeEventQueue._dispatchEvent$lambda$12(IdeEventQueue.kt:593)
	at com.intellij.openapi.application.impl.RwLockHolder.runWithoutImplicitRead(RwLockHolder.kt:105)
	at com.intellij.ide.IdeEventQueue._dispatchEvent(IdeEventQueue.kt:593)
	at com.intellij.ide.IdeEventQueue.access$_dispatchEvent(IdeEventQueue.kt:77)
	at com.intellij.ide.IdeEventQueue$dispatchEvent$processEventRunnable$1$1$1.compute(IdeEventQueue.kt:362)
	at com.intellij.ide.IdeEventQueue$dispatchEvent$processEventRunnable$1$1$1.compute(IdeEventQueue.kt:361)
	at com.intellij.openapi.progress.impl.CoreProgressManager.computePrioritized(CoreProgressManager.java:843)
	at com.intellij.ide.IdeEventQueue$dispatchEvent$processEventRunnable$1$1.invoke(IdeEventQueue.kt:361)
	at com.intellij.ide.IdeEventQueue$dispatchEvent$processEventRunnable$1$1.invoke(IdeEventQueue.kt:356)
	at com.intellij.ide.IdeEventQueueKt.performActivity$lambda$1(IdeEventQueue.kt:1021)
	at com.intellij.openapi.application.TransactionGuardImpl.performActivity(TransactionGuardImpl.java:106)
	at com.intellij.ide.IdeEventQueueKt.performActivity(IdeEventQueue.kt:1021)
	at com.intellij.ide.IdeEventQueue.dispatchEvent$lambda$7(IdeEventQueue.kt:356)
	at com.intellij.openapi.application.impl.RwLockHolder.runIntendedWriteActionOnCurrentThread(RwLockHolder.kt:209)
	at com.intellij.openapi.application.impl.ApplicationImpl.runIntendedWriteActionOnCurrentThread(ApplicationImpl.java:830)
	at com.intellij.ide.IdeEventQueue.dispatchEvent(IdeEventQueue.kt:398)
	at java.desktop/java.awt.EventDispatchThread.pumpOneEventForFilters(EventDispatchThread.java:207)
	at java.desktop/java.awt.EventDispatchThread.pumpEventsForFilter(EventDispatchThread.java:128)
	at java.desktop/java.awt.EventDispatchThread.pumpEventsForHierarchy(EventDispatchThread.java:117)
	at java.desktop/java.awt.EventDispatchThread.pumpEvents(EventDispatchThread.java:113)
	at java.desktop/java.awt.EventDispatchThread.pumpEvents(EventDispatchThread.java:105)
	at java.desktop/java.awt.EventDispatchThread.run(EventDispatchThread.java:92)
2026-08-20 23:00:04,439 [  60556] SEVERE - #c.i.u.SlowOperations - IntelliJ IDEA 2024.1  Build #IC-241.14494.240
2026-08-20 23:00:04,440 [  60557] SEVERE - #c.i.u.SlowOperations - JDK: 17.0.10; VM: OpenJDK 64-Bit Server VM; Vendor: JetBrains s.r.o.
2026-08-20 23:00:04,440 [  60557] SEVERE - #c.i.u.SlowOperations - OS: Linux
2026-08-20 23:00:04,441 [  60558] SEVERE - #c.i.u.SlowOperations - Last Action: WelcomeScreen.CreateNewProject
2026-08-20 23:00:04,507 [  60624]   INFO - #c.i.o.a.i.ActionUpdater - 2879 ms to grab EDT for DockerComposeRunAction#presentation@NavBarToolbar (com.olezelelabs.dockerrunner.DockerComposeRunAction)
2026-08-20 23:00:04,542 [  60659]   INFO - #c.i.o.a.i.ActionUpdater - 932 ms to grab EDT for ToolWindowHeader$2#children@ToolwindowTitle (com.intellij.toolWindow.ToolWindowHeader$2)
2026-08-20 23:00:05,035 [  61152]   INFO - #c.i.o.a.i.ActionUpdater - 467 ms to grab EDT for DockToolWindowAction#presentation@ToolwindowTitle (com.intellij.openapi.wm.impl.DockToolWindowAction)
2026-08-20 23:00:05,035 [  61152]   INFO - #c.i.o.a.i.ActionUpdater - 446 ms to grab EDT for ExpandAllAction#presentation@ToolwindowTitle (com.intellij.ide.actions.ExpandAllAction)
2026-08-20 23:00:05,039 [  61156]   INFO - #c.i.o.a.i.ActionUpdater - 446 ms to grab EDT for CollapseAllAction#presentation@ToolwindowTitle (com.intellij.ide.actions.CollapseAllAction)
2026-08-20 23:00:05,127 [  61244] SEVERE - #c.i.u.SlowOperations - Slow operations are prohibited on EDT. See SlowOperations.assertSlowOperationsAreAllowed javadoc.
java.lang.Throwable: Slow operations are prohibited on EDT. See SlowOperations.assertSlowOperationsAreAllowed javadoc.
	at com.intellij.openapi.diagnostic.Logger.error(Logger.java:376)
	at com.intellij.util.SlowOperations.assertSlowOperationsAreAllowed(SlowOperations.java:106)
	at com.intellij.workspaceModel.core.fileIndex.impl.WorkspaceFileIndexDataImpl.ensureIsUpToDate(WorkspaceFileIndexDataImpl.kt:142)
	at com.intellij.workspaceModel.core.fileIndex.impl.WorkspaceFileIndexDataImpl.getFileInfo(WorkspaceFileIndexDataImpl.kt:87)
	at com.intellij.workspaceModel.core.fileIndex.impl.WorkspaceFileIndexImpl.getFileInfo(WorkspaceFileIndexImpl.kt:245)
	at com.intellij.workspaceModel.core.fileIndex.impl.WorkspaceFileIndexImpl.findFileSet(WorkspaceFileIndexImpl.kt:201)
	at com.intellij.workspaceModel.core.fileIndex.impl.WorkspaceFileIndexImpl.isInContent(WorkspaceFileIndexImpl.kt:67)
	at com.intellij.openapi.roots.impl.ProjectFileIndexImpl.isInContent(ProjectFileIndexImpl.java:209)
	at com.intellij.openapi.fileEditor.impl.NonProjectFileWritingAccessProvider.isProjectFile(NonProjectFileWritingAccessProvider.java:136)
	at com.intellij.openapi.fileEditor.impl.NonProjectFileWritingAccessProvider.isWriteAccessAllowed(NonProjectFileWritingAccessProvider.java:122)
	at com.intellij.openapi.fileEditor.impl.NonProjectFileWritingAccessProvider.requestWriting(NonProjectFileWritingAccessProvider.java:66)
	at com.intellij.openapi.vfs.ReadonlyStatusHandlerBase.lambda$ensureFilesWritable$2(ReadonlyStatusHandlerBase.java:95)
	at com.intellij.openapi.extensions.ProjectExtensionPointName.computeSafeIfAny(ProjectExtensionPointName.kt:42)
	at com.intellij.openapi.vfs.ReadonlyStatusHandlerBase.ensureFilesWritable(ReadonlyStatusHandlerBase.java:91)
	at com.intellij.codeInsight.actions.AbstractLayoutCodeProcessor$ProcessingTask.lambda$process$9(AbstractLayoutCodeProcessor.java:515)
	at com.intellij.util.concurrency.ContextRunnable.run(ContextRunnable.java:27)
	at com.intellij.openapi.application.TransactionGuardImpl.runWithWritingAllowed(TransactionGuardImpl.java:209)
	at com.intellij.openapi.application.TransactionGuardImpl.access$100(TransactionGuardImpl.java:22)
	at com.intellij.openapi.application.TransactionGuardImpl$1.run(TransactionGuardImpl.java:191)
	at com.intellij.openapi.application.impl.RwLockHolder.runIntendedWriteActionOnCurrentThread(RwLockHolder.kt:204)
	at com.intellij.openapi.application.impl.ApplicationImpl.runIntendedWriteActionOnCurrentThread(ApplicationImpl.java:830)
	at com.intellij.openapi.application.impl.ApplicationImpl$2.run(ApplicationImpl.java:419)
	at com.intellij.openapi.application.impl.LaterInvocator$1.run(LaterInvocator.java:101)
	at com.intellij.openapi.application.impl.RwLockHolder.runWithEnabledImplicitRead(RwLockHolder.kt:138)
	at com.intellij.openapi.application.impl.RwLockHolder.runWithImplicitRead(RwLockHolder.kt:129)
	at com.intellij.openapi.application.impl.ApplicationImpl.runWithImplicitRead(ApplicationImpl.java:1152)
	at com.intellij.openapi.application.impl.FlushQueue.doRun(FlushQueue.java:81)
	at com.intellij.openapi.application.impl.FlushQueue.runNextEvent(FlushQueue.java:123)
	at com.intellij.openapi.application.impl.FlushQueue.flushNow(FlushQueue.java:43)
	at java.desktop/java.awt.event.InvocationEvent.dispatch(InvocationEvent.java:318)
	at java.desktop/java.awt.EventQueue.dispatchEventImpl(EventQueue.java:792)
	at java.desktop/java.awt.EventQueue$3.run(EventQueue.java:739)
	at java.desktop/java.awt.EventQueue$3.run(EventQueue.java:733)
	at java.base/java.security.AccessController.doPrivileged(AccessController.java:399)
	at java.base/java.security.ProtectionDomain$JavaSecurityAccessImpl.doIntersectionPrivilege(ProtectionDomain.java:86)
	at java.desktop/java.awt.EventQueue.dispatchEvent(EventQueue.java:761)
	at com.intellij.ide.IdeEventQueue.defaultDispatchEvent(IdeEventQueue.kt:698)
	at com.intellij.ide.IdeEventQueue._dispatchEvent$lambda$12(IdeEventQueue.kt:593)
	at com.intellij.openapi.application.impl.RwLockHolder.runWithoutImplicitRead(RwLockHolder.kt:105)
	at com.intellij.ide.IdeEventQueue._dispatchEvent(IdeEventQueue.kt:593)
	at com.intellij.ide.IdeEventQueue.access$_dispatchEvent(IdeEventQueue.kt:77)
	at com.intellij.ide.IdeEventQueue$dispatchEvent$processEventRunnable$1$1$1.compute(IdeEventQueue.kt:362)
	at com.intellij.ide.IdeEventQueue$dispatchEvent$processEventRunnable$1$1$1.compute(IdeEventQueue.kt:361)
	at com.intellij.openapi.progress.impl.CoreProgressManager.computePrioritized(CoreProgressManager.java:843)
	at com.intellij.ide.IdeEventQueue$dispatchEvent$processEventRunnable$1$1.invoke(IdeEventQueue.kt:361)
	at com.intellij.ide.IdeEventQueue$dispatchEvent$processEventRunnable$1$1.invoke(IdeEventQueue.kt:356)
	at com.intellij.ide.IdeEventQueueKt.performActivity$lambda$1(IdeEventQueue.kt:1021)
	at com.intellij.openapi.application.TransactionGuardImpl.performActivity(TransactionGuardImpl.java:114)
	at com.intellij.ide.IdeEventQueueKt.performActivity(IdeEventQueue.kt:1021)
	at com.intellij.ide.IdeEventQueue.dispatchEvent$lambda$7(IdeEventQueue.kt:356)
	at com.intellij.openapi.application.impl.RwLockHolder.runIntendedWriteActionOnCurrentThread(RwLockHolder.kt:209)
	at com.intellij.openapi.application.impl.ApplicationImpl.runIntendedWriteActionOnCurrentThread(ApplicationImpl.java:830)
	at com.intellij.ide.IdeEventQueue.dispatchEvent(IdeEventQueue.kt:398)
	at com.intellij.ide.IdeEventQueue.pumpEventsForHierarchy(IdeEventQueue.kt:734)
	at com.intellij.openapi.progress.util.ProgressWindow.lambda$startBlocking$4(ProgressWindow.java:231)
	at com.intellij.openapi.application.impl.RwLockHolder.runUnlockingIntendedWrite(RwLockHolder.kt:223)
	at com.intellij.openapi.application.impl.ApplicationImpl.runUnlockingIntendedWrite(ApplicationImpl.java:835)
	at com.intellij.openapi.progress.util.ProgressWindow.lambda$startBlocking$5(ProgressWindow.java:226)
	at com.intellij.openapi.progress.util.ProgressWindow.executeInModalContext(ProgressWindow.java:207)
	at com.intellij.openapi.progress.util.ProgressWindow.startBlocking(ProgressWindow.java:224)
	at com.intellij.openapi.progress.impl.ProgressRunner.lambda$execFromEDT$7(ProgressRunner.java:316)
	at java.base/java.util.concurrent.CompletableFuture.uniAcceptNow(CompletableFuture.java:757)
	at java.base/java.util.concurrent.CompletableFuture.uniAcceptStage(CompletableFuture.java:735)
	at java.base/java.util.concurrent.CompletableFuture.thenAccept(CompletableFuture.java:2182)
	at com.intellij.openapi.progress.impl.ProgressRunner.execFromEDT(ProgressRunner.java:313)
	at com.intellij.openapi.progress.impl.ProgressRunner.submit(ProgressRunner.java:253)
	at com.intellij.openapi.progress.impl.ProgressRunner.submitAndGet(ProgressRunner.java:194)
	at com.intellij.openapi.application.impl.ApplicationImpl.runProcessWithProgressSynchronously(ApplicationImpl.java:385)
	at com.intellij.openapi.progress.impl.CoreProgressManager.runProcessWithProgressSynchronously(CoreProgressManager.java:578)
	at com.intellij.openapi.progress.impl.ProgressManagerImpl.runProcessWithProgressSynchronously(ProgressManagerImpl.java:104)
	at com.intellij.openapi.progress.impl.CoreProgressManager.runProcessWithProgressSynchronously(CoreProgressManager.java:295)
	at com.intellij.codeInsight.actions.AbstractLayoutCodeProcessor.runProcessFiles(AbstractLayoutCodeProcessor.java:314)
	at com.intellij.codeInsight.actions.AbstractLayoutCodeProcessor.run(AbstractLayoutCodeProcessor.java:225)
	at com.intellij.ide.projectWizard.generators.AssetsNewProjectWizardStep.reformatCode(AssetsNewProjectWizardStep.kt:99)
	at com.intellij.ide.projectWizard.generators.AssetsNewProjectWizardStep.access$reformatCode(AssetsNewProjectWizardStep.kt:24)
	at com.intellij.ide.projectWizard.generators.AssetsNewProjectWizardStep$setupProject$1$1.invoke(AssetsNewProjectWizardStep.kt:89)
	at com.intellij.ide.projectWizard.generators.AssetsNewProjectWizardStep$setupProject$1$1.invoke(AssetsNewProjectWizardStep.kt:88)
	at com.intellij.ide.wizard.UIWizardUtil.whenProjectCreated$lambda$2$lambda$1(UIWizardUtil.kt:170)
	at com.intellij.util.concurrency.ContextRunnable.run(ContextRunnable.java:27)
	at com.intellij.openapi.application.TransactionGuardImpl.runWithWritingAllowed(TransactionGuardImpl.java:209)
	at com.intellij.openapi.application.TransactionGuardImpl.access$100(TransactionGuardImpl.java:22)
	at com.intellij.openapi.application.TransactionGuardImpl$1.run(TransactionGuardImpl.java:191)
	at com.intellij.openapi.application.impl.RwLockHolder.runIntendedWriteActionOnCurrentThread(RwLockHolder.kt:204)
	at com.intellij.openapi.application.impl.ApplicationImpl.runIntendedWriteActionOnCurrentThread(ApplicationImpl.java:830)
	at com.intellij.openapi.application.impl.ApplicationImpl$2.run(ApplicationImpl.java:419)
	at com.intellij.openapi.application.impl.RwLockHolder.runWithEnabledImplicitRead(RwLockHolder.kt:138)
	at com.intellij.openapi.application.impl.RwLockHolder.runWithImplicitRead(RwLockHolder.kt:129)
	at com.intellij.openapi.application.impl.ApplicationImpl.runWithImplicitRead(ApplicationImpl.java:1152)
	at com.intellij.openapi.application.impl.FlushQueue.doRun(FlushQueue.java:81)
	at com.intellij.openapi.application.impl.FlushQueue.runNextEvent(FlushQueue.java:123)
	at com.intellij.openapi.application.impl.FlushQueue.flushNow(FlushQueue.java:43)
	at java.desktop/java.awt.event.InvocationEvent.dispatch(InvocationEvent.java:318)
	at java.desktop/java.awt.EventQueue.dispatchEventImpl(EventQueue.java:792)
	at java.desktop/java.awt.EventQueue$3.run(EventQueue.java:739)
	at java.desktop/java.awt.EventQueue$3.run(EventQueue.java:733)
	at java.base/java.security.AccessController.doPrivileged(AccessController.java:399)
	at java.base/java.security.ProtectionDomain$JavaSecurityAccessImpl.doIntersectionPrivilege(ProtectionDomain.java:86)
	at java.desktop/java.awt.EventQueue.dispatchEvent(EventQueue.java:761)
	at com.intellij.ide.IdeEventQueue.defaultDispatchEvent(IdeEventQueue.kt:698)
	at com.intellij.ide.IdeEventQueue._dispatchEvent$lambda$12(IdeEventQueue.kt:593)
	at com.intellij.openapi.application.impl.RwLockHolder.runWithoutImplicitRead(RwLockHolder.kt:105)
	at com.intellij.ide.IdeEventQueue._dispatchEvent(IdeEventQueue.kt:593)
	at com.intellij.ide.IdeEventQueue.access$_dispatchEvent(IdeEventQueue.kt:77)
	at com.intellij.ide.IdeEventQueue$dispatchEvent$processEventRunnable$1$1$1.compute(IdeEventQueue.kt:362)
	at com.intellij.ide.IdeEventQueue$dispatchEvent$processEventRunnable$1$1$1.compute(IdeEventQueue.kt:361)
	at com.intellij.openapi.progress.impl.CoreProgressManager.computePrioritized(CoreProgressManager.java:843)
	at com.intellij.ide.IdeEventQueue$dispatchEvent$processEventRunnable$1$1.invoke(IdeEventQueue.kt:361)
	at com.intellij.ide.IdeEventQueue$dispatchEvent$processEventRunnable$1$1.invoke(IdeEventQueue.kt:356)
	at com.intellij.ide.IdeEventQueueKt.performActivity$lambda$1(IdeEventQueue.kt:1021)
	at com.intellij.openapi.application.TransactionGuardImpl.performActivity(TransactionGuardImpl.java:106)
	at com.intellij.ide.IdeEventQueueKt.performActivity(IdeEventQueue.kt:1021)
	at com.intellij.ide.IdeEventQueue.dispatchEvent$lambda$7(IdeEventQueue.kt:356)
	at com.intellij.openapi.application.impl.RwLockHolder.runIntendedWriteActionOnCurrentThread(RwLockHolder.kt:209)
	at com.intellij.openapi.application.impl.ApplicationImpl.runIntendedWriteActionOnCurrentThread(ApplicationImpl.java:830)
	at com.intellij.ide.IdeEventQueue.dispatchEvent(IdeEventQueue.kt:398)
	at java.desktop/java.awt.EventDispatchThread.pumpOneEventForFilters(EventDispatchThread.java:207)
	at java.desktop/java.awt.EventDispatchThread.pumpEventsForFilter(EventDispatchThread.java:128)
	at java.desktop/java.awt.EventDispatchThread.pumpEventsForHierarchy(EventDispatchThread.java:117)
	at java.desktop/java.awt.EventDispatchThread.pumpEvents(EventDispatchThread.java:113)
	at java.desktop/java.awt.EventDispatchThread.pumpEvents(EventDispatchThread.java:105)
	at java.desktop/java.awt.EventDispatchThread.run(EventDispatchThread.java:92)
2026-08-20 23:00:05,136 [  61253] SEVERE - #c.i.u.SlowOperations - IntelliJ IDEA 2024.1  Build #IC-241.14494.240
2026-08-20 23:00:05,136 [  61253] SEVERE - #c.i.u.SlowOperations - JDK: 17.0.10; VM: OpenJDK 64-Bit Server VM; Vendor: JetBrains s.r.o.
2026-08-20 23:00:05,137 [  61254] SEVERE - #c.i.u.SlowOperations - OS: Linux
2026-08-20 23:00:05,138 [  61255] SEVERE - #c.i.u.SlowOperations - Last Action: WelcomeScreen.CreateNewProject
2026-08-20 23:00:07,178 [  63295]   WARN - #c.i.d.MemorySizeConfigurator - The IDE is not configured for using custom VM options (jb.vmOptionsFile=null)
java.io.IOException: The IDE is not configured for using custom VM options (jb.vmOptionsFile=null)
	at com.intellij.diagnostic.VMOptions.setOptions(VMOptions.java:202)
	at com.intellij.diagnostic.VMOptions.setOption(VMOptions.java:193)
	at com.intellij.diagnostic.VMOptions.setOption(VMOptions.java:175)
	at com.intellij.diagnostic.MemorySizeConfigurator.execute(MemorySizeConfigurator.kt:54)
	at com.intellij.ide.startup.impl.StartupManagerImplKt$launchActivity$1.invokeSuspend(StartupManagerImpl.kt:473)
	at kotlin.coroutines.jvm.internal.BaseContinuationImpl.resumeWith(ContinuationImpl.kt:33)
	at kotlinx.coroutines.DispatchedTask.run(DispatchedTask.kt:108)
	at kotlinx.coroutines.scheduling.CoroutineScheduler.runSafely(CoroutineScheduler.kt:584)
	at kotlinx.coroutines.scheduling.CoroutineScheduler$Worker.executeTask(CoroutineScheduler.kt:793)
	at kotlinx.coroutines.scheduling.CoroutineScheduler$Worker.runWorker(CoroutineScheduler.kt:697)
	at kotlinx.coroutines.scheduling.CoroutineScheduler$Worker.run(CoroutineScheduler.kt:684)
2026-08-20 23:00:07,339 [  63456]   INFO - #o.j.j.b.i.CompilerReferenceIndex - backward reference index version doesn't exist
2026-08-20 23:00:07,345 [  63462]   INFO - #c.i.u.i.ManagedPersistentCache - created persistent map persistent-markup-teste-2473fa2c with size 0
2026-08-20 23:00:07,349 [  63466]   INFO - #c.i.c.b.IsUpToDateCheckStartupActivity - suitable consumer is not found
2026-08-20 23:00:07,363 [  63480]   INFO - #c.i.u.i.ManagedPersistentCache - created persistent map persistent-folding-teste-2473fa2c with size 0
2026-08-20 23:00:07,378 [  63495]   INFO - #c.i.u.i.ManagedPersistentCache - created persistent map persistent-code-vision-teste-2473fa2c with size 0
2026-08-20 23:00:07,413 [  63530]   INFO - #c.i.u.i.ManagedPersistentCache - created persistent map persistent-declarative-hints-teste-2473fa2c with size 0
2026-08-20 23:00:07,433 [  63550]   INFO - #c.i.u.i.ManagedPersistentCache - created persistent map persistent-parameter-hints-teste-2473fa2c with size 0
2026-08-20 23:00:09,130 [  65247]   INFO - #c.i.o.a.i.ActionUpdater - 403 ms to grab EDT for FontEditorPreview$RestorePreviewTextAction#presentation@ContextToolbar (com.intellij.application.options.colors.FontEditorPreview$RestorePreviewTextAction)
2026-08-20 23:00:09,134 [  65251]   INFO - #c.i.o.a.i.ActionUpdater - 412 ms to grab EDT for FontEditorPreview$ToggleBoldFontAction#presentation@ContextToolbar (com.intellij.application.options.colors.FontEditorPreview$ToggleBoldFontAction)
2026-08-20 23:00:09,295 [  65412]   INFO - #c.i.o.p.DumbServiceImpl - enter dumb mode [teste]
2026-08-20 23:00:10,033 [  66150]   INFO - #c.i.o.p.MergingQueueGuiExecutor - Running task: (dumb mode task) com.intellij.util.indexing.DumbModeWhileScanningTrigger$DumbModeWhileScanning@1163e72f
2026-08-20 23:00:10,226 [  66343]   INFO - #c.i.o.a.i.ActionUpdater - 565 ms to grab EDT for EditorMarkupModelImpl$TrafficLightAction#presentation@EditorInspectionsToolbar (com.intellij.openapi.editor.impl.EditorMarkupModelImpl$TrafficLightAction)
2026-08-20 23:00:10,227 [  66344]   INFO - #c.i.o.a.i.ActionUpdater - 565 ms to grab EDT for EditorMarkupModelImpl$1#presentation@EditorInspectionsToolbar (com.intellij.openapi.editor.impl.EditorMarkupModelImpl$1)
2026-08-20 23:00:10,237 [  66354]   INFO - #c.i.o.a.i.ActionUpdater - 565 ms to grab EDT for FontEditorPreview$RestorePreviewTextAction#presentation@ContextToolbar (com.intellij.application.options.colors.FontEditorPreview$RestorePreviewTextAction)
2026-08-20 23:00:10,263 [  66380]   INFO - #c.i.o.a.i.ActionUpdater - 565 ms to grab EDT for FontEditorPreview$ToggleBoldFontAction#presentation@ContextToolbar (com.intellij.application.options.colors.FontEditorPreview$ToggleBoldFontAction)
2026-08-20 23:00:10,768 [  66885]   INFO - #c.i.o.a.i.ActionUpdater - 463 ms to grab EDT for ToolWindowHeader$2#children@ToolwindowTitle (com.intellij.toolWindow.ToolWindowHeader$2)
2026-08-20 23:00:10,771 [  66888]   INFO - #c.i.o.a.i.ActionUpdater - 446 ms to grab EDT for EditorMarkupModelImpl$TrafficLightAction#presentation@EditorInspectionsToolbar (com.intellij.openapi.editor.impl.EditorMarkupModelImpl$TrafficLightAction)
2026-08-20 23:00:10,772 [  66889]   INFO - #c.i.o.a.i.ActionUpdater - 449 ms to grab EDT for EditorMarkupModelImpl$1#presentation@EditorInspectionsToolbar (com.intellij.openapi.editor.impl.EditorMarkupModelImpl$1)
2026-08-20 23:00:10,773 [  66890]   INFO - #c.i.o.a.i.ActionUpdater - 441 ms to grab EDT for FontEditorPreview$RestorePreviewTextAction#presentation@ContextToolbar (com.intellij.application.options.colors.FontEditorPreview$RestorePreviewTextAction)
2026-08-20 23:00:10,773 [  66890]   INFO - #c.i.o.a.i.ActionUpdater - 441 ms to grab EDT for FontEditorPreview$ToggleBoldFontAction#presentation@ContextToolbar (com.intellij.application.options.colors.FontEditorPreview$ToggleBoldFontAction)
2026-08-20 23:00:11,175 [  67292]   WARN - #c.i.u.x.Binding - No accessors for org.jetbrains.kotlin.cli.common.arguments.InternalArgument. This means that state class cannot be serialized properly. Please see https://jb.gg/ij-psoc
2026-08-20 23:00:11,407 [  67524]   INFO - #c.i.c.ComponentStoreImpl - Saving Project(name=teste, containerState=COMPONENT_CREATED, componentStore=/home/lucasalmeida/IdeaProjects/teste)ChangeListManager took 16 ms, DockManager took 124 ms, DynamicElementsStorage took 49 ms, ExternalProjectsManager took 26 ms, FileEditorManager took 29 ms, GradleLocalSettings took 12 ms, GradleSettings took 24 ms, Kotlin2JvmCompilerArguments took 24 ms, ProjectView took 15 ms, PropertiesComponent took 31 ms, ServiceViewManager took 21 ms, TaskManager took 23 ms, XDebuggerManager took 31 ms
2026-08-20 23:00:11,640 [  67757]   INFO - #c.i.o.c.i.s.StoreUtil - saveProjectsAndApp took 10489 ms
2026-08-20 23:00:18,027 [  74144]   INFO - #c.i.u.i.IndexingReasonExplanationLogger - Scanner has updated file nfc.nrm with appliers: [SingleIndexValueApplier{indexId=filetypes, inputId=38700, fileInfo='nfc.nrm(id=38700)'}] and removers: []; 
2026-08-20 23:00:18,028 [  74145]   INFO - #c.i.u.i.IndexingReasonExplanationLogger - Scanner has updated file nfkc.nrm with appliers: [SingleIndexValueApplier{indexId=filetypes, inputId=38705, fileInfo='nfkc.nrm(id=38705)'}] and removers: []; 
2026-08-20 23:00:18,029 [  74146]   INFO - #c.i.u.i.IndexingReasonExplanationLogger - Scanner has updated file ubidi.icu with appliers: [SingleIndexValueApplier{indexId=filetypes, inputId=38703, fileInfo='ubidi.icu(id=38703)'}] and removers: []; 
2026-08-20 23:00:18,030 [  74147]   INFO - #c.i.u.i.IndexingReasonExplanationLogger - Scanner has updated file uprops.icu with appliers: [SingleIndexValueApplier{indexId=filetypes, inputId=38707, fileInfo='uprops.icu(id=38707)'}] and removers: []; 
2026-08-20 23:00:18,145 [  74262]   INFO - #c.i.u.i.IndexingReasonExplanationLogger - Scanner has updated file uidna.spp with appliers: [SingleIndexValueApplier{indexId=filetypes, inputId=40409, fileInfo='uidna.spp(id=40409)'}] and removers: []; 
2026-08-20 23:00:18,233 [  74350]   INFO - #c.i.u.i.IndexingReasonExplanationLogger - Scanner has updated file LineBreakIteratorData with appliers: [SingleIndexValueApplier{indexId=filetypes, inputId=41736, fileInfo='LineBreakIteratorData(id=41736)'}] and removers: []; 
2026-08-20 23:00:18,235 [  74352]   INFO - #c.i.u.i.IndexingReasonExplanationLogger - Scanner has updated file WordBreakIteratorData with appliers: [SingleIndexValueApplier{indexId=filetypes, inputId=41734, fileInfo='WordBreakIteratorData(id=41734)'}] and removers: []; 
2026-08-20 23:00:18,236 [  74353]   INFO - #c.i.u.i.IndexingReasonExplanationLogger - Scanner has updated file SentenceBreakIteratorData with appliers: [SingleIndexValueApplier{indexId=filetypes, inputId=41715, fileInfo='SentenceBreakIteratorData(id=41715)'}] and removers: []; 
2026-08-20 23:00:18,237 [  74354]   INFO - #c.i.u.i.IndexingReasonExplanationLogger - Scanner has updated file CharacterBreakIteratorData with appliers: [SingleIndexValueApplier{indexId=filetypes, inputId=41730, fileInfo='CharacterBreakIteratorData(id=41730)'}] and removers: []; 
2026-08-20 23:00:18,576 [  74693]   INFO - #c.i.u.i.IndexingReasonExplanationLogger - Scanner has updated file uniName.dat with appliers: [SingleIndexValueApplier{indexId=filetypes, inputId=12012, fileInfo='uniName.dat(id=12012)'}] and removers: []; 
2026-08-20 23:00:21,802 [  77919]   WARN - #c.i.o.a.i.Utils - 1081 ms to fillMenu@ProjectViewPopup
2026-08-20 23:00:22,297 [  78414]   INFO - #c.i.u.i.UnindexedFilesScanner - Scanning completed for teste. Number of scanned files: 42577; number of files for indexing: 42243 took 21740ms; general responsiveness: 1/20 sluggish, 7/20 very slow; EDT responsiveness: 0/16 sluggish, 4/16 very slow
2026-08-20 23:00:22,298 [  78415]   INFO - #c.i.o.p.InitialVfsRefreshService - 2473fa2c: marking roots for initial VFS refresh
2026-08-20 23:00:22,300 [  78417]   INFO - #c.i.o.p.InitialVfsRefreshService - 2473fa2c: starting initial VFS refresh of 4 roots
2026-08-20 23:00:22,312 [  78429]   INFO - #c.i.o.p.InitialVfsRefreshService - 2473fa2c: initial VFS refresh finished in 6 ms
2026-08-20 23:00:22,312 [  78429]   INFO - #c.i.o.p.MergingQueueGuiExecutor - Task finished: UnindexedFilesScanner[teste]
2026-08-20 23:00:22,316 [  78433]   INFO - #c.i.o.p.MergingQueueGuiExecutor - Task finished: (dumb mode task) com.intellij.util.indexing.DumbModeWhileScanningTrigger$DumbModeWhileScanning@1163e72f
2026-08-20 23:00:22,316 [  78433]   INFO - #c.i.o.p.MergingQueueGuiExecutor - Running task: (dumb mode task) com.intellij.openapi.roots.impl.PushedFilePropertiesUpdaterImpl$MyDumbModeTask@26c57269 (reason: Push on VFS changes)
2026-08-20 23:00:22,393 [  78510]   INFO - #c.i.o.p.MergingQueueGuiExecutor - Task finished: (dumb mode task) com.intellij.openapi.roots.impl.PushedFilePropertiesUpdaterImpl$MyDumbModeTask@26c57269 (reason: Push on VFS changes)
2026-08-20 23:00:22,397 [  78514]   INFO - #c.i.o.p.MergingQueueGuiExecutor - Running task: (dumb mode task) UnindexedFilesIndexer[teste, 4 iterators, reason: On project open]
2026-08-20 23:00:22,426 [  78543]   INFO - #c.i.u.i.c.IndexUpdateRunner - Using 3 indexing and 4 writing threads for indexing
2026-08-20 23:00:37,437 [  93554]   INFO - #c.j.r.p.c.CodeWithMeCleanup - running activity to cleanup old thin clients... Root path is '/home/lucasalmeida/.cache/JetBrains'. JvmStartTimeMs=1787277540947
2026-08-20 23:00:37,440 [  93557]   INFO - #c.j.r.p.c.CodeWithMeCleanup - found 0 Code With Me client system folders to check
2026-08-20 23:00:37,442 [  93559]   INFO - #c.j.r.p.c.CodeWithMeCleanup - found 0 Code With Me client config folders to check
2026-08-20 23:00:37,453 [  93570]   INFO - #c.j.r.p.c.CodeWithMeCleanup - keep only [] major versions
2026-08-20 23:00:37,454 [  93571]   INFO - #c.j.r.p.c.CodeWithMeCleanup - Starting the logs folder cleanup. Path: /home/lucasalmeida/Developer/DockerRunner/.intellijPlatform/sandbox/DockerRunner/IC-2024.1/log
2026-08-20 23:00:37,456 [  93573]   INFO - #c.i.r.OsRegistryConfigProvider - Looking for 'versionManagementEnabled' value in [/etc/xdg/JetBrains/JetBrainsClient/versionManagementEnabled, /etc/xdg/JetBrains/JetBrainsClient/config.json, /home/lucasalmeida/.config/JetBrains/JetBrainsClient/versionManagementEnabled, /home/lucasalmeida/.config/JetBrains/JetBrainsClient/config.json, /home/lucasalmeida/.config/kdedefaults/JetBrains/JetBrainsClient/versionManagementEnabled, /home/lucasalmeida/.config/kdedefaults/JetBrains/JetBrainsClient/config.json, /etc/xdg/JetBrains/JetBrainsClient/versionManagementEnabled, /etc/xdg/JetBrains/JetBrainsClient/config.json, /usr/share/kde-settings/kde-profile/default/xdg/JetBrains/JetBrainsClient/versionManagementEnabled, /usr/share/kde-settings/kde-profile/default/xdg/JetBrains/JetBrainsClient/config.json]
2026-08-20 23:00:37,460 [  93577]   INFO - #c.i.r.OsRegistryConfigProvider - OS provided value for 'versionManagementEnabled' is not found
2026-08-20 23:00:43,400 [  99517]   INFO - #c.i.w.i.i.j.s.JpsGlobalModelSynchronizerImpl - Saving global entities com.intellij.platform.workspace.jps.entities.SdkEntity to files
2026-08-20 23:00:43,405 [  99522]   INFO - #c.i.w.i.i.j.s.JpsGlobalModelSynchronizerImpl - Saving global entities com.intellij.platform.workspace.jps.entities.LibraryEntity to files
2026-08-20 23:00:43,588 [  99705]   INFO - #c.i.c.ComponentStoreImpl - Saving appAquaOldUserFeedbackInfoState took 26 ms, FileTypeManager took 15 ms, XDebuggerSettings took 51 ms
2026-08-20 23:01:00,518 [ 116635]   INFO - #c.i.u.g.s.GistStorageImpl - Cleaning old huge-gists dirs from [/home/lucasalmeida/Developer/DockerRunner/.intellijPlatform/sandbox/DockerRunner/IC-2024.1/system/caches/huge-gists] ...
2026-08-20 23:01:00,520 [ 116637]   INFO - #c.i.u.g.s.GistStorageImpl - Cleaning old huge-gists dirs finished
2026-08-20 23:01:07,790 [ 123907]   INFO - #c.i.u.i.ProjectChangedFilesScanner - Retrieving changed during indexing files of teste : 1 to update, calculated in 0ms
2026-08-20 23:01:07,814 [ 123931]   INFO - #c.i.u.i.UnindexedFilesIndexer - Finished for teste. Unindexed files update took 45403ms; general responsiveness: ok; EDT responsiveness: ok
2026-08-20 23:01:07,847 [ 123964]   INFO - #c.i.o.p.MergingQueueGuiExecutor - Task finished: (dumb mode task) UnindexedFilesIndexer[teste, 4 iterators, reason: On project open]
2026-08-20 23:01:07,857 [ 123974]   INFO - #c.i.o.p.DumbServiceImpl - exit dumb mode [teste]
2026-08-20 23:01:09,741 [ 125858]   WARN - #c.i.o.a.i.ActionUpdater - 1608 ms to call on BGT ExecutorRegistryImpl$ExecutorAction#presentation@NavBarToolbar (com.intellij.execution.ExecutorRegistryImpl$ExecutorAction(id=Run))
2026-08-20 23:01:10,536 [ 126653]   WARN - #c.i.o.m.LanguageLevelUtil - File not found: api23.txt
2026-08-20 23:01:10,704 [ 126821]   INFO - #c.i.i.s.DeviceIdManager - Generating new Device ID for 'PackageChecker'
2026-08-20 23:01:10,734 [ 126851]   INFO - #c.i.p.m.MavenProjectDependenciesModel - Start collecting all modules
2026-08-20 23:01:10,739 [ 126856]   INFO - #c.i.p.g.GradleProjectDependenciesModel - Start collecting all modules
2026-08-20 23:01:10,740 [ 126857]   INFO - #c.i.p.g.GradleProjectDependenciesModel - Finish collecting all modules, count of found modules: 0
2026-08-20 23:01:10,755 [ 126872]   INFO - #c.i.p.m.i.ProjectDependenciesModelImpl - Count of declared packages: null, imported packages: 0
2026-08-20 23:01:10,831 [ 126948]   INFO - #c.i.p.m.i.ProjectDependenciesModelImpl - Count of declared packages: null, imported packages: 0
2026-08-20 23:01:11,750 [ 127867]   INFO - #c.i.p.m.ProjectDependenciesModuleAggregator - Supported models after update: [IntellijModuleProjectDependenciesModel, IntellijProjectDependenciesModel]
2026-08-20 23:01:11,768 [ 127885]   INFO - #c.i.p.m.i.ProjectDependenciesModelImpl - Count of declared packages: 0, imported packages: 0
2026-08-20 23:06:08,250 [ 424367]   INFO - #git4idea.commands.GitHandler - [.] git version
2026-08-20 23:06:08,324 [ 424441]   INFO - #git4idea.commands.GitHandler - git version 2.55.0
2026-08-20 23:06:08,345 [ 424462]   INFO - #git4idea.config.GitExecutableManager - Git version for /usr/bin/git: 2.55.0.0 (UNIX)
2026-08-20 23:10:05,977 [ 662094]   INFO - #c.i.o.v.n.p.FSRecords - Checking VFS started
2026-08-20 23:10:11,045 [ 667162]   INFO - #c.i.o.v.n.p.FSRecords - Checking VFS finished (healthy): VFSHealthCheckReport[healthy: true](FileRecordsReport[recordsChecked=95994, recordsDeleted=0, childrenChecked=95925]{nullNameIds=0, unresolvableNameIds=0, notNullContentIds=13, unresolvableContentIds=0, unresolvableAttributesIds=0, nullParents=0, inconsistentParentChildRelationships=0, generalErrors=0), RootsReport(rootsCount=68, rootsWithParents=0, rootsDeletedButNotRemoved=0, generalErrors=0), NamesEnumeratorReport(namesChecked=83593, namesResolvedToNull=0, idsResolvedToNull=0, inconsistentNames=0, generalErrors=0), ContentEnumeratorReport(contentRecordsChecked=31324, generalErrors=0)){timeTaken=5.024928436s}
2026-08-20 23:15:21,673 [ 977790]   INFO - #c.i.w.i.i.j.s.JpsGlobalModelSynchronizerImpl - Saving global entities com.intellij.platform.workspace.jps.entities.SdkEntity to files
2026-08-20 23:15:21,677 [ 977794]   INFO - #c.i.w.i.i.j.s.JpsGlobalModelSynchronizerImpl - Saving global entities com.intellij.platform.workspace.jps.entities.LibraryEntity to files
2026-08-20 23:15:21,805 [ 977922]   INFO - #c.i.a.o.PathMacrosImpl - Saved path macros: {MAVEN_REPOSITORY=/home/lucasalmeida/.m2/repository}
2026-08-20 23:15:21,822 [ 977939]   INFO - #c.i.c.ComponentStoreImpl - Saving appExtensionsRootType took 30 ms, GradleJvmSupportMatrix took 12 ms, HttpConfigurable took 13 ms
2026-08-20 23:15:21,926 [ 978043]   WARN - #c.i.u.x.Binding - No accessors for org.jetbrains.security.package.Package. This means that state class cannot be serialized properly. Please see https://jb.gg/ij-psoc
2026-08-20 23:15:21,996 [ 978113]   INFO - #c.i.c.ComponentStoreImpl - Saving Project(name=teste, containerState=COMPONENT_CREATED, componentStore=/home/lucasalmeida/IdeaProjects/teste)LibraryUsageStatistics took 11 ms, RunManager took 39 ms, SvnFileUrlMappingImpl took 12 ms
2026-08-20 23:15:23,538 [ 979655]   INFO - #c.i.w.i.i.j.s.JpsGlobalModelSynchronizerImpl - Saving global entities com.intellij.platform.workspace.jps.entities.SdkEntity to files
2026-08-20 23:15:23,540 [ 979657]   INFO - #c.i.w.i.i.j.s.JpsGlobalModelSynchronizerImpl - Saving global entities com.intellij.platform.workspace.jps.entities.LibraryEntity to files
2026-08-20 23:15:23,622 [ 979739]   INFO - #c.i.c.ComponentStoreImpl - Saving Project(name=teste, containerState=COMPONENT_CREATED, componentStore=/home/lucasalmeida/IdeaProjects/teste)KotlinCommonCompilerArguments took 18 ms
2026-08-20 23:15:28,060 [ 984177]   INFO - #c.i.w.i.i.j.s.JpsGlobalModelSynchronizerImpl - Saving global entities com.intellij.platform.workspace.jps.entities.SdkEntity to files
2026-08-20 23:15:28,061 [ 984178]   INFO - #c.i.w.i.i.j.s.JpsGlobalModelSynchronizerImpl - Saving global entities com.intellij.platform.workspace.jps.entities.LibraryEntity to files
2026-08-20 23:15:28,125 [ 984242]   INFO - #c.i.a.o.PathMacrosImpl - Saved path macros: {MAVEN_REPOSITORY=/home/lucasalmeida/.m2/repository}
2026-08-20 23:15:28,581 [ 984698]   INFO - #c.i.o.v.i.l.NativeFileWatcherImpl - Watcher terminated with exit code 0
2026-08-20 23:15:28,582 [ 984699]   INFO - #c.j.r.f.FollowMeManager - Unregister user (name: 'lucasalmeida', clientId: Host)
2026-08-20 23:15:28,586 [ 984703]   INFO - #c.i.o.w.i.WindowManagerImpl - === Release(true) frame on closed project ===
2026-08-20 23:15:28,668 [ 984785]   INFO - #o.j.k.i.s.r.KotlinCompilerReferenceIndexStorage - KCRI storage is closed (didn't exist)
2026-08-20 23:15:28,680 [ 984797]   INFO - #c.i.c.b.CompilerReferenceServiceBase - backward reference index reader is closed (didn't exist)
2026-08-20 23:15:28,723 [ 984840]   INFO - #c.i.u.s.SvgCacheManager - SVG icon cache is closed
2026-08-20 23:15:28,745 [ 984862]   INFO - #o.j.i.BuiltInServer - web server stopped
2026-08-20 23:15:28,753 [ 984870]   INFO - #c.i.u.i.FileBasedIndexImpl - Index dispose started
2026-08-20 23:15:28,811 [ 984928]   INFO - #c.i.p.s.StubIndexImpl - StubIndexExtension-s were unloaded
2026-08-20 23:15:28,811 [ 984928]   INFO - #c.i.p.s.SerializationManagerImpl - Start shutting down /home/lucasalmeida/Developer/DockerRunner/.intellijPlatform/sandbox/DockerRunner/IC-2024.1/system/index/rep.names
2026-08-20 23:15:28,811 [ 984928]   INFO - #c.i.p.s.SerializationManagerImpl - Finished shutting down /home/lucasalmeida/Developer/DockerRunner/.intellijPlatform/sandbox/DockerRunner/IC-2024.1/system/index/rep.names
2026-08-20 23:15:28,813 [ 984930]   INFO - #c.i.u.i.FileBasedIndexImpl - Index dispose completed in 60ms.
2026-08-20 23:15:28,851 [ 984968]   INFO - #c.i.o.v.n.p.PersistentFSImpl - VFS dispose started
2026-08-20 23:15:28,858 [ 984975]   INFO - #c.i.o.v.n.p.FSRecordsImpl - VFS closing
2026-08-20 23:15:28,863 [ 984980]   INFO - #c.i.o.v.n.p.PersistentFSImpl - VFS dispose completed in 11 ms.
2026-08-20 23:15:28,863 [ 984980]   INFO - #c.i.o.f.i.FileTypeDetectionService - 66 auto-detected files. Detection took 379 ms
2026-08-20 23:15:28,880 [ 984997] SEVERE - #c.i.o.u.ObjectTree - Memory leak detected: 'com.intellij.platform.ide.menu.GlobalMenuLinux@78f1d68a' (class com.intellij.platform.ide.menu.GlobalMenuLinux) was registered in Disposer as a child of 'ROOT_DISPOSABLE' (class com.intellij.openapi.util.Disposer$2) but wasn't disposed.
Register it with a proper parentDisposable or ensure that it's always disposed by direct Disposer.dispose call.
See https://jetbrains.org/intellij/sdk/docs/basics/disposers.html for more details.
The corresponding Disposer.register() stacktrace is shown as the cause:

java.lang.RuntimeException: Memory leak detected: 'com.intellij.platform.ide.menu.GlobalMenuLinux@78f1d68a' (class com.intellij.platform.ide.menu.GlobalMenuLinux) was registered in Disposer as a child of 'ROOT_DISPOSABLE' (class com.intellij.openapi.util.Disposer$2) but wasn't disposed.
Register it with a proper parentDisposable or ensure that it's always disposed by direct Disposer.dispose call.
See https://jetbrains.org/intellij/sdk/docs/basics/disposers.html for more details.
The corresponding Disposer.register() stacktrace is shown as the cause:

	at com.intellij.openapi.util.ObjectNode.assertNoChildren(ObjectNode.java:45)
	at com.intellij.openapi.util.ObjectTree.assertIsEmpty(ObjectTree.java:219)
	at com.intellij.openapi.util.Disposer.assertIsEmpty(Disposer.java:223)
	at com.intellij.openapi.util.Disposer.assertIsEmpty(Disposer.java:217)
	at com.intellij.openapi.application.impl.ApplicationImpl.disposeContainer(ApplicationImpl.java:197)
	at com.intellij.openapi.application.impl.ApplicationImpl.destructApplication(ApplicationImpl.java:620)
	at com.intellij.openapi.application.impl.ApplicationImpl.doExit(ApplicationImpl.java:551)
	at com.intellij.openapi.application.impl.ApplicationImpl.exit(ApplicationImpl.java:536)
	at com.intellij.openapi.application.impl.ApplicationImpl.exit(ApplicationImpl.java:525)
	at com.intellij.openapi.application.ex.ApplicationEx.exit(ApplicationEx.java:78)
	at com.intellij.openapi.wm.impl.CloseProjectWindowHelper.quitApp(CloseProjectWindowHelper.kt:67)
	at com.intellij.openapi.wm.impl.CloseProjectWindowHelper.windowClosing(CloseProjectWindowHelper.kt:47)
	at com.intellij.openapi.wm.impl.ProjectFrameHelper.windowClosing(ProjectFrameHelper.kt:434)
	at com.intellij.openapi.wm.impl.WindowCloseListener.windowClosing(ProjectFrameHelper.kt:454)
	at java.desktop/java.awt.AWTEventMulticaster.windowClosing(AWTEventMulticaster.java:357)
	at java.desktop/java.awt.AWTEventMulticaster.windowClosing(AWTEventMulticaster.java:357)
	at java.desktop/java.awt.Window.processWindowEvent(Window.java:2114)
	at java.desktop/javax.swing.JFrame.processWindowEvent(JFrame.java:298)
	at java.desktop/java.awt.Window.processEvent(Window.java:2073)
	at java.desktop/java.awt.Component.dispatchEventImpl(Component.java:5027)
	at java.desktop/java.awt.Container.dispatchEventImpl(Container.java:2324)
	at java.desktop/java.awt.Window.dispatchEventImpl(Window.java:2809)
	at java.desktop/java.awt.Component.dispatchEvent(Component.java:4855)
	at java.desktop/java.awt.EventQueue.dispatchEventImpl(EventQueue.java:794)
	at java.desktop/java.awt.EventQueue$3.run(EventQueue.java:739)
	at java.desktop/java.awt.EventQueue$3.run(EventQueue.java:733)
	at java.base/java.security.AccessController.doPrivileged(AccessController.java:399)
	at java.base/java.security.ProtectionDomain$JavaSecurityAccessImpl.doIntersectionPrivilege(ProtectionDomain.java:86)
	at java.base/java.security.ProtectionDomain$JavaSecurityAccessImpl.doIntersectionPrivilege(ProtectionDomain.java:97)
	at java.desktop/java.awt.EventQueue$4.run(EventQueue.java:766)
	at java.desktop/java.awt.EventQueue$4.run(EventQueue.java:764)
	at java.base/java.security.AccessController.doPrivileged(AccessController.java:399)
	at java.base/java.security.ProtectionDomain$JavaSecurityAccessImpl.doIntersectionPrivilege(ProtectionDomain.java:86)
	at java.desktop/java.awt.EventQueue.dispatchEvent(EventQueue.java:763)
	at com.intellij.ide.IdeEventQueue.defaultDispatchEvent(IdeEventQueue.kt:698)
	at com.intellij.ide.IdeEventQueue._dispatchEvent$lambda$12(IdeEventQueue.kt:593)
	at com.intellij.openapi.application.impl.RwLockHolder.runWithoutImplicitRead(RwLockHolder.kt:105)
	at com.intellij.ide.IdeEventQueue._dispatchEvent(IdeEventQueue.kt:593)
	at com.intellij.ide.IdeEventQueue.access$_dispatchEvent(IdeEventQueue.kt:77)
	at com.intellij.ide.IdeEventQueue$dispatchEvent$processEventRunnable$1$1$1.compute(IdeEventQueue.kt:362)
	at com.intellij.ide.IdeEventQueue$dispatchEvent$processEventRunnable$1$1$1.compute(IdeEventQueue.kt:361)
	at com.intellij.openapi.progress.impl.CoreProgressManager.computePrioritized(CoreProgressManager.java:843)
	at com.intellij.ide.IdeEventQueue$dispatchEvent$processEventRunnable$1$1.invoke(IdeEventQueue.kt:361)
	at com.intellij.ide.IdeEventQueue$dispatchEvent$processEventRunnable$1$1.invoke(IdeEventQueue.kt:356)
	at com.intellij.ide.IdeEventQueueKt.performActivity$lambda$1(IdeEventQueue.kt:1021)
	at com.intellij.openapi.application.TransactionGuardImpl.performActivity(TransactionGuardImpl.java:114)
	at com.intellij.ide.IdeEventQueueKt.performActivity(IdeEventQueue.kt:1021)
	at com.intellij.ide.IdeEventQueue.dispatchEvent$lambda$7(IdeEventQueue.kt:356)
	at com.intellij.openapi.application.impl.RwLockHolder.runIntendedWriteActionOnCurrentThread(RwLockHolder.kt:209)
	at com.intellij.openapi.application.impl.ApplicationImpl.runIntendedWriteActionOnCurrentThread(ApplicationImpl.java:830)
	at com.intellij.ide.IdeEventQueue.dispatchEvent(IdeEventQueue.kt:398)
	at java.desktop/java.awt.EventDispatchThread.pumpOneEventForFilters(EventDispatchThread.java:207)
	at java.desktop/java.awt.EventDispatchThread.pumpEventsForFilter(EventDispatchThread.java:128)
	at java.desktop/java.awt.EventDispatchThread.pumpEventsForHierarchy(EventDispatchThread.java:117)
	at java.desktop/java.awt.EventDispatchThread.pumpEvents(EventDispatchThread.java:113)
	at java.desktop/java.awt.EventDispatchThread.pumpEvents(EventDispatchThread.java:105)
	at java.desktop/java.awt.EventDispatchThread.run(EventDispatchThread.java:92)
Caused by: java.lang.Throwable
	at com.intellij.openapi.util.ObjectNode.<init>(ObjectNode.java:24)
	at com.intellij.openapi.util.ObjectNode.findOrCreateChildNode(ObjectNode.java:140)
	at com.intellij.openapi.util.ObjectTree.register(ObjectTree.java:52)
	at com.intellij.openapi.util.Disposer.register(Disposer.java:156)
	at com.intellij.ide.IdeEventQueueKt._addProcessor(IdeEventQueue.kt:961)
	at com.intellij.ide.IdeEventQueueKt.access$_addProcessor(IdeEventQueue.kt:1)
	at com.intellij.ide.IdeEventQueue.addDispatcher(IdeEventQueue.kt:257)
	at com.intellij.platform.ide.menu.GlobalMenuLinux.<init>(GlobalMenuLinux.java:264)
	at com.intellij.platform.ide.menu.GlobalMenuLinux.create(GlobalMenuLinux.java:616)
	at com.intellij.platform.ide.menu.LinuxIdeMenuBar.doInstallAppMenuIfNeeded$intellij_platform_ide_impl(LinuxIdeMenuBar.kt:58)
	at com.intellij.platform.ide.menu.IdeJMenuBarKt.installAppMenuIfNeeded(IdeJMenuBar.kt:260)
	at com.intellij.openapi.wm.impl.ProjectFrameHelper.init(ProjectFrameHelper.kt:176)
	at com.intellij.openapi.project.impl.ProjectUiFrameAllocator$createFrameManager$4$1$1.invokeSuspend(ProjectFrameAllocator.kt:274)
	at com.intellij.openapi.project.impl.ProjectUiFrameAllocator$createFrameManager$4$1$1.invoke(ProjectFrameAllocator.kt)
	at com.intellij.openapi.project.impl.ProjectUiFrameAllocator$createFrameManager$4$1$1.invoke(ProjectFrameAllocator.kt)
	at kotlinx.coroutines.intrinsics.UndispatchedKt.startUndispatchedOrReturn(Undispatched.kt:78)
	at kotlinx.coroutines.BuildersKt__Builders_commonKt.withContext(Builders.common.kt:167)
	at kotlinx.coroutines.BuildersKt.withContext(Unknown Source)
	at com.intellij.platform.diagnostic.telemetry.impl.TracerKt.span(tracer.kt:53)
	at com.intellij.platform.diagnostic.telemetry.impl.TracerKt.span$default(tracer.kt:49)
	at com.intellij.openapi.project.impl.ProjectUiFrameAllocator$createFrameManager$4.invokeSuspend(ProjectFrameAllocator.kt:273)
	at kotlin.coroutines.jvm.internal.BaseContinuationImpl.resumeWith(ContinuationImpl.kt:33)
	at kotlinx.coroutines.DispatchedTask.run(DispatchedTask.kt:108)
	at com.intellij.openapi.application.impl.DispatchedRunnable.run(DispatchedRunnable.kt:43)
	at com.intellij.openapi.application.TransactionGuardImpl.runWithWritingAllowed(TransactionGuardImpl.java:209)
	at com.intellij.openapi.application.TransactionGuardImpl.access$100(TransactionGuardImpl.java:22)
	at com.intellij.openapi.application.TransactionGuardImpl$1.run(TransactionGuardImpl.java:191)
	at com.intellij.openapi.application.impl.RwLockHolder.runIntendedWriteActionOnCurrentThread(RwLockHolder.kt:204)
	at com.intellij.openapi.application.impl.ApplicationImpl.runIntendedWriteActionOnCurrentThread(ApplicationImpl.java:830)
	at com.intellij.openapi.application.impl.ApplicationImpl$2.run(ApplicationImpl.java:419)
	at com.intellij.openapi.application.impl.RwLockHolder.runWithEnabledImplicitRead(RwLockHolder.kt:138)
	at com.intellij.openapi.application.impl.RwLockHolder.runWithImplicitRead(RwLockHolder.kt:129)
	at com.intellij.openapi.application.impl.ApplicationImpl.runWithImplicitRead(ApplicationImpl.java:1152)
	at com.intellij.openapi.application.impl.FlushQueue.doRun(FlushQueue.java:81)
	at com.intellij.openapi.application.impl.FlushQueue.runNextEvent(FlushQueue.java:123)
	at com.intellij.openapi.application.impl.FlushQueue.flushNow(FlushQueue.java:43)
	at java.desktop/java.awt.event.InvocationEvent.dispatch(InvocationEvent.java:318)
	at java.desktop/java.awt.EventQueue.dispatchEventImpl(EventQueue.java:792)
	at java.desktop/java.awt.EventQueue$3.run(EventQueue.java:739)
	at java.desktop/java.awt.EventQueue$3.run(EventQueue.java:733)
	at java.base/java.security.AccessController.doPrivileged(AccessController.java:399)
	at java.base/java.security.ProtectionDomain$JavaSecurityAccessImpl.doIntersectionPrivilege(ProtectionDomain.java:86)
	at java.desktop/java.awt.EventQueue.dispatchEvent(EventQueue.java:761)
	at com.intellij.ide.IdeEventQueue.defaultDispatchEvent(IdeEventQueue.kt:698)
	at com.intellij.ide.IdeEventQueue._dispatchEvent$lambda$12(IdeEventQueue.kt:593)
	at com.intellij.openapi.application.impl.RwLockHolder.runWithoutImplicitRead(RwLockHolder.kt:105)
	at com.intellij.ide.IdeEventQueue._dispatchEvent(IdeEventQueue.kt:593)
	at com.intellij.ide.IdeEventQueue.access$_dispatchEvent(IdeEventQueue.kt:77)
	at com.intellij.ide.IdeEventQueue$dispatchEvent$processEventRunnable$1$1$1.compute(IdeEventQueue.kt:362)
	at com.intellij.ide.IdeEventQueue$dispatchEvent$processEventRunnable$1$1$1.compute(IdeEventQueue.kt:361)
	at com.intellij.openapi.progress.impl.CoreProgressManager.computePrioritized(CoreProgressManager.java:843)
	at com.intellij.ide.IdeEventQueue$dispatchEvent$processEventRunnable$1$1.invoke(IdeEventQueue.kt:361)
	at com.intellij.ide.IdeEventQueue$dispatchEvent$processEventRunnable$1$1.invoke(IdeEventQueue.kt:356)
	at com.intellij.ide.IdeEventQueueKt.performActivity$lambda$1(IdeEventQueue.kt:1021)
	at com.intellij.openapi.application.TransactionGuardImpl.performActivity(TransactionGuardImpl.java:114)
	at com.intellij.ide.IdeEventQueueKt.performActivity(IdeEventQueue.kt:1021)
	at com.intellij.ide.IdeEventQueue.dispatchEvent$lambda$7(IdeEventQueue.kt:356)
	at com.intellij.openapi.application.impl.RwLockHolder.runIntendedWriteActionOnCurrentThread(RwLockHolder.kt:204)
	at com.intellij.openapi.application.impl.ApplicationImpl.runIntendedWriteActionOnCurrentThread(ApplicationImpl.java:830)
	at com.intellij.ide.IdeEventQueue.dispatchEvent(IdeEventQueue.kt:398)
	at com.intellij.openapi.progress.impl.PlatformTaskSupportKt.pumpEventsForHierarchy(PlatformTaskSupport.kt:395)
	at com.intellij.openapi.progress.impl.PlatformTaskSupportKt.access$pumpEventsForHierarchy(PlatformTaskSupport.kt:1)
	at com.intellij.openapi.progress.impl.PlatformTaskSupport$runWithModalProgressBlockingInternal$2.invoke(PlatformTaskSupport.kt:153)
	at com.intellij.openapi.progress.impl.PlatformTaskSupport$runWithModalProgressBlockingInternal$2.invoke(PlatformTaskSupport.kt:131)
	at com.intellij.openapi.application.impl.ModalityKt.inModalContext(modality.kt:12)
	at com.intellij.openapi.progress.impl.PlatformTaskSupport.runWithModalProgressBlockingInternal(PlatformTaskSupport.kt:131)
	at com.intellij.openapi.progress.impl.PlatformTaskSupport.access$runWithModalProgressBlockingInternal(PlatformTaskSupport.kt:47)
	at com.intellij.openapi.progress.impl.PlatformTaskSupport$runWithModalProgressBlockingInternal$1.invoke(PlatformTaskSupport.kt:119)
	at com.intellij.openapi.progress.impl.PlatformTaskSupport$runWithModalProgressBlockingInternal$1.invoke(PlatformTaskSupport.kt:115)
	at com.intellij.openapi.progress.ContextKt.prepareThreadContext(context.kt:83)
	at com.intellij.openapi.progress.impl.PlatformTaskSupport.runWithModalProgressBlockingInternal(PlatformTaskSupport.kt:115)
	at com.intellij.platform.ide.progress.TasksKt.runWithModalProgressBlocking(tasks.kt:178)
	at com.intellij.openapi.progress.TasksKt.runBlockingModalWithRawProgressReporter(tasks.kt:256)
	at com.intellij.openapi.progress.TasksKt.runBlockingModalWithRawProgressReporter$default(tasks.kt:250)
	at com.intellij.ide.impl.NewProjectUtil.doCreate(NewProjectUtil.kt:181)
	at com.intellij.ide.impl.NewProjectUtil.createFromWizard(NewProjectUtil.kt:77)
	at com.intellij.ide.impl.NewProjectUtil.createFromWizard$default(NewProjectUtil.kt:75)
	at com.intellij.ide.impl.NewProjectUtil.createNewProject(NewProjectUtil.kt:66)
	at com.intellij.ide.actions.NewProjectAction.actionPerformed(NewProjectAction.java:29)
	at com.intellij.openapi.actionSystem.ex.ActionUtil.doPerformActionOrShowPopup(ActionUtil.kt:305)
	at com.intellij.openapi.actionSystem.ex.ActionUtil.performActionDumbAwareWithCallbacks$lambda$4(ActionUtil.kt:276)
	at com.intellij.openapi.actionSystem.impl.ActionManagerImpl.performWithActionCallbacks(ActionManagerImpl.kt:1161)
	at com.intellij.openapi.actionSystem.ex.ActionUtil.performActionDumbAwareWithCallbacks(ActionUtil.kt:275)
	at com.intellij.openapi.wm.impl.welcomeScreen.WelcomeScreenActionsUtil.performAnActionForComponent(WelcomeScreenActionsUtil.java:99)
	at com.intellij.openapi.wm.impl.welcomeScreen.WelcomeScreenActionsUtil$LargeIconWithTextWrapper.lambda$createCustomComponent$0(WelcomeScreenActionsUtil.java:170)
	at java.desktop/javax.swing.AbstractButton.fireActionPerformed(AbstractButton.java:1972)
	at java.desktop/javax.swing.AbstractButton$Handler.actionPerformed(AbstractButton.java:2313)
	at java.desktop/javax.swing.DefaultButtonModel.fireActionPerformed(DefaultButtonModel.java:405)
	at java.desktop/javax.swing.DefaultButtonModel.setPressed(DefaultButtonModel.java:262)
	at java.desktop/javax.swing.plaf.basic.BasicButtonListener.mouseReleased(BasicButtonListener.java:279)
	at java.desktop/java.awt.AWTEventMulticaster.mouseReleased(AWTEventMulticaster.java:297)
	at java.desktop/java.awt.Component.processMouseEvent(Component.java:6657)
	at java.desktop/javax.swing.JComponent.processMouseEvent(JComponent.java:3385)
	at java.desktop/java.awt.Component.processEvent(Component.java:6422)
	at java.desktop/java.awt.Container.processEvent(Container.java:2266)
	at java.desktop/java.awt.Component.dispatchEventImpl(Component.java:5027)
	at java.desktop/java.awt.Container.dispatchEventImpl(Container.java:2324)
	at java.desktop/java.awt.Component.dispatchEvent(Component.java:4855)
	at java.desktop/java.awt.LightweightDispatcher.retargetMouseEvent(Container.java:4969)
	at java.desktop/java.awt.LightweightDispatcher.processMouseEvent(Container.java:4583)
	at java.desktop/java.awt.LightweightDispatcher.dispatchEvent(Container.java:4524)
	at java.desktop/java.awt.Container.dispatchEventImpl(Container.java:2310)
	at java.desktop/java.awt.Window.dispatchEventImpl(Window.java:2809)
	at java.desktop/java.awt.Component.dispatchEvent(Component.java:4855)
	at java.desktop/java.awt.EventQueue.dispatchEventImpl(EventQueue.java:794)
	at java.desktop/java.awt.EventQueue$3.run(EventQueue.java:739)
	at java.desktop/java.awt.EventQueue$3.run(EventQueue.java:733)
	at java.base/java.security.AccessController.doPrivileged(AccessController.java:399)
	at java.base/java.security.ProtectionDomain$JavaSecurityAccessImpl.doIntersectionPrivilege(ProtectionDomain.java:86)
	at java.base/java.security.ProtectionDomain$JavaSecurityAccessImpl.doIntersectionPrivilege(ProtectionDomain.java:97)
	at java.desktop/java.awt.EventQueue$4.run(EventQueue.java:766)
	at java.desktop/java.awt.EventQueue$4.run(EventQueue.java:764)
	at java.base/java.security.AccessController.doPrivileged(AccessController.java:399)
	at java.base/java.security.ProtectionDomain$JavaSecurityAccessImpl.doIntersectionPrivilege(ProtectionDomain.java:86)
	at java.desktop/java.awt.EventQueue.dispatchEvent(EventQueue.java:763)
	at com.intellij.ide.IdeEventQueue.defaultDispatchEvent(IdeEventQueue.kt:698)
	at com.intellij.ide.IdeEventQueue.dispatchMouseEvent(IdeEventQueue.kt:637)
	at com.intellij.ide.IdeEventQueue._dispatchEvent$lambda$10(IdeEventQueue.kt:584)
	at com.intellij.openapi.application.impl.RwLockHolder.runWithEnabledImplicitRead(RwLockHolder.kt:138)
	at com.intellij.openapi.application.impl.RwLockHolder.runWithImplicitRead(RwLockHolder.kt:129)
	at com.intellij.ide.IdeEventQueue._dispatchEvent(IdeEventQueue.kt:584)
	... 19 more
2026-08-20 23:15:28,891 [ 985008] SEVERE - #c.i.o.u.ObjectTree - IntelliJ IDEA 2024.1  Build #IC-241.14494.240
2026-08-20 23:15:28,892 [ 985009] SEVERE - #c.i.o.u.ObjectTree - JDK: 17.0.10; VM: OpenJDK 64-Bit Server VM; Vendor: JetBrains s.r.o.
2026-08-20 23:15:28,892 [ 985009] SEVERE - #c.i.o.u.ObjectTree - OS: Linux
2026-08-20 23:15:28,910 [ 985027]   INFO - #c.i.p.i.b.AppStarter - ------------------------------------------------------ IDE SHUTDOWN ------------------------------------------------------
2026-08-20 23:54:57,418 [     51]   INFO - #c.i.p.i.b.AppStarter - ------------------------------------------------------ IDE STARTED ------------------------------------------------------
2026-08-20 23:54:57,464 [     97]   INFO - #c.i.i.p.PluginManager - Plugin PluginDescriptor(name=Groovy, id=org.intellij.groovy, descriptorPath=plugin.xml, path=~/.gradle/caches/9.6.0/transforms/bea1b87427568a068e547fc0eae09392/transformed/ideaIC-2024.1/plugins/Groovy, version=241.14494.240, package=org.jetbrains.plugins.groovy, isBundled=true) misses optional descriptor duplicates-groovy.xml
2026-08-20 23:54:57,475 [    108]   INFO - #c.i.i.p.PluginManager - Plugin PluginDescriptor(name=Groovy, id=org.intellij.groovy, descriptorPath=plugin.xml, path=~/.gradle/caches/9.6.0/transforms/bea1b87427568a068e547fc0eae09392/transformed/ideaIC-2024.1/plugins/Groovy, version=241.14494.240, package=org.jetbrains.plugins.groovy, isBundled=true) misses optional descriptor duplicates-detection-groovy.xml
2026-08-20 23:54:57,616 [    249]   INFO - #c.i.u.i.PageCacheUtils - File page caching params:
2026-08-20 23:54:57,618 [    251]   INFO - #c.i.u.i.PageCacheUtils - 	DEFAULT_PAGE_SIZE: 10485760
2026-08-20 23:54:57,621 [    254]   INFO - #c.i.u.i.PageCacheUtils - 	Direct memory to use, max: 2126512128
2026-08-20 23:54:57,622 [    255]   INFO - #c.i.u.i.PageCacheUtils - 	FilePageCache: regular + lock-free (LOCK_FREE_PAGE_CACHE_ENABLED:true)
2026-08-20 23:54:57,628 [    261]   INFO - #c.i.u.i.PageCacheUtils - 	NEW_PAGE_CACHE_MEMORY_FRACTION: 0.20000000298023224
2026-08-20 23:54:57,629 [    262]   INFO - #c.i.u.i.PageCacheUtils - 	Regular FilePageCache: 503316478 bytes
2026-08-20 23:54:57,630 [    263]   INFO - #c.i.u.i.PageCacheUtils - 	New     FilePageCache: 125829122 bytes (+ up to 10.0% overflow)
2026-08-20 23:54:57,631 [    264]   INFO - #c.i.u.i.PageCacheUtils - 	DirectByteBuffers pool: 104857600 bytes
2026-08-20 23:54:57,633 [    266]   INFO - #c.i.i.p.PluginManager - Using cached broken plugins file
2026-08-20 23:54:57,654 [    287]   INFO - #c.i.p.i.b.AppStarter - JNA library (64-bit) loaded in 178 ms
2026-08-20 23:54:57,673 [    306]   INFO - #c.i.p.i.b.AppStarter - IDE: IntelliJ IDEA (build #IC-241.14494.240, Thu, 28 Mar 2024 05:12:00 GMT)
2026-08-20 23:54:57,684 [    317]   INFO - #c.i.p.i.b.AppStarter - OS: Linux (7.1.8-200.fc44.x86_64)
2026-08-20 23:54:57,698 [    331]   INFO - #c.i.p.i.b.AppStarter - JRE: 17.0.10+8-b1207.12, amd64 (JetBrains s.r.o.)
2026-08-20 23:54:57,702 [    335]   INFO - #c.i.p.i.b.AppStarter - JVM: 17.0.10+8-b1207.12 (OpenJDK 64-Bit Server VM)
2026-08-20 23:54:57,762 [    395]   INFO - #c.i.p.i.b.AppStarter - PID: 46282
2026-08-20 23:54:57,765 [    398]   INFO - #c.i.p.i.b.AppStarter - desktop: KDE
2026-08-20 23:54:57,898 [    531]   INFO - #c.i.p.i.b.AppStarter - toolkit: sun.awt.X11.XToolkit
2026-08-20 23:54:58,019 [    652]   INFO - #c.i.p.i.b.AppStarter - JVM options: [-Daether.connector.resumeDownloads=false, -Dawt.lock.fair=true, -Dide.native.launcher=false, -Dide.no.platform.update=false, -Dide.show.tips.on.startup.default.value=false, -Didea.auto.reload.plugins=true, -Didea.classpath.index.enabled=false, -Didea.config.path=/home/lucasalmeida/Developer/DockerRunner/.intellijPlatform/sandbox/DockerRunner/IC-2024.1/config, -Didea.is.internal=true, -Didea.log.path=/home/lucasalmeida/Developer/DockerRunner/.intellijPlatform/sandbox/DockerRunner/IC-2024.1/log, -Didea.paths.selector=IdeaIC2024.1, -Didea.platform.prefix=Idea, -Didea.plugin.in.sandbox.mode=true, -Didea.plugins.path=/home/lucasalmeida/Developer/DockerRunner/.intellijPlatform/sandbox/DockerRunner/IC-2024.1/plugins, -Didea.required.plugins.id=com.olezelelabs.dockerrunner, -Didea.reset.classpath.from.manifest=true, -Didea.system.path=/home/lucasalmeida/Developer/DockerRunner/.intellijPlatform/sandbox/DockerRunner/IC-2024.1/system, -Didea.vendor.name=JetBrains, -Dintellij.console.log.level=warning, -Dintellij.platform.runtime.repository.path=/home/lucasalmeida/.gradle/caches/9.6.0/transforms/bea1b87427568a068e547fc0eae09392/transformed/ideaIC-2024.1/modules/module-descriptors.jar, -Djava.system.class.loader=com.intellij.util.lang.PathClassLoader, -Djbr.catch.SIGABRT=true, -Djdk.attach.allowAttachSelf=true, -Djdk.http.auth.tunneling.disabledSchemes="", -Djdk.module.illegalAccess.silent=true, -Djna.boot.library.path=/home/lucasalmeida/.gradle/caches/9.6.0/transforms/bea1b87427568a068e547fc0eae09392/transformed/ideaIC-2024.1/lib/jna/amd64, -Djna.noclasspath=true, -Djna.nosys=true, -Dplugin.path=/home/lucasalmeida/Developer/DockerRunner/.intellijPlatform/sandbox/DockerRunner/IC-2024.1/plugins/DockerRunner, -Dpty4j.preferred.native.folder=/home/lucasalmeida/.gradle/caches/9.6.0/transforms/bea1b87427568a068e547fc0eae09392/transformed/ideaIC-2024.1/lib/pty4j, -Dsplash=true, -Dsun.awt.disablegrab=true, -Dsun.io.useCanonCaches=false, -Dsun.java2d.metal=true, -Dsun.tools.attach.tmp.only=true, -XX:+HeapDumpOnOutOfMemoryError, -XX:-OmitStackTraceInFastThrow, -XX:+IgnoreUnrecognizedVMOptions, -XX:CICompilerCount=2, -XX:ReservedCodeCacheSize=512m, -XX:CompileCommand=exclude,com/intellij/openapi/vfs/impl/FilePartNodeRoot,trieDescend, -XX:SoftRefLRUPolicyMSPerMB=50, --add-opens=java.base/java.io=ALL-UNNAMED, --add-opens=java.base/java.lang=ALL-UNNAMED, --add-opens=java.base/java.lang.ref=ALL-UNNAMED, --add-opens=java.base/java.lang.reflect=ALL-UNNAMED, --add-opens=java.base/java.net=ALL-UNNAMED, --add-opens=java.base/java.nio=ALL-UNNAMED, --add-opens=java.base/java.nio.charset=ALL-UNNAMED, --add-opens=java.base/java.text=ALL-UNNAMED, --add-opens=java.base/java.time=ALL-UNNAMED, --add-opens=java.base/java.util=ALL-UNNAMED, --add-opens=java.base/java.util.concurrent=ALL-UNNAMED, --add-opens=java.base/java.util.concurrent.atomic=ALL-UNNAMED, --add-opens=java.base/java.util.concurrent.locks=ALL-UNNAMED, --add-opens=java.base/jdk.internal.vm=ALL-UNNAMED, --add-opens=java.base/sun.nio.ch=ALL-UNNAMED, --add-opens=java.base/sun.nio.fs=ALL-UNNAMED, --add-opens=java.base/sun.security.ssl=ALL-UNNAMED, --add-opens=java.base/sun.security.util=ALL-UNNAMED, --add-opens=java.base/sun.net.dns=ALL-UNNAMED, --add-opens=java.desktop/com.sun.java.swing.plaf.gtk=ALL-UNNAMED, --add-opens=java.desktop/java.awt=ALL-UNNAMED, --add-opens=java.desktop/java.awt.dnd.peer=ALL-UNNAMED, --add-opens=java.desktop/java.awt.event=ALL-UNNAMED, --add-opens=java.desktop/java.awt.image=ALL-UNNAMED, --add-opens=java.desktop/java.awt.peer=ALL-UNNAMED, --add-opens=java.desktop/java.awt.font=ALL-UNNAMED, --add-opens=java.desktop/javax.swing=ALL-UNNAMED, --add-opens=java.desktop/javax.swing.plaf.basic=ALL-UNNAMED, --add-opens=java.desktop/javax.swing.text=ALL-UNNAMED, --add-opens=java.desktop/javax.swing.text.html=ALL-UNNAMED, --add-opens=java.desktop/sun.awt.X11=ALL-UNNAMED, --add-opens=java.desktop/sun.awt.datatransfer=ALL-UNNAMED, --add-opens=java.desktop/sun.awt.image=ALL-UNNAMED, --add-opens=java.desktop/sun.awt=ALL-UNNAMED, --add-opens=java.desktop/sun.font=ALL-UNNAMED, --add-opens=java.desktop/sun.java2d=ALL-UNNAMED, --add-opens=java.desktop/sun.swing=ALL-UNNAMED, --add-opens=java.desktop/com.sun.java.swing=ALL-UNNAMED, --add-opens=jdk.attach/sun.tools.attach=ALL-UNNAMED, --add-opens=jdk.compiler/com.sun.tools.javac.api=ALL-UNNAMED, --add-opens=jdk.internal.jvmstat/sun.jvmstat.monitor=ALL-UNNAMED, --add-opens=jdk.jdi/com.sun.tools.jdi=ALL-UNNAMED, -javaagent:/home/lucasalmeida/Developer/DockerRunner/.intellijPlatform/coroutines-javaagent-legacy.jar, -Xms128m, -Xmx2048m, -Dfile.encoding=UTF-8, -Duser.country=BR, -Duser.language=pt, -Duser.variant, -ea]
2026-08-20 23:54:58,021 [    654]   INFO - #c.i.p.i.b.AppStarter - args: 
2026-08-20 23:54:58,022 [    655]   INFO - #c.i.p.i.b.AppStarter - library path: /usr/java/packages/lib:/usr/lib64:/lib64:/lib:/usr/lib
2026-08-20 23:54:58,024 [    657]   INFO - #c.i.p.i.b.AppStarter - boot library path: /home/lucasalmeida/.gradle/caches/9.6.0/transforms/bea1b87427568a068e547fc0eae09392/transformed/ideaIC-2024.1/jbr/lib
2026-08-20 23:54:58,073 [    706]   INFO - #c.i.p.i.b.AppStarter - locale=pt_BR JNU=UTF-8 file.encoding=UTF-8
    idea.config.path=/home/lucasalmeida/Developer/DockerRunner/.intellijPlatform/sandbox/DockerRunner/IC-2024.1/config
    idea.system.path=/home/lucasalmeida/Developer/DockerRunner/.intellijPlatform/sandbox/DockerRunner/IC-2024.1/system
    idea.plugins.path=/home/lucasalmeida/Developer/DockerRunner/.intellijPlatform/sandbox/DockerRunner/IC-2024.1/plugins
    idea.log.path=/home/lucasalmeida/Developer/DockerRunner/.intellijPlatform/sandbox/DockerRunner/IC-2024.1/log
2026-08-20 23:54:58,086 [    719]   INFO - #c.i.p.i.b.AppStarter - CPU cores: 8; ForkJoinPool.commonPool: java.util.concurrent.ForkJoinPool@298412f3[Running, parallelism = 7, size = 0, active = 0, running = 0, steals = 0, tasks = 0, submissions = 0]; factory: com.intellij.concurrency.IdeaForkJoinWorkerThreadFactory@2a7c5c14
2026-08-20 23:54:58,098 [    731]   INFO - #c.i.i.p.PluginManager - PluginDescriptor(name=Docker Runner, id=com.olezelelabs.dockerrunner, descriptorPath=plugin.xml, path=~/Developer/DockerRunner/.intellijPlatform/sandbox/DockerRunner/IC-2024.1/plugins/DockerRunner, version=1.0-SNAPSHOT, package=null, isBundled=false) overrides PluginDescriptor(name=Docker Runner, id=com.olezelelabs.dockerrunner, descriptorPath=plugin.xml, path=~/Developer/DockerRunner/.intellijPlatform/sandbox/DockerRunner/IC-2024.1/plugins/DockerRunner, version=1.0-SNAPSHOT, package=null, isBundled=false)
2026-08-20 23:54:58,182 [    815]   INFO - #c.i.i.p.PluginManager - Module intellij.sh.python is not enabled because dependency intellij.python.community.impl is not available
Module intellij.groovy/ant is not enabled because dependency AntSupport is not available
Module intellij.qodana.jvm.swagger is not enabled because dependency com.intellij.swagger is not available
Module intellij.qodana.python is not enabled because dependency intellij.python is not available
Module intellij.qodana.php is not enabled because dependency com.jetbrains.php is not available
Module intellij.qodana.js is not enabled because dependency JavaScript is not available
Module intellij.qodana.inspectionKts.js is not enabled because dependency JavaScript is not available
Module intellij.qodana.go is not enabled because dependency intellij.go.coverage is not available
Module intellij.cwm.plugin.elevation is not enabled because dependency intellij.execution.process.elevation is not available
Module intellij.packageChecker.php is not enabled because dependency com.jetbrains.php is not available
Module intellij.packageChecker.python is not enabled because dependency intellij.python.community.impl is not available
Module intellij.packageChecker.javascript is not enabled because dependency JavaScript is not available
Module intellij.packageChecker.go is not enabled because dependency org.jetbrains.plugins.go is not available
2026-08-20 23:54:58,240 [    873]   INFO - #c.i.i.p.PluginManager - Loaded bundled plugins: IDEA CORE (241.14494.240), TextMate Bundles (241.14494.240), Images (241.14494.240), Copyright (241.14494.240), Emoji Picker (241.14494.240), EditorConfig (241.14494.240), IDE Services / Provisioner API (241.14494.240), Machine Learning in Search Everywhere (241.14494.240), YAML (241.14494.240), JetBrains maven model api classes (241.14494.240), JetBrains Repository Search (241.14494.240), Maven server api classes (241.14494.240), Markdown (241.14494.240), Terminal (241.14494.240), Mercurial (241.14494.240), Properties (241.14494.240), Gradle (241.14494.240), NetBeans Keymap (241.14494.240), JetBrains Marketplace Licensing (241.14494.240), com.intellij.dev (241.14494.240), Remote Execution Agent (241.14494.240), Shell Script (241.14494.240), HTML Tools (241.14494.240), Visual Studio Keymap (241.14494.240), Machine Learning Code Completion (241.14494.240), Toml (241.14494.240), WebP Support (241.14494.240), Performance Testing (241.14494.240), Grazie Lite (241.14494.240), Eclipse Keymap (241.14494.240), Perforce Helix Core (241.14494.240), GitLab (241.14494.240), IDE Features Trainer (241.14494.240), Java (241.14494.240), com.intellij.tracing.ide (241.14494.240), Java Bytecode Decompiler (241.14494.240), Java Stream Debugger (241.14494.240), Task Management (241.14494.240), GitHub (241.14494.240), JUnit (241.14494.240), Eclipse Interoperability (241.14494.240), IntelliLang (241.14494.240), Groovy (241.14494.240), JavaFX (241.14494.240), Turbo Complete (241.14494.240), Kotlin (241.14494.240-IJ), Gradle DSL API (241.14494.240), Java Internationalization (241.14494.240), UI Designer (241.14494.240), Bytecode Viewer (241.14494.240), Maven (241.14494.240), TestNG (241.14494.240), Code Coverage for Java (241.14494.240), Gradle-Java (241.14494.240), Gradle-Java-Analysis (241.14494.240), Gradle-Maven (241.14494.240), Java IDE Customization (241.14494.240), Settings Sync (241.14494.240), Git (241.14494.240), Qodana (241.14494.240), Configuration Script (241.14494.240), Shared Indexes (241.14494.240), Code With Me (241.14494.240), Subversion (241.14494.240), Package Checker (241.14494.240), Gradle Dependency Updater Implementation (241.14494.240), Async Profiler for IDE Performance Testing (241.14494.240)
2026-08-20 23:54:58,241 [    874]   INFO - #c.i.i.p.PluginManager - Loaded custom plugins: Docker Runner (1.0-SNAPSHOT)
2026-08-20 23:54:58,456 [   1089]   INFO - c.i.p.i.IdeFingerprint - Calculated dependencies fingerprint in 50 ms (hash=157asv4y20oid, buildTime=1711602720, appVersion=IC-241.14494.240)
2026-08-20 23:54:58,633 [   1266]   INFO - #c.i.o.v.n.p.FSRecords - VFS health-check enabled: first after 600000 ms, and each following 43200000 ms, wrap in RA: true
2026-08-20 23:54:58,757 [   1390]   INFO - #c.i.a.o.PathMacrosImpl - Loaded path macros: {MAVEN_REPOSITORY=/home/lucasalmeida/.m2/repository}
2026-08-20 23:54:58,867 [   1500]   INFO - #c.i.o.v.n.p.PersistentFSLoader - VFS uses 'fast' names enumerator (over mmapped file)
2026-08-20 23:54:58,881 [   1514]   INFO - #c.i.o.v.n.p.PersistentFSLoader - VFS uses streamlined attributes storage (over mmapped file)
2026-08-20 23:54:58,883 [   1516]   INFO - #c.i.o.v.n.p.PersistentFSLoader - VFS uses content storage over memory-mapped file, with compression algo: LZ4[ > 8000b ]
2026-08-20 23:54:58,992 [   1625]   INFO - #c.i.i.p.ExpiredPluginsState - Plugins to skip: []
2026-08-20 23:54:59,130 [   1763]   INFO - #c.i.o.v.n.p.PersistentFSLoader - VFS: impl (expected) version=846397, 95994 file records, 13 content blobs
2026-08-20 23:54:59,244 [   1877]   INFO - #c.i.o.v.n.p.FSRecordsImpl - VFS initialized: 397 ms, 0 failed attempts, 0 error(s) were recovered
2026-08-20 23:54:59,351 [   1984]   INFO - #c.i.o.v.i.l.NativeFileWatcherImpl - Starting file watcher: /home/lucasalmeida/.gradle/caches/9.6.0/transforms/bea1b87427568a068e547fc0eae09392/transformed/ideaIC-2024.1/bin/fsnotifier
2026-08-20 23:54:59,464 [   2097]   INFO - #c.i.o.v.n.p.FSRecordsImpl - VFS scanned: file-by-name index was populated
2026-08-20 23:54:59,496 [   2129]   INFO - #c.i.o.v.i.l.NativeFileWatcherImpl - Native file watcher is operational.
2026-08-20 23:55:00,086 [   2719]   INFO - #c.i.o.a.i.NonBlockingReadActionImpl - OTel monitoring for NonBlockingReadAction is enabled
2026-08-20 23:55:00,091 [   2724]   INFO - #c.i.u.n.s.CertificateManager - Default SSL context initialized
2026-08-20 23:55:00,159 [   2792]   INFO - #o.j.i.BuiltInServerManager - built-in server started, port 63342
2026-08-20 23:55:01,108 [   3741]   INFO - #c.i.p.i.m.GlobalMenuLinux - Start glib main loop in thread: GlobalMenuLinux loop
2026-08-20 23:55:01,118 [   3751]   INFO - #c.i.p.i.m.GlobalMenuLinux - Closed dbus-service 'com.canonical.AppMenu.Registrar'
2026-08-20 23:55:01,165 [   3798]   INFO - #c.i.i.s.p.i.SharedIndexMainZipStorage - Shared Indexes Storage is opened and empty
2026-08-20 23:55:01,176 [   3809]   WARN - #c.i.i.s.p.i.BundledSharedIndexProvider - Bundled shared index is not found at: /home/lucasalmeida/.gradle/caches/9.6.0/transforms/bea1b87427568a068e547fc0eae09392/transformed/ideaIC-2024.1/jdk-shared-indexes
2026-08-20 23:55:02,111 [   4744]   INFO - #c.i.u.i.FileBasedIndexImpl - Using nice flusher for indexes
2026-08-20 23:55:02,148 [   4781]   INFO - #c.i.u.i.IndexDataInitializer - Index data initialization done: 1235 ms. Initialized indexes: [FilenameIndex, Trigram.Index, fileIncludes, TodoIndex, IdIndex, filetypes, FrameworkDetectionIndex, DomFileIndex, XmlTagNames, RelaxSymbolIndex, editorconfig.index.name, XmlNamespaces, html5.custom.attributes.index, json.file.root.values, SchemaTypeInheritance, yaml.keys.name, java.auto.module.name, java.fun.expression, xmlProperties, java.binary.plus.expression, java.source.module.name, HtmlTagIdIndex, bytecodeAnalysis, java.null.method.argument, JavaFxControllerClassIndex, org.jetbrains.kotlin.idea.vfilefinder.KotlinPartialPackageNamesIndex, javafx.custom.component, javafx.id.name, Stubs, org.jetbrains.kotlin.idea.vfilefinder.KotlinClassFileIndex, org.jetbrains.kotlin.idea.versions.KotlinJsMetadataVersionIndex, org.jetbrains.kotlin.idea.vfilefinder.KotlinMetadataFileIndex, org.jetbrains.kotlin.idea.vfilefinder.KotlinJavaScriptMetaFileIndex, org.jetbrains.kotlin.idea.versions.KotlinJvmMetadataVersionIndex, org.jetbrains.kotlin.idea.vfilefinder.KotlinJvmModuleAnnotationsIndex, org.jetbrains.kotlin.idea.vfilefinder.KotlinMetadataFilePackageIndex, org.jetbrains.kotlin.idea.vfilefinder.KotlinModuleMappingIndex, org.jetbrains.kotlin.idea.vfilefinder.KotlinShortClassNameFileIndex, org.jetbrains.kotlin.idea.vfilefinder.KotlinStdlibIndex, KotlinPackageSourcesMemberNamesIndex, org.jetbrains.kotlin.idea.vfilefinder.KotlinBuiltInsMetadataIndex, KotlinTopLevelCallableByPackageShortNameIndex, KotlinTopLevelClassLikeDeclarationByPackageShortNameIndex, com.intellij.uiDesigner.FormClassIndex, org.jetbrains.kotlin.idea.vfilefinder.KlibMetaFileIndex, KotlinBinaryRootToPackageIndex].
2026-08-20 23:55:02,286 [   4919]   INFO - #c.i.o.a.i.ApplicationImpl - LONG VFS PROCESSING. Topic=BulkFileListener, offender=class com.intellij.history.integration.LocalHistoryEventDispatcher$LocalHistoryBulkFileListener, message=before, time=72ms
2026-08-20 23:55:02,482 [   5115]   WARN - #c.i.i.u.l.LafManagerImpl - VersionControl.Log.Commit.rowHeight = null in LookAndFeelThemeAdapter; it may lead to performance degradation
2026-08-20 23:55:02,641 [   5274]   INFO - #c.i.u.i.IndexDataInitializer - Index data initialization done: 491 ms. Initialized stub indexes: {gr.class.fqn.s, kotlin.primeIndexKey, gr.script.fqn.s, jvm.static.member.name, org.jetbrains.kotlin.idea.stubindex.KotlinFileFacadeFqNameIndex, KotlinTopLevelPropertyByPackageIndex, java.class.shortname, gr.annot.members, org.jetbrains.kotlin.idea.stubindex.KotlinExactPackagesIndex, KotlinExtensionsInObjectsByReceiverTypeIndex, java.unnamed.class, KotlinTopLevelTypeAliasByPackageIndex, org.jetbrains.kotlin.idea.stubindex.KotlinMultifileClassPartIndex, org.jetbrains.kotlin.idea.stubindex.KotlinFullClassNameIndex, KotlinTypeAliasByExpansionShortNameIndex, org.jetbrains.kotlin.idea.stubindex.KotlinFileFacadeShortNameIndex, gr.class.super, KotlinTopLevelExtensionsByReceiverTypeIndex, KotlinProbablyContractedFunctionShortNameIndex, java.module.name, markdown.header.anchor, org.jetbrains.kotlin.idea.stubindex.KotlinClassShortNameIndex, markdown.header, org.jetbrains.kotlin.idea.stubindex.KotlinJvmNameAnnotationIndex, KotlinOverridableInternalMembersShortNameIndex, org.jetbrains.kotlin.idea.stubindex.KotlinFilePartClassIndex, java.method.name, gr.annot.method.name, org.jetbrains.kotlin.idea.stubindex.KotlinTopLevelFunctionFqnNameIndex, KotlinFileFacadeClassByPackageIndex, gr.field.name, dom.namespaceKey, java.method.parameter.types, gr.anonymous.class, dom.elementClass, org.jetbrains.kotlin.idea.stubindex.KotlinTopLevelTypeAliasFqNameIndex, java.class.fqn, java.class.extlist, java.annotations, jvm.static.member.type, gr.method.name, java.anonymous.baseref, org.jetbrains.kotlin.idea.stubindex.KotlinPropertyShortNameIndex, org.jetbrains.kotlin.idea.stubindex.KotlinInnerTypeAliasClassIdIndex, KotlinTopLevelFunctionByPackageIndex, java.field.name, org.jetbrains.kotlin.idea.stubindex.KotlinTypeAliasShortNameIndex, org.jetbrains.kotlin.idea.stubindex.KotlinSubclassObjectNameIndex, KotlinProbablyNothingPropertyShortNameIndex, org.jetbrains.kotlin.idea.stubindex.KotlinTopLevelPropertyFqnNameIndex, org.jetbrains.kotlin.idea.stubindex.KotlinAnnotationsIndex, KotlinProbablyNothingFunctionShortNameIndex, org.jetbrains.kotlin.idea.stubindex.KotlinFunctionShortNameIndex, properties.index, gr.script.class, org.jetbrains.kotlin.idea.stubindex.KotlinSuperClassIndex, org.jetbrains.kotlin.idea.stubindex.KotlinScriptFqnIndex, org.jetbrains.kotlin.idea.stubindex.KotlinTopLevelClassByPackageIndex}.
2026-08-20 23:55:02,667 [   5300]   INFO - #c.i.u.i.StaleIndexesChecker - clearing stale id = 14503, path =  //home/lucasalmeida/Developer/DockerRunner/.intellijPlatform/sandbox/DockerRunner/IC-2024.1/config/workspace/3ICnp63d3eYvrnOzoHmiAnT1cH1.xml
2026-08-20 23:55:02,762 [   5395]   INFO - #c.i.o.v.n.p.d.e.DurableEnumeratorFactory - [enumerator.mmapped]: .valueHashToId (in memory) was filled (15 records)
2026-08-20 23:55:03,490 [   6123]   INFO - #c.i.p.s.StubUpdatingIndexStorage - Not updating IndexingStampInfo. inputId=14503,result=true
2026-08-20 23:55:03,572 [   6205]   INFO - #c.i.p.i.m.GlobalMenuLinux - created instance of GlobalMenuLinux for frame: com.intellij.openapi.wm.impl.IdeFrameImpl[frame0,10,20,1346x728,invalid,layout=java.awt.BorderLayout,title=,resizable,normal,defaultCloseOperation=DO_NOTHING_ON_CLOSE,rootPane=com.intellij.openapi.wm.impl.IdeRootPane[,5,25,1336x698,invalid,layout=com.intellij.openapi.wm.impl.IdeRootPane$MyRootLayout,alignmentX=0.0,alignmentY=0.0,border=,flags=449,maximumSize=,minimumSize=,preferredSize=],rootPaneCheckingEnabled=true]
2026-08-20 23:55:03,581 [   6214]   INFO - #c.i.u.i.StaleIndexesChecker - clearing stale id = 14605, path =  //home/lucasalmeida/IdeaProjects/teste/.idea/workspace.xml
2026-08-20 23:55:03,641 [   6274]   INFO - #c.i.p.s.StubUpdatingIndexStorage - Not updating IndexingStampInfo. inputId=14605,result=true
2026-08-20 23:55:03,676 [   6309]   INFO - #c.i.u.i.StaleIndexesChecker - clearing stale id = 95994, path =  //home/lucasalmeida/IdeaProjects/teste/Dockerfile
2026-08-20 23:55:03,728 [   6361]   INFO - #c.i.p.s.StubUpdatingIndexStorage - Not updating IndexingStampInfo. inputId=95994,result=true
2026-08-20 23:55:03,863 [   6496]   INFO - #c.i.w.i.i.WorkspaceModelImpl - Load workspace model from cache in 836 ms
2026-08-20 23:55:03,980 [   6613]   INFO - #c.i.w.i.i.GlobalWorkspaceModel - Load global workspace model from cache in 45 ms
2026-08-20 23:55:04,164 [   6797]   INFO - #c.i.w.i.i.WorkspaceModelImpl - Project model updated silently to version 1 in 8 ms: Add module mapping
2026-08-20 23:55:04,488 [   7121]   INFO - #c.i.w.i.i.EntitiesOrphanageImpl - Update orphanage. 0 modules added
2026-08-20 23:55:04,515 [   7148]   INFO - #c.i.w.i.i.WorkspaceModelImpl - Project model updated to version 2 in 149 ms: Sync global entities with project: teste
2026-08-20 23:55:04,983 [   7616]   INFO - PerformancePlugin - Performance Plugin is in silent mode
2026-08-20 23:55:05,072 [   7705]   INFO - #c.i.p.c.ProjectCodeStyleSettingsManager - Initialized from default code style settings.
2026-08-20 23:55:05,285 [   7918] SEVERE - #com.olezelelabs.dockerrunner.DockerComposeRunAction - `ActionUpdateThread.OLD_EDT` is deprecated and going to be removed soon. 'com.olezelelabs.dockerrunner.DockerComposeRunAction' must override `getActionUpdateThread` and chose EDT or BGT. See ActionUpdateThread javadoc. [Plugin: com.olezelelabs.dockerrunner]
com.intellij.diagnostic.PluginException: `ActionUpdateThread.OLD_EDT` is deprecated and going to be removed soon. 'com.olezelelabs.dockerrunner.DockerComposeRunAction' must override `getActionUpdateThread` and chose EDT or BGT. See ActionUpdateThread javadoc. [Plugin: com.olezelelabs.dockerrunner]
	at com.intellij.diagnostic.PluginProblemReporterImpl.createPluginExceptionByClass(PluginProblemReporterImpl.java:23)
	at com.intellij.diagnostic.PluginException.createByClass(PluginException.java:90)
	at com.intellij.diagnostic.PluginException.reportDeprecatedUsage(PluginException.java:125)
	at com.intellij.openapi.actionSystem.ActionUpdateThreadAware.getActionUpdateThread(ActionUpdateThreadAware.java:21)
	at com.intellij.openapi.actionSystem.AnAction.getActionUpdateThread(AnAction.java:199)
2026-08-20 23:55:05,653 [   8286]   INFO - #c.i.r.OsRegistryConfigProvider - Looking for 'enabled' value in [/etc/xdg/JetBrains/portForwarding/enabled, /etc/xdg/JetBrains/portForwarding/config.json, /home/lucasalmeida/.config/JetBrains/portForwarding/enabled, /home/lucasalmeida/.config/JetBrains/portForwarding/config.json, /home/lucasalmeida/.config/kdedefaults/JetBrains/portForwarding/enabled, /home/lucasalmeida/.config/kdedefaults/JetBrains/portForwarding/config.json, /etc/xdg/JetBrains/portForwarding/enabled, /etc/xdg/JetBrains/portForwarding/config.json, /usr/share/kde-settings/kde-profile/default/xdg/JetBrains/portForwarding/enabled, /usr/share/kde-settings/kde-profile/default/xdg/JetBrains/portForwarding/config.json]
2026-08-20 23:55:05,695 [   8328]   INFO - #c.i.r.OsRegistryConfigProvider - OS provided value for 'enabled' is not found
2026-08-20 23:55:05,987 [   8620] SEVERE - #com.olezelelabs.dockerrunner.DockerComposeRunAction - IntelliJ IDEA 2024.1  Build #IC-241.14494.240
2026-08-20 23:55:06,002 [   8635] SEVERE - #com.olezelelabs.dockerrunner.DockerComposeRunAction - JDK: 17.0.10; VM: OpenJDK 64-Bit Server VM; Vendor: JetBrains s.r.o.
2026-08-20 23:55:06,005 [   8638] SEVERE - #com.olezelelabs.dockerrunner.DockerComposeRunAction - OS: Linux
2026-08-20 23:55:06,020 [   8653] SEVERE - #com.olezelelabs.dockerrunner.DockerComposeRunAction - Plugin to blame: Docker Runner version: 1.0-SNAPSHOT
2026-08-20 23:55:06,022 [   8655] SEVERE - #com.olezelelabs.dockerrunner.DockerComposeRunAction - Last Action: 
2026-08-20 23:55:06,484 [   9117]   INFO - #c.i.o.p.MergingQueueGuiExecutor - Running task: (dumb mode task) com.intellij.openapi.project.InitialDumbTaskRequiredForSmartMode@26a08214
2026-08-20 23:55:06,487 [   9120]   INFO - #c.i.o.p.DumbServiceMergingTaskQueue - Initializing DumbServiceMergingTaskQueue...
2026-08-20 23:55:06,488 [   9121]   INFO - #c.i.o.p.DumbServiceMergingTaskQueue - Running initialization condition: com.intellij.indexing.shared.download.SharedIndexDownloadedCondition@215e7796
2026-08-20 23:55:06,493 [   9126]   INFO - #c.i.o.p.DumbServiceMergingTaskQueue - Finished: com.intellij.indexing.shared.download.SharedIndexDownloadedCondition@215e7796
2026-08-20 23:55:06,512 [   9145]   INFO - #c.i.o.p.InitialDumbTaskRequiredForSmartMode - Running task required for smart mode: com.intellij.indexing.shared.platform.impl.OnDiskSharedIndexChunkLocator@361ed1e0
2026-08-20 23:55:06,519 [   9152]   INFO - #c.i.o.p.InitialDumbTaskRequiredForSmartMode - Finished task required for smart mode: com.intellij.indexing.shared.platform.impl.OnDiskSharedIndexChunkLocator@361ed1e0
2026-08-20 23:55:06,521 [   9154]   INFO - #c.i.o.p.InitialDumbTaskRequiredForSmartMode - Running task required for smart mode: com.intellij.util.indexing.ProjectFileBasedIndexStartupActivity@66e74f09
2026-08-20 23:55:06,541 [   9174]   INFO - #c.i.u.i.p.IncrementalProjectIndexableFilesFilterHolder - IncrementalProjectIndexableFilesFilterFactory is chosen as indexable files filter factory for project: teste
2026-08-20 23:55:06,582 [   9215]   INFO - #c.i.o.p.InitialDumbTaskRequiredForSmartMode - Finished task required for smart mode: com.intellij.util.indexing.ProjectFileBasedIndexStartupActivity@66e74f09
2026-08-20 23:55:06,583 [   9216]   INFO - #c.i.o.p.InitialDumbTaskRequiredForSmartMode - Running task required for smart mode: com.intellij.util.indexing.FileBasedIndexInfrastructureExtensionStartup@23f88e45
2026-08-20 23:55:06,589 [   9222]   INFO - #c.i.o.p.InitialDumbTaskRequiredForSmartMode - Finished task required for smart mode: com.intellij.util.indexing.FileBasedIndexInfrastructureExtensionStartup@23f88e45
2026-08-20 23:55:06,591 [   9224]   INFO - #c.i.o.p.InitialDumbTaskRequiredForSmartMode - Running task required for smart mode: com.intellij.externalDependencies.impl.CheckRequiredPluginsActivity@1120c6fe
2026-08-20 23:55:06,597 [   9230]   INFO - #c.i.o.p.InitialDumbTaskRequiredForSmartMode - Finished task required for smart mode: com.intellij.externalDependencies.impl.CheckRequiredPluginsActivity@1120c6fe
2026-08-20 23:55:06,599 [   9232]   INFO - #c.i.o.p.InitialDumbTaskRequiredForSmartMode - Running task required for smart mode: com.intellij.util.indexing.DumbModeWhileScanningSubscriber@6072f20d
2026-08-20 23:55:06,614 [   9247]   INFO - #c.i.o.p.InitialDumbTaskRequiredForSmartMode - Finished task required for smart mode: com.intellij.util.indexing.DumbModeWhileScanningSubscriber@6072f20d
2026-08-20 23:55:06,616 [   9249]   INFO - #c.i.o.p.InitialDumbTaskRequiredForSmartMode - Running task required for smart mode: com.intellij.ide.projectWizard.generators.SdkPreIndexingRequiredForSmartModeActivity@207cb75f
2026-08-20 23:55:06,622 [   9255]   INFO - #c.i.o.p.InitialDumbTaskRequiredForSmartMode - Finished task required for smart mode: com.intellij.ide.projectWizard.generators.SdkPreIndexingRequiredForSmartModeActivity@207cb75f
2026-08-20 23:55:06,623 [   9256]   INFO - #c.i.o.p.MergingQueueGuiExecutor - Task finished: (dumb mode task) com.intellij.openapi.project.InitialDumbTaskRequiredForSmartMode@26a08214
2026-08-20 23:55:06,952 [   9585]   INFO - #c.i.u.i.ManagedPersistentCache - created persistent map persistent-folding-teste-2473fa2c with size 1
2026-08-20 23:55:06,972 [   9605]   INFO - #c.i.u.i.ManagedPersistentCache - created persistent map persistent-markup-teste-2473fa2c with size 1
2026-08-20 23:55:06,973 [   9606]   INFO - #c.i.u.i.ManagedPersistentCache - created persistent map persistent-declarative-hints-teste-2473fa2c with size 0
2026-08-20 23:55:06,973 [   9606]   INFO - #c.i.u.i.ManagedPersistentCache - created persistent map persistent-code-vision-teste-2473fa2c with size 0
2026-08-20 23:55:06,972 [   9605]   INFO - #c.i.u.i.ManagedPersistentCache - created persistent map persistent-parameter-hints-teste-2473fa2c with size 0
2026-08-20 23:55:07,894 [  10527]   INFO - #c.j.r.f.FollowMeManager - Register new user (name: 'lucasalmeida', client id: Host)
2026-08-20 23:55:07,956 [  10589]   INFO - #c.i.o.a.i.ActionUpdater - 1337 ms to grab EDT for DockerComposeRunAction#presentation@NavBarToolbar (com.olezelelabs.dockerrunner.DockerComposeRunAction)
2026-08-20 23:55:08,093 [  10726]   INFO - #c.i.o.a.i.ActionUpdater - 611 ms to grab EDT for ToolWindowHeader$2#children@ToolwindowTitle (com.intellij.toolWindow.ToolWindowHeader$2)
2026-08-20 23:55:08,283 [  10916]   INFO - #c.i.o.p.MergingQueueGuiExecutor - Running task: (dumb mode task) com.intellij.util.indexing.UnindexedFilesScanner$2@79faaa3f
2026-08-20 23:55:08,292 [  10925]   INFO - #c.i.o.p.MergingQueueGuiExecutor - Task finished: (dumb mode task) com.intellij.util.indexing.UnindexedFilesScanner$2@79faaa3f
2026-08-20 23:55:08,293 [  10926]   INFO - #c.i.o.p.MergingQueueGuiExecutor - Running task: UnindexedFilesScanner[teste]
2026-08-20 23:55:08,668 [  11301]   INFO - #c.i.u.i.UnindexedFilesScanner - Started scanning for indexing of teste. Reason: On project open
2026-08-20 23:55:08,691 [  11324]   INFO - #c.i.u.i.UnindexedFilesScanner - Performing delayed pushing properties tasks for teste took 10ms; general responsiveness: ok; EDT responsiveness: ok
2026-08-20 23:55:08,786 [  11419]   INFO - #c.i.u.i.d.AppIndexingDependenciesService - Invalidating all indexing flags. Reason: App fingerprint changed: FingerprintImpl(fingerprint=6220796921897560659) to FingerprintImpl(fingerprint=5423179997312943637)
2026-08-20 23:55:08,832 [  11465]   INFO - #c.i.u.i.UnindexedFilesScanner - Scanning of teste uses 7 scanning threads
2026-08-20 23:55:09,159 [  11792]   INFO - #c.i.u.i.IndexingReasonExplanationLogger - Scanner has updated file workspace.xml with appliers: [SingleIndexValueApplier{indexId=filetypes, inputId=14605, fileInfo='workspace.xml(id=14605)'}] and removers: []; 
2026-08-20 23:55:09,229 [  11862]   INFO - #c.i.u.i.IndexingReasonExplanationLogger - Scheduling indexing of Dockerfile by request of indexes: [Trigram.Index->NOT_INDEXED,IdIndex->NOT_INDEXED,filetypes->NOT_INDEXED,]. Scanner has updated file Dockerfile with appliers: [SingleIndexValueApplier{indexId=filetypes, inputId=95994, fileInfo='Dockerfile(id=95994)'}] and removers: []; 
2026-08-20 23:55:09,551 [  12184]   INFO - #c.i.o.a.i.ActionUpdater - 1452 ms to grab EDT for DockToolWindowAction#presentation@ToolwindowTitle (com.intellij.openapi.wm.impl.DockToolWindowAction)
2026-08-20 23:55:09,552 [  12185]   INFO - #c.i.o.a.i.ActionUpdater - 1440 ms to grab EDT for ExpandAllAction#presentation@ToolwindowTitle (com.intellij.ide.actions.ExpandAllAction)
2026-08-20 23:55:09,553 [  12186]   INFO - #c.i.o.a.i.ActionUpdater - 1440 ms to grab EDT for CollapseAllAction#presentation@ToolwindowTitle (com.intellij.ide.actions.CollapseAllAction)
2026-08-20 23:55:09,582 [  12215]   WARN - #c.i.o.a.i.ActionUpdater - 4945 ms total to grab EDT 4 times to expand ToolWindowHeader$2@ToolwindowTitle (com.intellij.toolWindow.ToolWindowHeader$2). Use `ActionUpdateThread.BGT`.
2026-08-20 23:55:09,603 [  12236]   INFO - #c.i.o.p.DumbServiceImpl - exit dumb mode [teste]
2026-08-20 23:55:09,938 [  12571]   INFO - #c.i.o.a.i.ActionUpdater - 320 ms to grab EDT for ToolWindowHeader$2#children@ToolwindowTitle (com.intellij.toolWindow.ToolWindowHeader$2)
2026-08-20 23:55:10,121 [  12754]   INFO - #c.i.o.a.i.ActionUpdater - 337 ms to grab EDT for DockerComposeRunAction#presentation@NavBarToolbar (com.olezelelabs.dockerrunner.DockerComposeRunAction)
2026-08-20 23:55:10,519 [  13152]   INFO - #c.i.o.u.i.UpdateCheckerService - channel: release
2026-08-20 23:55:11,200 [  13833]   WARN - #c.i.o.a.i.ActionUpdater - 1038 ms to call on BGT ExecutorRegistryImpl$ExecutorAction#presentation@NavBarToolbar (com.intellij.execution.ExecutorRegistryImpl$ExecutorAction(id=Debug))
2026-08-20 23:55:11,201 [  13834]   WARN - #c.i.o.a.i.ActionUpdater - 1046 ms to call on BGT ExecutorRegistryImpl$ExecutorAction#presentation@NavBarToolbar (com.intellij.execution.ExecutorRegistryImpl$ExecutorAction(id=Run))
2026-08-20 23:55:11,508 [  14141]   INFO - #c.i.o.e.s.p.m.ExternalProjectsDataStorage - Load external projects data in 5 millis (read time: 5)
2026-08-20 23:55:11,533 [  14166] SEVERE - #c.i.c.ComponentStoreImpl - Cannot init component state (componentName=GradleJvmSupportMatrix, componentClass=GradleJvmSupportMatrix) [Plugin: com.intellij.gradle]
com.intellij.diagnostic.PluginException: Cannot init component state (componentName=GradleJvmSupportMatrix, componentClass=GradleJvmSupportMatrix) [Plugin: com.intellij.gradle]
	at com.intellij.configurationStore.ComponentStoreImpl.initComponent(ComponentStoreImpl.kt:181)
	at com.intellij.configurationStore.ComponentStoreWithExtraComponents.initComponent(ComponentStoreWithExtraComponents.kt:44)
	at com.intellij.serviceContainer.ComponentManagerImpl.initializeService$intellij_platform_serviceContainer(ComponentManagerImpl.kt:659)
	at com.intellij.serviceContainer.ServiceInstanceInitializer.createInstance$suspendImpl(ServiceInstanceInitializer.kt:70)
	at com.intellij.serviceContainer.ServiceInstanceInitializer.createInstance(ServiceInstanceInitializer.kt)
	at com.intellij.platform.instanceContainer.internal.LazyInstanceHolder$initialize$1$1.invokeSuspend(LazyInstanceHolder.kt:162)
	at com.intellij.platform.instanceContainer.internal.LazyInstanceHolder$initialize$1$1.invoke(LazyInstanceHolder.kt)
	at com.intellij.platform.instanceContainer.internal.LazyInstanceHolder$initialize$1$1.invoke(LazyInstanceHolder.kt)
	at kotlinx.coroutines.intrinsics.UndispatchedKt.startUndispatchedOrReturn(Undispatched.kt:78)
	at kotlinx.coroutines.BuildersKt__Builders_commonKt.withContext(Builders.common.kt:167)
	at kotlinx.coroutines.BuildersKt.withContext(Unknown Source)
	at com.intellij.platform.instanceContainer.internal.LazyInstanceHolder$initialize$1.invokeSuspend(LazyInstanceHolder.kt:160)
	at com.intellij.platform.instanceContainer.internal.LazyInstanceHolder$initialize$1.invoke(LazyInstanceHolder.kt)
	at com.intellij.platform.instanceContainer.internal.LazyInstanceHolder$initialize$1.invoke(LazyInstanceHolder.kt)
	at kotlinx.coroutines.intrinsics.UndispatchedKt.startCoroutineUndispatched(Undispatched.kt:44)
	at kotlinx.coroutines.CoroutineStart.invoke(CoroutineStart.kt:112)
	at kotlinx.coroutines.AbstractCoroutine.start(AbstractCoroutine.kt:126)
	at kotlinx.coroutines.BuildersKt__Builders_commonKt.launch(Builders.common.kt:56)
	at kotlinx.coroutines.BuildersKt.launch(Unknown Source)
	at com.intellij.platform.instanceContainer.internal.LazyInstanceHolder.initialize(LazyInstanceHolder.kt:145)
	at com.intellij.platform.instanceContainer.internal.LazyInstanceHolder.access$initialize(LazyInstanceHolder.kt:13)
	at com.intellij.platform.instanceContainer.internal.LazyInstanceHolder.tryInitialize(LazyInstanceHolder.kt:135)
	at com.intellij.platform.instanceContainer.internal.LazyInstanceHolder.getInstance(LazyInstanceHolder.kt:95)
	at com.intellij.platform.instanceContainer.internal.LazyInstanceHolder.getInstanceInCallerContext$suspendImpl(LazyInstanceHolder.kt:87)
	at com.intellij.platform.instanceContainer.internal.LazyInstanceHolder.getInstanceInCallerContext(LazyInstanceHolder.kt)
	at com.intellij.serviceContainer.ComponentManagerImplKt$getOrCreateInstanceBlocking$3.invokeSuspend(ComponentManagerImpl.kt:1548)
	at kotlin.coroutines.jvm.internal.BaseContinuationImpl.resumeWith(ContinuationImpl.kt:33)
	at kotlinx.coroutines.DispatchedTask.run(DispatchedTask.kt:108)
	at kotlinx.coroutines.EventLoopImplBase.processNextEvent(EventLoop.common.kt:280)
	at kotlinx.coroutines.BlockingCoroutine.joinBlocking(Builders.kt:85)
	at kotlinx.coroutines.BuildersKt__BuildersKt.runBlocking(Builders.kt:59)
	at kotlinx.coroutines.BuildersKt.runBlocking(Unknown Source)
	at com.intellij.serviceContainer.ComponentManagerImplKt$runBlockingInitialization$1.invoke(ComponentManagerImpl.kt:1636)
	at com.intellij.serviceContainer.ComponentManagerImplKt$runBlockingInitialization$1.invoke(ComponentManagerImpl.kt:1627)
	at com.intellij.openapi.progress.ContextKt.prepareThreadContext(context.kt:80)
	at com.intellij.serviceContainer.ComponentManagerImplKt.runBlockingInitialization(ComponentManagerImpl.kt:1627)
	at com.intellij.serviceContainer.ComponentManagerImplKt.getOrCreateInstanceBlocking(ComponentManagerImpl.kt:1547)
	at com.intellij.serviceContainer.ComponentManagerImpl.doGetService(ComponentManagerImpl.kt:754)
	at com.intellij.serviceContainer.ComponentManagerImpl.getService(ComponentManagerImpl.kt:698)
	at org.jetbrains.plugins.gradle.jvmcompat.GradleJvmSupportMatrix$Companion.getInstance(GradleJvmSupportMatrix.kt:224)
	at org.jetbrains.plugins.gradle.jvmcompat.GradleCompatibilitySupportUpdater.<init>(GradleCompatibilitySupportUpdater.kt:14)
	at com.intellij.platform.instanceContainer.instantiation.InstantiateKt$instantiate$2.invoke(instantiate.kt:45)
	at com.intellij.platform.instanceContainer.instantiation.InstantiateKt$instantiate$2.invoke(instantiate.kt:42)
	at com.intellij.platform.instanceContainer.instantiation.InstantiateKt.instantiate(instantiate.kt:308)
	at com.intellij.platform.instanceContainer.instantiation.InstantiateKt.instantiate(instantiate.kt:42)
	at com.intellij.serviceContainer.ServiceInstanceInitializer.createInstance$suspendImpl(ServiceInstanceInitializer.kt:31)
	at com.intellij.serviceContainer.ServiceInstanceInitializer.createInstance(ServiceInstanceInitializer.kt)
	at com.intellij.platform.instanceContainer.internal.LazyInstanceHolder$initialize$1$1.invokeSuspend(LazyInstanceHolder.kt:162)
	at com.intellij.platform.instanceContainer.internal.LazyInstanceHolder$initialize$1$1.invoke(LazyInstanceHolder.kt)
	at com.intellij.platform.instanceContainer.internal.LazyInstanceHolder$initialize$1$1.invoke(LazyInstanceHolder.kt)
	at kotlinx.coroutines.intrinsics.UndispatchedKt.startUndispatchedOrReturn(Undispatched.kt:78)
	at kotlinx.coroutines.BuildersKt__Builders_commonKt.withContext(Builders.common.kt:167)
	at kotlinx.coroutines.BuildersKt.withContext(Unknown Source)
	at com.intellij.platform.instanceContainer.internal.LazyInstanceHolder$initialize$1.invokeSuspend(LazyInstanceHolder.kt:160)
	at com.intellij.platform.instanceContainer.internal.LazyInstanceHolder$initialize$1.invoke(LazyInstanceHolder.kt)
	at com.intellij.platform.instanceContainer.internal.LazyInstanceHolder$initialize$1.invoke(LazyInstanceHolder.kt)
	at kotlinx.coroutines.intrinsics.UndispatchedKt.startCoroutineUndispatched(Undispatched.kt:44)
	at kotlinx.coroutines.CoroutineStart.invoke(CoroutineStart.kt:112)
	at kotlinx.coroutines.AbstractCoroutine.start(AbstractCoroutine.kt:126)
	at kotlinx.coroutines.BuildersKt__Builders_commonKt.launch(Builders.common.kt:56)
	at kotlinx.coroutines.BuildersKt.launch(Unknown Source)
	at com.intellij.platform.instanceContainer.internal.LazyInstanceHolder.initialize(LazyInstanceHolder.kt:145)
	at com.intellij.platform.instanceContainer.internal.LazyInstanceHolder.access$initialize(LazyInstanceHolder.kt:13)
	at com.intellij.platform.instanceContainer.internal.LazyInstanceHolder.tryInitialize(LazyInstanceHolder.kt:135)
	at com.intellij.platform.instanceContainer.internal.LazyInstanceHolder.getInstance(LazyInstanceHolder.kt:95)
	at com.intellij.platform.instanceContainer.internal.LazyInstanceHolder.getInstance$suspendImpl(LazyInstanceHolder.kt:83)
	at com.intellij.platform.instanceContainer.internal.LazyInstanceHolder.getInstance(LazyInstanceHolder.kt)
	at com.intellij.platform.instanceContainer.internal.InstanceContainerImpl.instance(InstanceContainerImpl.kt:68)
	at com.intellij.serviceContainer.ComponentManagerImpl.getServiceAsync(ComponentManagerImpl.kt:702)
	at org.jetbrains.plugins.gradle.service.project.GradleVersionUpdateStartupActivity.execute(GradleVersionUpdateStartupActivity.kt:26)
	at com.intellij.ide.startup.impl.StartupManagerImplKt$launchActivity$1.invokeSuspend(StartupManagerImpl.kt:473)
	at kotlin.coroutines.jvm.internal.BaseContinuationImpl.resumeWith(ContinuationImpl.kt:33)
	at kotlinx.coroutines.DispatchedTask.run(DispatchedTask.kt:108)
	at kotlinx.coroutines.scheduling.CoroutineScheduler.runSafely(CoroutineScheduler.kt:584)
	at kotlinx.coroutines.scheduling.CoroutineScheduler$Worker.executeTask(CoroutineScheduler.kt:793)
	at kotlinx.coroutines.scheduling.CoroutineScheduler$Worker.runWorker(CoroutineScheduler.kt:697)
	at kotlinx.coroutines.scheduling.CoroutineScheduler$Worker.run(CoroutineScheduler.kt:684)
Caused by: java.lang.IllegalArgumentException: 25
	at com.intellij.util.lang.JavaVersion.parse(JavaVersion.java:307)
	at org.jetbrains.plugins.gradle.jvmcompat.GradleJvmSupportMatrix$getCompatibilityRanges$1$javaRange$1.invoke(GradleJvmSupportMatrix.kt:44)
	at org.jetbrains.plugins.gradle.jvmcompat.GradleJvmSupportMatrix$getCompatibilityRanges$1$javaRange$1.invoke(GradleJvmSupportMatrix.kt:44)
	at org.jetbrains.plugins.gradle.jvmcompat.IdeVersionedDataParser$Companion.parseVersion(IdeVersionedDataParser.kt:21)
	at org.jetbrains.plugins.gradle.jvmcompat.IdeVersionedDataParser$Companion.parseRange(IdeVersionedDataParser.kt:31)
	at org.jetbrains.plugins.gradle.jvmcompat.GradleJvmSupportMatrix.getCompatibilityRanges(GradleJvmSupportMatrix.kt:44)
	at org.jetbrains.plugins.gradle.jvmcompat.GradleJvmSupportMatrix.applyState(GradleJvmSupportMatrix.kt:28)
	at org.jetbrains.plugins.gradle.jvmcompat.GradleJvmSupportMatrix.onStateChanged(GradleJvmSupportMatrix.kt:50)
	at org.jetbrains.plugins.gradle.jvmcompat.GradleJvmSupportMatrix.onStateChanged(GradleJvmSupportMatrix.kt:13)
	at org.jetbrains.plugins.gradle.jvmcompat.IdeVersionedDataStorage.loadState(IdeVersionedDataStorage.kt:38)
	at org.jetbrains.plugins.gradle.jvmcompat.IdeVersionedDataStorage.loadState(IdeVersionedDataStorage.kt:7)
	at com.intellij.configurationStore.ComponentStoreImpl.doInitComponent(ComponentStoreImpl.kt:587)
	at com.intellij.configurationStore.ComponentStoreImpl.initComponent(ComponentStoreImpl.kt:487)
	at com.intellij.configurationStore.ComponentStoreImpl.initComponent(ComponentStoreImpl.kt:156)
	... 76 more
2026-08-20 23:55:11,547 [  14180] SEVERE - #c.i.c.ComponentStoreImpl - IntelliJ IDEA 2024.1  Build #IC-241.14494.240
2026-08-20 23:55:11,549 [  14182] SEVERE - #c.i.c.ComponentStoreImpl - JDK: 17.0.10; VM: OpenJDK 64-Bit Server VM; Vendor: JetBrains s.r.o.
2026-08-20 23:55:11,553 [  14186] SEVERE - #c.i.c.ComponentStoreImpl - OS: Linux
2026-08-20 23:55:11,554 [  14187] SEVERE - #c.i.c.ComponentStoreImpl - Last Action: 
2026-08-20 23:55:11,615 [  14248]   INFO - #c.i.c.CompilerWorkspaceConfiguration - Available processors: 8
2026-08-20 23:55:11,630 [  14263]   INFO - #c.i.o.p.SmartModeScheduler - Post-startup activity executed. Current mode: 5
2026-08-20 23:55:11,679 [  14312]   INFO - #c.i.i.s.IdeStartupScripts - 0 startup script(s) found
2026-08-20 23:55:11,705 [  14338]   INFO - #c.i.d.PerformanceWatcherImpl - Post-startup activities under progress took 539ms; general responsiveness: 0/12 sluggish, 12/12 very slow; EDT responsiveness: ok
2026-08-20 23:55:14,055 [  16688]   INFO - #c.i.w.i.i.j.s.JpsGlobalModelSynchronizerImpl - Loading global entities com.intellij.platform.workspace.jps.entities.SdkEntity from files
2026-08-20 23:55:14,076 [  16709]   INFO - #c.i.w.i.i.j.s.JpsGlobalModelSynchronizerImpl - Loading global entities com.intellij.platform.workspace.jps.entities.LibraryEntity from files
2026-08-20 23:55:14,155 [  16788]   INFO - #c.i.w.i.i.EntitiesOrphanageImpl - Update orphanage. 0 modules added
2026-08-20 23:55:14,161 [  16794]   INFO - #c.i.w.i.i.WorkspaceModelImpl - Project model updated to version 3 in 12 ms: Sync global entities with project: teste
2026-08-20 23:55:14,162 [  16795]   INFO - #c.i.w.i.i.GlobalWorkspaceModel - Global model updated to version 2 in 26 ms: Sync global entities with state
2026-08-20 23:55:16,784 [  19417]   INFO - #c.i.u.i.UnindexedFilesScanner - Scanning completed for teste. Number of scanned files: 42583; number of files for indexing: 1 took 8093ms; general responsiveness: 0/16 sluggish, 13/16 very slow; EDT responsiveness: 0/5 sluggish, 1/5 very slow
2026-08-20 23:55:16,789 [  19422]   INFO - #c.i.o.p.InitialVfsRefreshService - 2473fa2c: marking roots for initial VFS refresh
2026-08-20 23:55:16,797 [  19430]   INFO - #c.i.o.p.DumbServiceImpl - enter dumb mode [teste]
2026-08-20 23:55:16,799 [  19432]   INFO - #c.i.o.p.InitialVfsRefreshService - 2473fa2c: starting initial VFS refresh of 4 roots
2026-08-20 23:55:16,798 [  19431]   INFO - #o.j.j.b.i.CompilerReferenceIndex - backward reference index version doesn't exist
2026-08-20 23:55:16,821 [  19454]   INFO - #c.i.c.b.IsUpToDateCheckStartupActivity - suitable consumer is not found
2026-08-20 23:55:16,826 [  19459]   INFO - #c.i.o.p.MergingQueueGuiExecutor - Task finished: UnindexedFilesScanner[teste]
2026-08-20 23:55:16,851 [  19484]   INFO - #c.i.o.p.MergingQueueGuiExecutor - Running task: (dumb mode task) UnindexedFilesIndexer[teste, 1 iterators, reason: On project open]
2026-08-20 23:55:16,871 [  19504]   INFO - #c.i.u.i.c.IndexUpdateRunner - Using 3 indexing and 4 writing threads for indexing
2026-08-20 23:55:16,946 [  19579]   INFO - #c.i.w.i.i.GlobalWorkspaceModel - Sync global entities with mutable entity storage
2026-08-20 23:55:16,964 [  19597]   INFO - #c.i.w.i.i.j.s.JpsProjectModelSynchronizer - Attempt 1: Apply JPS storage (iml files)
2026-08-20 23:55:16,986 [  19619]   INFO - #c.i.o.p.InitialVfsRefreshService - 2473fa2c: initial VFS refresh finished in 179 ms
2026-08-20 23:55:17,005 [  19638]   INFO - #c.i.u.i.ProjectChangedFilesScanner - Retrieving changed during indexing files of teste : 0 to update, calculated in 3ms
2026-08-20 23:55:17,017 [  19650]   INFO - #c.i.u.i.UnindexedFilesIndexer - Finished for teste. Unindexed files update took 155ms; general responsiveness: ok; EDT responsiveness: ok
2026-08-20 23:55:17,025 [  19658]   INFO - #c.i.o.p.MergingQueueGuiExecutor - Task finished: (dumb mode task) UnindexedFilesIndexer[teste, 1 iterators, reason: On project open]
2026-08-20 23:55:17,125 [  19758]   INFO - #c.i.w.i.i.EntitiesOrphanageImpl - Update orphanage. 0 modules added
2026-08-20 23:55:17,156 [  19789]   INFO - #c.i.w.i.i.j.s.JpsProjectModelSynchronizer - Attempt 1: Changes were successfully applied
2026-08-20 23:55:17,157 [  19790]   INFO - #c.i.o.p.DumbServiceImpl - exit dumb mode [teste]
2026-08-20 23:55:17,162 [  19795]   INFO - #c.i.w.i.i.j.s.DelayedProjectSynchronizer$Util - Workspace model loaded from cache. Syncing real project state into workspace model in 440 ms. Thread[DefaultDispatcher-worker-61 @run activity#5341,5,main]
2026-08-20 23:55:20,511 [  23144]   INFO - #c.i.w.i.i.j.s.JpsGlobalModelSynchronizerImpl - Saving global entities com.intellij.platform.workspace.jps.entities.SdkEntity to files
2026-08-20 23:55:20,528 [  23161]   INFO - #c.i.w.i.i.j.s.JpsGlobalModelSynchronizerImpl - Saving global entities com.intellij.platform.workspace.jps.entities.LibraryEntity to files
2026-08-20 23:55:21,033 [  23666]   INFO - #c.i.a.o.PathMacrosImpl - Saved path macros: {MAVEN_REPOSITORY=/home/lucasalmeida/.m2/repository}
2026-08-20 23:55:21,056 [  23689]   INFO - #c.i.c.ComponentStoreImpl - Saving appFileTypeManager took 20 ms
2026-08-20 23:55:21,620 [  24253]   WARN - #c.i.u.x.Binding - No accessors for org.jetbrains.kotlin.cli.common.arguments.InternalArgument. This means that state class cannot be serialized properly. Please see https://jb.gg/ij-psoc
2026-08-20 23:55:21,718 [  24351]   INFO - #c.i.c.ComponentStoreImpl - Saving Project(name=teste, containerState=COMPONENT_CREATED, componentStore=/home/lucasalmeida/IdeaProjects/teste)DynamicElementsStorage took 30 ms, RunManager took 31 ms
2026-08-20 23:55:22,070 [  24703]   INFO - #c.j.r.f.FollowMeManager - Unregister user (name: 'lucasalmeida', clientId: Host)
2026-08-20 23:55:22,077 [  24710]   INFO - #c.i.o.v.i.l.NativeFileWatcherImpl - Watcher terminated with exit code 0
2026-08-20 23:55:22,079 [  24712]   INFO - #c.i.o.w.i.WindowManagerImpl - === Release(true) frame on closed project ===
2026-08-20 23:55:22,133 [  24766]   INFO - #c.i.c.b.CompilerReferenceServiceBase - backward reference index reader is closed (didn't exist)
2026-08-20 23:55:22,134 [  24767]   INFO - #o.j.k.i.s.r.KotlinCompilerReferenceIndexStorage - KCRI storage is closed (didn't exist)
2026-08-20 23:55:22,170 [  24803]   INFO - #c.i.u.s.SvgCacheManager - SVG icon cache is closed
2026-08-20 23:55:22,192 [  24825]   INFO - #o.j.i.BuiltInServer - web server stopped
2026-08-20 23:55:22,201 [  24834]   INFO - #c.i.u.i.FileBasedIndexImpl - Index dispose started
2026-08-20 23:55:22,277 [  24910]   INFO - #c.i.p.s.StubIndexImpl - StubIndexExtension-s were unloaded
2026-08-20 23:55:22,278 [  24911]   INFO - #c.i.p.s.SerializationManagerImpl - Start shutting down /home/lucasalmeida/Developer/DockerRunner/.intellijPlatform/sandbox/DockerRunner/IC-2024.1/system/index/rep.names
2026-08-20 23:55:22,278 [  24911]   INFO - #c.i.p.s.SerializationManagerImpl - Finished shutting down /home/lucasalmeida/Developer/DockerRunner/.intellijPlatform/sandbox/DockerRunner/IC-2024.1/system/index/rep.names
2026-08-20 23:55:22,281 [  24914]   INFO - #c.i.u.i.FileBasedIndexImpl - Index dispose completed in 79ms.
2026-08-20 23:55:22,420 [  25053]   INFO - #c.i.o.v.n.p.PersistentFSImpl - VFS dispose started
2026-08-20 23:55:22,424 [  25057]   INFO - #c.i.o.v.n.p.FSRecordsImpl - VFS closing
2026-08-20 23:55:22,426 [  25059]   INFO - #c.i.o.v.n.p.PersistentFSImpl - VFS dispose completed in 5 ms.
2026-08-20 23:55:22,427 [  25060]   INFO - #c.i.o.f.i.FileTypeDetectionService - 9 auto-detected files. Detection took 724 ms
2026-08-20 23:55:22,439 [  25072] SEVERE - #c.i.o.u.ObjectTree - Memory leak detected: 'newDisposable' (class com.intellij.openapi.util.Disposer$1) was registered in Disposer as a child of 'ROOT_DISPOSABLE' (class com.intellij.openapi.util.Disposer$2) but wasn't disposed.
Register it with a proper parentDisposable or ensure that it's always disposed by direct Disposer.dispose call.
See https://jetbrains.org/intellij/sdk/docs/basics/disposers.html for more details.
The corresponding Disposer.register() stacktrace is shown as the cause:

java.lang.RuntimeException: Memory leak detected: 'newDisposable' (class com.intellij.openapi.util.Disposer$1) was registered in Disposer as a child of 'ROOT_DISPOSABLE' (class com.intellij.openapi.util.Disposer$2) but wasn't disposed.
Register it with a proper parentDisposable or ensure that it's always disposed by direct Disposer.dispose call.
See https://jetbrains.org/intellij/sdk/docs/basics/disposers.html for more details.
The corresponding Disposer.register() stacktrace is shown as the cause:

	at com.intellij.openapi.util.ObjectNode.assertNoChildren(ObjectNode.java:45)
	at com.intellij.openapi.util.ObjectTree.assertIsEmpty(ObjectTree.java:219)
	at com.intellij.openapi.util.Disposer.assertIsEmpty(Disposer.java:223)
	at com.intellij.openapi.util.Disposer.assertIsEmpty(Disposer.java:217)
	at com.intellij.openapi.application.impl.ApplicationImpl.disposeContainer(ApplicationImpl.java:197)
	at com.intellij.openapi.application.impl.ApplicationImpl.destructApplication(ApplicationImpl.java:620)
	at com.intellij.openapi.application.impl.ApplicationImpl.doExit(ApplicationImpl.java:551)
	at com.intellij.openapi.application.impl.ApplicationImpl.exit(ApplicationImpl.java:536)
	at com.intellij.openapi.application.impl.ApplicationImpl.exit(ApplicationImpl.java:525)
	at com.intellij.openapi.application.ex.ApplicationEx.exit(ApplicationEx.java:78)
	at com.intellij.openapi.wm.impl.CloseProjectWindowHelper.quitApp(CloseProjectWindowHelper.kt:67)
	at com.intellij.openapi.wm.impl.CloseProjectWindowHelper.windowClosing(CloseProjectWindowHelper.kt:47)
	at com.intellij.openapi.wm.impl.ProjectFrameHelper.windowClosing(ProjectFrameHelper.kt:434)
	at com.intellij.openapi.wm.impl.WindowCloseListener.windowClosing(ProjectFrameHelper.kt:454)
	at java.desktop/java.awt.AWTEventMulticaster.windowClosing(AWTEventMulticaster.java:357)
	at java.desktop/java.awt.AWTEventMulticaster.windowClosing(AWTEventMulticaster.java:357)
	at java.desktop/java.awt.Window.processWindowEvent(Window.java:2114)
	at java.desktop/javax.swing.JFrame.processWindowEvent(JFrame.java:298)
	at java.desktop/java.awt.Window.processEvent(Window.java:2073)
	at java.desktop/java.awt.Component.dispatchEventImpl(Component.java:5027)
	at java.desktop/java.awt.Container.dispatchEventImpl(Container.java:2324)
	at java.desktop/java.awt.Window.dispatchEventImpl(Window.java:2809)
	at java.desktop/java.awt.Component.dispatchEvent(Component.java:4855)
	at java.desktop/java.awt.EventQueue.dispatchEventImpl(EventQueue.java:794)
	at java.desktop/java.awt.EventQueue$3.run(EventQueue.java:739)
	at java.desktop/java.awt.EventQueue$3.run(EventQueue.java:733)
	at java.base/java.security.AccessController.doPrivileged(AccessController.java:399)
	at java.base/java.security.ProtectionDomain$JavaSecurityAccessImpl.doIntersectionPrivilege(ProtectionDomain.java:86)
	at java.base/java.security.ProtectionDomain$JavaSecurityAccessImpl.doIntersectionPrivilege(ProtectionDomain.java:97)
	at java.desktop/java.awt.EventQueue$4.run(EventQueue.java:766)
	at java.desktop/java.awt.EventQueue$4.run(EventQueue.java:764)
	at java.base/java.security.AccessController.doPrivileged(AccessController.java:399)
	at java.base/java.security.ProtectionDomain$JavaSecurityAccessImpl.doIntersectionPrivilege(ProtectionDomain.java:86)
	at java.desktop/java.awt.EventQueue.dispatchEvent(EventQueue.java:763)
	at com.intellij.ide.IdeEventQueue.defaultDispatchEvent(IdeEventQueue.kt:698)
	at com.intellij.ide.IdeEventQueue._dispatchEvent$lambda$12(IdeEventQueue.kt:593)
	at com.intellij.openapi.application.impl.RwLockHolder.runWithoutImplicitRead(RwLockHolder.kt:105)
	at com.intellij.ide.IdeEventQueue._dispatchEvent(IdeEventQueue.kt:593)
	at com.intellij.ide.IdeEventQueue.access$_dispatchEvent(IdeEventQueue.kt:77)
	at com.intellij.ide.IdeEventQueue$dispatchEvent$processEventRunnable$1$1$1.compute(IdeEventQueue.kt:362)
	at com.intellij.ide.IdeEventQueue$dispatchEvent$processEventRunnable$1$1$1.compute(IdeEventQueue.kt:361)
	at com.intellij.openapi.progress.impl.CoreProgressManager.computePrioritized(CoreProgressManager.java:843)
	at com.intellij.ide.IdeEventQueue$dispatchEvent$processEventRunnable$1$1.invoke(IdeEventQueue.kt:361)
	at com.intellij.ide.IdeEventQueue$dispatchEvent$processEventRunnable$1$1.invoke(IdeEventQueue.kt:356)
	at com.intellij.ide.IdeEventQueueKt.performActivity$lambda$1(IdeEventQueue.kt:1021)
	at com.intellij.openapi.application.TransactionGuardImpl.performActivity(TransactionGuardImpl.java:114)
	at com.intellij.ide.IdeEventQueueKt.performActivity(IdeEventQueue.kt:1021)
	at com.intellij.ide.IdeEventQueue.dispatchEvent$lambda$7(IdeEventQueue.kt:356)
	at com.intellij.openapi.application.impl.RwLockHolder.runIntendedWriteActionOnCurrentThread(RwLockHolder.kt:209)
	at com.intellij.openapi.application.impl.ApplicationImpl.runIntendedWriteActionOnCurrentThread(ApplicationImpl.java:830)
	at com.intellij.ide.IdeEventQueue.dispatchEvent(IdeEventQueue.kt:398)
	at java.desktop/java.awt.EventDispatchThread.pumpOneEventForFilters(EventDispatchThread.java:207)
	at java.desktop/java.awt.EventDispatchThread.pumpEventsForFilter(EventDispatchThread.java:128)
	at java.desktop/java.awt.EventDispatchThread.pumpEventsForHierarchy(EventDispatchThread.java:117)
	at java.desktop/java.awt.EventDispatchThread.pumpEvents(EventDispatchThread.java:113)
	at java.desktop/java.awt.EventDispatchThread.pumpEvents(EventDispatchThread.java:105)
	at java.desktop/java.awt.EventDispatchThread.run(EventDispatchThread.java:92)
Caused by: java.lang.Throwable
	at com.intellij.openapi.util.ObjectNode.<init>(ObjectNode.java:24)
	at com.intellij.openapi.util.ObjectNode.findOrCreateChildNode(ObjectNode.java:140)
	at com.intellij.openapi.util.ObjectTree.register(ObjectTree.java:52)
	at com.intellij.openapi.util.Disposer.register(Disposer.java:156)
	at com.intellij.ide.IdeEventQueueKt._addProcessor(IdeEventQueue.kt:961)
	at com.intellij.ide.IdeEventQueueKt.access$_addProcessor(IdeEventQueue.kt:1)
	at com.intellij.ide.IdeEventQueue.addDispatcher(IdeEventQueue.kt:257)
	at com.intellij.openapi.wm.impl.status.ToolWindowsWidget.<init>(ToolWindowsWidget.java:71)
	at com.intellij.openapi.wm.impl.status.IdeStatusBarImpl.<init>(IdeStatusBarImpl.kt:196)
	at com.intellij.openapi.wm.impl.IdeRootPane.createStatusBar(IdeRootPane.kt:579)
	at com.intellij.openapi.wm.impl.IdeRootPane.createAndConfigureStatusBar$intellij_platform_ide_impl(IdeRootPane.kt:572)
	at com.intellij.openapi.wm.impl.ProjectFrameHelper.init(ProjectFrameHelper.kt:164)
	at com.intellij.openapi.project.impl.ProjectUiFrameAllocator$createFrameManager$4$1$1.invokeSuspend(ProjectFrameAllocator.kt:274)
	at com.intellij.openapi.project.impl.ProjectUiFrameAllocator$createFrameManager$4$1$1.invoke(ProjectFrameAllocator.kt)
	at com.intellij.openapi.project.impl.ProjectUiFrameAllocator$createFrameManager$4$1$1.invoke(ProjectFrameAllocator.kt)
	at kotlinx.coroutines.intrinsics.UndispatchedKt.startUndispatchedOrReturn(Undispatched.kt:78)
	at kotlinx.coroutines.BuildersKt__Builders_commonKt.withContext(Builders.common.kt:167)
	at kotlinx.coroutines.BuildersKt.withContext(Unknown Source)
	at com.intellij.platform.diagnostic.telemetry.impl.TracerKt.span(tracer.kt:56)
	at com.intellij.platform.diagnostic.telemetry.impl.TracerKt.span$default(tracer.kt:49)
	at com.intellij.openapi.project.impl.ProjectUiFrameAllocator$createFrameManager$4.invokeSuspend(ProjectFrameAllocator.kt:273)
	at kotlin.coroutines.jvm.internal.BaseContinuationImpl.resumeWith(ContinuationImpl.kt:33)
	at kotlinx.coroutines.DispatchedTask.run(DispatchedTask.kt:108)
	at com.intellij.openapi.application.impl.DispatchedRunnable.run(DispatchedRunnable.kt:43)
	at com.intellij.openapi.application.TransactionGuardImpl.runWithWritingAllowed(TransactionGuardImpl.java:209)
	at com.intellij.openapi.application.TransactionGuardImpl.access$100(TransactionGuardImpl.java:22)
	at com.intellij.openapi.application.TransactionGuardImpl$1.run(TransactionGuardImpl.java:191)
	at com.intellij.openapi.application.impl.RwLockHolder.runIntendedWriteActionOnCurrentThread(RwLockHolder.kt:204)
	at com.intellij.openapi.application.impl.ApplicationImpl.runIntendedWriteActionOnCurrentThread(ApplicationImpl.java:830)
	at com.intellij.openapi.application.impl.ApplicationImpl$2.run(ApplicationImpl.java:419)
	at com.intellij.openapi.application.impl.RwLockHolder.runWithEnabledImplicitRead(RwLockHolder.kt:138)
	at com.intellij.openapi.application.impl.RwLockHolder.runWithImplicitRead(RwLockHolder.kt:129)
	at com.intellij.openapi.application.impl.ApplicationImpl.runWithImplicitRead(ApplicationImpl.java:1152)
	at com.intellij.openapi.application.impl.FlushQueue.doRun(FlushQueue.java:81)
	at com.intellij.openapi.application.impl.FlushQueue.runNextEvent(FlushQueue.java:123)
	at com.intellij.openapi.application.impl.FlushQueue.flushNow(FlushQueue.java:43)
	at java.desktop/java.awt.event.InvocationEvent.dispatch(InvocationEvent.java:318)
	at java.desktop/java.awt.EventQueue.dispatchEventImpl(EventQueue.java:792)
	at java.desktop/java.awt.EventQueue$3.run(EventQueue.java:739)
	at java.desktop/java.awt.EventQueue$3.run(EventQueue.java:733)
	at java.base/java.security.AccessController.doPrivileged(AccessController.java:399)
	at java.base/java.security.ProtectionDomain$JavaSecurityAccessImpl.doIntersectionPrivilege(ProtectionDomain.java:86)
	at java.desktop/java.awt.EventQueue.dispatchEvent(EventQueue.java:761)
	at com.intellij.ide.IdeEventQueue.defaultDispatchEvent(IdeEventQueue.kt:698)
	at com.intellij.ide.IdeEventQueue._dispatchEvent$lambda$12(IdeEventQueue.kt:593)
	at com.intellij.openapi.application.impl.RwLockHolder.runWithoutImplicitRead(RwLockHolder.kt:105)
	at com.intellij.ide.IdeEventQueue._dispatchEvent(IdeEventQueue.kt:593)
	at com.intellij.ide.IdeEventQueue.access$_dispatchEvent(IdeEventQueue.kt:77)
	at com.intellij.ide.IdeEventQueue$dispatchEvent$processEventRunnable$1$1$1.compute(IdeEventQueue.kt:362)
	at com.intellij.ide.IdeEventQueue$dispatchEvent$processEventRunnable$1$1$1.compute(IdeEventQueue.kt:361)
	at com.intellij.openapi.progress.impl.CoreProgressManager.computePrioritized(CoreProgressManager.java:843)
	at com.intellij.ide.IdeEventQueue$dispatchEvent$processEventRunnable$1$1.invoke(IdeEventQueue.kt:361)
	at com.intellij.ide.IdeEventQueue$dispatchEvent$processEventRunnable$1$1.invoke(IdeEventQueue.kt:356)
	at com.intellij.ide.IdeEventQueueKt.performActivity$lambda$1(IdeEventQueue.kt:1021)
	at com.intellij.openapi.application.TransactionGuardImpl.performActivity(TransactionGuardImpl.java:106)
	... 11 more
2026-08-20 23:55:22,450 [  25083] SEVERE - #c.i.o.u.ObjectTree - IntelliJ IDEA 2024.1  Build #IC-241.14494.240
2026-08-20 23:55:22,450 [  25083] SEVERE - #c.i.o.u.ObjectTree - JDK: 17.0.10; VM: OpenJDK 64-Bit Server VM; Vendor: JetBrains s.r.o.
2026-08-20 23:55:22,451 [  25084] SEVERE - #c.i.o.u.ObjectTree - OS: Linux
2026-08-20 23:55:22,455 [  25088] SEVERE - #c.i.o.u.ObjectTree - Memory leak detected: 'com.intellij.platform.ide.menu.GlobalMenuLinux@77c6624f' (class com.intellij.platform.ide.menu.GlobalMenuLinux) was registered in Disposer as a child of 'ROOT_DISPOSABLE' (class com.intellij.openapi.util.Disposer$2) but wasn't disposed.
Register it with a proper parentDisposable or ensure that it's always disposed by direct Disposer.dispose call.
See https://jetbrains.org/intellij/sdk/docs/basics/disposers.html for more details.
The corresponding Disposer.register() stacktrace is shown as the cause:

java.lang.RuntimeException: Memory leak detected: 'com.intellij.platform.ide.menu.GlobalMenuLinux@77c6624f' (class com.intellij.platform.ide.menu.GlobalMenuLinux) was registered in Disposer as a child of 'ROOT_DISPOSABLE' (class com.intellij.openapi.util.Disposer$2) but wasn't disposed.
Register it with a proper parentDisposable or ensure that it's always disposed by direct Disposer.dispose call.
See https://jetbrains.org/intellij/sdk/docs/basics/disposers.html for more details.
The corresponding Disposer.register() stacktrace is shown as the cause:

	at com.intellij.openapi.util.ObjectNode.assertNoChildren(ObjectNode.java:45)
	at com.intellij.openapi.util.ObjectTree.assertIsEmpty(ObjectTree.java:219)
	at com.intellij.openapi.util.Disposer.assertIsEmpty(Disposer.java:223)
	at com.intellij.openapi.util.Disposer.assertIsEmpty(Disposer.java:217)
	at com.intellij.openapi.application.impl.ApplicationImpl.disposeContainer(ApplicationImpl.java:197)
	at com.intellij.openapi.application.impl.ApplicationImpl.destructApplication(ApplicationImpl.java:620)
	at com.intellij.openapi.application.impl.ApplicationImpl.doExit(ApplicationImpl.java:551)
	at com.intellij.openapi.application.impl.ApplicationImpl.exit(ApplicationImpl.java:536)
	at com.intellij.openapi.application.impl.ApplicationImpl.exit(ApplicationImpl.java:525)
	at com.intellij.openapi.application.ex.ApplicationEx.exit(ApplicationEx.java:78)
	at com.intellij.openapi.wm.impl.CloseProjectWindowHelper.quitApp(CloseProjectWindowHelper.kt:67)
	at com.intellij.openapi.wm.impl.CloseProjectWindowHelper.windowClosing(CloseProjectWindowHelper.kt:47)
	at com.intellij.openapi.wm.impl.ProjectFrameHelper.windowClosing(ProjectFrameHelper.kt:434)
	at com.intellij.openapi.wm.impl.WindowCloseListener.windowClosing(ProjectFrameHelper.kt:454)
	at java.desktop/java.awt.AWTEventMulticaster.windowClosing(AWTEventMulticaster.java:357)
	at java.desktop/java.awt.AWTEventMulticaster.windowClosing(AWTEventMulticaster.java:357)
	at java.desktop/java.awt.Window.processWindowEvent(Window.java:2114)
	at java.desktop/javax.swing.JFrame.processWindowEvent(JFrame.java:298)
	at java.desktop/java.awt.Window.processEvent(Window.java:2073)
	at java.desktop/java.awt.Component.dispatchEventImpl(Component.java:5027)
	at java.desktop/java.awt.Container.dispatchEventImpl(Container.java:2324)
	at java.desktop/java.awt.Window.dispatchEventImpl(Window.java:2809)
	at java.desktop/java.awt.Component.dispatchEvent(Component.java:4855)
	at java.desktop/java.awt.EventQueue.dispatchEventImpl(EventQueue.java:794)
	at java.desktop/java.awt.EventQueue$3.run(EventQueue.java:739)
	at java.desktop/java.awt.EventQueue$3.run(EventQueue.java:733)
	at java.base/java.security.AccessController.doPrivileged(AccessController.java:399)
	at java.base/java.security.ProtectionDomain$JavaSecurityAccessImpl.doIntersectionPrivilege(ProtectionDomain.java:86)
	at java.base/java.security.ProtectionDomain$JavaSecurityAccessImpl.doIntersectionPrivilege(ProtectionDomain.java:97)
	at java.desktop/java.awt.EventQueue$4.run(EventQueue.java:766)
	at java.desktop/java.awt.EventQueue$4.run(EventQueue.java:764)
	at java.base/java.security.AccessController.doPrivileged(AccessController.java:399)
	at java.base/java.security.ProtectionDomain$JavaSecurityAccessImpl.doIntersectionPrivilege(ProtectionDomain.java:86)
	at java.desktop/java.awt.EventQueue.dispatchEvent(EventQueue.java:763)
	at com.intellij.ide.IdeEventQueue.defaultDispatchEvent(IdeEventQueue.kt:698)
	at com.intellij.ide.IdeEventQueue._dispatchEvent$lambda$12(IdeEventQueue.kt:593)
	at com.intellij.openapi.application.impl.RwLockHolder.runWithoutImplicitRead(RwLockHolder.kt:105)
	at com.intellij.ide.IdeEventQueue._dispatchEvent(IdeEventQueue.kt:593)
	at com.intellij.ide.IdeEventQueue.access$_dispatchEvent(IdeEventQueue.kt:77)
	at com.intellij.ide.IdeEventQueue$dispatchEvent$processEventRunnable$1$1$1.compute(IdeEventQueue.kt:362)
	at com.intellij.ide.IdeEventQueue$dispatchEvent$processEventRunnable$1$1$1.compute(IdeEventQueue.kt:361)
	at com.intellij.openapi.progress.impl.CoreProgressManager.computePrioritized(CoreProgressManager.java:843)
	at com.intellij.ide.IdeEventQueue$dispatchEvent$processEventRunnable$1$1.invoke(IdeEventQueue.kt:361)
	at com.intellij.ide.IdeEventQueue$dispatchEvent$processEventRunnable$1$1.invoke(IdeEventQueue.kt:356)
	at com.intellij.ide.IdeEventQueueKt.performActivity$lambda$1(IdeEventQueue.kt:1021)
	at com.intellij.openapi.application.TransactionGuardImpl.performActivity(TransactionGuardImpl.java:114)
	at com.intellij.ide.IdeEventQueueKt.performActivity(IdeEventQueue.kt:1021)
	at com.intellij.ide.IdeEventQueue.dispatchEvent$lambda$7(IdeEventQueue.kt:356)
	at com.intellij.openapi.application.impl.RwLockHolder.runIntendedWriteActionOnCurrentThread(RwLockHolder.kt:209)
	at com.intellij.openapi.application.impl.ApplicationImpl.runIntendedWriteActionOnCurrentThread(ApplicationImpl.java:830)
	at com.intellij.ide.IdeEventQueue.dispatchEvent(IdeEventQueue.kt:398)
	at java.desktop/java.awt.EventDispatchThread.pumpOneEventForFilters(EventDispatchThread.java:207)
	at java.desktop/java.awt.EventDispatchThread.pumpEventsForFilter(EventDispatchThread.java:128)
	at java.desktop/java.awt.EventDispatchThread.pumpEventsForHierarchy(EventDispatchThread.java:117)
	at java.desktop/java.awt.EventDispatchThread.pumpEvents(EventDispatchThread.java:113)
	at java.desktop/java.awt.EventDispatchThread.pumpEvents(EventDispatchThread.java:105)
	at java.desktop/java.awt.EventDispatchThread.run(EventDispatchThread.java:92)
Caused by: java.lang.Throwable
	at com.intellij.openapi.util.ObjectNode.<init>(ObjectNode.java:24)
	at com.intellij.openapi.util.ObjectNode.findOrCreateChildNode(ObjectNode.java:140)
	at com.intellij.openapi.util.ObjectTree.register(ObjectTree.java:52)
	at com.intellij.openapi.util.Disposer.register(Disposer.java:156)
	at com.intellij.ide.IdeEventQueueKt._addProcessor(IdeEventQueue.kt:961)
	at com.intellij.ide.IdeEventQueueKt.access$_addProcessor(IdeEventQueue.kt:1)
	at com.intellij.ide.IdeEventQueue.addDispatcher(IdeEventQueue.kt:257)
	at com.intellij.platform.ide.menu.GlobalMenuLinux.<init>(GlobalMenuLinux.java:264)
	at com.intellij.platform.ide.menu.GlobalMenuLinux.create(GlobalMenuLinux.java:616)
	at com.intellij.platform.ide.menu.LinuxIdeMenuBar.doInstallAppMenuIfNeeded$intellij_platform_ide_impl(LinuxIdeMenuBar.kt:58)
	at com.intellij.platform.ide.menu.IdeJMenuBarKt.installAppMenuIfNeeded(IdeJMenuBar.kt:260)
	at com.intellij.openapi.wm.impl.ProjectFrameHelper.init(ProjectFrameHelper.kt:176)
	at com.intellij.openapi.project.impl.ProjectUiFrameAllocator$createFrameManager$4$1$1.invokeSuspend(ProjectFrameAllocator.kt:274)
	at com.intellij.openapi.project.impl.ProjectUiFrameAllocator$createFrameManager$4$1$1.invoke(ProjectFrameAllocator.kt)
	at com.intellij.openapi.project.impl.ProjectUiFrameAllocator$createFrameManager$4$1$1.invoke(ProjectFrameAllocator.kt)
	at kotlinx.coroutines.intrinsics.UndispatchedKt.startUndispatchedOrReturn(Undispatched.kt:78)
	at kotlinx.coroutines.BuildersKt__Builders_commonKt.withContext(Builders.common.kt:167)
	at kotlinx.coroutines.BuildersKt.withContext(Unknown Source)
	at com.intellij.platform.diagnostic.telemetry.impl.TracerKt.span(tracer.kt:56)
	at com.intellij.platform.diagnostic.telemetry.impl.TracerKt.span$default(tracer.kt:49)
	at com.intellij.openapi.project.impl.ProjectUiFrameAllocator$createFrameManager$4.invokeSuspend(ProjectFrameAllocator.kt:273)
	at kotlin.coroutines.jvm.internal.BaseContinuationImpl.resumeWith(ContinuationImpl.kt:33)
	at kotlinx.coroutines.DispatchedTask.run(DispatchedTask.kt:108)
	at com.intellij.openapi.application.impl.DispatchedRunnable.run(DispatchedRunnable.kt:43)
	at com.intellij.openapi.application.TransactionGuardImpl.runWithWritingAllowed(TransactionGuardImpl.java:209)
	at com.intellij.openapi.application.TransactionGuardImpl.access$100(TransactionGuardImpl.java:22)
	at com.intellij.openapi.application.TransactionGuardImpl$1.run(TransactionGuardImpl.java:191)
	at com.intellij.openapi.application.impl.RwLockHolder.runIntendedWriteActionOnCurrentThread(RwLockHolder.kt:204)
	at com.intellij.openapi.application.impl.ApplicationImpl.runIntendedWriteActionOnCurrentThread(ApplicationImpl.java:830)
	at com.intellij.openapi.application.impl.ApplicationImpl$2.run(ApplicationImpl.java:419)
	at com.intellij.openapi.application.impl.RwLockHolder.runWithEnabledImplicitRead(RwLockHolder.kt:138)
	at com.intellij.openapi.application.impl.RwLockHolder.runWithImplicitRead(RwLockHolder.kt:129)
	at com.intellij.openapi.application.impl.ApplicationImpl.runWithImplicitRead(ApplicationImpl.java:1152)
	at com.intellij.openapi.application.impl.FlushQueue.doRun(FlushQueue.java:81)
	at com.intellij.openapi.application.impl.FlushQueue.runNextEvent(FlushQueue.java:123)
	at com.intellij.openapi.application.impl.FlushQueue.flushNow(FlushQueue.java:43)
	at java.desktop/java.awt.event.InvocationEvent.dispatch(InvocationEvent.java:318)
	at java.desktop/java.awt.EventQueue.dispatchEventImpl(EventQueue.java:792)
	at java.desktop/java.awt.EventQueue$3.run(EventQueue.java:739)
	at java.desktop/java.awt.EventQueue$3.run(EventQueue.java:733)
	at java.base/java.security.AccessController.doPrivileged(AccessController.java:399)
	at java.base/java.security.ProtectionDomain$JavaSecurityAccessImpl.doIntersectionPrivilege(ProtectionDomain.java:86)
	at java.desktop/java.awt.EventQueue.dispatchEvent(EventQueue.java:761)
	at com.intellij.ide.IdeEventQueue.defaultDispatchEvent(IdeEventQueue.kt:698)
	at com.intellij.ide.IdeEventQueue._dispatchEvent$lambda$12(IdeEventQueue.kt:593)
	at com.intellij.openapi.application.impl.RwLockHolder.runWithoutImplicitRead(RwLockHolder.kt:105)
	at com.intellij.ide.IdeEventQueue._dispatchEvent(IdeEventQueue.kt:593)
	at com.intellij.ide.IdeEventQueue.access$_dispatchEvent(IdeEventQueue.kt:77)
	at com.intellij.ide.IdeEventQueue$dispatchEvent$processEventRunnable$1$1$1.compute(IdeEventQueue.kt:362)
	at com.intellij.ide.IdeEventQueue$dispatchEvent$processEventRunnable$1$1$1.compute(IdeEventQueue.kt:361)
	at com.intellij.openapi.progress.impl.CoreProgressManager.computePrioritized(CoreProgressManager.java:843)
	at com.intellij.ide.IdeEventQueue$dispatchEvent$processEventRunnable$1$1.invoke(IdeEventQueue.kt:361)
	at com.intellij.ide.IdeEventQueue$dispatchEvent$processEventRunnable$1$1.invoke(IdeEventQueue.kt:356)
	at com.intellij.ide.IdeEventQueueKt.performActivity$lambda$1(IdeEventQueue.kt:1021)
	at com.intellij.openapi.application.TransactionGuardImpl.performActivity(TransactionGuardImpl.java:106)
	... 11 more
2026-08-20 23:55:22,472 [  25105] SEVERE - #c.i.o.u.ObjectTree - IntelliJ IDEA 2024.1  Build #IC-241.14494.240
2026-08-20 23:55:22,475 [  25108] SEVERE - #c.i.o.u.ObjectTree - JDK: 17.0.10; VM: OpenJDK 64-Bit Server VM; Vendor: JetBrains s.r.o.
2026-08-20 23:55:22,475 [  25108] SEVERE - #c.i.o.u.ObjectTree - OS: Linux
2026-08-20 23:55:22,553 [  25186]   INFO - #c.i.p.i.b.AppStarter - ------------------------------------------------------ IDE SHUTDOWN ------------------------------------------------------
2026-08-20 23:57:48,556 [     40]   INFO - #c.i.p.i.b.AppStarter - ------------------------------------------------------ IDE STARTED ------------------------------------------------------
2026-08-20 23:57:48,755 [    239]   INFO - #c.i.i.p.PluginManager - Plugin PluginDescriptor(name=Groovy, id=org.intellij.groovy, descriptorPath=plugin.xml, path=~/.gradle/caches/9.6.0/transforms/bea1b87427568a068e547fc0eae09392/transformed/ideaIC-2024.1/plugins/Groovy, version=241.14494.240, package=org.jetbrains.plugins.groovy, isBundled=true) misses optional descriptor duplicates-groovy.xml
2026-08-20 23:57:48,760 [    244]   INFO - #c.i.i.p.PluginManager - Plugin PluginDescriptor(name=Groovy, id=org.intellij.groovy, descriptorPath=plugin.xml, path=~/.gradle/caches/9.6.0/transforms/bea1b87427568a068e547fc0eae09392/transformed/ideaIC-2024.1/plugins/Groovy, version=241.14494.240, package=org.jetbrains.plugins.groovy, isBundled=true) misses optional descriptor duplicates-detection-groovy.xml
2026-08-20 23:57:48,790 [    274]   INFO - #c.i.u.i.PageCacheUtils - File page caching params:
2026-08-20 23:57:48,792 [    276]   INFO - #c.i.u.i.PageCacheUtils - 	DEFAULT_PAGE_SIZE: 10485760
2026-08-20 23:57:48,793 [    277]   INFO - #c.i.u.i.PageCacheUtils - 	Direct memory to use, max: 2126512128
2026-08-20 23:57:48,794 [    278]   INFO - #c.i.u.i.PageCacheUtils - 	FilePageCache: regular + lock-free (LOCK_FREE_PAGE_CACHE_ENABLED:true)
2026-08-20 23:57:48,796 [    280]   INFO - #c.i.u.i.PageCacheUtils - 	NEW_PAGE_CACHE_MEMORY_FRACTION: 0.20000000298023224
2026-08-20 23:57:48,798 [    282]   INFO - #c.i.u.i.PageCacheUtils - 	Regular FilePageCache: 503316478 bytes
2026-08-20 23:57:48,799 [    283]   INFO - #c.i.u.i.PageCacheUtils - 	New     FilePageCache: 125829122 bytes (+ up to 10.0% overflow)
2026-08-20 23:57:48,800 [    284]   INFO - #c.i.u.i.PageCacheUtils - 	DirectByteBuffers pool: 104857600 bytes
2026-08-20 23:57:48,809 [    293]   INFO - #c.i.p.i.b.AppStarter - JNA library (64-bit) loaded in 77 ms
2026-08-20 23:57:48,817 [    301]   INFO - #c.i.p.i.b.AppStarter - IDE: IntelliJ IDEA (build #IC-241.14494.240, Thu, 28 Mar 2024 05:12:00 GMT)
2026-08-20 23:57:48,819 [    303]   INFO - #c.i.p.i.b.AppStarter - OS: Linux (7.1.8-200.fc44.x86_64)
2026-08-20 23:57:48,824 [    308]   INFO - #c.i.p.i.b.AppStarter - JRE: 17.0.10+8-b1207.12, amd64 (JetBrains s.r.o.)
2026-08-20 23:57:48,827 [    311]   INFO - #c.i.p.i.b.AppStarter - JVM: 17.0.10+8-b1207.12 (OpenJDK 64-Bit Server VM)
2026-08-20 23:57:48,838 [    322]   INFO - #c.i.p.i.b.AppStarter - PID: 47411
2026-08-20 23:57:48,840 [    324]   INFO - #c.i.p.i.b.AppStarter - desktop: KDE
2026-08-20 23:57:48,872 [    356]   INFO - #c.i.i.p.PluginManager - Using cached broken plugins file
2026-08-20 23:57:48,959 [    443]   INFO - #c.i.p.i.b.AppStarter - toolkit: sun.awt.X11.XToolkit
2026-08-20 23:57:49,002 [    486]   INFO - #c.i.p.i.b.AppStarter - JVM options: [-Daether.connector.resumeDownloads=false, -Dawt.lock.fair=true, -Dide.native.launcher=false, -Dide.no.platform.update=false, -Dide.show.tips.on.startup.default.value=false, -Didea.auto.reload.plugins=true, -Didea.classpath.index.enabled=false, -Didea.config.path=/home/lucasalmeida/Developer/DockerRunner/.intellijPlatform/sandbox/DockerRunner/IC-2024.1/config, -Didea.is.internal=true, -Didea.log.path=/home/lucasalmeida/Developer/DockerRunner/.intellijPlatform/sandbox/DockerRunner/IC-2024.1/log, -Didea.paths.selector=IdeaIC2024.1, -Didea.platform.prefix=Idea, -Didea.plugin.in.sandbox.mode=true, -Didea.plugins.path=/home/lucasalmeida/Developer/DockerRunner/.intellijPlatform/sandbox/DockerRunner/IC-2024.1/plugins, -Didea.required.plugins.id=com.olezelelabs.dockerrunner, -Didea.reset.classpath.from.manifest=true, -Didea.system.path=/home/lucasalmeida/Developer/DockerRunner/.intellijPlatform/sandbox/DockerRunner/IC-2024.1/system, -Didea.vendor.name=JetBrains, -Dintellij.console.log.level=warning, -Dintellij.platform.runtime.repository.path=/home/lucasalmeida/.gradle/caches/9.6.0/transforms/bea1b87427568a068e547fc0eae09392/transformed/ideaIC-2024.1/modules/module-descriptors.jar, -Djava.system.class.loader=com.intellij.util.lang.PathClassLoader, -Djbr.catch.SIGABRT=true, -Djdk.attach.allowAttachSelf=true, -Djdk.http.auth.tunneling.disabledSchemes="", -Djdk.module.illegalAccess.silent=true, -Djna.boot.library.path=/home/lucasalmeida/.gradle/caches/9.6.0/transforms/bea1b87427568a068e547fc0eae09392/transformed/ideaIC-2024.1/lib/jna/amd64, -Djna.noclasspath=true, -Djna.nosys=true, -Dplugin.path=/home/lucasalmeida/Developer/DockerRunner/.intellijPlatform/sandbox/DockerRunner/IC-2024.1/plugins/DockerRunner, -Dpty4j.preferred.native.folder=/home/lucasalmeida/.gradle/caches/9.6.0/transforms/bea1b87427568a068e547fc0eae09392/transformed/ideaIC-2024.1/lib/pty4j, -Dsplash=true, -Dsun.awt.disablegrab=true, -Dsun.io.useCanonCaches=false, -Dsun.java2d.metal=true, -Dsun.tools.attach.tmp.only=true, -XX:+HeapDumpOnOutOfMemoryError, -XX:-OmitStackTraceInFastThrow, -XX:+IgnoreUnrecognizedVMOptions, -XX:CICompilerCount=2, -XX:ReservedCodeCacheSize=512m, -XX:CompileCommand=exclude,com/intellij/openapi/vfs/impl/FilePartNodeRoot,trieDescend, -XX:SoftRefLRUPolicyMSPerMB=50, --add-opens=java.base/java.io=ALL-UNNAMED, --add-opens=java.base/java.lang=ALL-UNNAMED, --add-opens=java.base/java.lang.ref=ALL-UNNAMED, --add-opens=java.base/java.lang.reflect=ALL-UNNAMED, --add-opens=java.base/java.net=ALL-UNNAMED, --add-opens=java.base/java.nio=ALL-UNNAMED, --add-opens=java.base/java.nio.charset=ALL-UNNAMED, --add-opens=java.base/java.text=ALL-UNNAMED, --add-opens=java.base/java.time=ALL-UNNAMED, --add-opens=java.base/java.util=ALL-UNNAMED, --add-opens=java.base/java.util.concurrent=ALL-UNNAMED, --add-opens=java.base/java.util.concurrent.atomic=ALL-UNNAMED, --add-opens=java.base/java.util.concurrent.locks=ALL-UNNAMED, --add-opens=java.base/jdk.internal.vm=ALL-UNNAMED, --add-opens=java.base/sun.nio.ch=ALL-UNNAMED, --add-opens=java.base/sun.nio.fs=ALL-UNNAMED, --add-opens=java.base/sun.security.ssl=ALL-UNNAMED, --add-opens=java.base/sun.security.util=ALL-UNNAMED, --add-opens=java.base/sun.net.dns=ALL-UNNAMED, --add-opens=java.desktop/com.sun.java.swing.plaf.gtk=ALL-UNNAMED, --add-opens=java.desktop/java.awt=ALL-UNNAMED, --add-opens=java.desktop/java.awt.dnd.peer=ALL-UNNAMED, --add-opens=java.desktop/java.awt.event=ALL-UNNAMED, --add-opens=java.desktop/java.awt.image=ALL-UNNAMED, --add-opens=java.desktop/java.awt.peer=ALL-UNNAMED, --add-opens=java.desktop/java.awt.font=ALL-UNNAMED, --add-opens=java.desktop/javax.swing=ALL-UNNAMED, --add-opens=java.desktop/javax.swing.plaf.basic=ALL-UNNAMED, --add-opens=java.desktop/javax.swing.text=ALL-UNNAMED, --add-opens=java.desktop/javax.swing.text.html=ALL-UNNAMED, --add-opens=java.desktop/sun.awt.X11=ALL-UNNAMED, --add-opens=java.desktop/sun.awt.datatransfer=ALL-UNNAMED, --add-opens=java.desktop/sun.awt.image=ALL-UNNAMED, --add-opens=java.desktop/sun.awt=ALL-UNNAMED, --add-opens=java.desktop/sun.font=ALL-UNNAMED, --add-opens=java.desktop/sun.java2d=ALL-UNNAMED, --add-opens=java.desktop/sun.swing=ALL-UNNAMED, --add-opens=java.desktop/com.sun.java.swing=ALL-UNNAMED, --add-opens=jdk.attach/sun.tools.attach=ALL-UNNAMED, --add-opens=jdk.compiler/com.sun.tools.javac.api=ALL-UNNAMED, --add-opens=jdk.internal.jvmstat/sun.jvmstat.monitor=ALL-UNNAMED, --add-opens=jdk.jdi/com.sun.tools.jdi=ALL-UNNAMED, -javaagent:/home/lucasalmeida/Developer/DockerRunner/.intellijPlatform/coroutines-javaagent-legacy.jar, -Xms128m, -Xmx2048m, -Dfile.encoding=UTF-8, -Duser.country=BR, -Duser.language=pt, -Duser.variant, -ea]
2026-08-20 23:57:49,004 [    488]   INFO - #c.i.p.i.b.AppStarter - args: 
2026-08-20 23:57:49,006 [    490]   INFO - #c.i.p.i.b.AppStarter - library path: /usr/java/packages/lib:/usr/lib64:/lib64:/lib:/usr/lib
2026-08-20 23:57:49,007 [    491]   INFO - #c.i.p.i.b.AppStarter - boot library path: /home/lucasalmeida/.gradle/caches/9.6.0/transforms/bea1b87427568a068e547fc0eae09392/transformed/ideaIC-2024.1/jbr/lib
2026-08-20 23:57:49,012 [    496]   INFO - #c.i.i.p.PluginManager - PluginDescriptor(name=Docker Runner, id=com.olezelelabs.dockerrunner, descriptorPath=plugin.xml, path=~/Developer/DockerRunner/.intellijPlatform/sandbox/DockerRunner/IC-2024.1/plugins/DockerRunner, version=1.0-SNAPSHOT, package=null, isBundled=false) overrides PluginDescriptor(name=Docker Runner, id=com.olezelelabs.dockerrunner, descriptorPath=plugin.xml, path=~/Developer/DockerRunner/.intellijPlatform/sandbox/DockerRunner/IC-2024.1/plugins/DockerRunner, version=1.0-SNAPSHOT, package=null, isBundled=false)
2026-08-20 23:57:49,073 [    557]   INFO - #c.i.p.i.b.AppStarter - locale=pt_BR JNU=UTF-8 file.encoding=UTF-8
    idea.config.path=/home/lucasalmeida/Developer/DockerRunner/.intellijPlatform/sandbox/DockerRunner/IC-2024.1/config
    idea.system.path=/home/lucasalmeida/Developer/DockerRunner/.intellijPlatform/sandbox/DockerRunner/IC-2024.1/system
    idea.plugins.path=/home/lucasalmeida/Developer/DockerRunner/.intellijPlatform/sandbox/DockerRunner/IC-2024.1/plugins
    idea.log.path=/home/lucasalmeida/Developer/DockerRunner/.intellijPlatform/sandbox/DockerRunner/IC-2024.1/log
2026-08-20 23:57:49,089 [    573]   INFO - #c.i.p.i.b.AppStarter - CPU cores: 8; ForkJoinPool.commonPool: java.util.concurrent.ForkJoinPool@638aad62[Running, parallelism = 7, size = 0, active = 0, running = 0, steals = 0, tasks = 0, submissions = 0]; factory: com.intellij.concurrency.IdeaForkJoinWorkerThreadFactory@44884214
2026-08-20 23:57:49,140 [    624]   INFO - #c.i.i.p.PluginManager - Module intellij.sh.python is not enabled because dependency intellij.python.community.impl is not available
Module intellij.groovy/ant is not enabled because dependency AntSupport is not available
Module intellij.qodana.jvm.swagger is not enabled because dependency com.intellij.swagger is not available
Module intellij.qodana.python is not enabled because dependency intellij.python is not available
Module intellij.qodana.php is not enabled because dependency com.jetbrains.php is not available
Module intellij.qodana.js is not enabled because dependency JavaScript is not available
Module intellij.qodana.inspectionKts.js is not enabled because dependency JavaScript is not available
Module intellij.qodana.go is not enabled because dependency intellij.go.coverage is not available
Module intellij.cwm.plugin.elevation is not enabled because dependency intellij.execution.process.elevation is not available
Module intellij.packageChecker.php is not enabled because dependency com.jetbrains.php is not available
Module intellij.packageChecker.python is not enabled because dependency intellij.python.community.impl is not available
Module intellij.packageChecker.javascript is not enabled because dependency JavaScript is not available
Module intellij.packageChecker.go is not enabled because dependency org.jetbrains.plugins.go is not available
2026-08-20 23:57:49,208 [    692]   INFO - #c.i.i.p.PluginManager - Loaded bundled plugins: IDEA CORE (241.14494.240), TextMate Bundles (241.14494.240), Images (241.14494.240), Copyright (241.14494.240), Emoji Picker (241.14494.240), EditorConfig (241.14494.240), IDE Services / Provisioner API (241.14494.240), Machine Learning in Search Everywhere (241.14494.240), YAML (241.14494.240), JetBrains maven model api classes (241.14494.240), JetBrains Repository Search (241.14494.240), Maven server api classes (241.14494.240), Markdown (241.14494.240), Terminal (241.14494.240), Mercurial (241.14494.240), Properties (241.14494.240), Gradle (241.14494.240), NetBeans Keymap (241.14494.240), JetBrains Marketplace Licensing (241.14494.240), com.intellij.dev (241.14494.240), Remote Execution Agent (241.14494.240), Shell Script (241.14494.240), HTML Tools (241.14494.240), Visual Studio Keymap (241.14494.240), Machine Learning Code Completion (241.14494.240), Toml (241.14494.240), WebP Support (241.14494.240), Performance Testing (241.14494.240), Grazie Lite (241.14494.240), Eclipse Keymap (241.14494.240), Perforce Helix Core (241.14494.240), GitLab (241.14494.240), IDE Features Trainer (241.14494.240), Java (241.14494.240), com.intellij.tracing.ide (241.14494.240), Java Bytecode Decompiler (241.14494.240), Java Stream Debugger (241.14494.240), Task Management (241.14494.240), GitHub (241.14494.240), JUnit (241.14494.240), Eclipse Interoperability (241.14494.240), IntelliLang (241.14494.240), Groovy (241.14494.240), JavaFX (241.14494.240), Turbo Complete (241.14494.240), Kotlin (241.14494.240-IJ), Gradle DSL API (241.14494.240), Java Internationalization (241.14494.240), UI Designer (241.14494.240), Bytecode Viewer (241.14494.240), Maven (241.14494.240), TestNG (241.14494.240), Code Coverage for Java (241.14494.240), Gradle-Java (241.14494.240), Gradle-Java-Analysis (241.14494.240), Gradle-Maven (241.14494.240), Java IDE Customization (241.14494.240), Settings Sync (241.14494.240), Git (241.14494.240), Qodana (241.14494.240), Configuration Script (241.14494.240), Shared Indexes (241.14494.240), Code With Me (241.14494.240), Subversion (241.14494.240), Package Checker (241.14494.240), Gradle Dependency Updater Implementation (241.14494.240), Async Profiler for IDE Performance Testing (241.14494.240)
2026-08-20 23:57:49,210 [    694]   INFO - #c.i.i.p.PluginManager - Loaded custom plugins: Docker Runner (1.0-SNAPSHOT)
2026-08-20 23:57:49,461 [    945]   INFO - c.i.p.i.IdeFingerprint - Calculated dependencies fingerprint in 83 ms (hash=9y1hmylesf70, buildTime=1711602720, appVersion=IC-241.14494.240)
2026-08-20 23:57:49,680 [   1164]   INFO - #c.i.o.v.n.p.FSRecords - VFS health-check enabled: first after 600000 ms, and each following 43200000 ms, wrap in RA: true
2026-08-20 23:57:49,799 [   1283]   INFO - #c.i.a.o.PathMacrosImpl - Loaded path macros: {MAVEN_REPOSITORY=/home/lucasalmeida/.m2/repository}
2026-08-20 23:57:49,943 [   1427]   INFO - #c.i.o.v.n.p.PersistentFSLoader - VFS uses 'fast' names enumerator (over mmapped file)
2026-08-20 23:57:49,948 [   1432]   INFO - #c.i.o.v.n.p.PersistentFSLoader - VFS uses streamlined attributes storage (over mmapped file)
2026-08-20 23:57:49,950 [   1434]   INFO - #c.i.o.v.n.p.PersistentFSLoader - VFS uses content storage over memory-mapped file, with compression algo: LZ4[ > 8000b ]
2026-08-20 23:57:50,048 [   1532]   INFO - #c.i.i.p.ExpiredPluginsState - Plugins to skip: []
2026-08-20 23:57:50,258 [   1742]   INFO - #c.i.o.v.n.p.PersistentFSLoader - VFS: impl (expected) version=846397, 95994 file records, 13 content blobs
2026-08-20 23:57:50,332 [   1816]   INFO - #c.i.o.v.n.p.FSRecordsImpl - VFS initialized: 420 ms, 0 failed attempts, 0 error(s) were recovered
2026-08-20 23:57:50,449 [   1933]   INFO - #c.i.o.v.i.l.NativeFileWatcherImpl - Starting file watcher: /home/lucasalmeida/.gradle/caches/9.6.0/transforms/bea1b87427568a068e547fc0eae09392/transformed/ideaIC-2024.1/bin/fsnotifier
2026-08-20 23:57:50,608 [   2092]   INFO - #c.i.o.v.i.l.NativeFileWatcherImpl - Native file watcher is operational.
2026-08-20 23:57:50,616 [   2100]   INFO - #c.i.o.v.n.p.FSRecordsImpl - VFS scanned: file-by-name index was populated
2026-08-20 23:57:50,975 [   2459]   INFO - #c.i.o.a.i.NonBlockingReadActionImpl - OTel monitoring for NonBlockingReadAction is enabled
2026-08-20 23:57:51,026 [   2510]   INFO - #o.j.i.BuiltInServerManager - built-in server started, port 63342
2026-08-20 23:57:51,236 [   2720]   INFO - #c.i.u.n.s.CertificateManager - Default SSL context initialized
2026-08-20 23:57:51,688 [   3172]   INFO - #c.i.p.i.m.GlobalMenuLinux - Start glib main loop in thread: GlobalMenuLinux loop
2026-08-20 23:57:51,699 [   3183]   INFO - #c.i.p.i.m.GlobalMenuLinux - Closed dbus-service 'com.canonical.AppMenu.Registrar'
2026-08-20 23:57:51,849 [   3333]   INFO - #c.i.i.s.p.i.SharedIndexMainZipStorage - Shared Indexes Storage is opened and empty
2026-08-20 23:57:51,859 [   3343]   WARN - #c.i.i.s.p.i.BundledSharedIndexProvider - Bundled shared index is not found at: /home/lucasalmeida/.gradle/caches/9.6.0/transforms/bea1b87427568a068e547fc0eae09392/transformed/ideaIC-2024.1/jdk-shared-indexes
2026-08-20 23:57:52,584 [   4068]   INFO - #c.i.u.i.FileBasedIndexImpl - Indices to be built:FilenameIndex(v = 258)
2026-08-20 23:57:52,591 [   4075]   INFO - #c.i.u.i.FileBasedIndexImpl - Using nice flusher for indexes
2026-08-20 23:57:52,608 [   4092]   INFO - #c.i.o.a.i.ApplicationImpl - LONG VFS PROCESSING. Topic=BulkFileListener, offender=class com.intellij.history.integration.LocalHistoryEventDispatcher$LocalHistoryBulkFileListener, message=before, time=116ms
2026-08-20 23:57:52,614 [   4098]   INFO - #c.i.u.i.IndexDataInitializer - Index data initialization done: 996 ms. Initialized indexes: [FilenameIndex, Trigram.Index, filetypes, DomFileIndex, TodoIndex, FrameworkDetectionIndex, IdIndex, RelaxSymbolIndex, fileIncludes, SchemaTypeInheritance, XmlTagNames, html5.custom.attributes.index, XmlNamespaces, json.file.root.values, java.auto.module.name, editorconfig.index.name, xmlProperties, HtmlTagIdIndex, java.source.module.name, yaml.keys.name, java.null.method.argument, java.fun.expression, java.binary.plus.expression, JavaFxControllerClassIndex, bytecodeAnalysis, org.jetbrains.kotlin.idea.versions.KotlinJvmMetadataVersionIndex, javafx.id.name, org.jetbrains.kotlin.idea.versions.KotlinJsMetadataVersionIndex, javafx.custom.component, org.jetbrains.kotlin.idea.vfilefinder.KotlinClassFileIndex, org.jetbrains.kotlin.idea.vfilefinder.KotlinPartialPackageNamesIndex, org.jetbrains.kotlin.idea.vfilefinder.KotlinJavaScriptMetaFileIndex, Stubs, org.jetbrains.kotlin.idea.vfilefinder.KotlinMetadataFilePackageIndex, org.jetbrains.kotlin.idea.vfilefinder.KotlinModuleMappingIndex, org.jetbrains.kotlin.idea.vfilefinder.KotlinMetadataFileIndex, KotlinPackageSourcesMemberNamesIndex, org.jetbrains.kotlin.idea.vfilefinder.KotlinJvmModuleAnnotationsIndex, org.jetbrains.kotlin.idea.vfilefinder.KotlinStdlibIndex, org.jetbrains.kotlin.idea.vfilefinder.KotlinBuiltInsMetadataIndex, KotlinTopLevelCallableByPackageShortNameIndex, KotlinTopLevelClassLikeDeclarationByPackageShortNameIndex, org.jetbrains.kotlin.idea.vfilefinder.KlibMetaFileIndex, org.jetbrains.kotlin.idea.vfilefinder.KotlinShortClassNameFileIndex, KotlinBinaryRootToPackageIndex, com.intellij.uiDesigner.FormClassIndex].
2026-08-20 23:57:53,290 [   4774]   INFO - #c.i.u.i.IndexDataInitializer - Index data initialization done: 674 ms. Initialized stub indexes: {org.jetbrains.kotlin.idea.stubindex.KotlinMultifileClassPartIndex, org.jetbrains.kotlin.idea.stubindex.KotlinScriptFqnIndex, gr.anonymous.class, org.jetbrains.kotlin.idea.stubindex.KotlinPropertyShortNameIndex, KotlinTypeAliasByExpansionShortNameIndex, gr.class.super, org.jetbrains.kotlin.idea.stubindex.KotlinFileFacadeShortNameIndex, org.jetbrains.kotlin.idea.stubindex.KotlinExactPackagesIndex, org.jetbrains.kotlin.idea.stubindex.KotlinSubclassObjectNameIndex, org.jetbrains.kotlin.idea.stubindex.KotlinTopLevelClassByPackageIndex, org.jetbrains.kotlin.idea.stubindex.KotlinClassShortNameIndex, dom.elementClass, jvm.static.member.name, java.method.parameter.types, org.jetbrains.kotlin.idea.stubindex.KotlinTopLevelTypeAliasFqNameIndex, jvm.static.member.type, org.jetbrains.kotlin.idea.stubindex.KotlinAnnotationsIndex, kotlin.primeIndexKey, org.jetbrains.kotlin.idea.stubindex.KotlinTypeAliasShortNameIndex, java.anonymous.baseref, org.jetbrains.kotlin.idea.stubindex.KotlinSuperClassIndex, org.jetbrains.kotlin.idea.stubindex.KotlinFullClassNameIndex, java.class.extlist, org.jetbrains.kotlin.idea.stubindex.KotlinFileFacadeFqNameIndex, markdown.header, KotlinExtensionsInObjectsByReceiverTypeIndex, java.class.fqn, java.method.name, KotlinTopLevelExtensionsByReceiverTypeIndex, KotlinTopLevelPropertyByPackageIndex, gr.script.fqn.s, KotlinTopLevelTypeAliasByPackageIndex, gr.method.name, markdown.header.anchor, org.jetbrains.kotlin.idea.stubindex.KotlinJvmNameAnnotationIndex, org.jetbrains.kotlin.idea.stubindex.KotlinInnerTypeAliasClassIdIndex, gr.script.class, java.class.shortname, KotlinFileFacadeClassByPackageIndex, java.module.name, gr.field.name, KotlinProbablyNothingFunctionShortNameIndex, KotlinOverridableInternalMembersShortNameIndex, KotlinProbablyContractedFunctionShortNameIndex, gr.class.fqn.s, gr.annot.method.name, org.jetbrains.kotlin.idea.stubindex.KotlinTopLevelPropertyFqnNameIndex, java.unnamed.class, java.annotations, gr.annot.members, KotlinTopLevelFunctionByPackageIndex, KotlinProbablyNothingPropertyShortNameIndex, java.field.name, dom.namespaceKey, org.jetbrains.kotlin.idea.stubindex.KotlinFilePartClassIndex, properties.index, org.jetbrains.kotlin.idea.stubindex.KotlinTopLevelFunctionFqnNameIndex, org.jetbrains.kotlin.idea.stubindex.KotlinFunctionShortNameIndex}.
2026-08-20 23:57:53,322 [   4806]   INFO - #c.i.u.i.StaleIndexesChecker - clearing stale id = 14503, path =  //home/lucasalmeida/Developer/DockerRunner/.intellijPlatform/sandbox/DockerRunner/IC-2024.1/config/workspace/3ICnp63d3eYvrnOzoHmiAnT1cH1.xml
2026-08-20 23:57:53,590 [   5074]   INFO - #c.i.o.v.n.p.d.e.DurableEnumeratorFactory - [enumerator.mmapped]: .valueHashToId (in memory) was filled (17 records)
2026-08-20 23:57:53,813 [   5297]   WARN - #c.i.i.u.l.LafManagerImpl - VersionControl.Log.Commit.rowHeight = null in LookAndFeelThemeAdapter; it may lead to performance degradation
2026-08-20 23:57:53,819 [   5303]   INFO - #c.i.p.s.StubUpdatingIndexStorage - Not updating IndexingStampInfo. inputId=14503,result=true
2026-08-20 23:57:54,817 [   6301]   INFO - #c.i.p.i.m.GlobalMenuLinux - created instance of GlobalMenuLinux for frame: com.intellij.openapi.wm.impl.IdeFrameImpl[frame0,10,20,1346x728,invalid,layout=java.awt.BorderLayout,title=,resizable,normal,defaultCloseOperation=DO_NOTHING_ON_CLOSE,rootPane=com.intellij.openapi.wm.impl.IdeRootPane[,5,25,1336x698,invalid,layout=com.intellij.openapi.wm.impl.IdeRootPane$MyRootLayout,alignmentX=0.0,alignmentY=0.0,border=,flags=449,maximumSize=,minimumSize=,preferredSize=],rootPaneCheckingEnabled=true]
2026-08-20 23:57:55,040 [   6524]   INFO - #c.i.w.i.i.WorkspaceModelImpl - Load workspace model from cache in 535 ms
2026-08-20 23:57:55,177 [   6661]   INFO - #c.i.w.i.i.GlobalWorkspaceModel - Load global workspace model from cache in 61 ms
2026-08-20 23:57:55,475 [   6959]   INFO - #c.i.w.i.i.WorkspaceModelImpl - Project model updated silently to version 1 in 12 ms: Add module mapping
2026-08-20 23:57:55,892 [   7376]   INFO - #c.i.w.i.i.EntitiesOrphanageImpl - Update orphanage. 0 modules added
2026-08-20 23:57:55,931 [   7415]   INFO - #c.i.w.i.i.WorkspaceModelImpl - Project model updated to version 2 in 178 ms: Sync global entities with project: teste
2026-08-20 23:57:56,520 [   8004]   INFO - PerformancePlugin - Performance Plugin is in silent mode
2026-08-20 23:57:56,608 [   8092]   INFO - #c.i.p.c.ProjectCodeStyleSettingsManager - Initialized from default code style settings.
2026-08-20 23:57:56,794 [   8278] SEVERE - #com.olezelelabs.dockerrunner.DockerComposeRunAction - `ActionUpdateThread.OLD_EDT` is deprecated and going to be removed soon. 'com.olezelelabs.dockerrunner.DockerComposeRunAction' must override `getActionUpdateThread` and chose EDT or BGT. See ActionUpdateThread javadoc. [Plugin: com.olezelelabs.dockerrunner]
com.intellij.diagnostic.PluginException: `ActionUpdateThread.OLD_EDT` is deprecated and going to be removed soon. 'com.olezelelabs.dockerrunner.DockerComposeRunAction' must override `getActionUpdateThread` and chose EDT or BGT. See ActionUpdateThread javadoc. [Plugin: com.olezelelabs.dockerrunner]
	at com.intellij.diagnostic.PluginProblemReporterImpl.createPluginExceptionByClass(PluginProblemReporterImpl.java:23)
	at com.intellij.diagnostic.PluginException.createByClass(PluginException.java:90)
	at com.intellij.diagnostic.PluginException.reportDeprecatedUsage(PluginException.java:125)
	at com.intellij.openapi.actionSystem.ActionUpdateThreadAware.getActionUpdateThread(ActionUpdateThreadAware.java:21)
	at com.intellij.openapi.actionSystem.AnAction.getActionUpdateThread(AnAction.java:199)
2026-08-20 23:57:56,976 [   8460] SEVERE - #com.olezelelabs.dockerrunner.DockerComposeRunAction - IntelliJ IDEA 2024.1  Build #IC-241.14494.240
2026-08-20 23:57:56,993 [   8477] SEVERE - #com.olezelelabs.dockerrunner.DockerComposeRunAction - JDK: 17.0.10; VM: OpenJDK 64-Bit Server VM; Vendor: JetBrains s.r.o.
2026-08-20 23:57:56,998 [   8482] SEVERE - #com.olezelelabs.dockerrunner.DockerComposeRunAction - OS: Linux
2026-08-20 23:57:57,013 [   8497] SEVERE - #com.olezelelabs.dockerrunner.DockerComposeRunAction - Plugin to blame: Docker Runner version: 1.0-SNAPSHOT
2026-08-20 23:57:57,035 [   8519] SEVERE - #com.olezelelabs.dockerrunner.DockerComposeRunAction - Last Action: 
2026-08-20 23:57:58,385 [   9869]   INFO - #c.i.r.OsRegistryConfigProvider - Looking for 'enabled' value in [/etc/xdg/JetBrains/portForwarding/enabled, /etc/xdg/JetBrains/portForwarding/config.json, /home/lucasalmeida/.config/JetBrains/portForwarding/enabled, /home/lucasalmeida/.config/JetBrains/portForwarding/config.json, /home/lucasalmeida/.config/kdedefaults/JetBrains/portForwarding/enabled, /home/lucasalmeida/.config/kdedefaults/JetBrains/portForwarding/config.json, /etc/xdg/JetBrains/portForwarding/enabled, /etc/xdg/JetBrains/portForwarding/config.json, /usr/share/kde-settings/kde-profile/default/xdg/JetBrains/portForwarding/enabled, /usr/share/kde-settings/kde-profile/default/xdg/JetBrains/portForwarding/config.json]
2026-08-20 23:57:58,393 [   9877]   INFO - #c.i.r.OsRegistryConfigProvider - OS provided value for 'enabled' is not found
2026-08-20 23:57:58,436 [   9920]   INFO - #c.i.u.i.ManagedPersistentCache - created persistent map persistent-markup-teste-2473fa2c with size 1
2026-08-20 23:57:58,446 [   9930]   INFO - #c.i.u.i.ManagedPersistentCache - created persistent map persistent-code-vision-teste-2473fa2c with size 0
2026-08-20 23:57:58,446 [   9930]   INFO - #c.i.u.i.ManagedPersistentCache - created persistent map persistent-folding-teste-2473fa2c with size 1
2026-08-20 23:57:58,454 [   9938]   INFO - #c.i.u.i.ManagedPersistentCache - created persistent map persistent-parameter-hints-teste-2473fa2c with size 0
2026-08-20 23:57:58,465 [   9949]   INFO - #c.i.u.i.ManagedPersistentCache - created persistent map persistent-declarative-hints-teste-2473fa2c with size 0
2026-08-20 23:57:59,075 [  10559]   INFO - #c.i.o.p.MergingQueueGuiExecutor - Running task: (dumb mode task) com.intellij.openapi.project.InitialDumbTaskRequiredForSmartMode@51620bbd
2026-08-20 23:57:59,088 [  10572]   INFO - #c.i.o.p.DumbServiceMergingTaskQueue - Initializing DumbServiceMergingTaskQueue...
2026-08-20 23:57:59,091 [  10575]   INFO - #c.i.o.p.DumbServiceMergingTaskQueue - Running initialization condition: com.intellij.indexing.shared.download.SharedIndexDownloadedCondition@2d72acb1
2026-08-20 23:57:59,107 [  10591]   INFO - #c.i.o.p.DumbServiceMergingTaskQueue - Finished: com.intellij.indexing.shared.download.SharedIndexDownloadedCondition@2d72acb1
2026-08-20 23:57:59,147 [  10631]   INFO - #c.i.o.p.InitialDumbTaskRequiredForSmartMode - Running task required for smart mode: com.intellij.indexing.shared.platform.impl.OnDiskSharedIndexChunkLocator@124d97b9
2026-08-20 23:57:59,161 [  10645]   INFO - #c.i.o.p.InitialDumbTaskRequiredForSmartMode - Finished task required for smart mode: com.intellij.indexing.shared.platform.impl.OnDiskSharedIndexChunkLocator@124d97b9
2026-08-20 23:57:59,164 [  10648]   INFO - #c.i.o.p.InitialDumbTaskRequiredForSmartMode - Running task required for smart mode: com.intellij.util.indexing.ProjectFileBasedIndexStartupActivity@3023fc32
2026-08-20 23:57:59,206 [  10690]   INFO - #c.i.u.i.p.IncrementalProjectIndexableFilesFilterHolder - IncrementalProjectIndexableFilesFilterFactory is chosen as indexable files filter factory for project: teste
2026-08-20 23:57:59,265 [  10749]   INFO - #c.i.o.a.i.ActionUpdater - 2453 ms to grab EDT for EnableCameraAction#presentation@NavBarToolbar (com.jetbrains.rd.platform.codeWithMe.telephony.EnableCameraAction)
2026-08-20 23:57:59,266 [  10750]   INFO - #c.i.o.a.i.ActionUpdater - 2453 ms to grab EDT for EnableScreenSharingAction#presentation@NavBarToolbar (com.jetbrains.rd.platform.codeWithMe.telephony.EnableScreenSharingAction)
2026-08-20 23:57:59,290 [  10774]   INFO - #c.i.o.p.InitialDumbTaskRequiredForSmartMode - Finished task required for smart mode: com.intellij.util.indexing.ProjectFileBasedIndexStartupActivity@3023fc32
2026-08-20 23:57:59,293 [  10777]   INFO - #c.i.o.p.InitialDumbTaskRequiredForSmartMode - Running task required for smart mode: com.intellij.util.indexing.FileBasedIndexInfrastructureExtensionStartup@e7e8a1d
2026-08-20 23:57:59,300 [  10784]   INFO - #c.i.o.p.InitialDumbTaskRequiredForSmartMode - Finished task required for smart mode: com.intellij.util.indexing.FileBasedIndexInfrastructureExtensionStartup@e7e8a1d
2026-08-20 23:57:59,303 [  10787]   INFO - #c.i.o.p.InitialDumbTaskRequiredForSmartMode - Running task required for smart mode: com.intellij.externalDependencies.impl.CheckRequiredPluginsActivity@744bfdaa
2026-08-20 23:57:59,312 [  10796]   INFO - #c.i.o.p.InitialDumbTaskRequiredForSmartMode - Finished task required for smart mode: com.intellij.externalDependencies.impl.CheckRequiredPluginsActivity@744bfdaa
2026-08-20 23:57:59,313 [  10797]   INFO - #c.i.o.p.InitialDumbTaskRequiredForSmartMode - Running task required for smart mode: com.intellij.util.indexing.DumbModeWhileScanningSubscriber@2ab8f354
2026-08-20 23:57:59,353 [  10837]   INFO - #c.i.o.p.InitialDumbTaskRequiredForSmartMode - Finished task required for smart mode: com.intellij.util.indexing.DumbModeWhileScanningSubscriber@2ab8f354
2026-08-20 23:57:59,355 [  10839]   INFO - #c.i.o.p.InitialDumbTaskRequiredForSmartMode - Running task required for smart mode: com.intellij.ide.projectWizard.generators.SdkPreIndexingRequiredForSmartModeActivity@683ecfaa
2026-08-20 23:57:59,364 [  10848]   INFO - #c.i.o.p.InitialDumbTaskRequiredForSmartMode - Finished task required for smart mode: com.intellij.ide.projectWizard.generators.SdkPreIndexingRequiredForSmartModeActivity@683ecfaa
2026-08-20 23:57:59,365 [  10849]   INFO - #c.i.o.p.MergingQueueGuiExecutor - Task finished: (dumb mode task) com.intellij.openapi.project.InitialDumbTaskRequiredForSmartMode@51620bbd
2026-08-20 23:57:59,478 [  10962]   INFO - #c.j.r.f.FollowMeManager - Register new user (name: 'lucasalmeida', client id: Host)
2026-08-20 23:57:59,679 [  11163]   INFO - #c.i.o.a.i.ActionUpdater - 1088 ms to grab EDT for DockerComposeRunAction#presentation@NavBarToolbar (com.olezelelabs.dockerrunner.DockerComposeRunAction)
2026-08-20 23:57:59,680 [  11164]   INFO - #c.i.o.a.i.ActionUpdater - 1085 ms to grab EDT for ToolWindowHeader$2#children@ToolwindowTitle (com.intellij.toolWindow.ToolWindowHeader$2)
2026-08-20 23:58:00,981 [  12465]   WARN - #c.i.o.a.i.ActionUpdater - 5995 ms total to grab EDT 4 times to expand DefaultActionGroup@NavBarToolbar (CustomisedActionGroup/com.intellij.openapi.actionSystem.DefaultActionGroup). Use `ActionUpdateThread.BGT`.
2026-08-20 23:58:01,187 [  12671]   INFO - #c.i.o.p.MergingQueueGuiExecutor - Running task: (dumb mode task) com.intellij.util.indexing.UnindexedFilesScanner$2@1d060e5c
2026-08-20 23:58:01,196 [  12680]   INFO - #c.i.o.p.MergingQueueGuiExecutor - Task finished: (dumb mode task) com.intellij.util.indexing.UnindexedFilesScanner$2@1d060e5c
2026-08-20 23:58:01,197 [  12681]   INFO - #c.i.o.p.MergingQueueGuiExecutor - Running task: UnindexedFilesScanner[teste]
2026-08-20 23:58:01,445 [  12929]   INFO - #c.i.u.i.UnindexedFilesScanner - Started scanning for indexing of teste. Reason: On project open
2026-08-20 23:58:01,461 [  12945]   INFO - #c.i.u.i.UnindexedFilesScanner - Performing delayed pushing properties tasks for teste took 3ms; general responsiveness: ok; EDT responsiveness: ok
2026-08-20 23:58:01,521 [  13005]   INFO - #c.i.u.i.d.AppIndexingDependenciesService - Invalidating all indexing flags. Reason: App fingerprint changed: FingerprintImpl(fingerprint=5423179997312943637) to FingerprintImpl(fingerprint=1309056039684480492)
2026-08-20 23:58:01,583 [  13067]   INFO - #c.i.u.i.UnindexedFilesScanner - Scanning of teste uses 7 scanning threads
2026-08-20 23:58:01,940 [  13424]   INFO - #c.i.o.p.DumbServiceImpl - exit dumb mode [teste]
2026-08-20 23:58:02,018 [  13502]   INFO - #c.i.o.a.i.ActionUpdater - 454 ms to grab EDT for FontEditorPreview$RestorePreviewTextAction#presentation@ContextToolbar (com.intellij.application.options.colors.FontEditorPreview$RestorePreviewTextAction)
2026-08-20 23:58:02,021 [  13505]   INFO - #c.i.o.a.i.ActionUpdater - 460 ms to grab EDT for FontEditorPreview$ToggleBoldFontAction#presentation@ContextToolbar (com.intellij.application.options.colors.FontEditorPreview$ToggleBoldFontAction)
2026-08-20 23:58:02,026 [  13510]   INFO - #c.i.o.a.i.ActionUpdater - 402 ms to grab EDT for ToolWindowHeader$2#children@ToolwindowTitle (com.intellij.toolWindow.ToolWindowHeader$2)
2026-08-20 23:58:02,079 [  13563]   INFO - #c.i.o.a.i.ActionUpdater - 383 ms to grab EDT for EditorMarkupModelImpl$TrafficLightAction#presentation@EditorInspectionsToolbar (com.intellij.openapi.editor.impl.EditorMarkupModelImpl$TrafficLightAction)
2026-08-20 23:58:02,080 [  13564]   INFO - #c.i.o.a.i.ActionUpdater - 383 ms to grab EDT for EditorMarkupModelImpl$1#presentation@EditorInspectionsToolbar (com.intellij.openapi.editor.impl.EditorMarkupModelImpl$1)
2026-08-20 23:58:02,087 [  13571]   INFO - #c.i.o.a.i.ActionUpdater - 337 ms to grab EDT for DockerComposeRunAction#presentation@NavBarToolbar (com.olezelelabs.dockerrunner.DockerComposeRunAction)
2026-08-20 23:58:02,991 [  14475]   INFO - #c.i.o.u.i.UpdateCheckerService - channel: release
2026-08-20 23:58:03,509 [  14993]   WARN - #c.i.o.a.i.ActionUpdater - 1346 ms to call on BGT ExecutorRegistryImpl$ExecutorAction#presentation@NavBarToolbar (com.intellij.execution.ExecutorRegistryImpl$ExecutorAction(id=Run))
2026-08-20 23:58:03,509 [  14993]   WARN - #c.i.o.a.i.ActionUpdater - 1325 ms to call on BGT ExecutorRegistryImpl$ExecutorAction#presentation@NavBarToolbar (com.intellij.execution.ExecutorRegistryImpl$ExecutorAction(id=Debug))
2026-08-20 23:58:03,846 [  15330]   INFO - #c.i.o.a.i.ActionUpdater - 330 ms to grab EDT for ToolWindowHeader$2#children@ToolwindowTitle (com.intellij.toolWindow.ToolWindowHeader$2)
2026-08-20 23:58:03,847 [  15331]   INFO - #c.i.o.a.i.ActionUpdater - 305 ms to grab EDT for DockerComposeRunAction#presentation@NavBarToolbar (com.olezelelabs.dockerrunner.DockerComposeRunAction)
2026-08-20 23:58:03,849 [  15333]   INFO - #c.i.o.a.i.ActionUpdater - 303 ms to grab EDT for EditorMarkupModelImpl$TrafficLightAction#presentation@EditorInspectionsToolbar (com.intellij.openapi.editor.impl.EditorMarkupModelImpl$TrafficLightAction)
2026-08-20 23:58:03,849 [  15333]   INFO - #c.i.o.a.i.ActionUpdater - 304 ms to grab EDT for EditorMarkupModelImpl$1#presentation@EditorInspectionsToolbar (com.intellij.openapi.editor.impl.EditorMarkupModelImpl$1)
2026-08-20 23:58:04,154 [  15638]   INFO - #c.i.o.e.s.p.m.ExternalProjectsDataStorage - Load external projects data in 3 millis (read time: 3)
2026-08-20 23:58:04,302 [  15786] SEVERE - #c.i.c.ComponentStoreImpl - Cannot init component state (componentName=GradleJvmSupportMatrix, componentClass=GradleJvmSupportMatrix) [Plugin: com.intellij.gradle]
com.intellij.diagnostic.PluginException: Cannot init component state (componentName=GradleJvmSupportMatrix, componentClass=GradleJvmSupportMatrix) [Plugin: com.intellij.gradle]
	at com.intellij.configurationStore.ComponentStoreImpl.initComponent(ComponentStoreImpl.kt:181)
	at com.intellij.configurationStore.ComponentStoreWithExtraComponents.initComponent(ComponentStoreWithExtraComponents.kt:44)
	at com.intellij.serviceContainer.ComponentManagerImpl.initializeService$intellij_platform_serviceContainer(ComponentManagerImpl.kt:659)
	at com.intellij.serviceContainer.ServiceInstanceInitializer.createInstance$suspendImpl(ServiceInstanceInitializer.kt:70)
	at com.intellij.serviceContainer.ServiceInstanceInitializer.createInstance(ServiceInstanceInitializer.kt)
	at com.intellij.platform.instanceContainer.internal.LazyInstanceHolder$initialize$1$1.invokeSuspend(LazyInstanceHolder.kt:162)
	at com.intellij.platform.instanceContainer.internal.LazyInstanceHolder$initialize$1$1.invoke(LazyInstanceHolder.kt)
	at com.intellij.platform.instanceContainer.internal.LazyInstanceHolder$initialize$1$1.invoke(LazyInstanceHolder.kt)
	at kotlinx.coroutines.intrinsics.UndispatchedKt.startUndispatchedOrReturn(Undispatched.kt:78)
	at kotlinx.coroutines.BuildersKt__Builders_commonKt.withContext(Builders.common.kt:167)
	at kotlinx.coroutines.BuildersKt.withContext(Unknown Source)
	at com.intellij.platform.instanceContainer.internal.LazyInstanceHolder$initialize$1.invokeSuspend(LazyInstanceHolder.kt:160)
	at com.intellij.platform.instanceContainer.internal.LazyInstanceHolder$initialize$1.invoke(LazyInstanceHolder.kt)
	at com.intellij.platform.instanceContainer.internal.LazyInstanceHolder$initialize$1.invoke(LazyInstanceHolder.kt)
	at kotlinx.coroutines.intrinsics.UndispatchedKt.startCoroutineUndispatched(Undispatched.kt:44)
	at kotlinx.coroutines.CoroutineStart.invoke(CoroutineStart.kt:112)
	at kotlinx.coroutines.AbstractCoroutine.start(AbstractCoroutine.kt:126)
	at kotlinx.coroutines.BuildersKt__Builders_commonKt.launch(Builders.common.kt:56)
	at kotlinx.coroutines.BuildersKt.launch(Unknown Source)
	at com.intellij.platform.instanceContainer.internal.LazyInstanceHolder.initialize(LazyInstanceHolder.kt:145)
	at com.intellij.platform.instanceContainer.internal.LazyInstanceHolder.access$initialize(LazyInstanceHolder.kt:13)
	at com.intellij.platform.instanceContainer.internal.LazyInstanceHolder.tryInitialize(LazyInstanceHolder.kt:135)
	at com.intellij.platform.instanceContainer.internal.LazyInstanceHolder.getInstance(LazyInstanceHolder.kt:95)
	at com.intellij.platform.instanceContainer.internal.LazyInstanceHolder.getInstanceInCallerContext$suspendImpl(LazyInstanceHolder.kt:87)
	at com.intellij.platform.instanceContainer.internal.LazyInstanceHolder.getInstanceInCallerContext(LazyInstanceHolder.kt)
	at com.intellij.serviceContainer.ComponentManagerImplKt$getOrCreateInstanceBlocking$3.invokeSuspend(ComponentManagerImpl.kt:1548)
	at kotlin.coroutines.jvm.internal.BaseContinuationImpl.resumeWith(ContinuationImpl.kt:33)
	at kotlinx.coroutines.DispatchedTask.run(DispatchedTask.kt:108)
	at kotlinx.coroutines.EventLoopImplBase.processNextEvent(EventLoop.common.kt:280)
	at kotlinx.coroutines.BlockingCoroutine.joinBlocking(Builders.kt:85)
	at kotlinx.coroutines.BuildersKt__BuildersKt.runBlocking(Builders.kt:59)
	at kotlinx.coroutines.BuildersKt.runBlocking(Unknown Source)
	at com.intellij.serviceContainer.ComponentManagerImplKt$runBlockingInitialization$1.invoke(ComponentManagerImpl.kt:1636)
	at com.intellij.serviceContainer.ComponentManagerImplKt$runBlockingInitialization$1.invoke(ComponentManagerImpl.kt:1627)
	at com.intellij.openapi.progress.ContextKt.prepareThreadContext(context.kt:80)
	at com.intellij.serviceContainer.ComponentManagerImplKt.runBlockingInitialization(ComponentManagerImpl.kt:1627)
	at com.intellij.serviceContainer.ComponentManagerImplKt.getOrCreateInstanceBlocking(ComponentManagerImpl.kt:1547)
	at com.intellij.serviceContainer.ComponentManagerImpl.doGetService(ComponentManagerImpl.kt:754)
	at com.intellij.serviceContainer.ComponentManagerImpl.getService(ComponentManagerImpl.kt:698)
	at org.jetbrains.plugins.gradle.jvmcompat.GradleJvmSupportMatrix$Companion.getInstance(GradleJvmSupportMatrix.kt:224)
	at org.jetbrains.plugins.gradle.jvmcompat.GradleCompatibilitySupportUpdater.<init>(GradleCompatibilitySupportUpdater.kt:14)
	at com.intellij.platform.instanceContainer.instantiation.InstantiateKt$instantiate$2.invoke(instantiate.kt:45)
	at com.intellij.platform.instanceContainer.instantiation.InstantiateKt$instantiate$2.invoke(instantiate.kt:42)
	at com.intellij.platform.instanceContainer.instantiation.InstantiateKt.instantiate(instantiate.kt:308)
	at com.intellij.platform.instanceContainer.instantiation.InstantiateKt.instantiate(instantiate.kt:42)
	at com.intellij.serviceContainer.ServiceInstanceInitializer.createInstance$suspendImpl(ServiceInstanceInitializer.kt:31)
	at com.intellij.serviceContainer.ServiceInstanceInitializer.createInstance(ServiceInstanceInitializer.kt)
	at com.intellij.platform.instanceContainer.internal.LazyInstanceHolder$initialize$1$1.invokeSuspend(LazyInstanceHolder.kt:162)
	at com.intellij.platform.instanceContainer.internal.LazyInstanceHolder$initialize$1$1.invoke(LazyInstanceHolder.kt)
	at com.intellij.platform.instanceContainer.internal.LazyInstanceHolder$initialize$1$1.invoke(LazyInstanceHolder.kt)
	at kotlinx.coroutines.intrinsics.UndispatchedKt.startUndispatchedOrReturn(Undispatched.kt:78)
	at kotlinx.coroutines.BuildersKt__Builders_commonKt.withContext(Builders.common.kt:167)
	at kotlinx.coroutines.BuildersKt.withContext(Unknown Source)
	at com.intellij.platform.instanceContainer.internal.LazyInstanceHolder$initialize$1.invokeSuspend(LazyInstanceHolder.kt:160)
	at com.intellij.platform.instanceContainer.internal.LazyInstanceHolder$initialize$1.invoke(LazyInstanceHolder.kt)
	at com.intellij.platform.instanceContainer.internal.LazyInstanceHolder$initialize$1.invoke(LazyInstanceHolder.kt)
	at kotlinx.coroutines.intrinsics.UndispatchedKt.startCoroutineUndispatched(Undispatched.kt:44)
	at kotlinx.coroutines.CoroutineStart.invoke(CoroutineStart.kt:112)
	at kotlinx.coroutines.AbstractCoroutine.start(AbstractCoroutine.kt:126)
	at kotlinx.coroutines.BuildersKt__Builders_commonKt.launch(Builders.common.kt:56)
	at kotlinx.coroutines.BuildersKt.launch(Unknown Source)
	at com.intellij.platform.instanceContainer.internal.LazyInstanceHolder.initialize(LazyInstanceHolder.kt:145)
	at com.intellij.platform.instanceContainer.internal.LazyInstanceHolder.access$initialize(LazyInstanceHolder.kt:13)
	at com.intellij.platform.instanceContainer.internal.LazyInstanceHolder.tryInitialize(LazyInstanceHolder.kt:135)
	at com.intellij.platform.instanceContainer.internal.LazyInstanceHolder.getInstance(LazyInstanceHolder.kt:95)
	at com.intellij.platform.instanceContainer.internal.LazyInstanceHolder.getInstance$suspendImpl(LazyInstanceHolder.kt:83)
	at com.intellij.platform.instanceContainer.internal.LazyInstanceHolder.getInstance(LazyInstanceHolder.kt)
	at com.intellij.platform.instanceContainer.internal.InstanceContainerImpl.instance(InstanceContainerImpl.kt:68)
	at com.intellij.serviceContainer.ComponentManagerImpl.getServiceAsync(ComponentManagerImpl.kt:702)
	at org.jetbrains.plugins.gradle.service.project.GradleVersionUpdateStartupActivity.execute(GradleVersionUpdateStartupActivity.kt:26)
	at com.intellij.ide.startup.impl.StartupManagerImplKt$launchActivity$1.invokeSuspend(StartupManagerImpl.kt:473)
	at kotlin.coroutines.jvm.internal.BaseContinuationImpl.resumeWith(ContinuationImpl.kt:33)
	at kotlinx.coroutines.DispatchedTask.run(DispatchedTask.kt:108)
	at kotlinx.coroutines.scheduling.CoroutineScheduler.runSafely(CoroutineScheduler.kt:584)
	at kotlinx.coroutines.scheduling.CoroutineScheduler$Worker.executeTask(CoroutineScheduler.kt:793)
	at kotlinx.coroutines.scheduling.CoroutineScheduler$Worker.runWorker(CoroutineScheduler.kt:697)
	at kotlinx.coroutines.scheduling.CoroutineScheduler$Worker.run(CoroutineScheduler.kt:684)
Caused by: java.lang.IllegalArgumentException: 25
	at com.intellij.util.lang.JavaVersion.parse(JavaVersion.java:307)
	at org.jetbrains.plugins.gradle.jvmcompat.GradleJvmSupportMatrix$getCompatibilityRanges$1$javaRange$1.invoke(GradleJvmSupportMatrix.kt:44)
	at org.jetbrains.plugins.gradle.jvmcompat.GradleJvmSupportMatrix$getCompatibilityRanges$1$javaRange$1.invoke(GradleJvmSupportMatrix.kt:44)
	at org.jetbrains.plugins.gradle.jvmcompat.IdeVersionedDataParser$Companion.parseVersion(IdeVersionedDataParser.kt:21)
	at org.jetbrains.plugins.gradle.jvmcompat.IdeVersionedDataParser$Companion.parseRange(IdeVersionedDataParser.kt:31)
	at org.jetbrains.plugins.gradle.jvmcompat.GradleJvmSupportMatrix.getCompatibilityRanges(GradleJvmSupportMatrix.kt:44)
	at org.jetbrains.plugins.gradle.jvmcompat.GradleJvmSupportMatrix.applyState(GradleJvmSupportMatrix.kt:28)
	at org.jetbrains.plugins.gradle.jvmcompat.GradleJvmSupportMatrix.onStateChanged(GradleJvmSupportMatrix.kt:50)
	at org.jetbrains.plugins.gradle.jvmcompat.GradleJvmSupportMatrix.onStateChanged(GradleJvmSupportMatrix.kt:13)
	at org.jetbrains.plugins.gradle.jvmcompat.IdeVersionedDataStorage.loadState(IdeVersionedDataStorage.kt:38)
	at org.jetbrains.plugins.gradle.jvmcompat.IdeVersionedDataStorage.loadState(IdeVersionedDataStorage.kt:7)
	at com.intellij.configurationStore.ComponentStoreImpl.doInitComponent(ComponentStoreImpl.kt:587)
	at com.intellij.configurationStore.ComponentStoreImpl.initComponent(ComponentStoreImpl.kt:487)
	at com.intellij.configurationStore.ComponentStoreImpl.initComponent(ComponentStoreImpl.kt:156)
	... 76 more
2026-08-20 23:58:04,326 [  15810] SEVERE - #c.i.c.ComponentStoreImpl - IntelliJ IDEA 2024.1  Build #IC-241.14494.240
2026-08-20 23:58:04,327 [  15811] SEVERE - #c.i.c.ComponentStoreImpl - JDK: 17.0.10; VM: OpenJDK 64-Bit Server VM; Vendor: JetBrains s.r.o.
2026-08-20 23:58:04,334 [  15818] SEVERE - #c.i.c.ComponentStoreImpl - OS: Linux
2026-08-20 23:58:04,336 [  15820] SEVERE - #c.i.c.ComponentStoreImpl - Last Action: 
2026-08-20 23:58:04,471 [  15955]   INFO - #c.i.c.CompilerWorkspaceConfiguration - Available processors: 8
2026-08-20 23:58:04,481 [  15965]   INFO - #c.i.o.p.SmartModeScheduler - Post-startup activity executed. Current mode: 5
2026-08-20 23:58:04,559 [  16043]   INFO - #c.i.i.s.IdeStartupScripts - 0 startup script(s) found
2026-08-20 23:58:04,582 [  16066]   INFO - #c.i.d.PerformanceWatcherImpl - Post-startup activities under progress took 608ms; general responsiveness: 1/14 sluggish, 13/14 very slow; EDT responsiveness: ok
2026-08-20 23:58:05,281 [  16765]   INFO - #c.i.w.i.i.j.s.JpsGlobalModelSynchronizerImpl - Loading global entities com.intellij.platform.workspace.jps.entities.SdkEntity from files
2026-08-20 23:58:05,344 [  16828]   INFO - #c.i.w.i.i.j.s.JpsGlobalModelSynchronizerImpl - Loading global entities com.intellij.platform.workspace.jps.entities.LibraryEntity from files
2026-08-20 23:58:05,772 [  17256]   INFO - #c.i.o.a.i.ActionUpdater - 1383 ms to grab EDT for ToolWindowHeader$2#children@ToolwindowTitle (com.intellij.toolWindow.ToolWindowHeader$2)
2026-08-20 23:58:06,573 [  18057]   INFO - #c.i.o.a.i.ActionUpdater - 1447 ms to grab EDT for DockerComposeRunAction#presentation@NavBarToolbar (com.olezelelabs.dockerrunner.DockerComposeRunAction)
2026-08-20 23:58:07,017 [  18501]   INFO - #c.i.w.i.i.EntitiesOrphanageImpl - Update orphanage. 0 modules added
2026-08-20 23:58:07,024 [  18508]   INFO - #c.i.w.i.i.WorkspaceModelImpl - Project model updated to version 3 in 13 ms: Sync global entities with project: teste
2026-08-20 23:58:07,026 [  18510]   INFO - #c.i.w.i.i.GlobalWorkspaceModel - Global model updated to version 2 in 32 ms: Sync global entities with state
2026-08-20 23:58:07,259 [  18743]   INFO - #c.i.o.a.i.ActionUpdater - 817 ms to grab EDT for FontEditorPreview$RestorePreviewTextAction#presentation@ContextToolbar (com.intellij.application.options.colors.FontEditorPreview$RestorePreviewTextAction)
2026-08-20 23:58:07,267 [  18751]   INFO - #c.i.o.a.i.ActionUpdater - 828 ms to grab EDT for FontEditorPreview$ToggleBoldFontAction#presentation@ContextToolbar (com.intellij.application.options.colors.FontEditorPreview$ToggleBoldFontAction)
2026-08-20 23:58:09,811 [  21295]   INFO - #o.j.j.b.i.CompilerReferenceIndex - backward reference index version doesn't exist
2026-08-20 23:58:09,834 [  21318]   INFO - #c.i.c.b.IsUpToDateCheckStartupActivity - suitable consumer is not found
2026-08-20 23:58:09,910 [  21394]   INFO - #c.i.w.i.i.GlobalWorkspaceModel - Sync global entities with mutable entity storage
2026-08-20 23:58:09,927 [  21411]   INFO - #c.i.w.i.i.j.s.JpsProjectModelSynchronizer - Attempt 1: Apply JPS storage (iml files)
2026-08-20 23:58:09,955 [  21439]   INFO - #c.i.w.i.i.EntitiesOrphanageImpl - Update orphanage. 0 modules added
2026-08-20 23:58:09,963 [  21447]   INFO - #c.i.w.i.i.j.s.JpsProjectModelSynchronizer - Attempt 1: Changes were successfully applied
2026-08-20 23:58:09,969 [  21453]   INFO - #c.i.w.i.i.j.s.DelayedProjectSynchronizer$Util - Workspace model loaded from cache. Syncing real project state into workspace model in 333 ms. Thread[DefaultDispatcher-worker-54 @run activity#4799,5,main]
2026-08-20 23:58:12,515 [  23999]   INFO - #c.i.u.i.UnindexedFilesScanner - Scanning completed for teste. Number of scanned files: 42583; number of files for indexing: 0 took 11053ms; general responsiveness: 2/21 sluggish, 15/21 very slow; EDT responsiveness: 0/7 sluggish, 2/7 very slow
2026-08-20 23:58:12,519 [  24003]   INFO - #c.i.o.p.InitialVfsRefreshService - 2473fa2c: marking roots for initial VFS refresh
2026-08-20 23:58:12,521 [  24005]   INFO - #c.i.u.i.PerProjectIndexingQueue - Finished for teste. No files to index with loading content.
2026-08-20 23:58:12,525 [  24009]   INFO - #c.i.o.p.InitialVfsRefreshService - 2473fa2c: starting initial VFS refresh of 4 roots
2026-08-20 23:58:12,545 [  24029]   INFO - #c.i.o.p.MergingQueueGuiExecutor - Task finished: UnindexedFilesScanner[teste]
2026-08-20 23:58:12,569 [  24053]   INFO - #c.i.o.p.InitialVfsRefreshService - 2473fa2c: initial VFS refresh finished in 41 ms
2026-08-20 23:58:34,451 [  45935]   INFO - #c.i.w.i.i.j.s.JpsGlobalModelSynchronizerImpl - Saving global entities com.intellij.platform.workspace.jps.entities.SdkEntity to files
2026-08-20 23:58:34,515 [  45999]   INFO - #c.i.w.i.i.j.s.JpsGlobalModelSynchronizerImpl - Saving global entities com.intellij.platform.workspace.jps.entities.LibraryEntity to files
2026-08-20 23:58:35,414 [  46898]   INFO - #c.i.c.ComponentStoreImpl - Saving appFileTypeManager took 23 ms
2026-08-20 23:58:35,938 [  47422]   WARN - #c.i.u.x.Binding - No accessors for org.jetbrains.kotlin.cli.common.arguments.InternalArgument. This means that state class cannot be serialized properly. Please see https://jb.gg/ij-psoc
2026-08-20 23:58:36,000 [  47484]   INFO - #c.i.c.ComponentStoreImpl - Saving Project(name=teste, containerState=COMPONENT_CREATED, componentStore=/home/lucasalmeida/IdeaProjects/teste)DynamicElementsStorage took 30 ms, RunManager took 36 ms
2026-08-20 23:58:36,002 [  47486]   INFO - #c.i.o.c.i.s.StoreUtil - saveProjectsAndApp took 1626 ms
2026-08-20 23:58:39,831 [  51315]   INFO - #c.j.r.p.c.CodeWithMeCleanup - running activity to cleanup old thin clients... Root path is '/home/lucasalmeida/.cache/JetBrains'. JvmStartTimeMs=1787281067480
2026-08-20 23:58:39,837 [  51321]   INFO - #c.j.r.p.c.CodeWithMeCleanup - found 0 Code With Me client system folders to check
2026-08-20 23:58:39,839 [  51323]   INFO - #c.j.r.p.c.CodeWithMeCleanup - found 0 Code With Me client config folders to check
2026-08-20 23:58:39,841 [  51325]   INFO - #c.j.r.p.c.CodeWithMeCleanup - keep only [] major versions
2026-08-20 23:58:39,842 [  51326]   INFO - #c.j.r.p.c.CodeWithMeCleanup - Starting the logs folder cleanup. Path: /home/lucasalmeida/Developer/DockerRunner/.intellijPlatform/sandbox/DockerRunner/IC-2024.1/log
2026-08-20 23:58:39,845 [  51329]   INFO - #c.i.r.OsRegistryConfigProvider - Looking for 'versionManagementEnabled' value in [/etc/xdg/JetBrains/JetBrainsClient/versionManagementEnabled, /etc/xdg/JetBrains/JetBrainsClient/config.json, /home/lucasalmeida/.config/JetBrains/JetBrainsClient/versionManagementEnabled, /home/lucasalmeida/.config/JetBrains/JetBrainsClient/config.json, /home/lucasalmeida/.config/kdedefaults/JetBrains/JetBrainsClient/versionManagementEnabled, /home/lucasalmeida/.config/kdedefaults/JetBrains/JetBrainsClient/config.json, /etc/xdg/JetBrains/JetBrainsClient/versionManagementEnabled, /etc/xdg/JetBrains/JetBrainsClient/config.json, /usr/share/kde-settings/kde-profile/default/xdg/JetBrains/JetBrainsClient/versionManagementEnabled, /usr/share/kde-settings/kde-profile/default/xdg/JetBrains/JetBrainsClient/config.json]
2026-08-20 23:58:39,848 [  51332]   INFO - #c.i.r.OsRegistryConfigProvider - OS provided value for 'versionManagementEnabled' is not found
2026-08-20 23:58:44,252 [  55736] SEVERE - #com.olezelelabs.dockerrunner.DockerComposeRunAction - `ActionUpdateThread.OLD_EDT` is deprecated and going to be removed soon. 'com.olezelelabs.dockerrunner.DockerComposeRunAction' must override `getActionUpdateThread` and chose EDT or BGT. See ActionUpdateThread javadoc. [Plugin: com.olezelelabs.dockerrunner]
com.intellij.diagnostic.PluginException: `ActionUpdateThread.OLD_EDT` is deprecated and going to be removed soon. 'com.olezelelabs.dockerrunner.DockerComposeRunAction' must override `getActionUpdateThread` and chose EDT or BGT. See ActionUpdateThread javadoc. [Plugin: com.olezelelabs.dockerrunner]
	at com.intellij.diagnostic.PluginProblemReporterImpl.createPluginExceptionByClass(PluginProblemReporterImpl.java:23)
	at com.intellij.diagnostic.PluginException.createByClass(PluginException.java:90)
	at com.intellij.diagnostic.PluginException.reportDeprecatedUsage(PluginException.java:125)
	at com.intellij.openapi.actionSystem.ActionUpdateThreadAware.getActionUpdateThread(ActionUpdateThreadAware.java:21)
	at com.intellij.openapi.actionSystem.AnAction.getActionUpdateThread(AnAction.java:199)
2026-08-20 23:58:44,255 [  55739] SEVERE - #com.olezelelabs.dockerrunner.DockerComposeRunAction - IntelliJ IDEA 2024.1  Build #IC-241.14494.240
2026-08-20 23:58:44,256 [  55740] SEVERE - #com.olezelelabs.dockerrunner.DockerComposeRunAction - JDK: 17.0.10; VM: OpenJDK 64-Bit Server VM; Vendor: JetBrains s.r.o.
2026-08-20 23:58:44,257 [  55741] SEVERE - #com.olezelelabs.dockerrunner.DockerComposeRunAction - OS: Linux
2026-08-20 23:58:44,258 [  55742] SEVERE - #com.olezelelabs.dockerrunner.DockerComposeRunAction - Plugin to blame: Docker Runner version: 1.0-SNAPSHOT
2026-08-20 23:58:44,259 [  55743] SEVERE - #com.olezelelabs.dockerrunner.DockerComposeRunAction - Last Action: 
2026-08-20 23:58:47,118 [  58602]   INFO - #c.i.w.i.i.j.s.JpsGlobalModelSynchronizerImpl - Saving global entities com.intellij.platform.workspace.jps.entities.SdkEntity to files
2026-08-20 23:58:47,120 [  58604]   INFO - #c.i.w.i.i.j.s.JpsGlobalModelSynchronizerImpl - Saving global entities com.intellij.platform.workspace.jps.entities.LibraryEntity to files
2026-08-20 23:58:47,959 [  59443]   INFO - #c.i.w.i.i.j.s.JpsGlobalModelSynchronizerImpl - Saving global entities com.intellij.platform.workspace.jps.entities.SdkEntity to files
2026-08-20 23:58:47,962 [  59446]   INFO - #c.i.w.i.i.j.s.JpsGlobalModelSynchronizerImpl - Saving global entities com.intellij.platform.workspace.jps.entities.LibraryEntity to files
2026-08-20 23:58:48,038 [  59522]   INFO - #c.i.a.o.PathMacrosImpl - Saved path macros: {MAVEN_REPOSITORY=/home/lucasalmeida/.m2/repository}
2026-08-20 23:58:48,058 [  59542]   INFO - #c.i.c.ComponentStoreImpl - Saving appExtensionsRootType took 22 ms
2026-08-20 23:58:49,768 [  61252]   WARN - #c.i.u.x.Binding - No accessors for com.intellij.platform.feedback.impl.state.DontShowAgainFeedbackState. This means that state class cannot be serialized properly. Please see https://jb.gg/ij-psoc
2026-08-20 23:58:49,769 [  61253]   WARN - #c.i.u.x.Binding - No accessors for com.intellij.platform.feedback.impl.state.CommonFeedbackSurveysState. This means that state class cannot be serialized properly. Please see https://jb.gg/ij-psoc
2026-08-20 23:59:01,445 [  72929]   INFO - #c.i.u.g.s.GistStorageImpl - Cleaning old huge-gists dirs from [/home/lucasalmeida/Developer/DockerRunner/.intellijPlatform/sandbox/DockerRunner/IC-2024.1/system/caches/huge-gists] ...
2026-08-20 23:59:01,448 [  72932]   INFO - #c.i.u.g.s.GistStorageImpl - Cleaning old huge-gists dirs finished
2026-08-20 23:59:05,310 [  76794]   INFO - #c.i.w.i.i.j.s.JpsGlobalModelSynchronizerImpl - Saving global entities com.intellij.platform.workspace.jps.entities.SdkEntity to files
2026-08-20 23:59:05,313 [  76797]   INFO - #c.i.w.i.i.j.s.JpsGlobalModelSynchronizerImpl - Saving global entities com.intellij.platform.workspace.jps.entities.LibraryEntity to files
2026-08-20 23:59:05,340 [  76824]   INFO - #c.i.a.o.PathMacrosImpl - Saved path macros: {MAVEN_REPOSITORY=/home/lucasalmeida/.m2/repository}
2026-08-20 23:59:05,498 [  76982]   INFO - #c.i.c.ComponentStoreImpl - Saving Project(name=teste, containerState=COMPONENT_CREATED, componentStore=/home/lucasalmeida/IdeaProjects/teste)KotlinCommonCompilerArguments took 34 ms
2026-08-20 23:59:05,730 [  77214]   INFO - #c.i.o.v.i.l.NativeFileWatcherImpl - Watcher terminated with exit code 0
2026-08-20 23:59:05,733 [  77217]   INFO - #c.j.r.f.FollowMeManager - Unregister user (name: 'lucasalmeida', clientId: Host)
2026-08-20 23:59:05,743 [  77227]   INFO - #c.i.o.w.i.WindowManagerImpl - === Release(true) frame on closed project ===
2026-08-20 23:59:05,829 [  77313]   INFO - #c.i.c.b.CompilerReferenceServiceBase - backward reference index reader is closed (didn't exist)
2026-08-20 23:59:05,842 [  77326]   INFO - #o.j.k.i.s.r.KotlinCompilerReferenceIndexStorage - KCRI storage is closed (didn't exist)
2026-08-20 23:59:05,921 [  77405]   INFO - #c.i.u.s.SvgCacheManager - SVG icon cache is closed
2026-08-20 23:59:05,946 [  77430]   INFO - #o.j.i.BuiltInServer - web server stopped
2026-08-20 23:59:05,968 [  77452]   INFO - #c.i.u.i.FileBasedIndexImpl - Index dispose started
2026-08-20 23:59:06,087 [  77571]   INFO - #c.i.p.s.StubIndexImpl - StubIndexExtension-s were unloaded
2026-08-20 23:59:06,088 [  77572]   INFO - #c.i.p.s.SerializationManagerImpl - Start shutting down /home/lucasalmeida/Developer/DockerRunner/.intellijPlatform/sandbox/DockerRunner/IC-2024.1/system/index/rep.names
2026-08-20 23:59:06,090 [  77574]   INFO - #c.i.p.s.SerializationManagerImpl - Finished shutting down /home/lucasalmeida/Developer/DockerRunner/.intellijPlatform/sandbox/DockerRunner/IC-2024.1/system/index/rep.names
2026-08-20 23:59:06,104 [  77588]   INFO - #c.i.u.i.FileBasedIndexImpl - Index dispose completed in 136ms.
2026-08-20 23:59:06,184 [  77668]   INFO - #c.i.o.v.n.p.PersistentFSImpl - VFS dispose started
2026-08-20 23:59:06,213 [  77697]   INFO - #c.i.o.v.n.p.FSRecordsImpl - VFS closing
2026-08-20 23:59:06,229 [  77713]   INFO - #c.i.o.v.n.p.PersistentFSImpl - VFS dispose completed in 43 ms.
2026-08-20 23:59:06,237 [  77721]   INFO - #c.i.o.f.i.FileTypeDetectionService - 9 auto-detected files. Detection took 906 ms
2026-08-20 23:59:06,323 [  77807]   INFO - #c.i.p.i.b.AppStarter - ------------------------------------------------------ IDE SHUTDOWN ------------------------------------------------------
2026-08-21 00:04:38,946 [     45]   INFO - #c.i.p.i.b.AppStarter - ------------------------------------------------------ IDE STARTED ------------------------------------------------------
2026-08-21 00:04:39,085 [    184]   INFO - #c.i.u.i.PageCacheUtils - File page caching params:
2026-08-21 00:04:39,095 [    194]   INFO - #c.i.i.p.PluginManager - Plugin PluginDescriptor(name=Groovy, id=org.intellij.groovy, descriptorPath=plugin.xml, path=~/.gradle/caches/9.6.0/transforms/bea1b87427568a068e547fc0eae09392/transformed/ideaIC-2024.1/plugins/Groovy, version=241.14494.240, package=org.jetbrains.plugins.groovy, isBundled=true) misses optional descriptor duplicates-groovy.xml
2026-08-21 00:04:39,097 [    196]   INFO - #c.i.u.i.PageCacheUtils - 	DEFAULT_PAGE_SIZE: 10485760
2026-08-21 00:04:39,099 [    198]   INFO - #c.i.u.i.PageCacheUtils - 	Direct memory to use, max: 2126512128
2026-08-21 00:04:39,100 [    199]   INFO - #c.i.u.i.PageCacheUtils - 	FilePageCache: regular + lock-free (LOCK_FREE_PAGE_CACHE_ENABLED:true)
2026-08-21 00:04:39,102 [    201]   INFO - #c.i.i.p.PluginManager - Plugin PluginDescriptor(name=Groovy, id=org.intellij.groovy, descriptorPath=plugin.xml, path=~/.gradle/caches/9.6.0/transforms/bea1b87427568a068e547fc0eae09392/transformed/ideaIC-2024.1/plugins/Groovy, version=241.14494.240, package=org.jetbrains.plugins.groovy, isBundled=true) misses optional descriptor duplicates-detection-groovy.xml
2026-08-21 00:04:39,112 [    211]   INFO - #c.i.u.i.PageCacheUtils - 	NEW_PAGE_CACHE_MEMORY_FRACTION: 0.20000000298023224
2026-08-21 00:04:39,113 [    212]   INFO - #c.i.u.i.PageCacheUtils - 	Regular FilePageCache: 503316478 bytes
2026-08-21 00:04:39,114 [    213]   INFO - #c.i.u.i.PageCacheUtils - 	New     FilePageCache: 125829122 bytes (+ up to 10.0% overflow)
2026-08-21 00:04:39,116 [    215]   INFO - #c.i.u.i.PageCacheUtils - 	DirectByteBuffers pool: 104857600 bytes
2026-08-21 00:04:39,115 [    214]   INFO - #c.i.p.i.b.AppStarter - JNA library (64-bit) loaded in 87 ms
2026-08-21 00:04:39,131 [    230]   INFO - #c.i.p.i.b.AppStarter - IDE: IntelliJ IDEA (build #IC-241.14494.240, Thu, 28 Mar 2024 05:12:00 GMT)
2026-08-21 00:04:39,132 [    231]   INFO - #c.i.p.i.b.AppStarter - OS: Linux (7.1.8-200.fc44.x86_64)
2026-08-21 00:04:39,136 [    235]   INFO - #c.i.p.i.b.AppStarter - JRE: 17.0.10+8-b1207.12, amd64 (JetBrains s.r.o.)
2026-08-21 00:04:39,141 [    240]   INFO - #c.i.p.i.b.AppStarter - JVM: 17.0.10+8-b1207.12 (OpenJDK 64-Bit Server VM)
2026-08-21 00:04:39,155 [    254]   INFO - #c.i.p.i.b.AppStarter - PID: 49464
2026-08-21 00:04:39,156 [    255]   INFO - #c.i.p.i.b.AppStarter - desktop: KDE
2026-08-21 00:04:39,173 [    272]   INFO - #c.i.i.p.PluginManager - Using cached broken plugins file
2026-08-21 00:04:39,252 [    351]   INFO - #c.i.p.i.b.AppStarter - toolkit: sun.awt.X11.XToolkit
2026-08-21 00:04:39,306 [    405]   INFO - #c.i.i.p.PluginManager - PluginDescriptor(name=Docker Runner, id=com.olezelelabs.dockerrunner, descriptorPath=plugin.xml, path=~/Developer/DockerRunner/.intellijPlatform/sandbox/DockerRunner/IC-2024.1/plugins/DockerRunner, version=1.0-SNAPSHOT, package=null, isBundled=false) overrides PluginDescriptor(name=Docker Runner, id=com.olezelelabs.dockerrunner, descriptorPath=plugin.xml, path=~/Developer/DockerRunner/.intellijPlatform/sandbox/DockerRunner/IC-2024.1/plugins/DockerRunner, version=1.0-SNAPSHOT, package=null, isBundled=false)
2026-08-21 00:04:39,308 [    407]   INFO - #c.i.p.i.b.AppStarter - JVM options: [-Daether.connector.resumeDownloads=false, -Dawt.lock.fair=true, -Dide.native.launcher=false, -Dide.no.platform.update=false, -Dide.show.tips.on.startup.default.value=false, -Didea.auto.reload.plugins=true, -Didea.classpath.index.enabled=false, -Didea.config.path=/home/lucasalmeida/Developer/DockerRunner/.intellijPlatform/sandbox/DockerRunner/IC-2024.1/config, -Didea.is.internal=true, -Didea.log.path=/home/lucasalmeida/Developer/DockerRunner/.intellijPlatform/sandbox/DockerRunner/IC-2024.1/log, -Didea.paths.selector=IdeaIC2024.1, -Didea.platform.prefix=Idea, -Didea.plugin.in.sandbox.mode=true, -Didea.plugins.path=/home/lucasalmeida/Developer/DockerRunner/.intellijPlatform/sandbox/DockerRunner/IC-2024.1/plugins, -Didea.required.plugins.id=com.olezelelabs.dockerrunner, -Didea.reset.classpath.from.manifest=true, -Didea.system.path=/home/lucasalmeida/Developer/DockerRunner/.intellijPlatform/sandbox/DockerRunner/IC-2024.1/system, -Didea.vendor.name=JetBrains, -Dintellij.console.log.level=warning, -Dintellij.platform.runtime.repository.path=/home/lucasalmeida/.gradle/caches/9.6.0/transforms/bea1b87427568a068e547fc0eae09392/transformed/ideaIC-2024.1/modules/module-descriptors.jar, -Djava.system.class.loader=com.intellij.util.lang.PathClassLoader, -Djbr.catch.SIGABRT=true, -Djdk.attach.allowAttachSelf=true, -Djdk.http.auth.tunneling.disabledSchemes="", -Djdk.module.illegalAccess.silent=true, -Djna.boot.library.path=/home/lucasalmeida/.gradle/caches/9.6.0/transforms/bea1b87427568a068e547fc0eae09392/transformed/ideaIC-2024.1/lib/jna/amd64, -Djna.noclasspath=true, -Djna.nosys=true, -Dplugin.path=/home/lucasalmeida/Developer/DockerRunner/.intellijPlatform/sandbox/DockerRunner/IC-2024.1/plugins/DockerRunner, -Dpty4j.preferred.native.folder=/home/lucasalmeida/.gradle/caches/9.6.0/transforms/bea1b87427568a068e547fc0eae09392/transformed/ideaIC-2024.1/lib/pty4j, -Dsplash=true, -Dsun.awt.disablegrab=true, -Dsun.io.useCanonCaches=false, -Dsun.java2d.metal=true, -Dsun.tools.attach.tmp.only=true, -XX:+HeapDumpOnOutOfMemoryError, -XX:-OmitStackTraceInFastThrow, -XX:+IgnoreUnrecognizedVMOptions, -XX:CICompilerCount=2, -XX:ReservedCodeCacheSize=512m, -XX:CompileCommand=exclude,com/intellij/openapi/vfs/impl/FilePartNodeRoot,trieDescend, -XX:SoftRefLRUPolicyMSPerMB=50, --add-opens=java.base/java.io=ALL-UNNAMED, --add-opens=java.base/java.lang=ALL-UNNAMED, --add-opens=java.base/java.lang.ref=ALL-UNNAMED, --add-opens=java.base/java.lang.reflect=ALL-UNNAMED, --add-opens=java.base/java.net=ALL-UNNAMED, --add-opens=java.base/java.nio=ALL-UNNAMED, --add-opens=java.base/java.nio.charset=ALL-UNNAMED, --add-opens=java.base/java.text=ALL-UNNAMED, --add-opens=java.base/java.time=ALL-UNNAMED, --add-opens=java.base/java.util=ALL-UNNAMED, --add-opens=java.base/java.util.concurrent=ALL-UNNAMED, --add-opens=java.base/java.util.concurrent.atomic=ALL-UNNAMED, --add-opens=java.base/java.util.concurrent.locks=ALL-UNNAMED, --add-opens=java.base/jdk.internal.vm=ALL-UNNAMED, --add-opens=java.base/sun.nio.ch=ALL-UNNAMED, --add-opens=java.base/sun.nio.fs=ALL-UNNAMED, --add-opens=java.base/sun.security.ssl=ALL-UNNAMED, --add-opens=java.base/sun.security.util=ALL-UNNAMED, --add-opens=java.base/sun.net.dns=ALL-UNNAMED, --add-opens=java.desktop/com.sun.java.swing.plaf.gtk=ALL-UNNAMED, --add-opens=java.desktop/java.awt=ALL-UNNAMED, --add-opens=java.desktop/java.awt.dnd.peer=ALL-UNNAMED, --add-opens=java.desktop/java.awt.event=ALL-UNNAMED, --add-opens=java.desktop/java.awt.image=ALL-UNNAMED, --add-opens=java.desktop/java.awt.peer=ALL-UNNAMED, --add-opens=java.desktop/java.awt.font=ALL-UNNAMED, --add-opens=java.desktop/javax.swing=ALL-UNNAMED, --add-opens=java.desktop/javax.swing.plaf.basic=ALL-UNNAMED, --add-opens=java.desktop/javax.swing.text=ALL-UNNAMED, --add-opens=java.desktop/javax.swing.text.html=ALL-UNNAMED, --add-opens=java.desktop/sun.awt.X11=ALL-UNNAMED, --add-opens=java.desktop/sun.awt.datatransfer=ALL-UNNAMED, --add-opens=java.desktop/sun.awt.image=ALL-UNNAMED, --add-opens=java.desktop/sun.awt=ALL-UNNAMED, --add-opens=java.desktop/sun.font=ALL-UNNAMED, --add-opens=java.desktop/sun.java2d=ALL-UNNAMED, --add-opens=java.desktop/sun.swing=ALL-UNNAMED, --add-opens=java.desktop/com.sun.java.swing=ALL-UNNAMED, --add-opens=jdk.attach/sun.tools.attach=ALL-UNNAMED, --add-opens=jdk.compiler/com.sun.tools.javac.api=ALL-UNNAMED, --add-opens=jdk.internal.jvmstat/sun.jvmstat.monitor=ALL-UNNAMED, --add-opens=jdk.jdi/com.sun.tools.jdi=ALL-UNNAMED, -javaagent:/home/lucasalmeida/Developer/DockerRunner/.intellijPlatform/coroutines-javaagent-legacy.jar, -Xms128m, -Xmx2048m, -Dfile.encoding=UTF-8, -Duser.country=BR, -Duser.language=pt, -Duser.variant, -ea]
2026-08-21 00:04:39,310 [    409]   INFO - #c.i.p.i.b.AppStarter - args: 
2026-08-21 00:04:39,311 [    410]   INFO - #c.i.p.i.b.AppStarter - library path: /usr/java/packages/lib:/usr/lib64:/lib64:/lib:/usr/lib
2026-08-21 00:04:39,313 [    412]   INFO - #c.i.p.i.b.AppStarter - boot library path: /home/lucasalmeida/.gradle/caches/9.6.0/transforms/bea1b87427568a068e547fc0eae09392/transformed/ideaIC-2024.1/jbr/lib
2026-08-21 00:04:39,337 [    436]   INFO - #c.i.p.i.b.AppStarter - locale=pt_BR JNU=UTF-8 file.encoding=UTF-8
    idea.config.path=/home/lucasalmeida/Developer/DockerRunner/.intellijPlatform/sandbox/DockerRunner/IC-2024.1/config
    idea.system.path=/home/lucasalmeida/Developer/DockerRunner/.intellijPlatform/sandbox/DockerRunner/IC-2024.1/system
    idea.plugins.path=/home/lucasalmeida/Developer/DockerRunner/.intellijPlatform/sandbox/DockerRunner/IC-2024.1/plugins
    idea.log.path=/home/lucasalmeida/Developer/DockerRunner/.intellijPlatform/sandbox/DockerRunner/IC-2024.1/log
2026-08-21 00:04:39,346 [    445]   INFO - #c.i.p.i.b.AppStarter - CPU cores: 8; ForkJoinPool.commonPool: java.util.concurrent.ForkJoinPool@4fb32b7c[Running, parallelism = 7, size = 0, active = 0, running = 0, steals = 0, tasks = 0, submissions = 0]; factory: com.intellij.concurrency.IdeaForkJoinWorkerThreadFactory@2250ffcf
2026-08-21 00:04:39,378 [    477]   INFO - #c.i.i.p.PluginManager - Module intellij.sh.python is not enabled because dependency intellij.python.community.impl is not available
Module intellij.groovy/ant is not enabled because dependency AntSupport is not available
Module intellij.qodana.jvm.swagger is not enabled because dependency com.intellij.swagger is not available
Module intellij.qodana.python is not enabled because dependency intellij.python is not available
Module intellij.qodana.php is not enabled because dependency com.jetbrains.php is not available
Module intellij.qodana.js is not enabled because dependency JavaScript is not available
Module intellij.qodana.inspectionKts.js is not enabled because dependency JavaScript is not available
Module intellij.qodana.go is not enabled because dependency intellij.go.coverage is not available
Module intellij.cwm.plugin.elevation is not enabled because dependency intellij.execution.process.elevation is not available
Module intellij.packageChecker.php is not enabled because dependency com.jetbrains.php is not available
Module intellij.packageChecker.python is not enabled because dependency intellij.python.community.impl is not available
Module intellij.packageChecker.javascript is not enabled because dependency JavaScript is not available
Module intellij.packageChecker.go is not enabled because dependency org.jetbrains.plugins.go is not available
2026-08-21 00:04:39,434 [    533]   INFO - #c.i.i.p.PluginManager - Loaded bundled plugins: IDEA CORE (241.14494.240), TextMate Bundles (241.14494.240), Images (241.14494.240), Copyright (241.14494.240), Emoji Picker (241.14494.240), EditorConfig (241.14494.240), IDE Services / Provisioner API (241.14494.240), Machine Learning in Search Everywhere (241.14494.240), YAML (241.14494.240), JetBrains maven model api classes (241.14494.240), JetBrains Repository Search (241.14494.240), Maven server api classes (241.14494.240), Markdown (241.14494.240), Terminal (241.14494.240), Mercurial (241.14494.240), Properties (241.14494.240), Gradle (241.14494.240), NetBeans Keymap (241.14494.240), JetBrains Marketplace Licensing (241.14494.240), com.intellij.dev (241.14494.240), Remote Execution Agent (241.14494.240), Shell Script (241.14494.240), HTML Tools (241.14494.240), Visual Studio Keymap (241.14494.240), Machine Learning Code Completion (241.14494.240), Toml (241.14494.240), WebP Support (241.14494.240), Performance Testing (241.14494.240), Grazie Lite (241.14494.240), Eclipse Keymap (241.14494.240), Perforce Helix Core (241.14494.240), GitLab (241.14494.240), IDE Features Trainer (241.14494.240), Java (241.14494.240), com.intellij.tracing.ide (241.14494.240), Java Bytecode Decompiler (241.14494.240), Java Stream Debugger (241.14494.240), Task Management (241.14494.240), GitHub (241.14494.240), JUnit (241.14494.240), Eclipse Interoperability (241.14494.240), IntelliLang (241.14494.240), Groovy (241.14494.240), JavaFX (241.14494.240), Turbo Complete (241.14494.240), Kotlin (241.14494.240-IJ), Gradle DSL API (241.14494.240), Java Internationalization (241.14494.240), UI Designer (241.14494.240), Bytecode Viewer (241.14494.240), Maven (241.14494.240), TestNG (241.14494.240), Code Coverage for Java (241.14494.240), Gradle-Java (241.14494.240), Gradle-Java-Analysis (241.14494.240), Gradle-Maven (241.14494.240), Java IDE Customization (241.14494.240), Settings Sync (241.14494.240), Git (241.14494.240), Qodana (241.14494.240), Configuration Script (241.14494.240), Shared Indexes (241.14494.240), Code With Me (241.14494.240), Subversion (241.14494.240), Package Checker (241.14494.240), Gradle Dependency Updater Implementation (241.14494.240), Async Profiler for IDE Performance Testing (241.14494.240)
2026-08-21 00:04:39,435 [    534]   INFO - #c.i.i.p.PluginManager - Loaded custom plugins: Docker Runner (1.0-SNAPSHOT)
2026-08-21 00:04:39,654 [    753]   INFO - c.i.p.i.IdeFingerprint - Calculated dependencies fingerprint in 48 ms (hash=1jhep3msv5imj, buildTime=1711602720, appVersion=IC-241.14494.240)
2026-08-21 00:04:39,850 [    949]   INFO - #c.i.o.v.n.p.FSRecords - VFS health-check enabled: first after 600000 ms, and each following 43200000 ms, wrap in RA: true
2026-08-21 00:04:39,892 [    991]   INFO - #c.i.a.o.PathMacrosImpl - Loaded path macros: {MAVEN_REPOSITORY=/home/lucasalmeida/.m2/repository}
2026-08-21 00:04:40,017 [   1116]   INFO - #c.i.o.v.n.p.PersistentFSLoader - VFS uses 'fast' names enumerator (over mmapped file)
2026-08-21 00:04:40,023 [   1122]   INFO - #c.i.o.v.n.p.PersistentFSLoader - VFS uses content storage over memory-mapped file, with compression algo: LZ4[ > 8000b ]
2026-08-21 00:04:40,024 [   1123]   INFO - #c.i.o.v.n.p.PersistentFSLoader - VFS uses streamlined attributes storage (over mmapped file)
2026-08-21 00:04:40,124 [   1223]   INFO - #c.i.i.p.ExpiredPluginsState - Plugins to skip: []
2026-08-21 00:04:40,221 [   1320]   INFO - #c.i.o.v.n.p.PersistentFSLoader - VFS: impl (expected) version=846397, 95994 file records, 13 content blobs
2026-08-21 00:04:40,274 [   1373]   INFO - #c.i.o.v.n.p.FSRecordsImpl - VFS initialized: 271 ms, 0 failed attempts, 0 error(s) were recovered
2026-08-21 00:04:40,358 [   1457]   INFO - #c.i.o.v.i.l.NativeFileWatcherImpl - Starting file watcher: /home/lucasalmeida/.gradle/caches/9.6.0/transforms/bea1b87427568a068e547fc0eae09392/transformed/ideaIC-2024.1/bin/fsnotifier
2026-08-21 00:04:40,432 [   1531]   INFO - #c.i.o.v.i.l.NativeFileWatcherImpl - Native file watcher is operational.
2026-08-21 00:04:40,492 [   1591]   INFO - #c.i.o.v.n.p.FSRecordsImpl - VFS scanned: file-by-name index was populated
2026-08-21 00:04:40,785 [   1884]   INFO - #o.j.i.BuiltInServerManager - built-in server started, port 63342
2026-08-21 00:04:40,803 [   1902]   INFO - #c.i.o.a.i.NonBlockingReadActionImpl - OTel monitoring for NonBlockingReadAction is enabled
2026-08-21 00:04:40,918 [   2017]   INFO - #c.i.u.n.s.CertificateManager - Default SSL context initialized
2026-08-21 00:04:41,299 [   2398]   INFO - #c.i.p.i.m.GlobalMenuLinux - Start glib main loop in thread: GlobalMenuLinux loop
2026-08-21 00:04:41,309 [   2408]   INFO - #c.i.p.i.m.GlobalMenuLinux - Closed dbus-service 'com.canonical.AppMenu.Registrar'
2026-08-21 00:04:41,433 [   2532]   INFO - #c.i.i.s.p.i.SharedIndexMainZipStorage - Shared Indexes Storage is opened and empty
2026-08-21 00:04:41,439 [   2538]   WARN - #c.i.i.s.p.i.BundledSharedIndexProvider - Bundled shared index is not found at: /home/lucasalmeida/.gradle/caches/9.6.0/transforms/bea1b87427568a068e547fc0eae09392/transformed/ideaIC-2024.1/jdk-shared-indexes
2026-08-21 00:04:41,820 [   2919]   INFO - #c.i.u.i.FileBasedIndexImpl - Indices to be built:FilenameIndex(v = 258)
2026-08-21 00:04:41,826 [   2925]   INFO - #c.i.u.i.FileBasedIndexImpl - Using nice flusher for indexes
2026-08-21 00:04:41,828 [   2927]   INFO - #c.i.o.a.i.ApplicationImpl - LONG VFS PROCESSING. Topic=BulkFileListener, offender=class com.intellij.history.integration.LocalHistoryEventDispatcher$LocalHistoryBulkFileListener, message=before, time=59ms
2026-08-21 00:04:41,843 [   2942]   INFO - #c.i.u.i.IndexDataInitializer - Index data initialization done: 629 ms. Initialized indexes: [FilenameIndex, fileIncludes, Trigram.Index, TodoIndex, FrameworkDetectionIndex, IdIndex, filetypes, html5.custom.attributes.index, DomFileIndex, XmlTagNames, XmlNamespaces, RelaxSymbolIndex, SchemaTypeInheritance, java.auto.module.name, json.file.root.values, editorconfig.index.name, HtmlTagIdIndex, xmlProperties, java.source.module.name, java.fun.expression, java.null.method.argument, yaml.keys.name, java.binary.plus.expression, bytecodeAnalysis, JavaFxControllerClassIndex, org.jetbrains.kotlin.idea.versions.KotlinJsMetadataVersionIndex, javafx.id.name, javafx.custom.component, org.jetbrains.kotlin.idea.vfilefinder.KotlinClassFileIndex, org.jetbrains.kotlin.idea.vfilefinder.KotlinPartialPackageNamesIndex, Stubs, org.jetbrains.kotlin.idea.versions.KotlinJvmMetadataVersionIndex, org.jetbrains.kotlin.idea.vfilefinder.KotlinMetadataFileIndex, org.jetbrains.kotlin.idea.vfilefinder.KotlinMetadataFilePackageIndex, org.jetbrains.kotlin.idea.vfilefinder.KotlinModuleMappingIndex, org.jetbrains.kotlin.idea.vfilefinder.KotlinJavaScriptMetaFileIndex, org.jetbrains.kotlin.idea.vfilefinder.KotlinStdlibIndex, org.jetbrains.kotlin.idea.vfilefinder.KotlinJvmModuleAnnotationsIndex, org.jetbrains.kotlin.idea.vfilefinder.KotlinBuiltInsMetadataIndex, KotlinPackageSourcesMemberNamesIndex, org.jetbrains.kotlin.idea.vfilefinder.KotlinShortClassNameFileIndex, KotlinTopLevelClassLikeDeclarationByPackageShortNameIndex, KotlinBinaryRootToPackageIndex, KotlinTopLevelCallableByPackageShortNameIndex, com.intellij.uiDesigner.FormClassIndex, org.jetbrains.kotlin.idea.vfilefinder.KlibMetaFileIndex].
2026-08-21 00:04:42,132 [   3231]   INFO - #c.i.u.i.IndexDataInitializer - Index data initialization done: 287 ms. Initialized stub indexes: {KotlinTopLevelTypeAliasByPackageIndex, dom.elementClass, org.jetbrains.kotlin.idea.stubindex.KotlinTypeAliasShortNameIndex, java.annotations, KotlinExtensionsInObjectsByReceiverTypeIndex, markdown.header.anchor, org.jetbrains.kotlin.idea.stubindex.KotlinMultifileClassPartIndex, KotlinTopLevelPropertyByPackageIndex, org.jetbrains.kotlin.idea.stubindex.KotlinExactPackagesIndex, dom.namespaceKey, org.jetbrains.kotlin.idea.stubindex.KotlinAnnotationsIndex, org.jetbrains.kotlin.idea.stubindex.KotlinTopLevelClassByPackageIndex, org.jetbrains.kotlin.idea.stubindex.KotlinSuperClassIndex, org.jetbrains.kotlin.idea.stubindex.KotlinJvmNameAnnotationIndex, java.method.name, org.jetbrains.kotlin.idea.stubindex.KotlinTopLevelFunctionFqnNameIndex, gr.script.fqn.s, KotlinFileFacadeClassByPackageIndex, java.class.shortname, gr.class.super, gr.anonymous.class, gr.script.class, KotlinOverridableInternalMembersShortNameIndex, org.jetbrains.kotlin.idea.stubindex.KotlinFullClassNameIndex, org.jetbrains.kotlin.idea.stubindex.KotlinTopLevelPropertyFqnNameIndex, org.jetbrains.kotlin.idea.stubindex.KotlinFileFacadeFqNameIndex, jvm.static.member.name, org.jetbrains.kotlin.idea.stubindex.KotlinFileFacadeShortNameIndex, gr.annot.members, java.field.name, org.jetbrains.kotlin.idea.stubindex.KotlinScriptFqnIndex, org.jetbrains.kotlin.idea.stubindex.KotlinTopLevelTypeAliasFqNameIndex, KotlinProbablyNothingPropertyShortNameIndex, java.method.parameter.types, org.jetbrains.kotlin.idea.stubindex.KotlinClassShortNameIndex, org.jetbrains.kotlin.idea.stubindex.KotlinFunctionShortNameIndex, gr.field.name, org.jetbrains.kotlin.idea.stubindex.KotlinSubclassObjectNameIndex, KotlinProbablyNothingFunctionShortNameIndex, KotlinTopLevelFunctionByPackageIndex, KotlinProbablyContractedFunctionShortNameIndex, KotlinTopLevelExtensionsByReceiverTypeIndex, java.unnamed.class, org.jetbrains.kotlin.idea.stubindex.KotlinInnerTypeAliasClassIdIndex, gr.method.name, org.jetbrains.kotlin.idea.stubindex.KotlinFilePartClassIndex, gr.class.fqn.s, java.class.fqn, KotlinTypeAliasByExpansionShortNameIndex, java.anonymous.baseref, kotlin.primeIndexKey, gr.annot.method.name, markdown.header, java.module.name, java.class.extlist, jvm.static.member.type, org.jetbrains.kotlin.idea.stubindex.KotlinPropertyShortNameIndex, properties.index}.
2026-08-21 00:04:42,139 [   3238]   INFO - #c.i.u.i.StaleIndexesChecker - clearing stale id = 14503, path =  //home/lucasalmeida/Developer/DockerRunner/.intellijPlatform/sandbox/DockerRunner/IC-2024.1/config/workspace/3ICnp63d3eYvrnOzoHmiAnT1cH1.xml
2026-08-21 00:04:42,215 [   3314]   INFO - #c.i.o.v.n.p.d.e.DurableEnumeratorFactory - [enumerator.mmapped]: .valueHashToId (in memory) was filled (17 records)
2026-08-21 00:04:42,317 [   3416]   INFO - #c.i.p.s.StubUpdatingIndexStorage - Not updating IndexingStampInfo. inputId=14503,result=true
2026-08-21 00:04:42,407 [   3506]   WARN - #c.i.i.u.l.LafManagerImpl - VersionControl.Log.Commit.rowHeight = null in LookAndFeelThemeAdapter; it may lead to performance degradation
2026-08-21 00:04:42,916 [   4015]   INFO - #c.i.p.i.m.GlobalMenuLinux - created instance of GlobalMenuLinux for frame: com.intellij.openapi.wm.impl.IdeFrameImpl[frame0,10,20,1346x728,invalid,layout=java.awt.BorderLayout,title=,resizable,maximized,defaultCloseOperation=DO_NOTHING_ON_CLOSE,rootPane=com.intellij.openapi.wm.impl.IdeRootPane[,5,25,1336x698,invalid,layout=com.intellij.openapi.wm.impl.IdeRootPane$MyRootLayout,alignmentX=0.0,alignmentY=0.0,border=,flags=449,maximumSize=,minimumSize=,preferredSize=],rootPaneCheckingEnabled=true]
2026-08-21 00:04:43,276 [   4375]   INFO - #c.i.w.i.i.WorkspaceModelImpl - Load workspace model from cache in 524 ms
2026-08-21 00:04:43,775 [   4874]   INFO - #c.i.w.i.i.GlobalWorkspaceModel - Load global workspace model from cache in 120 ms
2026-08-21 00:04:43,980 [   5079]   INFO - #c.i.w.i.i.WorkspaceModelImpl - Project model updated silently to version 1 in 7 ms: Add module mapping
2026-08-21 00:04:44,265 [   5364]   INFO - #c.i.w.i.i.EntitiesOrphanageImpl - Update orphanage. 0 modules added
2026-08-21 00:04:44,291 [   5390]   INFO - #c.i.w.i.i.WorkspaceModelImpl - Project model updated to version 2 in 101 ms: Sync global entities with project: teste
2026-08-21 00:04:44,680 [   5779]   INFO - PerformancePlugin - Performance Plugin is in silent mode
2026-08-21 00:04:44,838 [   5937]   INFO - #c.i.p.c.ProjectCodeStyleSettingsManager - Initialized from default code style settings.
2026-08-21 00:04:44,978 [   6077]   INFO - #c.i.r.OsRegistryConfigProvider - Looking for 'enabled' value in [/etc/xdg/JetBrains/portForwarding/enabled, /etc/xdg/JetBrains/portForwarding/config.json, /home/lucasalmeida/.config/JetBrains/portForwarding/enabled, /home/lucasalmeida/.config/JetBrains/portForwarding/config.json, /home/lucasalmeida/.config/kdedefaults/JetBrains/portForwarding/enabled, /home/lucasalmeida/.config/kdedefaults/JetBrains/portForwarding/config.json, /etc/xdg/JetBrains/portForwarding/enabled, /etc/xdg/JetBrains/portForwarding/config.json, /usr/share/kde-settings/kde-profile/default/xdg/JetBrains/portForwarding/enabled, /usr/share/kde-settings/kde-profile/default/xdg/JetBrains/portForwarding/config.json]
2026-08-21 00:04:44,988 [   6087]   INFO - #c.i.r.OsRegistryConfigProvider - OS provided value for 'enabled' is not found
2026-08-21 00:04:45,163 [   6262] SEVERE - #com.olezelelabs.dockerrunner.DockerComposeRunAction - `ActionUpdateThread.OLD_EDT` is deprecated and going to be removed soon. 'com.olezelelabs.dockerrunner.DockerComposeRunAction' must override `getActionUpdateThread` and chose EDT or BGT. See ActionUpdateThread javadoc. [Plugin: com.olezelelabs.dockerrunner]
com.intellij.diagnostic.PluginException: `ActionUpdateThread.OLD_EDT` is deprecated and going to be removed soon. 'com.olezelelabs.dockerrunner.DockerComposeRunAction' must override `getActionUpdateThread` and chose EDT or BGT. See ActionUpdateThread javadoc. [Plugin: com.olezelelabs.dockerrunner]
	at com.intellij.diagnostic.PluginProblemReporterImpl.createPluginExceptionByClass(PluginProblemReporterImpl.java:23)
	at com.intellij.diagnostic.PluginException.createByClass(PluginException.java:90)
	at com.intellij.diagnostic.PluginException.reportDeprecatedUsage(PluginException.java:125)
	at com.intellij.openapi.actionSystem.ActionUpdateThreadAware.getActionUpdateThread(ActionUpdateThreadAware.java:21)
	at com.intellij.openapi.actionSystem.AnAction.getActionUpdateThread(AnAction.java:199)
2026-08-21 00:04:45,399 [   6498] SEVERE - #com.olezelelabs.dockerrunner.DockerComposeRunAction - IntelliJ IDEA 2024.1  Build #IC-241.14494.240
2026-08-21 00:04:45,404 [   6503] SEVERE - #com.olezelelabs.dockerrunner.DockerComposeRunAction - JDK: 17.0.10; VM: OpenJDK 64-Bit Server VM; Vendor: JetBrains s.r.o.
2026-08-21 00:04:45,406 [   6505] SEVERE - #com.olezelelabs.dockerrunner.DockerComposeRunAction - OS: Linux
2026-08-21 00:04:45,410 [   6509] SEVERE - #com.olezelelabs.dockerrunner.DockerComposeRunAction - Plugin to blame: Docker Runner version: 1.0-SNAPSHOT
2026-08-21 00:04:45,416 [   6515] SEVERE - #com.olezelelabs.dockerrunner.DockerComposeRunAction - Last Action: 
2026-08-21 00:04:45,567 [   6666]   INFO - #c.j.r.f.FollowMeManager - Register new user (name: 'lucasalmeida', client id: Host)
2026-08-21 00:04:46,002 [   7101]   INFO - #c.i.o.p.MergingQueueGuiExecutor - Running task: (dumb mode task) com.intellij.openapi.project.InitialDumbTaskRequiredForSmartMode@2c55579c
2026-08-21 00:04:46,011 [   7110]   INFO - #c.i.o.p.DumbServiceMergingTaskQueue - Initializing DumbServiceMergingTaskQueue...
2026-08-21 00:04:46,016 [   7115]   INFO - #c.i.o.p.DumbServiceMergingTaskQueue - Running initialization condition: com.intellij.indexing.shared.download.SharedIndexDownloadedCondition@283a56a
2026-08-21 00:04:46,026 [   7125]   INFO - #c.i.o.p.DumbServiceMergingTaskQueue - Finished: com.intellij.indexing.shared.download.SharedIndexDownloadedCondition@283a56a
2026-08-21 00:04:46,050 [   7149]   INFO - #c.i.o.p.InitialDumbTaskRequiredForSmartMode - Running task required for smart mode: com.intellij.indexing.shared.platform.impl.OnDiskSharedIndexChunkLocator@504bfa41
2026-08-21 00:04:46,064 [   7163]   INFO - #c.i.o.p.InitialDumbTaskRequiredForSmartMode - Finished task required for smart mode: com.intellij.indexing.shared.platform.impl.OnDiskSharedIndexChunkLocator@504bfa41
2026-08-21 00:04:46,066 [   7165]   INFO - #c.i.o.p.InitialDumbTaskRequiredForSmartMode - Running task required for smart mode: com.intellij.util.indexing.ProjectFileBasedIndexStartupActivity@5d0ab2f2
2026-08-21 00:04:46,083 [   7182]   INFO - #c.i.u.i.p.IncrementalProjectIndexableFilesFilterHolder - IncrementalProjectIndexableFilesFilterFactory is chosen as indexable files filter factory for project: teste
2026-08-21 00:04:46,129 [   7228]   INFO - #c.i.o.p.InitialDumbTaskRequiredForSmartMode - Finished task required for smart mode: com.intellij.util.indexing.ProjectFileBasedIndexStartupActivity@5d0ab2f2
2026-08-21 00:04:46,130 [   7229]   INFO - #c.i.o.p.InitialDumbTaskRequiredForSmartMode - Running task required for smart mode: com.intellij.util.indexing.FileBasedIndexInfrastructureExtensionStartup@438c10b7
2026-08-21 00:04:46,138 [   7237]   INFO - #c.i.o.p.InitialDumbTaskRequiredForSmartMode - Finished task required for smart mode: com.intellij.util.indexing.FileBasedIndexInfrastructureExtensionStartup@438c10b7
2026-08-21 00:04:46,140 [   7239]   INFO - #c.i.o.p.InitialDumbTaskRequiredForSmartMode - Running task required for smart mode: com.intellij.externalDependencies.impl.CheckRequiredPluginsActivity@206d895b
2026-08-21 00:04:46,165 [   7264]   INFO - #c.i.o.p.InitialDumbTaskRequiredForSmartMode - Finished task required for smart mode: com.intellij.externalDependencies.impl.CheckRequiredPluginsActivity@206d895b
2026-08-21 00:04:46,168 [   7267]   INFO - #c.i.o.p.InitialDumbTaskRequiredForSmartMode - Running task required for smart mode: com.intellij.util.indexing.DumbModeWhileScanningSubscriber@37f8f7f1
2026-08-21 00:04:46,263 [   7362]   INFO - #c.i.o.p.InitialDumbTaskRequiredForSmartMode - Finished task required for smart mode: com.intellij.util.indexing.DumbModeWhileScanningSubscriber@37f8f7f1
2026-08-21 00:04:46,266 [   7365]   INFO - #c.i.o.p.InitialDumbTaskRequiredForSmartMode - Running task required for smart mode: com.intellij.ide.projectWizard.generators.SdkPreIndexingRequiredForSmartModeActivity@121e6b4d
2026-08-21 00:04:46,275 [   7374]   INFO - #c.i.o.p.InitialDumbTaskRequiredForSmartMode - Finished task required for smart mode: com.intellij.ide.projectWizard.generators.SdkPreIndexingRequiredForSmartModeActivity@121e6b4d
2026-08-21 00:04:46,275 [   7374]   INFO - #c.i.o.p.MergingQueueGuiExecutor - Task finished: (dumb mode task) com.intellij.openapi.project.InitialDumbTaskRequiredForSmartMode@2c55579c
2026-08-21 00:04:46,443 [   7542]   INFO - #c.i.u.i.ManagedPersistentCache - created persistent map persistent-folding-teste-2473fa2c with size 1
2026-08-21 00:04:46,444 [   7543]   INFO - #c.i.u.i.ManagedPersistentCache - created persistent map persistent-code-vision-teste-2473fa2c with size 0
2026-08-21 00:04:46,444 [   7543]   INFO - #c.i.u.i.ManagedPersistentCache - created persistent map persistent-markup-teste-2473fa2c with size 1
2026-08-21 00:04:46,449 [   7548]   INFO - #c.i.u.i.ManagedPersistentCache - created persistent map persistent-parameter-hints-teste-2473fa2c with size 0
2026-08-21 00:04:46,452 [   7551]   INFO - #c.i.u.i.ManagedPersistentCache - created persistent map persistent-declarative-hints-teste-2473fa2c with size 0
2026-08-21 00:04:47,289 [   8388]   INFO - #c.i.o.p.MergingQueueGuiExecutor - Running task: (dumb mode task) com.intellij.util.indexing.UnindexedFilesScanner$2@3e9d29d0
2026-08-21 00:04:47,294 [   8393]   INFO - #c.i.o.p.MergingQueueGuiExecutor - Task finished: (dumb mode task) com.intellij.util.indexing.UnindexedFilesScanner$2@3e9d29d0
2026-08-21 00:04:47,297 [   8396]   INFO - #c.i.o.p.MergingQueueGuiExecutor - Running task: UnindexedFilesScanner[teste]
2026-08-21 00:04:47,541 [   8640]   INFO - #c.i.u.i.UnindexedFilesScanner - Started scanning for indexing of teste. Reason: On project open
2026-08-21 00:04:47,562 [   8661]   INFO - #c.i.u.i.UnindexedFilesScanner - Performing delayed pushing properties tasks for teste took 8ms; general responsiveness: ok; EDT responsiveness: ok
2026-08-21 00:04:47,653 [   8752]   INFO - #c.i.u.i.d.AppIndexingDependenciesService - Invalidating all indexing flags. Reason: App fingerprint changed: FingerprintImpl(fingerprint=1309056039684480492) to FingerprintImpl(fingerprint=7302841056673889419)
2026-08-21 00:04:47,704 [   8803]   INFO - #c.i.u.i.UnindexedFilesScanner - Scanning of teste uses 7 scanning threads
2026-08-21 00:04:48,718 [   9817]   INFO - #c.i.o.p.DumbServiceImpl - exit dumb mode [teste]
2026-08-21 00:04:49,798 [  10897]   INFO - #c.i.o.u.i.UpdateCheckerService - channel: release
2026-08-21 00:04:50,244 [  11343]   INFO - #c.i.o.a.i.ActionUpdater - 374 ms to grab EDT for DockerComposeRunAction#presentation@NavBarToolbar (com.olezelelabs.dockerrunner.DockerComposeRunAction)
2026-08-21 00:04:50,291 [  11390]   INFO - #c.i.o.a.i.ActionUpdater - 369 ms to grab EDT for DockToolWindowAction#presentation@ToolwindowTitle (com.intellij.openapi.wm.impl.DockToolWindowAction)
2026-08-21 00:04:50,293 [  11392]   INFO - #c.i.o.a.i.ActionUpdater - 356 ms to grab EDT for ExpandAllAction#presentation@ToolwindowTitle (com.intellij.ide.actions.ExpandAllAction)
2026-08-21 00:04:50,311 [  11410]   INFO - #c.i.o.a.i.ActionUpdater - 374 ms to grab EDT for CollapseAllAction#presentation@ToolwindowTitle (com.intellij.ide.actions.CollapseAllAction)
2026-08-21 00:04:50,567 [  11666]   INFO - #c.i.o.e.s.p.m.ExternalProjectsDataStorage - Load external projects data in 2 millis (read time: 2)
2026-08-21 00:04:50,682 [  11781] SEVERE - #c.i.c.ComponentStoreImpl - Cannot init component state (componentName=GradleJvmSupportMatrix, componentClass=GradleJvmSupportMatrix) [Plugin: com.intellij.gradle]
com.intellij.diagnostic.PluginException: Cannot init component state (componentName=GradleJvmSupportMatrix, componentClass=GradleJvmSupportMatrix) [Plugin: com.intellij.gradle]
	at com.intellij.configurationStore.ComponentStoreImpl.initComponent(ComponentStoreImpl.kt:181)
	at com.intellij.configurationStore.ComponentStoreWithExtraComponents.initComponent(ComponentStoreWithExtraComponents.kt:44)
	at com.intellij.serviceContainer.ComponentManagerImpl.initializeService$intellij_platform_serviceContainer(ComponentManagerImpl.kt:659)
	at com.intellij.serviceContainer.ServiceInstanceInitializer.createInstance$suspendImpl(ServiceInstanceInitializer.kt:70)
	at com.intellij.serviceContainer.ServiceInstanceInitializer.createInstance(ServiceInstanceInitializer.kt)
	at com.intellij.platform.instanceContainer.internal.LazyInstanceHolder$initialize$1$1.invokeSuspend(LazyInstanceHolder.kt:162)
	at com.intellij.platform.instanceContainer.internal.LazyInstanceHolder$initialize$1$1.invoke(LazyInstanceHolder.kt)
	at com.intellij.platform.instanceContainer.internal.LazyInstanceHolder$initialize$1$1.invoke(LazyInstanceHolder.kt)
	at kotlinx.coroutines.intrinsics.UndispatchedKt.startUndispatchedOrReturn(Undispatched.kt:78)
	at kotlinx.coroutines.BuildersKt__Builders_commonKt.withContext(Builders.common.kt:167)
	at kotlinx.coroutines.BuildersKt.withContext(Unknown Source)
	at com.intellij.platform.instanceContainer.internal.LazyInstanceHolder$initialize$1.invokeSuspend(LazyInstanceHolder.kt:160)
	at com.intellij.platform.instanceContainer.internal.LazyInstanceHolder$initialize$1.invoke(LazyInstanceHolder.kt)
	at com.intellij.platform.instanceContainer.internal.LazyInstanceHolder$initialize$1.invoke(LazyInstanceHolder.kt)
	at kotlinx.coroutines.intrinsics.UndispatchedKt.startCoroutineUndispatched(Undispatched.kt:44)
	at kotlinx.coroutines.CoroutineStart.invoke(CoroutineStart.kt:112)
	at kotlinx.coroutines.AbstractCoroutine.start(AbstractCoroutine.kt:126)
	at kotlinx.coroutines.BuildersKt__Builders_commonKt.launch(Builders.common.kt:56)
	at kotlinx.coroutines.BuildersKt.launch(Unknown Source)
	at com.intellij.platform.instanceContainer.internal.LazyInstanceHolder.initialize(LazyInstanceHolder.kt:145)
	at com.intellij.platform.instanceContainer.internal.LazyInstanceHolder.access$initialize(LazyInstanceHolder.kt:13)
	at com.intellij.platform.instanceContainer.internal.LazyInstanceHolder.tryInitialize(LazyInstanceHolder.kt:135)
	at com.intellij.platform.instanceContainer.internal.LazyInstanceHolder.getInstance(LazyInstanceHolder.kt:95)
	at com.intellij.platform.instanceContainer.internal.LazyInstanceHolder.getInstanceInCallerContext$suspendImpl(LazyInstanceHolder.kt:87)
	at com.intellij.platform.instanceContainer.internal.LazyInstanceHolder.getInstanceInCallerContext(LazyInstanceHolder.kt)
	at com.intellij.serviceContainer.ComponentManagerImplKt$getOrCreateInstanceBlocking$3.invokeSuspend(ComponentManagerImpl.kt:1548)
	at kotlin.coroutines.jvm.internal.BaseContinuationImpl.resumeWith(ContinuationImpl.kt:33)
	at kotlinx.coroutines.DispatchedTask.run(DispatchedTask.kt:108)
	at kotlinx.coroutines.EventLoopImplBase.processNextEvent(EventLoop.common.kt:280)
	at kotlinx.coroutines.BlockingCoroutine.joinBlocking(Builders.kt:85)
	at kotlinx.coroutines.BuildersKt__BuildersKt.runBlocking(Builders.kt:59)
	at kotlinx.coroutines.BuildersKt.runBlocking(Unknown Source)
	at com.intellij.serviceContainer.ComponentManagerImplKt$runBlockingInitialization$1.invoke(ComponentManagerImpl.kt:1636)
	at com.intellij.serviceContainer.ComponentManagerImplKt$runBlockingInitialization$1.invoke(ComponentManagerImpl.kt:1627)
	at com.intellij.openapi.progress.ContextKt.prepareThreadContext(context.kt:80)
	at com.intellij.serviceContainer.ComponentManagerImplKt.runBlockingInitialization(ComponentManagerImpl.kt:1627)
	at com.intellij.serviceContainer.ComponentManagerImplKt.getOrCreateInstanceBlocking(ComponentManagerImpl.kt:1547)
	at com.intellij.serviceContainer.ComponentManagerImpl.doGetService(ComponentManagerImpl.kt:754)
	at com.intellij.serviceContainer.ComponentManagerImpl.getService(ComponentManagerImpl.kt:698)
	at org.jetbrains.plugins.gradle.jvmcompat.GradleJvmSupportMatrix$Companion.getInstance(GradleJvmSupportMatrix.kt:224)
	at org.jetbrains.plugins.gradle.jvmcompat.GradleCompatibilitySupportUpdater.<init>(GradleCompatibilitySupportUpdater.kt:14)
	at com.intellij.platform.instanceContainer.instantiation.InstantiateKt$instantiate$2.invoke(instantiate.kt:45)
	at com.intellij.platform.instanceContainer.instantiation.InstantiateKt$instantiate$2.invoke(instantiate.kt:42)
	at com.intellij.platform.instanceContainer.instantiation.InstantiateKt.instantiate(instantiate.kt:308)
	at com.intellij.platform.instanceContainer.instantiation.InstantiateKt.instantiate(instantiate.kt:42)
	at com.intellij.serviceContainer.ServiceInstanceInitializer.createInstance$suspendImpl(ServiceInstanceInitializer.kt:31)
	at com.intellij.serviceContainer.ServiceInstanceInitializer.createInstance(ServiceInstanceInitializer.kt)
	at com.intellij.platform.instanceContainer.internal.LazyInstanceHolder$initialize$1$1.invokeSuspend(LazyInstanceHolder.kt:162)
	at com.intellij.platform.instanceContainer.internal.LazyInstanceHolder$initialize$1$1.invoke(LazyInstanceHolder.kt)
	at com.intellij.platform.instanceContainer.internal.LazyInstanceHolder$initialize$1$1.invoke(LazyInstanceHolder.kt)
	at kotlinx.coroutines.intrinsics.UndispatchedKt.startUndispatchedOrReturn(Undispatched.kt:78)
	at kotlinx.coroutines.BuildersKt__Builders_commonKt.withContext(Builders.common.kt:167)
	at kotlinx.coroutines.BuildersKt.withContext(Unknown Source)
	at com.intellij.platform.instanceContainer.internal.LazyInstanceHolder$initialize$1.invokeSuspend(LazyInstanceHolder.kt:160)
	at com.intellij.platform.instanceContainer.internal.LazyInstanceHolder$initialize$1.invoke(LazyInstanceHolder.kt)
	at com.intellij.platform.instanceContainer.internal.LazyInstanceHolder$initialize$1.invoke(LazyInstanceHolder.kt)
	at kotlinx.coroutines.intrinsics.UndispatchedKt.startCoroutineUndispatched(Undispatched.kt:44)
	at kotlinx.coroutines.CoroutineStart.invoke(CoroutineStart.kt:112)
	at kotlinx.coroutines.AbstractCoroutine.start(AbstractCoroutine.kt:126)
	at kotlinx.coroutines.BuildersKt__Builders_commonKt.launch(Builders.common.kt:56)
	at kotlinx.coroutines.BuildersKt.launch(Unknown Source)
	at com.intellij.platform.instanceContainer.internal.LazyInstanceHolder.initialize(LazyInstanceHolder.kt:145)
	at com.intellij.platform.instanceContainer.internal.LazyInstanceHolder.access$initialize(LazyInstanceHolder.kt:13)
	at com.intellij.platform.instanceContainer.internal.LazyInstanceHolder.tryInitialize(LazyInstanceHolder.kt:135)
	at com.intellij.platform.instanceContainer.internal.LazyInstanceHolder.getInstance(LazyInstanceHolder.kt:95)
	at com.intellij.platform.instanceContainer.internal.LazyInstanceHolder.getInstance$suspendImpl(LazyInstanceHolder.kt:83)
	at com.intellij.platform.instanceContainer.internal.LazyInstanceHolder.getInstance(LazyInstanceHolder.kt)
	at com.intellij.platform.instanceContainer.internal.InstanceContainerImpl.instance(InstanceContainerImpl.kt:68)
	at com.intellij.serviceContainer.ComponentManagerImpl.getServiceAsync(ComponentManagerImpl.kt:702)
	at org.jetbrains.plugins.gradle.service.project.GradleVersionUpdateStartupActivity.execute(GradleVersionUpdateStartupActivity.kt:26)
	at com.intellij.ide.startup.impl.StartupManagerImplKt$launchActivity$1.invokeSuspend(StartupManagerImpl.kt:473)
	at kotlin.coroutines.jvm.internal.BaseContinuationImpl.resumeWith(ContinuationImpl.kt:33)
	at kotlinx.coroutines.DispatchedTask.run(DispatchedTask.kt:108)
	at kotlinx.coroutines.scheduling.CoroutineScheduler.runSafely(CoroutineScheduler.kt:584)
	at kotlinx.coroutines.scheduling.CoroutineScheduler$Worker.executeTask(CoroutineScheduler.kt:793)
	at kotlinx.coroutines.scheduling.CoroutineScheduler$Worker.runWorker(CoroutineScheduler.kt:697)
	at kotlinx.coroutines.scheduling.CoroutineScheduler$Worker.run(CoroutineScheduler.kt:684)
Caused by: java.lang.IllegalArgumentException: 25
	at com.intellij.util.lang.JavaVersion.parse(JavaVersion.java:307)
	at org.jetbrains.plugins.gradle.jvmcompat.GradleJvmSupportMatrix$getCompatibilityRanges$1$javaRange$1.invoke(GradleJvmSupportMatrix.kt:44)
	at org.jetbrains.plugins.gradle.jvmcompat.GradleJvmSupportMatrix$getCompatibilityRanges$1$javaRange$1.invoke(GradleJvmSupportMatrix.kt:44)
	at org.jetbrains.plugins.gradle.jvmcompat.IdeVersionedDataParser$Companion.parseVersion(IdeVersionedDataParser.kt:21)
	at org.jetbrains.plugins.gradle.jvmcompat.IdeVersionedDataParser$Companion.parseRange(IdeVersionedDataParser.kt:31)
	at org.jetbrains.plugins.gradle.jvmcompat.GradleJvmSupportMatrix.getCompatibilityRanges(GradleJvmSupportMatrix.kt:44)
	at org.jetbrains.plugins.gradle.jvmcompat.GradleJvmSupportMatrix.applyState(GradleJvmSupportMatrix.kt:28)
	at org.jetbrains.plugins.gradle.jvmcompat.GradleJvmSupportMatrix.onStateChanged(GradleJvmSupportMatrix.kt:50)
	at org.jetbrains.plugins.gradle.jvmcompat.GradleJvmSupportMatrix.onStateChanged(GradleJvmSupportMatrix.kt:13)
	at org.jetbrains.plugins.gradle.jvmcompat.IdeVersionedDataStorage.loadState(IdeVersionedDataStorage.kt:38)
	at org.jetbrains.plugins.gradle.jvmcompat.IdeVersionedDataStorage.loadState(IdeVersionedDataStorage.kt:7)
	at com.intellij.configurationStore.ComponentStoreImpl.doInitComponent(ComponentStoreImpl.kt:587)
	at com.intellij.configurationStore.ComponentStoreImpl.initComponent(ComponentStoreImpl.kt:487)
	at com.intellij.configurationStore.ComponentStoreImpl.initComponent(ComponentStoreImpl.kt:156)
	... 76 more
2026-08-21 00:04:50,699 [  11798] SEVERE - #c.i.c.ComponentStoreImpl - IntelliJ IDEA 2024.1  Build #IC-241.14494.240
2026-08-21 00:04:50,700 [  11799] SEVERE - #c.i.c.ComponentStoreImpl - JDK: 17.0.10; VM: OpenJDK 64-Bit Server VM; Vendor: JetBrains s.r.o.
2026-08-21 00:04:50,702 [  11801] SEVERE - #c.i.c.ComponentStoreImpl - OS: Linux
2026-08-21 00:04:50,704 [  11803] SEVERE - #c.i.c.ComponentStoreImpl - Last Action: 
2026-08-21 00:04:50,816 [  11915]   INFO - #c.i.o.p.SmartModeScheduler - Post-startup activity executed. Current mode: 5
2026-08-21 00:04:50,865 [  11964]   INFO - #c.i.i.s.IdeStartupScripts - 0 startup script(s) found
2026-08-21 00:04:50,899 [  11998]   INFO - #c.i.d.PerformanceWatcherImpl - Post-startup activities under progress took 501ms; general responsiveness: 0/10 sluggish, 10/10 very slow; EDT responsiveness: ok
2026-08-21 00:04:52,035 [  13134]   INFO - #c.i.c.CompilerWorkspaceConfiguration - Available processors: 8
2026-08-21 00:04:53,842 [  14941]   INFO - #c.i.w.i.i.j.s.JpsGlobalModelSynchronizerImpl - Loading global entities com.intellij.platform.workspace.jps.entities.SdkEntity from files
2026-08-21 00:04:53,873 [  14972]   INFO - #c.i.w.i.i.j.s.JpsGlobalModelSynchronizerImpl - Loading global entities com.intellij.platform.workspace.jps.entities.LibraryEntity from files
2026-08-21 00:04:53,893 [  14992]   INFO - #c.i.w.i.i.EntitiesOrphanageImpl - Update orphanage. 0 modules added
2026-08-21 00:04:53,898 [  14997]   INFO - #c.i.w.i.i.WorkspaceModelImpl - Project model updated to version 3 in 9 ms: Sync global entities with project: teste
2026-08-21 00:04:53,899 [  14998]   INFO - #c.i.w.i.i.GlobalWorkspaceModel - Global model updated to version 2 in 22 ms: Sync global entities with state
2026-08-21 00:04:55,479 [  16578]   INFO - #c.i.u.i.UnindexedFilesScanner - Scanning completed for teste. Number of scanned files: 42583; number of files for indexing: 0 took 7915ms; general responsiveness: 1/14 sluggish, 10/14 very slow; EDT responsiveness: 1/5 sluggish
2026-08-21 00:04:55,480 [  16579]   INFO - #c.i.o.p.InitialVfsRefreshService - 2473fa2c: marking roots for initial VFS refresh
2026-08-21 00:04:55,481 [  16580]   INFO - #c.i.u.i.PerProjectIndexingQueue - Finished for teste. No files to index with loading content.
2026-08-21 00:04:55,491 [  16590]   INFO - #c.i.o.p.InitialVfsRefreshService - 2473fa2c: starting initial VFS refresh of 4 roots
2026-08-21 00:04:55,492 [  16591]   INFO - #c.i.o.p.MergingQueueGuiExecutor - Task finished: UnindexedFilesScanner[teste]
2026-08-21 00:04:55,518 [  16617]   INFO - #c.i.o.p.InitialVfsRefreshService - 2473fa2c: initial VFS refresh finished in 24 ms
2026-08-21 00:04:55,986 [  17085]   INFO - #o.j.j.b.i.CompilerReferenceIndex - backward reference index version doesn't exist
2026-08-21 00:04:55,996 [  17095]   INFO - #c.i.c.b.IsUpToDateCheckStartupActivity - suitable consumer is not found
2026-08-21 00:04:56,067 [  17166]   INFO - #c.i.w.i.i.GlobalWorkspaceModel - Sync global entities with mutable entity storage
2026-08-21 00:04:56,078 [  17177]   INFO - #c.i.w.i.i.j.s.JpsProjectModelSynchronizer - Attempt 1: Apply JPS storage (iml files)
2026-08-21 00:04:56,098 [  17197]   INFO - #c.i.w.i.i.EntitiesOrphanageImpl - Update orphanage. 0 modules added
2026-08-21 00:04:56,103 [  17202]   INFO - #c.i.w.i.i.j.s.JpsProjectModelSynchronizer - Attempt 1: Changes were successfully applied
2026-08-21 00:04:56,108 [  17207]   INFO - #c.i.w.i.i.j.s.DelayedProjectSynchronizer$Util - Workspace model loaded from cache. Syncing real project state into workspace model in 195 ms. Thread[DefaultDispatcher-worker-2 @run activity#4821,5,main]
2026-08-21 00:05:06,877 [  27976]   INFO - #c.i.w.i.i.j.s.JpsGlobalModelSynchronizerImpl - Saving global entities com.intellij.platform.workspace.jps.entities.SdkEntity to files
2026-08-21 00:05:06,905 [  28004]   INFO - #c.i.w.i.i.j.s.JpsGlobalModelSynchronizerImpl - Saving global entities com.intellij.platform.workspace.jps.entities.LibraryEntity to files
2026-08-21 00:05:07,573 [  28672]   INFO - #c.i.a.o.PathMacrosImpl - Saved path macros: {MAVEN_REPOSITORY=/home/lucasalmeida/.m2/repository}
2026-08-21 00:05:07,594 [  28693]   INFO - #c.i.c.ComponentStoreImpl - Saving appFileTypeManager took 17 ms
2026-08-21 00:05:08,164 [  29263]   WARN - #c.i.u.x.Binding - No accessors for org.jetbrains.kotlin.cli.common.arguments.InternalArgument. This means that state class cannot be serialized properly. Please see https://jb.gg/ij-psoc
2026-08-21 00:05:08,261 [  29360]   INFO - #c.i.c.ComponentStoreImpl - Saving Project(name=teste, containerState=COMPONENT_CREATED, componentStore=/home/lucasalmeida/IdeaProjects/teste)DynamicElementsStorage took 26 ms, RunManager took 31 ms
2026-08-21 00:05:08,627 [  29726]   INFO - #c.j.r.f.FollowMeManager - Unregister user (name: 'lucasalmeida', clientId: Host)
2026-08-21 00:05:08,629 [  29728]   INFO - #c.i.o.v.i.l.NativeFileWatcherImpl - Watcher terminated with exit code 0
2026-08-21 00:05:08,635 [  29734]   INFO - #c.i.o.w.i.WindowManagerImpl - === Release(true) frame on closed project ===
2026-08-21 00:05:08,695 [  29794]   INFO - #o.j.k.i.s.r.KotlinCompilerReferenceIndexStorage - KCRI storage is closed (didn't exist)
2026-08-21 00:05:08,696 [  29795]   INFO - #c.i.c.b.CompilerReferenceServiceBase - backward reference index reader is closed (didn't exist)
2026-08-21 00:05:08,733 [  29832]   INFO - #c.i.u.s.SvgCacheManager - SVG icon cache is closed
2026-08-21 00:05:08,757 [  29856]   INFO - #o.j.i.BuiltInServer - web server stopped
2026-08-21 00:05:08,772 [  29871]   INFO - #c.i.u.i.FileBasedIndexImpl - Index dispose started
2026-08-21 00:05:08,822 [  29921]   INFO - #c.i.p.s.StubIndexImpl - StubIndexExtension-s were unloaded
2026-08-21 00:05:08,823 [  29922]   INFO - #c.i.p.s.SerializationManagerImpl - Start shutting down /home/lucasalmeida/Developer/DockerRunner/.intellijPlatform/sandbox/DockerRunner/IC-2024.1/system/index/rep.names
2026-08-21 00:05:08,824 [  29923]   INFO - #c.i.p.s.SerializationManagerImpl - Finished shutting down /home/lucasalmeida/Developer/DockerRunner/.intellijPlatform/sandbox/DockerRunner/IC-2024.1/system/index/rep.names
2026-08-21 00:05:08,828 [  29927]   INFO - #c.i.u.i.FileBasedIndexImpl - Index dispose completed in 54ms.
2026-08-21 00:05:08,927 [  30026]   INFO - #c.i.o.v.n.p.PersistentFSImpl - VFS dispose started
2026-08-21 00:05:08,930 [  30029]   INFO - #c.i.o.v.n.p.FSRecordsImpl - VFS closing
2026-08-21 00:05:08,934 [  30033]   INFO - #c.i.o.v.n.p.PersistentFSImpl - VFS dispose completed in 5 ms.
2026-08-21 00:05:08,935 [  30034]   INFO - #c.i.o.f.i.FileTypeDetectionService - 9 auto-detected files. Detection took 839 ms
2026-08-21 00:05:08,993 [  30092]   INFO - #c.i.p.i.b.AppStarter - ------------------------------------------------------ IDE SHUTDOWN ------------------------------------------------------
2026-08-21 00:25:12,435 [     60]   INFO - #c.i.p.i.b.AppStarter - ------------------------------------------------------ IDE STARTED ------------------------------------------------------
2026-08-21 00:25:13,037 [    662]   INFO - #c.i.i.p.PluginManager - Plugin PluginDescriptor(name=Groovy, id=org.intellij.groovy, descriptorPath=plugin.xml, path=~/.gradle/caches/9.6.0/transforms/bea1b87427568a068e547fc0eae09392/transformed/ideaIC-2024.1/plugins/Groovy, version=241.14494.240, package=org.jetbrains.plugins.groovy, isBundled=true) misses optional descriptor duplicates-groovy.xml
2026-08-21 00:25:13,041 [    666]   INFO - #c.i.i.p.PluginManager - Plugin PluginDescriptor(name=Groovy, id=org.intellij.groovy, descriptorPath=plugin.xml, path=~/.gradle/caches/9.6.0/transforms/bea1b87427568a068e547fc0eae09392/transformed/ideaIC-2024.1/plugins/Groovy, version=241.14494.240, package=org.jetbrains.plugins.groovy, isBundled=true) misses optional descriptor duplicates-detection-groovy.xml
2026-08-21 00:25:13,138 [    763]   INFO - #c.i.u.i.PageCacheUtils - File page caching params:
2026-08-21 00:25:13,149 [    774]   INFO - #c.i.u.i.PageCacheUtils - 	DEFAULT_PAGE_SIZE: 10485760
2026-08-21 00:25:13,151 [    776]   INFO - #c.i.u.i.PageCacheUtils - 	Direct memory to use, max: 2126512128
2026-08-21 00:25:13,152 [    777]   INFO - #c.i.u.i.PageCacheUtils - 	FilePageCache: regular + lock-free (LOCK_FREE_PAGE_CACHE_ENABLED:true)
2026-08-21 00:25:13,166 [    791]   INFO - #c.i.i.p.PluginManager - Using cached broken plugins file
2026-08-21 00:25:13,171 [    796]   INFO - #c.i.u.i.PageCacheUtils - 	NEW_PAGE_CACHE_MEMORY_FRACTION: 0.20000000298023224
2026-08-21 00:25:13,173 [    798]   INFO - #c.i.u.i.PageCacheUtils - 	Regular FilePageCache: 503316478 bytes
2026-08-21 00:25:13,175 [    800]   INFO - #c.i.u.i.PageCacheUtils - 	New     FilePageCache: 125829122 bytes (+ up to 10.0% overflow)
2026-08-21 00:25:13,177 [    802]   INFO - #c.i.u.i.PageCacheUtils - 	DirectByteBuffers pool: 104857600 bytes
2026-08-21 00:25:13,196 [    821]   INFO - #c.i.p.i.b.AppStarter - JNA library (64-bit) loaded in 192 ms
2026-08-21 00:25:13,210 [    835]   INFO - #c.i.p.i.b.AppStarter - IDE: IntelliJ IDEA (build #IC-241.14494.240, Thu, 28 Mar 2024 05:12:00 GMT)
2026-08-21 00:25:13,214 [    839]   INFO - #c.i.p.i.b.AppStarter - OS: Linux (7.1.8-200.fc44.x86_64)
2026-08-21 00:25:13,224 [    849]   INFO - #c.i.p.i.b.AppStarter - JRE: 17.0.10+8-b1207.12, amd64 (JetBrains s.r.o.)
2026-08-21 00:25:13,227 [    852]   INFO - #c.i.p.i.b.AppStarter - JVM: 17.0.10+8-b1207.12 (OpenJDK 64-Bit Server VM)
2026-08-21 00:25:13,239 [    864]   INFO - #c.i.p.i.b.AppStarter - PID: 78103
2026-08-21 00:25:13,240 [    865]   INFO - #c.i.p.i.b.AppStarter - desktop: KDE
2026-08-21 00:25:13,800 [   1425]   INFO - #c.i.p.i.b.AppStarter - toolkit: sun.awt.X11.XToolkit
2026-08-21 00:25:14,224 [   1849]   INFO - #c.i.p.i.b.AppStarter - JVM options: [-Daether.connector.resumeDownloads=false, -Dawt.lock.fair=true, -Dide.native.launcher=false, -Dide.no.platform.update=false, -Dide.show.tips.on.startup.default.value=false, -Didea.auto.reload.plugins=true, -Didea.classpath.index.enabled=false, -Didea.config.path=/home/lucasalmeida/Developer/DockerRunner/.intellijPlatform/sandbox/DockerRunner/IC-2024.1/config, -Didea.is.internal=true, -Didea.log.path=/home/lucasalmeida/Developer/DockerRunner/.intellijPlatform/sandbox/DockerRunner/IC-2024.1/log, -Didea.paths.selector=IdeaIC2024.1, -Didea.platform.prefix=Idea, -Didea.plugin.in.sandbox.mode=true, -Didea.plugins.path=/home/lucasalmeida/Developer/DockerRunner/.intellijPlatform/sandbox/DockerRunner/IC-2024.1/plugins, -Didea.required.plugins.id=com.olezelelabs.dockerrunner, -Didea.reset.classpath.from.manifest=true, -Didea.system.path=/home/lucasalmeida/Developer/DockerRunner/.intellijPlatform/sandbox/DockerRunner/IC-2024.1/system, -Didea.vendor.name=JetBrains, -Dintellij.console.log.level=warning, -Dintellij.platform.runtime.repository.path=/home/lucasalmeida/.gradle/caches/9.6.0/transforms/bea1b87427568a068e547fc0eae09392/transformed/ideaIC-2024.1/modules/module-descriptors.jar, -Djava.system.class.loader=com.intellij.util.lang.PathClassLoader, -Djbr.catch.SIGABRT=true, -Djdk.attach.allowAttachSelf=true, -Djdk.http.auth.tunneling.disabledSchemes="", -Djdk.module.illegalAccess.silent=true, -Djna.boot.library.path=/home/lucasalmeida/.gradle/caches/9.6.0/transforms/bea1b87427568a068e547fc0eae09392/transformed/ideaIC-2024.1/lib/jna/amd64, -Djna.noclasspath=true, -Djna.nosys=true, -Dplugin.path=/home/lucasalmeida/Developer/DockerRunner/.intellijPlatform/sandbox/DockerRunner/IC-2024.1/plugins/DockerRunner, -Dpty4j.preferred.native.folder=/home/lucasalmeida/.gradle/caches/9.6.0/transforms/bea1b87427568a068e547fc0eae09392/transformed/ideaIC-2024.1/lib/pty4j, -Dsplash=true, -Dsun.awt.disablegrab=true, -Dsun.io.useCanonCaches=false, -Dsun.java2d.metal=true, -Dsun.tools.attach.tmp.only=true, -XX:+HeapDumpOnOutOfMemoryError, -XX:-OmitStackTraceInFastThrow, -XX:+IgnoreUnrecognizedVMOptions, -XX:CICompilerCount=2, -XX:ReservedCodeCacheSize=512m, -XX:CompileCommand=exclude,com/intellij/openapi/vfs/impl/FilePartNodeRoot,trieDescend, -XX:SoftRefLRUPolicyMSPerMB=50, --add-opens=java.base/java.io=ALL-UNNAMED, --add-opens=java.base/java.lang=ALL-UNNAMED, --add-opens=java.base/java.lang.ref=ALL-UNNAMED, --add-opens=java.base/java.lang.reflect=ALL-UNNAMED, --add-opens=java.base/java.net=ALL-UNNAMED, --add-opens=java.base/java.nio=ALL-UNNAMED, --add-opens=java.base/java.nio.charset=ALL-UNNAMED, --add-opens=java.base/java.text=ALL-UNNAMED, --add-opens=java.base/java.time=ALL-UNNAMED, --add-opens=java.base/java.util=ALL-UNNAMED, --add-opens=java.base/java.util.concurrent=ALL-UNNAMED, --add-opens=java.base/java.util.concurrent.atomic=ALL-UNNAMED, --add-opens=java.base/java.util.concurrent.locks=ALL-UNNAMED, --add-opens=java.base/jdk.internal.vm=ALL-UNNAMED, --add-opens=java.base/sun.nio.ch=ALL-UNNAMED, --add-opens=java.base/sun.nio.fs=ALL-UNNAMED, --add-opens=java.base/sun.security.ssl=ALL-UNNAMED, --add-opens=java.base/sun.security.util=ALL-UNNAMED, --add-opens=java.base/sun.net.dns=ALL-UNNAMED, --add-opens=java.desktop/com.sun.java.swing.plaf.gtk=ALL-UNNAMED, --add-opens=java.desktop/java.awt=ALL-UNNAMED, --add-opens=java.desktop/java.awt.dnd.peer=ALL-UNNAMED, --add-opens=java.desktop/java.awt.event=ALL-UNNAMED, --add-opens=java.desktop/java.awt.image=ALL-UNNAMED, --add-opens=java.desktop/java.awt.peer=ALL-UNNAMED, --add-opens=java.desktop/java.awt.font=ALL-UNNAMED, --add-opens=java.desktop/javax.swing=ALL-UNNAMED, --add-opens=java.desktop/javax.swing.plaf.basic=ALL-UNNAMED, --add-opens=java.desktop/javax.swing.text=ALL-UNNAMED, --add-opens=java.desktop/javax.swing.text.html=ALL-UNNAMED, --add-opens=java.desktop/sun.awt.X11=ALL-UNNAMED, --add-opens=java.desktop/sun.awt.datatransfer=ALL-UNNAMED, --add-opens=java.desktop/sun.awt.image=ALL-UNNAMED, --add-opens=java.desktop/sun.awt=ALL-UNNAMED, --add-opens=java.desktop/sun.font=ALL-UNNAMED, --add-opens=java.desktop/sun.java2d=ALL-UNNAMED, --add-opens=java.desktop/sun.swing=ALL-UNNAMED, --add-opens=java.desktop/com.sun.java.swing=ALL-UNNAMED, --add-opens=jdk.attach/sun.tools.attach=ALL-UNNAMED, --add-opens=jdk.compiler/com.sun.tools.javac.api=ALL-UNNAMED, --add-opens=jdk.internal.jvmstat/sun.jvmstat.monitor=ALL-UNNAMED, --add-opens=jdk.jdi/com.sun.tools.jdi=ALL-UNNAMED, -javaagent:/home/lucasalmeida/Developer/DockerRunner/.intellijPlatform/coroutines-javaagent-legacy.jar, -Xms128m, -Xmx2048m, -Dfile.encoding=UTF-8, -Duser.country=BR, -Duser.language=pt, -Duser.variant, -ea]
2026-08-21 00:25:14,233 [   1858]   INFO - #c.i.p.i.b.AppStarter - args: 
2026-08-21 00:25:14,235 [   1860]   INFO - #c.i.p.i.b.AppStarter - library path: /usr/java/packages/lib:/usr/lib64:/lib64:/lib:/usr/lib
2026-08-21 00:25:14,227 [   1852]   INFO - #c.i.i.p.PluginManager - PluginDescriptor(name=Docker Runner, id=com.olezelelabs.dockerrunner, descriptorPath=plugin.xml, path=~/Developer/DockerRunner/.intellijPlatform/sandbox/DockerRunner/IC-2024.1/plugins/DockerRunner, version=1.0-SNAPSHOT, package=null, isBundled=false) overrides PluginDescriptor(name=Docker Runner, id=com.olezelelabs.dockerrunner, descriptorPath=plugin.xml, path=~/Developer/DockerRunner/.intellijPlatform/sandbox/DockerRunner/IC-2024.1/plugins/DockerRunner, version=1.0-SNAPSHOT, package=null, isBundled=false)
2026-08-21 00:25:14,238 [   1863]   INFO - #c.i.p.i.b.AppStarter - boot library path: /home/lucasalmeida/.gradle/caches/9.6.0/transforms/bea1b87427568a068e547fc0eae09392/transformed/ideaIC-2024.1/jbr/lib
2026-08-21 00:25:14,321 [   1946]   INFO - #c.i.p.i.b.AppStarter - locale=pt_BR JNU=UTF-8 file.encoding=UTF-8
    idea.config.path=/home/lucasalmeida/Developer/DockerRunner/.intellijPlatform/sandbox/DockerRunner/IC-2024.1/config
    idea.system.path=/home/lucasalmeida/Developer/DockerRunner/.intellijPlatform/sandbox/DockerRunner/IC-2024.1/system
    idea.plugins.path=/home/lucasalmeida/Developer/DockerRunner/.intellijPlatform/sandbox/DockerRunner/IC-2024.1/plugins
    idea.log.path=/home/lucasalmeida/Developer/DockerRunner/.intellijPlatform/sandbox/DockerRunner/IC-2024.1/log
2026-08-21 00:25:14,354 [   1979]   INFO - #c.i.p.i.b.AppStarter - CPU cores: 8; ForkJoinPool.commonPool: java.util.concurrent.ForkJoinPool@30881131[Running, parallelism = 7, size = 0, active = 0, running = 0, steals = 0, tasks = 0, submissions = 0]; factory: com.intellij.concurrency.IdeaForkJoinWorkerThreadFactory@389e18b1
2026-08-21 00:25:14,461 [   2086]   INFO - #c.i.i.p.PluginManager - Module intellij.sh.python is not enabled because dependency intellij.python.community.impl is not available
Module intellij.groovy/ant is not enabled because dependency AntSupport is not available
Module intellij.qodana.jvm.swagger is not enabled because dependency com.intellij.swagger is not available
Module intellij.qodana.python is not enabled because dependency intellij.python is not available
Module intellij.qodana.php is not enabled because dependency com.jetbrains.php is not available
Module intellij.qodana.js is not enabled because dependency JavaScript is not available
Module intellij.qodana.inspectionKts.js is not enabled because dependency JavaScript is not available
Module intellij.qodana.go is not enabled because dependency intellij.go.coverage is not available
Module intellij.cwm.plugin.elevation is not enabled because dependency intellij.execution.process.elevation is not available
Module intellij.packageChecker.php is not enabled because dependency com.jetbrains.php is not available
Module intellij.packageChecker.python is not enabled because dependency intellij.python.community.impl is not available
Module intellij.packageChecker.javascript is not enabled because dependency JavaScript is not available
Module intellij.packageChecker.go is not enabled because dependency org.jetbrains.plugins.go is not available
2026-08-21 00:25:14,647 [   2272]   INFO - #c.i.i.p.PluginManager - Loaded bundled plugins: IDEA CORE (241.14494.240), TextMate Bundles (241.14494.240), Images (241.14494.240), Copyright (241.14494.240), Emoji Picker (241.14494.240), EditorConfig (241.14494.240), IDE Services / Provisioner API (241.14494.240), Machine Learning in Search Everywhere (241.14494.240), YAML (241.14494.240), JetBrains maven model api classes (241.14494.240), JetBrains Repository Search (241.14494.240), Maven server api classes (241.14494.240), Markdown (241.14494.240), Terminal (241.14494.240), Mercurial (241.14494.240), Properties (241.14494.240), Gradle (241.14494.240), NetBeans Keymap (241.14494.240), JetBrains Marketplace Licensing (241.14494.240), com.intellij.dev (241.14494.240), Remote Execution Agent (241.14494.240), Shell Script (241.14494.240), HTML Tools (241.14494.240), Visual Studio Keymap (241.14494.240), Machine Learning Code Completion (241.14494.240), Toml (241.14494.240), WebP Support (241.14494.240), Performance Testing (241.14494.240), Grazie Lite (241.14494.240), Eclipse Keymap (241.14494.240), Perforce Helix Core (241.14494.240), GitLab (241.14494.240), IDE Features Trainer (241.14494.240), Java (241.14494.240), com.intellij.tracing.ide (241.14494.240), Java Bytecode Decompiler (241.14494.240), Java Stream Debugger (241.14494.240), Task Management (241.14494.240), GitHub (241.14494.240), JUnit (241.14494.240), Eclipse Interoperability (241.14494.240), IntelliLang (241.14494.240), Groovy (241.14494.240), JavaFX (241.14494.240), Turbo Complete (241.14494.240), Kotlin (241.14494.240-IJ), Gradle DSL API (241.14494.240), Java Internationalization (241.14494.240), UI Designer (241.14494.240), Bytecode Viewer (241.14494.240), Maven (241.14494.240), TestNG (241.14494.240), Code Coverage for Java (241.14494.240), Gradle-Java (241.14494.240), Gradle-Java-Analysis (241.14494.240), Gradle-Maven (241.14494.240), Java IDE Customization (241.14494.240), Settings Sync (241.14494.240), Git (241.14494.240), Qodana (241.14494.240), Configuration Script (241.14494.240), Shared Indexes (241.14494.240), Code With Me (241.14494.240), Subversion (241.14494.240), Package Checker (241.14494.240), Gradle Dependency Updater Implementation (241.14494.240), Async Profiler for IDE Performance Testing (241.14494.240)
2026-08-21 00:25:14,652 [   2277]   INFO - #c.i.i.p.PluginManager - Loaded custom plugins: Docker Runner (1.0-SNAPSHOT)
2026-08-21 00:25:15,218 [   2843]   INFO - c.i.p.i.IdeFingerprint - Calculated dependencies fingerprint in 128 ms (hash=2o3n2jywybimu, buildTime=1711602720, appVersion=IC-241.14494.240)
2026-08-21 00:25:16,067 [   3692]   INFO - #c.i.o.v.n.p.FSRecords - VFS health-check enabled: first after 600000 ms, and each following 43200000 ms, wrap in RA: true
2026-08-21 00:25:16,944 [   4569]   INFO - #c.i.a.o.PathMacrosImpl - Loaded path macros: {MAVEN_REPOSITORY=/home/lucasalmeida/.m2/repository}
2026-08-21 00:25:17,765 [   5390]   INFO - #c.i.o.v.n.p.PersistentFSLoader - VFS uses 'fast' names enumerator (over mmapped file)
2026-08-21 00:25:17,785 [   5410]   INFO - #c.i.o.v.n.p.PersistentFSLoader - VFS uses streamlined attributes storage (over mmapped file)
2026-08-21 00:25:17,789 [   5414]   INFO - #c.i.o.v.n.p.PersistentFSLoader - VFS uses content storage over memory-mapped file, with compression algo: LZ4[ > 8000b ]
2026-08-21 00:25:18,162 [   5787]   INFO - #c.i.i.p.ExpiredPluginsState - Plugins to skip: []
2026-08-21 00:25:18,593 [   6218]   INFO - #c.i.o.v.n.p.PersistentFSLoader - VFS: impl (expected) version=846397, 95994 file records, 13 content blobs
2026-08-21 00:25:18,753 [   6378]   INFO - #c.i.o.v.n.p.FSRecordsImpl - VFS initialized: 1074 ms, 0 failed attempts, 0 error(s) were recovered
2026-08-21 00:25:18,931 [   6556]   INFO - #c.i.o.v.i.l.NativeFileWatcherImpl - Starting file watcher: /home/lucasalmeida/.gradle/caches/9.6.0/transforms/bea1b87427568a068e547fc0eae09392/transformed/ideaIC-2024.1/bin/fsnotifier
2026-08-21 00:25:19,040 [   6665]   INFO - #c.i.o.v.n.p.FSRecordsImpl - VFS scanned: file-by-name index was populated
2026-08-21 00:25:19,096 [   6721]   INFO - #c.i.o.v.i.l.NativeFileWatcherImpl - Native file watcher is operational.
2026-08-21 00:25:19,864 [   7489]   INFO - #c.i.o.a.i.NonBlockingReadActionImpl - OTel monitoring for NonBlockingReadAction is enabled
2026-08-21 00:25:19,874 [   7499]   INFO - #c.i.u.n.s.CertificateManager - Default SSL context initialized
2026-08-21 00:25:19,886 [   7511]   INFO - #o.j.i.BuiltInServerManager - built-in server started, port 63342
2026-08-21 00:25:20,593 [   8218]   INFO - #c.i.p.i.m.GlobalMenuLinux - Start glib main loop in thread: GlobalMenuLinux loop
2026-08-21 00:25:20,626 [   8251]   INFO - #c.i.p.i.m.GlobalMenuLinux - Closed dbus-service 'com.canonical.AppMenu.Registrar'
2026-08-21 00:25:20,820 [   8445]   INFO - #c.i.i.s.p.i.SharedIndexMainZipStorage - Shared Indexes Storage is opened and empty
2026-08-21 00:25:20,829 [   8454]   WARN - #c.i.i.s.p.i.BundledSharedIndexProvider - Bundled shared index is not found at: /home/lucasalmeida/.gradle/caches/9.6.0/transforms/bea1b87427568a068e547fc0eae09392/transformed/ideaIC-2024.1/jdk-shared-indexes
2026-08-21 00:25:21,377 [   9002]   INFO - #c.i.u.i.FileBasedIndexImpl - Indices to be built:FilenameIndex(v = 258)
2026-08-21 00:25:21,385 [   9010]   INFO - #c.i.u.i.FileBasedIndexImpl - Using nice flusher for indexes
2026-08-21 00:25:21,407 [   9032]   INFO - #c.i.u.i.IndexDataInitializer - Index data initialization done: 829 ms. Initialized indexes: [FilenameIndex, Trigram.Index, FrameworkDetectionIndex, filetypes, IdIndex, TodoIndex, fileIncludes, RelaxSymbolIndex, DomFileIndex, XmlTagNames, html5.custom.attributes.index, XmlNamespaces, json.file.root.values, java.auto.module.name, editorconfig.index.name, yaml.keys.name, SchemaTypeInheritance, java.source.module.name, HtmlTagIdIndex, xmlProperties, java.null.method.argument, java.binary.plus.expression, javafx.custom.component, bytecodeAnalysis, JavaFxControllerClassIndex, javafx.id.name, java.fun.expression, org.jetbrains.kotlin.idea.vfilefinder.KotlinClassFileIndex, Stubs, org.jetbrains.kotlin.idea.versions.KotlinJvmMetadataVersionIndex, org.jetbrains.kotlin.idea.vfilefinder.KotlinJavaScriptMetaFileIndex, org.jetbrains.kotlin.idea.versions.KotlinJsMetadataVersionIndex, org.jetbrains.kotlin.idea.vfilefinder.KotlinMetadataFilePackageIndex, org.jetbrains.kotlin.idea.vfilefinder.KotlinPartialPackageNamesIndex, org.jetbrains.kotlin.idea.vfilefinder.KotlinMetadataFileIndex, org.jetbrains.kotlin.idea.vfilefinder.KotlinModuleMappingIndex, org.jetbrains.kotlin.idea.vfilefinder.KotlinJvmModuleAnnotationsIndex, KotlinTopLevelCallableByPackageShortNameIndex, org.jetbrains.kotlin.idea.vfilefinder.KotlinBuiltInsMetadataIndex, org.jetbrains.kotlin.idea.vfilefinder.KotlinStdlibIndex, KotlinPackageSourcesMemberNamesIndex, org.jetbrains.kotlin.idea.vfilefinder.KotlinShortClassNameFileIndex, KotlinTopLevelClassLikeDeclarationByPackageShortNameIndex, com.intellij.uiDesigner.FormClassIndex, KotlinBinaryRootToPackageIndex, org.jetbrains.kotlin.idea.vfilefinder.KlibMetaFileIndex].
2026-08-21 00:25:21,517 [   9142]   INFO - #c.i.o.a.i.ApplicationImpl - LONG VFS PROCESSING. Topic=BulkFileListener, offender=class com.intellij.history.integration.LocalHistoryEventDispatcher$LocalHistoryBulkFileListener, message=before, time=64ms
2026-08-21 00:25:21,845 [   9470]   INFO - #c.i.u.i.IndexDataInitializer - Index data initialization done: 436 ms. Initialized stub indexes: {KotlinTypeAliasByExpansionShortNameIndex, gr.class.super, java.unnamed.class, KotlinTopLevelTypeAliasByPackageIndex, gr.annot.members, org.jetbrains.kotlin.idea.stubindex.KotlinPropertyShortNameIndex, dom.elementClass, org.jetbrains.kotlin.idea.stubindex.KotlinFunctionShortNameIndex, KotlinExtensionsInObjectsByReceiverTypeIndex, gr.annot.method.name, org.jetbrains.kotlin.idea.stubindex.KotlinTopLevelFunctionFqnNameIndex, java.module.name, java.field.name, markdown.header, gr.script.fqn.s, markdown.header.anchor, kotlin.primeIndexKey, org.jetbrains.kotlin.idea.stubindex.KotlinTypeAliasShortNameIndex, gr.class.fqn.s, org.jetbrains.kotlin.idea.stubindex.KotlinClassShortNameIndex, org.jetbrains.kotlin.idea.stubindex.KotlinScriptFqnIndex, org.jetbrains.kotlin.idea.stubindex.KotlinFilePartClassIndex, KotlinTopLevelPropertyByPackageIndex, org.jetbrains.kotlin.idea.stubindex.KotlinSuperClassIndex, java.anonymous.baseref, org.jetbrains.kotlin.idea.stubindex.KotlinMultifileClassPartIndex, KotlinFileFacadeClassByPackageIndex, org.jetbrains.kotlin.idea.stubindex.KotlinTopLevelClassByPackageIndex, properties.index, org.jetbrains.kotlin.idea.stubindex.KotlinFullClassNameIndex, org.jetbrains.kotlin.idea.stubindex.KotlinTopLevelTypeAliasFqNameIndex, org.jetbrains.kotlin.idea.stubindex.KotlinFileFacadeFqNameIndex, gr.anonymous.class, gr.script.class, KotlinProbablyNothingPropertyShortNameIndex, java.class.extlist, org.jetbrains.kotlin.idea.stubindex.KotlinInnerTypeAliasClassIdIndex, java.method.parameter.types, KotlinOverridableInternalMembersShortNameIndex, KotlinProbablyNothingFunctionShortNameIndex, jvm.static.member.type, org.jetbrains.kotlin.idea.stubindex.KotlinSubclassObjectNameIndex, java.class.fqn, dom.namespaceKey, java.class.shortname, KotlinTopLevelExtensionsByReceiverTypeIndex, jvm.static.member.name, gr.field.name, KotlinProbablyContractedFunctionShortNameIndex, gr.method.name, org.jetbrains.kotlin.idea.stubindex.KotlinTopLevelPropertyFqnNameIndex, org.jetbrains.kotlin.idea.stubindex.KotlinExactPackagesIndex, org.jetbrains.kotlin.idea.stubindex.KotlinAnnotationsIndex, KotlinTopLevelFunctionByPackageIndex, java.method.name, org.jetbrains.kotlin.idea.stubindex.KotlinJvmNameAnnotationIndex, org.jetbrains.kotlin.idea.stubindex.KotlinFileFacadeShortNameIndex, java.annotations}.
2026-08-21 00:25:21,855 [   9480]   WARN - #c.i.i.u.l.LafManagerImpl - VersionControl.Log.Commit.rowHeight = null in LookAndFeelThemeAdapter; it may lead to performance degradation
2026-08-21 00:25:21,857 [   9482]   INFO - #c.i.u.i.StaleIndexesChecker - clearing stale id = 14503, path =  //home/lucasalmeida/Developer/DockerRunner/.intellijPlatform/sandbox/DockerRunner/IC-2024.1/config/workspace/3ICnp63d3eYvrnOzoHmiAnT1cH1.xml
2026-08-21 00:25:22,136 [   9761]   INFO - #c.i.o.v.n.p.d.e.DurableEnumeratorFactory - [enumerator.mmapped]: .valueHashToId (in memory) was filled (17 records)
2026-08-21 00:25:22,451 [  10076]   INFO - #c.i.p.s.StubUpdatingIndexStorage - Not updating IndexingStampInfo. inputId=14503,result=true
2026-08-21 00:25:23,112 [  10737]   INFO - #c.i.p.i.m.GlobalMenuLinux - created instance of GlobalMenuLinux for frame: com.intellij.openapi.wm.impl.IdeFrameImpl[frame0,0,0,1366x768,invalid,layout=java.awt.BorderLayout,title=,resizable,maximized,defaultCloseOperation=DO_NOTHING_ON_CLOSE,rootPane=com.intellij.openapi.wm.impl.IdeRootPane[,5,25,1356x738,invalid,layout=com.intellij.openapi.wm.impl.IdeRootPane$MyRootLayout,alignmentX=0.0,alignmentY=0.0,border=,flags=449,maximumSize=,minimumSize=,preferredSize=],rootPaneCheckingEnabled=true]
2026-08-21 00:25:23,425 [  11050]   INFO - #c.i.w.i.i.WorkspaceModelImpl - Load workspace model from cache in 760 ms
2026-08-21 00:25:23,665 [  11290]   INFO - #c.i.w.i.i.GlobalWorkspaceModel - Load global workspace model from cache in 116 ms
2026-08-21 00:25:23,967 [  11592]   INFO - #c.i.w.i.i.WorkspaceModelImpl - Project model updated silently to version 1 in 10 ms: Add module mapping
2026-08-21 00:25:24,325 [  11950]   INFO - #c.i.w.i.i.EntitiesOrphanageImpl - Update orphanage. 0 modules added
2026-08-21 00:25:24,352 [  11977]   INFO - #c.i.w.i.i.WorkspaceModelImpl - Project model updated to version 2 in 117 ms: Sync global entities with project: teste
2026-08-21 00:25:24,959 [  12584]   INFO - PerformancePlugin - Performance Plugin is in silent mode
2026-08-21 00:25:25,038 [  12663]   INFO - #c.i.p.c.ProjectCodeStyleSettingsManager - Initialized from default code style settings.
2026-08-21 00:25:25,158 [  12783] SEVERE - #c.i.o.a.i.ActionManagerImpl - com.olezelelabs.dockerrunner.DockerComposeRunAction PluginClassLoader(plugin=PluginDescriptor(name=Docker Runner, id=com.olezelelabs.dockerrunner, descriptorPath=plugin.xml, path=~/Developer/DockerRunner/.intellijPlatform/sandbox/DockerRunner/IC-2024.1/plugins/DockerRunner, version=1.0-SNAPSHOT, package=null, isBundled=false), packagePrefix=null, state=active)
com.intellij.diagnostic.PluginException: com.olezelelabs.dockerrunner.DockerComposeRunAction PluginClassLoader(plugin=PluginDescriptor(name=Docker Runner, id=com.olezelelabs.dockerrunner, descriptorPath=plugin.xml, path=~/Developer/DockerRunner/.intellijPlatform/sandbox/DockerRunner/IC-2024.1/plugins/DockerRunner, version=1.0-SNAPSHOT, package=null, isBundled=false), packagePrefix=null, state=active)
	at com.intellij.serviceContainer.ComponentManagerImpl.instantiateClass(ComponentManagerImpl.kt:951)
	at com.intellij.openapi.actionSystem.impl.ActionManagerImplKt.instantiate(ActionManagerImpl.kt:1395)
	at com.intellij.openapi.actionSystem.impl.ActionManagerImplKt.convertStub(ActionManagerImpl.kt:1635)
	at com.intellij.openapi.actionSystem.impl.ActionManagerImplKt.getAction(ActionManagerImpl.kt:2117)
	at com.intellij.openapi.actionSystem.impl.ActionManagerImplKt.access$getAction(ActionManagerImpl.kt:1)
	at com.intellij.openapi.actionSystem.impl.ActionManagerImpl.getAction(ActionManagerImpl.kt:415)
	at com.intellij.openapi.actionSystem.DefaultActionGroup.getChildren(DefaultActionGroup.java:389)
	at com.intellij.openapi.actionSystem.DefaultActionGroup.getChildren(DefaultActionGroup.java:366)
	at com.intellij.openapi.actionSystem.ActionGroupWrapper.getChildren(ActionGroupWrapper.java:36)
	at com.intellij.ide.ui.customization.CustomisedActionGroup.getChildren(CustomisedActionGroup.java:46)
	at com.intellij.ide.ui.customization.CustomisedActionGroup.getFirstAction(CustomisedActionGroup.java:54)
	at com.intellij.ide.navigationToolbar.MyNavBarWrapperPanel.runToolbarExists(NavBarRootPaneExtension.kt:205)
	at com.intellij.ide.navigationToolbar.MyNavBarWrapperPanel.access$runToolbarExists(NavBarRootPaneExtension.kt:131)
	at com.intellij.ide.navigationToolbar.MyNavBarWrapperPanel$toggleRunPanel$2.invoke(NavBarRootPaneExtension.kt:240)
	at com.intellij.ide.navigationToolbar.MyNavBarWrapperPanel$toggleRunPanel$2.invoke(NavBarRootPaneExtension.kt:238)
	at com.intellij.ide.navigationToolbar.MyNavBarWrapperPanel.toggleRunPanel$lambda$4(NavBarRootPaneExtension.kt:239)
	at java.base/java.util.concurrent.CompletableFuture$UniAccept.tryFire(CompletableFuture.java:718)
	at java.base/java.util.concurrent.CompletableFuture$Completion.run(CompletableFuture.java:482)
	at com.intellij.openapi.application.TransactionGuardImpl.runWithWritingAllowed(TransactionGuardImpl.java:209)
	at com.intellij.openapi.application.TransactionGuardImpl.access$100(TransactionGuardImpl.java:22)
	at com.intellij.openapi.application.TransactionGuardImpl$1.run(TransactionGuardImpl.java:191)
	at com.intellij.openapi.application.impl.RwLockHolder.runIntendedWriteActionOnCurrentThread(RwLockHolder.kt:204)
	at com.intellij.openapi.application.impl.ApplicationImpl.runIntendedWriteActionOnCurrentThread(ApplicationImpl.java:830)
	at com.intellij.openapi.application.impl.ApplicationImpl$2.run(ApplicationImpl.java:419)
	at com.intellij.openapi.application.impl.RwLockHolder.runWithEnabledImplicitRead(RwLockHolder.kt:138)
	at com.intellij.openapi.application.impl.RwLockHolder.runWithImplicitRead(RwLockHolder.kt:129)
	at com.intellij.openapi.application.impl.ApplicationImpl.runWithImplicitRead(ApplicationImpl.java:1152)
	at com.intellij.openapi.application.impl.FlushQueue.doRun(FlushQueue.java:81)
	at com.intellij.openapi.application.impl.FlushQueue.runNextEvent(FlushQueue.java:123)
	at com.intellij.openapi.application.impl.FlushQueue.flushNow(FlushQueue.java:43)
	at java.desktop/java.awt.event.InvocationEvent.dispatch(InvocationEvent.java:318)
	at java.desktop/java.awt.EventQueue.dispatchEventImpl(EventQueue.java:792)
	at java.desktop/java.awt.EventQueue$3.run(EventQueue.java:739)
	at java.desktop/java.awt.EventQueue$3.run(EventQueue.java:733)
	at java.base/java.security.AccessController.doPrivileged(AccessController.java:399)
	at java.base/java.security.ProtectionDomain$JavaSecurityAccessImpl.doIntersectionPrivilege(ProtectionDomain.java:86)
	at java.desktop/java.awt.EventQueue.dispatchEvent(EventQueue.java:761)
	at com.intellij.ide.IdeEventQueue.defaultDispatchEvent(IdeEventQueue.kt:698)
	at com.intellij.ide.IdeEventQueue._dispatchEvent$lambda$12(IdeEventQueue.kt:593)
	at com.intellij.openapi.application.impl.RwLockHolder.runWithoutImplicitRead(RwLockHolder.kt:105)
	at com.intellij.ide.IdeEventQueue._dispatchEvent(IdeEventQueue.kt:593)
	at com.intellij.ide.IdeEventQueue.access$_dispatchEvent(IdeEventQueue.kt:77)
	at com.intellij.ide.IdeEventQueue$dispatchEvent$processEventRunnable$1$1$1.compute(IdeEventQueue.kt:362)
	at com.intellij.ide.IdeEventQueue$dispatchEvent$processEventRunnable$1$1$1.compute(IdeEventQueue.kt:361)
	at com.intellij.openapi.progress.impl.CoreProgressManager.computePrioritized(CoreProgressManager.java:843)
	at com.intellij.ide.IdeEventQueue$dispatchEvent$processEventRunnable$1$1.invoke(IdeEventQueue.kt:361)
	at com.intellij.ide.IdeEventQueue$dispatchEvent$processEventRunnable$1$1.invoke(IdeEventQueue.kt:356)
	at com.intellij.ide.IdeEventQueueKt.performActivity$lambda$1(IdeEventQueue.kt:1021)
	at com.intellij.openapi.application.TransactionGuardImpl.performActivity(TransactionGuardImpl.java:106)
	at com.intellij.ide.IdeEventQueueKt.performActivity(IdeEventQueue.kt:1021)
	at com.intellij.ide.IdeEventQueue.dispatchEvent$lambda$7(IdeEventQueue.kt:356)
	at com.intellij.openapi.application.impl.RwLockHolder.runIntendedWriteActionOnCurrentThread(RwLockHolder.kt:209)
	at com.intellij.openapi.application.impl.ApplicationImpl.runIntendedWriteActionOnCurrentThread(ApplicationImpl.java:830)
	at com.intellij.ide.IdeEventQueue.dispatchEvent(IdeEventQueue.kt:398)
	at java.desktop/java.awt.EventDispatchThread.pumpOneEventForFilters(EventDispatchThread.java:207)
	at java.desktop/java.awt.EventDispatchThread.pumpEventsForFilter(EventDispatchThread.java:128)
	at java.desktop/java.awt.EventDispatchThread.pumpEventsForHierarchy(EventDispatchThread.java:117)
	at java.desktop/java.awt.EventDispatchThread.pumpEvents(EventDispatchThread.java:113)
	at java.desktop/java.awt.EventDispatchThread.pumpEvents(EventDispatchThread.java:105)
	at java.desktop/java.awt.EventDispatchThread.run(EventDispatchThread.java:92)
Caused by: java.lang.ClassNotFoundException: com.olezelelabs.dockerrunner.DockerComposeRunAction PluginClassLoader(plugin=PluginDescriptor(name=Docker Runner, id=com.olezelelabs.dockerrunner, descriptorPath=plugin.xml, path=~/Developer/DockerRunner/.intellijPlatform/sandbox/DockerRunner/IC-2024.1/plugins/DockerRunner, version=1.0-SNAPSHOT, package=null, isBundled=false), packagePrefix=null, state=active)
	at com.intellij.serviceContainer.ComponentManagerImplKt.doLoadClass(ComponentManagerImpl.kt:1466)
	at com.intellij.serviceContainer.ComponentManagerImpl.instantiateClass(ComponentManagerImpl.kt:943)
	... 59 more
2026-08-21 00:25:25,322 [  12947] SEVERE - #c.i.o.a.i.ActionManagerImpl - IntelliJ IDEA 2024.1  Build #IC-241.14494.240
2026-08-21 00:25:25,333 [  12958] SEVERE - #c.i.o.a.i.ActionManagerImpl - JDK: 17.0.10; VM: OpenJDK 64-Bit Server VM; Vendor: JetBrains s.r.o.
2026-08-21 00:25:25,337 [  12962] SEVERE - #c.i.o.a.i.ActionManagerImpl - OS: Linux
2026-08-21 00:25:25,341 [  12966] SEVERE - #c.i.o.a.i.ActionManagerImpl - Plugin to blame: Docker Runner version: 1.0-SNAPSHOT
2026-08-21 00:25:25,342 [  12967] SEVERE - #c.i.o.a.i.ActionManagerImpl - Last Action: 
2026-08-21 00:25:26,717 [  14342]   INFO - #c.i.r.OsRegistryConfigProvider - Looking for 'enabled' value in [/etc/xdg/JetBrains/portForwarding/enabled, /etc/xdg/JetBrains/portForwarding/config.json, /home/lucasalmeida/.config/JetBrains/portForwarding/enabled, /home/lucasalmeida/.config/JetBrains/portForwarding/config.json, /home/lucasalmeida/.config/kdedefaults/JetBrains/portForwarding/enabled, /home/lucasalmeida/.config/kdedefaults/JetBrains/portForwarding/config.json, /etc/xdg/JetBrains/portForwarding/enabled, /etc/xdg/JetBrains/portForwarding/config.json, /usr/share/kde-settings/kde-profile/default/xdg/JetBrains/portForwarding/enabled, /usr/share/kde-settings/kde-profile/default/xdg/JetBrains/portForwarding/config.json]
2026-08-21 00:25:26,721 [  14346]   INFO - #c.i.r.OsRegistryConfigProvider - OS provided value for 'enabled' is not found
2026-08-21 00:25:26,949 [  14574]   INFO - #c.i.o.p.MergingQueueGuiExecutor - Running task: (dumb mode task) com.intellij.openapi.project.InitialDumbTaskRequiredForSmartMode@23242e6c
2026-08-21 00:25:26,968 [  14593]   INFO - #c.i.o.p.DumbServiceMergingTaskQueue - Initializing DumbServiceMergingTaskQueue...
2026-08-21 00:25:26,976 [  14601]   INFO - #c.i.o.p.DumbServiceMergingTaskQueue - Running initialization condition: com.intellij.indexing.shared.download.SharedIndexDownloadedCondition@694e0829
2026-08-21 00:25:26,997 [  14622]   INFO - #c.i.o.p.DumbServiceMergingTaskQueue - Finished: com.intellij.indexing.shared.download.SharedIndexDownloadedCondition@694e0829
2026-08-21 00:25:27,034 [  14659]   INFO - #c.i.o.p.InitialDumbTaskRequiredForSmartMode - Running task required for smart mode: com.intellij.indexing.shared.platform.impl.OnDiskSharedIndexChunkLocator@65ad968a
2026-08-21 00:25:27,048 [  14673]   INFO - #c.i.o.p.InitialDumbTaskRequiredForSmartMode - Finished task required for smart mode: com.intellij.indexing.shared.platform.impl.OnDiskSharedIndexChunkLocator@65ad968a
2026-08-21 00:25:27,052 [  14677]   INFO - #c.i.o.p.InitialDumbTaskRequiredForSmartMode - Running task required for smart mode: com.intellij.util.indexing.ProjectFileBasedIndexStartupActivity@255f8a17
2026-08-21 00:25:27,112 [  14737]   INFO - #c.i.u.i.p.IncrementalProjectIndexableFilesFilterHolder - IncrementalProjectIndexableFilesFilterFactory is chosen as indexable files filter factory for project: teste
2026-08-21 00:25:27,250 [  14875]   INFO - #c.i.o.p.InitialDumbTaskRequiredForSmartMode - Finished task required for smart mode: com.intellij.util.indexing.ProjectFileBasedIndexStartupActivity@255f8a17
2026-08-21 00:25:27,258 [  14883]   INFO - #c.i.o.p.InitialDumbTaskRequiredForSmartMode - Running task required for smart mode: com.intellij.util.indexing.FileBasedIndexInfrastructureExtensionStartup@268e3b47
2026-08-21 00:25:27,283 [  14908]   INFO - #c.i.o.p.InitialDumbTaskRequiredForSmartMode - Finished task required for smart mode: com.intellij.util.indexing.FileBasedIndexInfrastructureExtensionStartup@268e3b47
2026-08-21 00:25:27,286 [  14911]   INFO - #c.i.o.p.InitialDumbTaskRequiredForSmartMode - Running task required for smart mode: com.intellij.externalDependencies.impl.CheckRequiredPluginsActivity@728dcb9e
2026-08-21 00:25:27,319 [  14944]   INFO - #c.i.o.p.InitialDumbTaskRequiredForSmartMode - Finished task required for smart mode: com.intellij.externalDependencies.impl.CheckRequiredPluginsActivity@728dcb9e
2026-08-21 00:25:27,325 [  14950]   INFO - #c.i.o.p.InitialDumbTaskRequiredForSmartMode - Running task required for smart mode: com.intellij.util.indexing.DumbModeWhileScanningSubscriber@73988729
2026-08-21 00:25:27,395 [  15020]   INFO - #c.i.o.p.InitialDumbTaskRequiredForSmartMode - Finished task required for smart mode: com.intellij.util.indexing.DumbModeWhileScanningSubscriber@73988729
2026-08-21 00:25:27,409 [  15034]   INFO - #c.i.o.p.InitialDumbTaskRequiredForSmartMode - Running task required for smart mode: com.intellij.ide.projectWizard.generators.SdkPreIndexingRequiredForSmartModeActivity@1be4c5a9
2026-08-21 00:25:27,445 [  15070]   INFO - #c.i.o.p.InitialDumbTaskRequiredForSmartMode - Finished task required for smart mode: com.intellij.ide.projectWizard.generators.SdkPreIndexingRequiredForSmartModeActivity@1be4c5a9
2026-08-21 00:25:27,448 [  15073]   INFO - #c.i.o.p.MergingQueueGuiExecutor - Task finished: (dumb mode task) com.intellij.openapi.project.InitialDumbTaskRequiredForSmartMode@23242e6c
2026-08-21 00:25:28,380 [  16005]   INFO - #c.i.u.i.ManagedPersistentCache - created persistent map persistent-markup-teste-2473fa2c with size 1
2026-08-21 00:25:28,393 [  16018]   INFO - #c.i.u.i.ManagedPersistentCache - created persistent map persistent-folding-teste-2473fa2c with size 1
2026-08-21 00:25:28,396 [  16021]   INFO - #c.i.u.i.ManagedPersistentCache - created persistent map persistent-code-vision-teste-2473fa2c with size 0
2026-08-21 00:25:28,410 [  16035]   INFO - #c.i.u.i.ManagedPersistentCache - created persistent map persistent-declarative-hints-teste-2473fa2c with size 0
2026-08-21 00:25:28,414 [  16039]   INFO - #c.i.u.i.ManagedPersistentCache - created persistent map persistent-parameter-hints-teste-2473fa2c with size 0
2026-08-21 00:25:29,756 [  17381]   INFO - #c.j.r.f.FollowMeManager - Register new user (name: 'lucasalmeida', client id: Host)
2026-08-21 00:25:30,001 [  17626]   INFO - #c.i.o.a.i.ActionUpdater - 730 ms to grab EDT for ToolWindowHeader$2#children@ToolwindowTitle (com.intellij.toolWindow.ToolWindowHeader$2)
2026-08-21 00:25:30,478 [  18103]   INFO - #c.i.o.p.MergingQueueGuiExecutor - Running task: (dumb mode task) com.intellij.util.indexing.UnindexedFilesScanner$2@2a2c41b0
2026-08-21 00:25:30,496 [  18121]   INFO - #c.i.o.p.MergingQueueGuiExecutor - Task finished: (dumb mode task) com.intellij.util.indexing.UnindexedFilesScanner$2@2a2c41b0
2026-08-21 00:25:30,496 [  18121]   INFO - #c.i.o.p.MergingQueueGuiExecutor - Running task: UnindexedFilesScanner[teste]
2026-08-21 00:25:30,914 [  18539]   INFO - #c.i.u.i.UnindexedFilesScanner - Started scanning for indexing of teste. Reason: On project open
2026-08-21 00:25:30,933 [  18558]   INFO - #c.i.u.i.UnindexedFilesScanner - Performing delayed pushing properties tasks for teste took 8ms; general responsiveness: ok; EDT responsiveness: ok
2026-08-21 00:25:31,049 [  18674]   INFO - #c.i.u.i.d.AppIndexingDependenciesService - Invalidating all indexing flags. Reason: App fingerprint changed: FingerprintImpl(fingerprint=7302841056673889419) to FingerprintImpl(fingerprint=-5797748943386249962)
2026-08-21 00:25:31,121 [  18746]   INFO - #c.i.u.i.UnindexedFilesScanner - Scanning of teste uses 7 scanning threads
2026-08-21 00:25:32,334 [  19959]   INFO - #c.i.o.a.i.ActionUpdater - 2313 ms to grab EDT for DockToolWindowAction#presentation@ToolwindowTitle (com.intellij.openapi.wm.impl.DockToolWindowAction)
2026-08-21 00:25:32,381 [  20006]   WARN - #c.i.o.a.i.ActionUpdater - 3044 ms total to grab EDT 2 times to expand ToolWindowHeader$2@ToolwindowTitle (com.intellij.toolWindow.ToolWindowHeader$2). Use `ActionUpdateThread.BGT`.
2026-08-21 00:25:32,589 [  20214]   INFO - #c.i.o.p.DumbServiceImpl - exit dumb mode [teste]
2026-08-21 00:25:33,854 [  21479]   INFO - #c.i.w.i.i.j.s.JpsGlobalModelSynchronizerImpl - Loading global entities com.intellij.platform.workspace.jps.entities.SdkEntity from files
2026-08-21 00:25:33,975 [  21600]   INFO - #c.i.w.i.i.j.s.JpsGlobalModelSynchronizerImpl - Loading global entities com.intellij.platform.workspace.jps.entities.LibraryEntity from files
2026-08-21 00:25:34,751 [  22376]   WARN - #c.i.o.a.i.ActionUpdater - 1575 ms to call on BGT ExecutorRegistryImpl$ExecutorAction#presentation@NavBarToolbar (com.intellij.execution.ExecutorRegistryImpl$ExecutorAction(id=Debug))
2026-08-21 00:25:34,752 [  22377]   WARN - #c.i.o.a.i.ActionUpdater - 1586 ms to call on BGT ExecutorRegistryImpl$ExecutorAction#presentation@NavBarToolbar (com.intellij.execution.ExecutorRegistryImpl$ExecutorAction(id=Run))
2026-08-21 00:25:34,791 [  22416]   INFO - #c.i.w.i.i.EntitiesOrphanageImpl - Update orphanage. 0 modules added
2026-08-21 00:25:34,799 [  22424]   INFO - #c.i.w.i.i.WorkspaceModelImpl - Project model updated to version 3 in 17 ms: Sync global entities with project: teste
2026-08-21 00:25:34,800 [  22425]   INFO - #c.i.w.i.i.GlobalWorkspaceModel - Global model updated to version 2 in 43 ms: Sync global entities with state
2026-08-21 00:25:34,976 [  22601]   INFO - #c.i.o.u.i.UpdateCheckerService - channel: release
2026-08-21 00:25:35,947 [  23572]   INFO - #c.i.o.a.i.ActionUpdater - 708 ms to grab EDT for ToolWindowHeader$2#children@ToolwindowTitle (com.intellij.toolWindow.ToolWindowHeader$2)
2026-08-21 00:25:35,974 [  23599]   INFO - #c.i.o.a.i.ActionUpdater - 699 ms to grab EDT for EditorMarkupModelImpl$1#presentation@EditorInspectionsToolbar (com.intellij.openapi.editor.impl.EditorMarkupModelImpl$1)
2026-08-21 00:25:35,975 [  23600]   INFO - #c.i.o.a.i.ActionUpdater - 701 ms to grab EDT for EditorMarkupModelImpl$TrafficLightAction#presentation@EditorInspectionsToolbar (com.intellij.openapi.editor.impl.EditorMarkupModelImpl$TrafficLightAction)
2026-08-21 00:25:35,976 [  23601]   INFO - #c.i.o.a.i.ActionUpdater - 700 ms to grab EDT for FontEditorPreview$ToggleBoldFontAction#presentation@ContextToolbar (com.intellij.application.options.colors.FontEditorPreview$ToggleBoldFontAction)
2026-08-21 00:25:35,976 [  23601]   INFO - #c.i.o.a.i.ActionUpdater - 700 ms to grab EDT for FontEditorPreview$RestorePreviewTextAction#presentation@ContextToolbar (com.intellij.application.options.colors.FontEditorPreview$RestorePreviewTextAction)
2026-08-21 00:25:36,738 [  24363]   INFO - #c.i.c.CompilerWorkspaceConfiguration - Available processors: 8
2026-08-21 00:25:36,773 [  24398]   INFO - #c.i.o.e.s.p.m.ExternalProjectsDataStorage - Load external projects data in 13 millis (read time: 13)
2026-08-21 00:25:37,448 [  25073] SEVERE - #c.i.c.ComponentStoreImpl - Cannot init component state (componentName=GradleJvmSupportMatrix, componentClass=GradleJvmSupportMatrix) [Plugin: com.intellij.gradle]
com.intellij.diagnostic.PluginException: Cannot init component state (componentName=GradleJvmSupportMatrix, componentClass=GradleJvmSupportMatrix) [Plugin: com.intellij.gradle]
	at com.intellij.configurationStore.ComponentStoreImpl.initComponent(ComponentStoreImpl.kt:181)
	at com.intellij.configurationStore.ComponentStoreWithExtraComponents.initComponent(ComponentStoreWithExtraComponents.kt:44)
	at com.intellij.serviceContainer.ComponentManagerImpl.initializeService$intellij_platform_serviceContainer(ComponentManagerImpl.kt:659)
	at com.intellij.serviceContainer.ServiceInstanceInitializer.createInstance$suspendImpl(ServiceInstanceInitializer.kt:70)
	at com.intellij.serviceContainer.ServiceInstanceInitializer.createInstance(ServiceInstanceInitializer.kt)
	at com.intellij.platform.instanceContainer.internal.LazyInstanceHolder$initialize$1$1.invokeSuspend(LazyInstanceHolder.kt:162)
	at com.intellij.platform.instanceContainer.internal.LazyInstanceHolder$initialize$1$1.invoke(LazyInstanceHolder.kt)
	at com.intellij.platform.instanceContainer.internal.LazyInstanceHolder$initialize$1$1.invoke(LazyInstanceHolder.kt)
	at kotlinx.coroutines.intrinsics.UndispatchedKt.startUndispatchedOrReturn(Undispatched.kt:78)
	at kotlinx.coroutines.BuildersKt__Builders_commonKt.withContext(Builders.common.kt:167)
	at kotlinx.coroutines.BuildersKt.withContext(Unknown Source)
	at com.intellij.platform.instanceContainer.internal.LazyInstanceHolder$initialize$1.invokeSuspend(LazyInstanceHolder.kt:160)
	at com.intellij.platform.instanceContainer.internal.LazyInstanceHolder$initialize$1.invoke(LazyInstanceHolder.kt)
	at com.intellij.platform.instanceContainer.internal.LazyInstanceHolder$initialize$1.invoke(LazyInstanceHolder.kt)
	at kotlinx.coroutines.intrinsics.UndispatchedKt.startCoroutineUndispatched(Undispatched.kt:44)
	at kotlinx.coroutines.CoroutineStart.invoke(CoroutineStart.kt:112)
	at kotlinx.coroutines.AbstractCoroutine.start(AbstractCoroutine.kt:126)
	at kotlinx.coroutines.BuildersKt__Builders_commonKt.launch(Builders.common.kt:56)
	at kotlinx.coroutines.BuildersKt.launch(Unknown Source)
	at com.intellij.platform.instanceContainer.internal.LazyInstanceHolder.initialize(LazyInstanceHolder.kt:145)
	at com.intellij.platform.instanceContainer.internal.LazyInstanceHolder.access$initialize(LazyInstanceHolder.kt:13)
	at com.intellij.platform.instanceContainer.internal.LazyInstanceHolder.tryInitialize(LazyInstanceHolder.kt:135)
	at com.intellij.platform.instanceContainer.internal.LazyInstanceHolder.getInstance(LazyInstanceHolder.kt:95)
	at com.intellij.platform.instanceContainer.internal.LazyInstanceHolder.getInstanceInCallerContext$suspendImpl(LazyInstanceHolder.kt:87)
	at com.intellij.platform.instanceContainer.internal.LazyInstanceHolder.getInstanceInCallerContext(LazyInstanceHolder.kt)
	at com.intellij.serviceContainer.ComponentManagerImplKt$getOrCreateInstanceBlocking$3.invokeSuspend(ComponentManagerImpl.kt:1548)
	at kotlin.coroutines.jvm.internal.BaseContinuationImpl.resumeWith(ContinuationImpl.kt:33)
	at kotlinx.coroutines.DispatchedTask.run(DispatchedTask.kt:108)
	at kotlinx.coroutines.EventLoopImplBase.processNextEvent(EventLoop.common.kt:280)
	at kotlinx.coroutines.BlockingCoroutine.joinBlocking(Builders.kt:85)
	at kotlinx.coroutines.BuildersKt__BuildersKt.runBlocking(Builders.kt:59)
	at kotlinx.coroutines.BuildersKt.runBlocking(Unknown Source)
	at com.intellij.serviceContainer.ComponentManagerImplKt$runBlockingInitialization$1.invoke(ComponentManagerImpl.kt:1636)
	at com.intellij.serviceContainer.ComponentManagerImplKt$runBlockingInitialization$1.invoke(ComponentManagerImpl.kt:1627)
	at com.intellij.openapi.progress.ContextKt.prepareThreadContext(context.kt:80)
	at com.intellij.serviceContainer.ComponentManagerImplKt.runBlockingInitialization(ComponentManagerImpl.kt:1627)
	at com.intellij.serviceContainer.ComponentManagerImplKt.getOrCreateInstanceBlocking(ComponentManagerImpl.kt:1547)
	at com.intellij.serviceContainer.ComponentManagerImpl.doGetService(ComponentManagerImpl.kt:754)
	at com.intellij.serviceContainer.ComponentManagerImpl.getService(ComponentManagerImpl.kt:698)
	at org.jetbrains.plugins.gradle.jvmcompat.GradleJvmSupportMatrix$Companion.getInstance(GradleJvmSupportMatrix.kt:224)
	at org.jetbrains.plugins.gradle.jvmcompat.GradleCompatibilitySupportUpdater.<init>(GradleCompatibilitySupportUpdater.kt:14)
	at com.intellij.platform.instanceContainer.instantiation.InstantiateKt$instantiate$2.invoke(instantiate.kt:45)
	at com.intellij.platform.instanceContainer.instantiation.InstantiateKt$instantiate$2.invoke(instantiate.kt:42)
	at com.intellij.platform.instanceContainer.instantiation.InstantiateKt.instantiate(instantiate.kt:308)
	at com.intellij.platform.instanceContainer.instantiation.InstantiateKt.instantiate(instantiate.kt:42)
	at com.intellij.serviceContainer.ServiceInstanceInitializer.createInstance$suspendImpl(ServiceInstanceInitializer.kt:31)
	at com.intellij.serviceContainer.ServiceInstanceInitializer.createInstance(ServiceInstanceInitializer.kt)
	at com.intellij.platform.instanceContainer.internal.LazyInstanceHolder$initialize$1$1.invokeSuspend(LazyInstanceHolder.kt:162)
	at com.intellij.platform.instanceContainer.internal.LazyInstanceHolder$initialize$1$1.invoke(LazyInstanceHolder.kt)
	at com.intellij.platform.instanceContainer.internal.LazyInstanceHolder$initialize$1$1.invoke(LazyInstanceHolder.kt)
	at kotlinx.coroutines.intrinsics.UndispatchedKt.startUndispatchedOrReturn(Undispatched.kt:78)
	at kotlinx.coroutines.BuildersKt__Builders_commonKt.withContext(Builders.common.kt:167)
	at kotlinx.coroutines.BuildersKt.withContext(Unknown Source)
	at com.intellij.platform.instanceContainer.internal.LazyInstanceHolder$initialize$1.invokeSuspend(LazyInstanceHolder.kt:160)
	at com.intellij.platform.instanceContainer.internal.LazyInstanceHolder$initialize$1.invoke(LazyInstanceHolder.kt)
	at com.intellij.platform.instanceContainer.internal.LazyInstanceHolder$initialize$1.invoke(LazyInstanceHolder.kt)
	at kotlinx.coroutines.intrinsics.UndispatchedKt.startCoroutineUndispatched(Undispatched.kt:44)
	at kotlinx.coroutines.CoroutineStart.invoke(CoroutineStart.kt:112)
	at kotlinx.coroutines.AbstractCoroutine.start(AbstractCoroutine.kt:126)
	at kotlinx.coroutines.BuildersKt__Builders_commonKt.launch(Builders.common.kt:56)
	at kotlinx.coroutines.BuildersKt.launch(Unknown Source)
	at com.intellij.platform.instanceContainer.internal.LazyInstanceHolder.initialize(LazyInstanceHolder.kt:145)
	at com.intellij.platform.instanceContainer.internal.LazyInstanceHolder.access$initialize(LazyInstanceHolder.kt:13)
	at com.intellij.platform.instanceContainer.internal.LazyInstanceHolder.tryInitialize(LazyInstanceHolder.kt:135)
	at com.intellij.platform.instanceContainer.internal.LazyInstanceHolder.getInstance(LazyInstanceHolder.kt:95)
	at com.intellij.platform.instanceContainer.internal.LazyInstanceHolder.getInstance$suspendImpl(LazyInstanceHolder.kt:83)
	at com.intellij.platform.instanceContainer.internal.LazyInstanceHolder.getInstance(LazyInstanceHolder.kt)
	at com.intellij.platform.instanceContainer.internal.InstanceContainerImpl.instance(InstanceContainerImpl.kt:68)
	at com.intellij.serviceContainer.ComponentManagerImpl.getServiceAsync(ComponentManagerImpl.kt:702)
	at org.jetbrains.plugins.gradle.service.project.GradleVersionUpdateStartupActivity.execute(GradleVersionUpdateStartupActivity.kt:26)
	at com.intellij.ide.startup.impl.StartupManagerImplKt$launchActivity$1.invokeSuspend(StartupManagerImpl.kt:473)
	at kotlin.coroutines.jvm.internal.BaseContinuationImpl.resumeWith(ContinuationImpl.kt:33)
	at kotlinx.coroutines.DispatchedTask.run(DispatchedTask.kt:108)
	at kotlinx.coroutines.scheduling.CoroutineScheduler.runSafely(CoroutineScheduler.kt:584)
	at kotlinx.coroutines.scheduling.CoroutineScheduler$Worker.executeTask(CoroutineScheduler.kt:793)
	at kotlinx.coroutines.scheduling.CoroutineScheduler$Worker.runWorker(CoroutineScheduler.kt:697)
	at kotlinx.coroutines.scheduling.CoroutineScheduler$Worker.run(CoroutineScheduler.kt:684)
Caused by: java.lang.IllegalArgumentException: 25
	at com.intellij.util.lang.JavaVersion.parse(JavaVersion.java:307)
	at org.jetbrains.plugins.gradle.jvmcompat.GradleJvmSupportMatrix$getCompatibilityRanges$1$javaRange$1.invoke(GradleJvmSupportMatrix.kt:44)
	at org.jetbrains.plugins.gradle.jvmcompat.GradleJvmSupportMatrix$getCompatibilityRanges$1$javaRange$1.invoke(GradleJvmSupportMatrix.kt:44)
	at org.jetbrains.plugins.gradle.jvmcompat.IdeVersionedDataParser$Companion.parseVersion(IdeVersionedDataParser.kt:21)
	at org.jetbrains.plugins.gradle.jvmcompat.IdeVersionedDataParser$Companion.parseRange(IdeVersionedDataParser.kt:31)
	at org.jetbrains.plugins.gradle.jvmcompat.GradleJvmSupportMatrix.getCompatibilityRanges(GradleJvmSupportMatrix.kt:44)
	at org.jetbrains.plugins.gradle.jvmcompat.GradleJvmSupportMatrix.applyState(GradleJvmSupportMatrix.kt:28)
	at org.jetbrains.plugins.gradle.jvmcompat.GradleJvmSupportMatrix.onStateChanged(GradleJvmSupportMatrix.kt:50)
	at org.jetbrains.plugins.gradle.jvmcompat.GradleJvmSupportMatrix.onStateChanged(GradleJvmSupportMatrix.kt:13)
	at org.jetbrains.plugins.gradle.jvmcompat.IdeVersionedDataStorage.loadState(IdeVersionedDataStorage.kt:38)
	at org.jetbrains.plugins.gradle.jvmcompat.IdeVersionedDataStorage.loadState(IdeVersionedDataStorage.kt:7)
	at com.intellij.configurationStore.ComponentStoreImpl.doInitComponent(ComponentStoreImpl.kt:587)
	at com.intellij.configurationStore.ComponentStoreImpl.initComponent(ComponentStoreImpl.kt:487)
	at com.intellij.configurationStore.ComponentStoreImpl.initComponent(ComponentStoreImpl.kt:156)
	... 76 more
2026-08-21 00:25:37,464 [  25089]   INFO - #c.i.o.a.i.ActionUpdater - 809 ms to grab EDT for ToolWindowHeader$2#children@ToolwindowTitle (com.intellij.toolWindow.ToolWindowHeader$2)
2026-08-21 00:25:37,467 [  25092] SEVERE - #c.i.c.ComponentStoreImpl - IntelliJ IDEA 2024.1  Build #IC-241.14494.240
2026-08-21 00:25:37,473 [  25098] SEVERE - #c.i.c.ComponentStoreImpl - JDK: 17.0.10; VM: OpenJDK 64-Bit Server VM; Vendor: JetBrains s.r.o.
2026-08-21 00:25:37,473 [  25098] SEVERE - #c.i.c.ComponentStoreImpl - OS: Linux
2026-08-21 00:25:37,474 [  25099] SEVERE - #c.i.c.ComponentStoreImpl - Last Action: 
2026-08-21 00:25:37,516 [  25141]   INFO - #c.i.o.p.SmartModeScheduler - Post-startup activity executed. Current mode: 5
2026-08-21 00:25:37,578 [  25203]   INFO - #c.i.i.s.IdeStartupScripts - 0 startup script(s) found
2026-08-21 00:25:37,584 [  25209]   INFO - #c.i.d.PerformanceWatcherImpl - Post-startup activities under progress took 1472ms; general responsiveness: 1/1 sluggish; EDT responsiveness: ok
2026-08-21 00:25:38,549 [  26174]   INFO - #c.i.o.a.i.ActionUpdater - 1066 ms to grab EDT for DockToolWindowAction#presentation@ToolwindowTitle (com.intellij.openapi.wm.impl.DockToolWindowAction)
2026-08-21 00:25:38,550 [  26175]   INFO - #c.i.o.a.i.ActionUpdater - 1034 ms to grab EDT for ExpandAllAction#presentation@ToolwindowTitle (com.intellij.ide.actions.ExpandAllAction)
2026-08-21 00:25:38,561 [  26186]   INFO - #c.i.o.a.i.ActionUpdater - 1041 ms to grab EDT for CollapseAllAction#presentation@ToolwindowTitle (com.intellij.ide.actions.CollapseAllAction)
2026-08-21 00:25:38,779 [  26404]   WARN - #c.i.o.a.i.ActionUpdater - 3952 ms total to grab EDT 4 times to expand ToolWindowHeader$2@ToolwindowTitle (com.intellij.toolWindow.ToolWindowHeader$2). Use `ActionUpdateThread.BGT`.
2026-08-21 00:25:42,788 [  30413]   INFO - #o.j.j.b.i.CompilerReferenceIndex - backward reference index version doesn't exist
2026-08-21 00:25:42,812 [  30437]   INFO - #c.i.c.b.IsUpToDateCheckStartupActivity - suitable consumer is not found
2026-08-21 00:25:42,875 [  30500]   INFO - #c.i.w.i.i.GlobalWorkspaceModel - Sync global entities with mutable entity storage
2026-08-21 00:25:42,889 [  30514]   INFO - #c.i.w.i.i.j.s.JpsProjectModelSynchronizer - Attempt 1: Apply JPS storage (iml files)
2026-08-21 00:25:42,917 [  30542]   INFO - #c.i.w.i.i.EntitiesOrphanageImpl - Update orphanage. 0 modules added
2026-08-21 00:25:42,931 [  30556]   INFO - #c.i.w.i.i.j.s.JpsProjectModelSynchronizer - Attempt 1: Changes were successfully applied
2026-08-21 00:25:42,939 [  30564]   INFO - #c.i.w.i.i.j.s.DelayedProjectSynchronizer$Util - Workspace model loaded from cache. Syncing real project state into workspace model in 332 ms. Thread[DefaultDispatcher-worker-26 @run activity#4598,5,main]
2026-08-21 00:25:44,392 [  32017]   INFO - #c.i.u.i.UnindexedFilesScanner - Scanning completed for teste. Number of scanned files: 42583; number of files for indexing: 0 took 13452ms; general responsiveness: 2/25 sluggish, 19/25 very slow; EDT responsiveness: 1/8 sluggish, 1/8 very slow
2026-08-21 00:25:44,396 [  32021]   INFO - #c.i.o.p.InitialVfsRefreshService - 2473fa2c: marking roots for initial VFS refresh
2026-08-21 00:25:44,396 [  32021]   INFO - #c.i.u.i.PerProjectIndexingQueue - Finished for teste. No files to index with loading content.
2026-08-21 00:25:44,404 [  32029]   INFO - #c.i.o.p.InitialVfsRefreshService - 2473fa2c: starting initial VFS refresh of 4 roots
2026-08-21 00:25:44,421 [  32046]   INFO - #c.i.o.p.MergingQueueGuiExecutor - Task finished: UnindexedFilesScanner[teste]
2026-08-21 00:25:44,466 [  32091]   INFO - #c.i.o.p.InitialVfsRefreshService - 2473fa2c: initial VFS refresh finished in 58 ms
2026-08-21 00:26:12,834 [  60459]   INFO - #c.j.r.p.c.CodeWithMeCleanup - running activity to cleanup old thin clients... Root path is '/home/lucasalmeida/.cache/JetBrains'. JvmStartTimeMs=1787282711036
2026-08-21 00:26:12,838 [  60463]   INFO - #c.j.r.p.c.CodeWithMeCleanup - found 0 Code With Me client system folders to check
2026-08-21 00:26:12,839 [  60464]   INFO - #c.j.r.p.c.CodeWithMeCleanup - found 0 Code With Me client config folders to check
2026-08-21 00:26:12,842 [  60467]   INFO - #c.j.r.p.c.CodeWithMeCleanup - keep only [] major versions
2026-08-21 00:26:12,843 [  60468]   INFO - #c.j.r.p.c.CodeWithMeCleanup - Starting the logs folder cleanup. Path: /home/lucasalmeida/Developer/DockerRunner/.intellijPlatform/sandbox/DockerRunner/IC-2024.1/log
2026-08-21 00:26:12,847 [  60472]   INFO - #c.i.r.OsRegistryConfigProvider - Looking for 'versionManagementEnabled' value in [/etc/xdg/JetBrains/JetBrainsClient/versionManagementEnabled, /etc/xdg/JetBrains/JetBrainsClient/config.json, /home/lucasalmeida/.config/JetBrains/JetBrainsClient/versionManagementEnabled, /home/lucasalmeida/.config/JetBrains/JetBrainsClient/config.json, /home/lucasalmeida/.config/kdedefaults/JetBrains/JetBrainsClient/versionManagementEnabled, /home/lucasalmeida/.config/kdedefaults/JetBrains/JetBrainsClient/config.json, /etc/xdg/JetBrains/JetBrainsClient/versionManagementEnabled, /etc/xdg/JetBrains/JetBrainsClient/config.json, /usr/share/kde-settings/kde-profile/default/xdg/JetBrains/JetBrainsClient/versionManagementEnabled, /usr/share/kde-settings/kde-profile/default/xdg/JetBrains/JetBrainsClient/config.json]
2026-08-21 00:26:12,850 [  60475]   INFO - #c.i.r.OsRegistryConfigProvider - OS provided value for 'versionManagementEnabled' is not found
2026-08-21 00:26:16,372 [  63997]   WARN - #c.i.u.x.Binding - No accessors for com.intellij.platform.feedback.impl.state.DontShowAgainFeedbackState. This means that state class cannot be serialized properly. Please see https://jb.gg/ij-psoc
2026-08-21 00:26:16,372 [  63997]   WARN - #c.i.u.x.Binding - No accessors for com.intellij.platform.feedback.impl.state.CommonFeedbackSurveysState. This means that state class cannot be serialized properly. Please see https://jb.gg/ij-psoc
2026-08-21 00:26:30,914 [  78539]   INFO - #c.i.u.g.s.GistStorageImpl - Cleaning old huge-gists dirs from [/home/lucasalmeida/Developer/DockerRunner/.intellijPlatform/sandbox/DockerRunner/IC-2024.1/system/caches/huge-gists] ...
2026-08-21 00:26:30,920 [  78545]   INFO - #c.i.u.g.s.GistStorageImpl - Cleaning old huge-gists dirs finished
2026-08-21 00:27:26,724 [ 134349]   INFO - #c.i.w.i.i.j.s.JpsGlobalModelSynchronizerImpl - Saving global entities com.intellij.platform.workspace.jps.entities.SdkEntity to files
2026-08-21 00:27:26,763 [ 134388]   INFO - #c.i.w.i.i.j.s.JpsGlobalModelSynchronizerImpl - Saving global entities com.intellij.platform.workspace.jps.entities.LibraryEntity to files
2026-08-21 00:27:28,962 [ 136587]   INFO - #c.i.c.ComponentStoreImpl - Saving appFileTypeManager took 25 ms, GithubAccounts took 11 ms
2026-08-21 00:27:29,952 [ 137577]   WARN - #c.i.u.x.Binding - No accessors for org.jetbrains.kotlin.cli.common.arguments.InternalArgument. This means that state class cannot be serialized properly. Please see https://jb.gg/ij-psoc
2026-08-21 00:27:30,051 [ 137676]   INFO - #c.i.c.ComponentStoreImpl - Saving Project(name=teste, containerState=COMPONENT_CREATED, componentStore=/home/lucasalmeida/IdeaProjects/teste)DynamicElementsStorage took 41 ms, RunManager took 57 ms
2026-08-21 00:27:30,053 [ 137678]   INFO - #c.i.o.c.i.s.StoreUtil - saveProjectsAndApp took 3352 ms
2026-08-21 00:27:30,055 [ 137680]   INFO - #c.i.w.i.i.j.s.JpsGlobalModelSynchronizerImpl - Saving global entities com.intellij.platform.workspace.jps.entities.SdkEntity to files
2026-08-21 00:27:30,059 [ 137684]   INFO - #c.i.w.i.i.j.s.JpsGlobalModelSynchronizerImpl - Saving global entities com.intellij.platform.workspace.jps.entities.LibraryEntity to files
2026-08-21 00:27:30,112 [ 137737]   INFO - #c.i.c.ComponentStoreImpl - Saving appFileTypeManager took 14 ms
2026-08-21 00:27:30,184 [ 137809]   INFO - #c.i.c.ComponentStoreImpl - Saving Project(name=teste, containerState=COMPONENT_CREATED, componentStore=/home/lucasalmeida/IdeaProjects/teste)RunManager took 11 ms
2026-08-21 00:27:42,488 [ 150113]   INFO - #c.i.w.i.i.j.s.JpsGlobalModelSynchronizerImpl - Saving global entities com.intellij.platform.workspace.jps.entities.SdkEntity to files
2026-08-21 00:27:42,490 [ 150115]   INFO - #c.i.w.i.i.j.s.JpsGlobalModelSynchronizerImpl - Saving global entities com.intellij.platform.workspace.jps.entities.LibraryEntity to files
2026-08-21 00:28:08,372 [ 175997]   INFO - #c.i.w.i.i.j.s.JpsGlobalModelSynchronizerImpl - Saving global entities com.intellij.platform.workspace.jps.entities.SdkEntity to files
2026-08-21 00:28:08,377 [ 176002]   INFO - #c.i.w.i.i.j.s.JpsGlobalModelSynchronizerImpl - Saving global entities com.intellij.platform.workspace.jps.entities.LibraryEntity to files
2026-08-21 00:28:08,478 [ 176103]   INFO - #c.i.c.ComponentStoreImpl - Saving Project(name=teste, containerState=COMPONENT_CREATED, componentStore=/home/lucasalmeida/IdeaProjects/teste)KotlinCommonCompilerArguments took 43 ms
2026-08-21 00:28:27,250 [ 194875]   INFO - #c.i.w.i.i.j.s.JpsGlobalModelSynchronizerImpl - Saving global entities com.intellij.platform.workspace.jps.entities.SdkEntity to files
2026-08-21 00:28:27,251 [ 194876]   INFO - #c.i.w.i.i.j.s.JpsGlobalModelSynchronizerImpl - Saving global entities com.intellij.platform.workspace.jps.entities.LibraryEntity to files
2026-08-21 00:28:29,763 [ 197388]   INFO - #c.i.w.i.i.j.s.JpsGlobalModelSynchronizerImpl - Saving global entities com.intellij.platform.workspace.jps.entities.SdkEntity to files
2026-08-21 00:28:29,764 [ 197389]   INFO - #c.i.w.i.i.j.s.JpsGlobalModelSynchronizerImpl - Saving global entities com.intellij.platform.workspace.jps.entities.LibraryEntity to files
2026-08-21 00:28:44,114 [ 211739]   WARN - #c.i.o.a.i.ActionUpdater - 1586 ms to call on BGT RevealFileAction#presentation@EditorPopup (com.intellij.ide.actions.RevealFileAction)
2026-08-21 00:28:44,667 [ 212292]   WARN - #c.i.o.a.i.Utils - 3633 ms to fillMenu@EditorPopup
2026-08-21 00:28:50,559 [ 218184]   INFO - #c.i.w.i.i.j.s.JpsGlobalModelSynchronizerImpl - Saving global entities com.intellij.platform.workspace.jps.entities.SdkEntity to files
2026-08-21 00:28:50,584 [ 218209]   INFO - #c.i.w.i.i.j.s.JpsGlobalModelSynchronizerImpl - Saving global entities com.intellij.platform.workspace.jps.entities.LibraryEntity to files
2026-08-21 00:28:51,084 [ 218709]   INFO - #c.i.c.ComponentStoreImpl - Saving appCodeFoldingSettings took 12 ms, CodeInsightSettings took 71 ms, DebuggerSettings took 24 ms, EditorRichCopySettings took 35 ms, EmmetOptions took 146 ms, FileTypeManager took 133 ms, TodoConfiguration took 14 ms
2026-08-21 00:29:17,130 [ 244755]   INFO - #c.i.w.i.i.j.s.JpsGlobalModelSynchronizerImpl - Saving global entities com.intellij.platform.workspace.jps.entities.SdkEntity to files
2026-08-21 00:29:17,158 [ 244783]   INFO - #c.i.w.i.i.j.s.JpsGlobalModelSynchronizerImpl - Saving global entities com.intellij.platform.workspace.jps.entities.LibraryEntity to files
2026-08-21 00:29:18,634 [ 246259]   INFO - #c.i.c.ComponentStoreImpl - Saving appAbbreviationManager took 30 ms, CodeVisionSettings took 16 ms, DaemonCodeAnalyzerSettings took 125 ms, DebuggerSettings took 160 ms, DontShowAgainFeedbackService took 19 ms, EditorColorsManagerImpl took 31 ms, EditorSettings took 355 ms, InlayHintsSettings took 551 ms, JavaCodeFoldingSettings took 23 ms, Vcs.Log.App.Settings took 65 ms
2026-08-21 00:29:21,923 [ 249548]   INFO - #c.i.c.ComponentStoreImpl - Saving Project(name=teste, containerState=COMPONENT_CREATED, componentStore=/home/lucasalmeida/IdeaProjects/teste)Kotlin2JvmCompilerArguments took 1460 ms, KotlinCompilerSettings took 1355 ms, RemoteRepositoriesConfiguration took 114 ms, RunManager took 50 ms
2026-08-21 00:29:21,947 [ 249572]   INFO - #c.i.o.c.i.s.StoreUtil - saveProjectsAndApp took 4817 ms
2026-08-21 00:29:22,122 [ 249747] SEVERE - #c.i.d.PerformanceWatcherImpl - UI was frozen for 10950ms, details saved to /home/lucasalmeida/Developer/DockerRunner/.intellijPlatform/sandbox/DockerRunner/IC-2024.1/log/threadDumps-freeze-20260821-002914-IC-241.14494.240-10sec
java.lang.Throwable: UI was frozen for 10950ms, details saved to /home/lucasalmeida/Developer/DockerRunner/.intellijPlatform/sandbox/DockerRunner/IC-2024.1/log/threadDumps-freeze-20260821-002914-IC-241.14494.240-10sec
	at com.intellij.openapi.diagnostic.Logger.error(Logger.java:376)
	at com.intellij.diagnostic.PerformanceWatcherImplKt.postProcessReportFolder(PerformanceWatcherImpl.kt:450)
	at com.intellij.diagnostic.PerformanceWatcherImplKt.access$postProcessReportFolder(PerformanceWatcherImpl.kt:1)
	at com.intellij.diagnostic.PerformanceWatcherImpl$FreezeCheckerTask$stopFreezeReporting$1.invokeSuspend(PerformanceWatcherImpl.kt:375)
	at kotlin.coroutines.jvm.internal.BaseContinuationImpl.resumeWith(ContinuationImpl.kt:33)
	at kotlinx.coroutines.DispatchedTask.run(DispatchedTask.kt:108)
	at kotlinx.coroutines.scheduling.CoroutineScheduler.runSafely(CoroutineScheduler.kt:584)
	at kotlinx.coroutines.scheduling.CoroutineScheduler$Worker.executeTask(CoroutineScheduler.kt:793)
	at kotlinx.coroutines.scheduling.CoroutineScheduler$Worker.runWorker(CoroutineScheduler.kt:697)
	at kotlinx.coroutines.scheduling.CoroutineScheduler$Worker.run(CoroutineScheduler.kt:684)
2026-08-21 00:29:23,382 [ 251007] SEVERE - #c.i.d.PerformanceWatcherImpl - IntelliJ IDEA 2024.1  Build #IC-241.14494.240
2026-08-21 00:29:23,521 [ 251146]   WARN - #c.i.o.a.i.ActionUpdater - 1257 ms to call on BGT VcsPushAction#presentation@NavBarToolbar (com.intellij.dvcs.push.VcsPushAction)
2026-08-21 00:29:23,572 [ 251197]   WARN - #c.i.o.a.i.ActionUpdater - 1315 ms to call on BGT ToggleChangesViewCommitUiAction#presentation@NavBarToolbar (com.intellij.openapi.vcs.actions.commit.ToggleChangesViewCommitUiAction)
2026-08-21 00:29:23,653 [ 251278] SEVERE - #c.i.d.PerformanceWatcherImpl - JDK: 17.0.10; VM: OpenJDK 64-Bit Server VM; Vendor: JetBrains s.r.o.
2026-08-21 00:29:23,706 [ 251331] SEVERE - #c.i.d.PerformanceWatcherImpl - OS: Linux
2026-08-21 00:29:23,707 [ 251332] SEVERE - #c.i.d.PerformanceWatcherImpl - Last Action: 
2026-08-21 00:30:45,768 [ 333393]   INFO - #git4idea.commands.GitHandler - [.] git version
2026-08-21 00:30:46,297 [ 333922]   INFO - #git4idea.commands.GitHandler - git version 2.55.0
2026-08-21 00:30:46,356 [ 333981]   INFO - #git4idea.config.GitExecutableManager - Git version for /usr/bin/git: 2.55.0.0 (UNIX)
2026-08-21 00:32:19,778 [ 427403]   INFO - #c.i.w.i.i.j.s.JpsGlobalModelSynchronizerImpl - Saving global entities com.intellij.platform.workspace.jps.entities.SdkEntity to files
2026-08-21 00:32:19,788 [ 427413]   INFO - #c.i.w.i.i.j.s.JpsGlobalModelSynchronizerImpl - Saving global entities com.intellij.platform.workspace.jps.entities.LibraryEntity to files
2026-08-21 00:32:20,086 [ 427711]   INFO - #c.i.c.ComponentStoreImpl - Saving appExtensionsRootType took 51 ms, HttpConfigurable took 19 ms, RecentProjectsManager took 34 ms, ToolbarSettingsService took 13 ms
2026-08-21 00:32:20,707 [ 428332]   INFO - #c.i.c.ComponentStoreImpl - Saving Project(name=teste, containerState=COMPONENT_CREATED, componentStore=/home/lucasalmeida/IdeaProjects/teste)ChangeListManager took 50 ms, DockManager took 17 ms, ExternalProjectsData took 14 ms, FileEditorManager took 11 ms, GradleLocalSettings took 21 ms, GroovyConsoleState took 22 ms, PerforceDirect.Settings took 18 ms, ProjectView took 12 ms, ServiceViewManager took 12 ms, SmartUpdateOptions took 52 ms, ToolWindowManager took 11 ms, Vcs.Log.Tabs.Properties took 98 ms, VcsManagerConfiguration took 11 ms, XDebuggerManager took 72 ms, editorHistoryManager took 24 ms
2026-08-21 00:32:21,498 [ 429123]   INFO - #c.i.o.c.i.s.StoreUtil - saveProjectsAndApp took 1720 ms
2026-08-21 00:32:29,826 [ 437451]   INFO - #c.i.w.i.i.j.s.JpsGlobalModelSynchronizerImpl - Saving global entities com.intellij.platform.workspace.jps.entities.SdkEntity to files
2026-08-21 00:32:29,852 [ 437477]   INFO - #c.i.w.i.i.j.s.JpsGlobalModelSynchronizerImpl - Saving global entities com.intellij.platform.workspace.jps.entities.LibraryEntity to files
2026-08-21 00:32:30,081 [ 437706]   INFO - #c.i.a.o.PathMacrosImpl - Saved path macros: {MAVEN_REPOSITORY=/home/lucasalmeida/.m2/repository}
2026-08-21 00:32:30,117 [ 437742]   INFO - #c.i.c.ComponentStoreImpl - Saving appBuiltInServerOptions took 111 ms, FeatureUsageStatistics took 12 ms, GraziConfig took 38 ms, HttpConfigurable took 15 ms, LanguageInjectionConfiguration took 14 ms
2026-08-21 00:32:30,499 [ 438124]   INFO - #c.i.c.ComponentStoreImpl - Saving Project(name=teste, containerState=COMPONENT_CREATED, componentStore=/home/lucasalmeida/IdeaProjects/teste)DockManager took 13 ms, FileEditorManager took 87 ms, MavenProjectNavigator took 17 ms, SvnFileUrlMappingImpl took 16 ms
2026-08-21 00:32:41,304 [ 448929]   INFO - #c.i.w.i.i.j.s.JpsGlobalModelSynchronizerImpl - Saving global entities com.intellij.platform.workspace.jps.entities.SdkEntity to files
2026-08-21 00:32:41,306 [ 448931]   INFO - #c.i.w.i.i.j.s.JpsGlobalModelSynchronizerImpl - Saving global entities com.intellij.platform.workspace.jps.entities.LibraryEntity to files
2026-08-21 00:32:41,350 [ 448975]   INFO - #c.i.a.o.PathMacrosImpl - Saved path macros: {MAVEN_REPOSITORY=/home/lucasalmeida/.m2/repository}
2026-08-21 00:32:42,192 [ 449817]   INFO - #c.j.r.f.FollowMeManager - Unregister user (name: 'lucasalmeida', clientId: Host)
2026-08-21 00:32:42,200 [ 449825]   INFO - #c.i.o.v.i.l.NativeFileWatcherImpl - Watcher terminated with exit code 0
2026-08-21 00:32:42,215 [ 449840]   INFO - #c.i.o.w.i.WindowManagerImpl - === Release(true) frame on closed project ===
2026-08-21 00:32:42,316 [ 449941]   INFO - #o.j.k.i.s.r.KotlinCompilerReferenceIndexStorage - KCRI storage is closed (didn't exist)
2026-08-21 00:32:42,325 [ 449950]   INFO - #c.i.c.b.CompilerReferenceServiceBase - backward reference index reader is closed (didn't exist)
2026-08-21 00:32:42,403 [ 450028]   INFO - #c.i.u.s.SvgCacheManager - SVG icon cache is closed
2026-08-21 00:32:42,451 [ 450076]   INFO - #o.j.i.BuiltInServer - web server stopped
2026-08-21 00:32:42,476 [ 450101]   INFO - #c.i.u.i.FileBasedIndexImpl - Index dispose started
2026-08-21 00:32:42,544 [ 450169]   INFO - #c.i.p.s.StubIndexImpl - StubIndexExtension-s were unloaded
2026-08-21 00:32:42,545 [ 450170]   INFO - #c.i.p.s.SerializationManagerImpl - Start shutting down /home/lucasalmeida/Developer/DockerRunner/.intellijPlatform/sandbox/DockerRunner/IC-2024.1/system/index/rep.names
2026-08-21 00:32:42,546 [ 450171]   INFO - #c.i.p.s.SerializationManagerImpl - Finished shutting down /home/lucasalmeida/Developer/DockerRunner/.intellijPlatform/sandbox/DockerRunner/IC-2024.1/system/index/rep.names
2026-08-21 00:32:42,549 [ 450174]   INFO - #c.i.u.i.FileBasedIndexImpl - Index dispose completed in 72ms.
2026-08-21 00:32:42,568 [ 450193]   INFO - #c.i.o.v.n.p.PersistentFSImpl - VFS dispose started
2026-08-21 00:32:42,576 [ 450201]   INFO - #c.i.o.v.n.p.FSRecordsImpl - VFS closing
2026-08-21 00:32:42,592 [ 450217]   INFO - #c.i.o.v.n.p.PersistentFSImpl - VFS dispose completed in 23 ms.
2026-08-21 00:32:42,592 [ 450217]   INFO - #c.i.o.f.i.FileTypeDetectionService - 6 auto-detected files. Detection took 1625 ms
2026-08-21 00:32:42,616 [ 450241]   INFO - #c.i.p.i.b.AppStarter - ------------------------------------------------------ IDE SHUTDOWN ------------------------------------------------------
2026-08-21 00:33:14,859 [     19]   INFO - #c.i.p.i.b.AppStarter - ------------------------------------------------------ IDE STARTED ------------------------------------------------------
2026-08-21 00:33:14,970 [    130]   INFO - #c.i.u.i.PageCacheUtils - File page caching params:
2026-08-21 00:33:14,971 [    131]   INFO - #c.i.u.i.PageCacheUtils - 	DEFAULT_PAGE_SIZE: 10485760
2026-08-21 00:33:14,972 [    132]   INFO - #c.i.u.i.PageCacheUtils - 	Direct memory to use, max: 2126512128
2026-08-21 00:33:14,977 [    137]   INFO - #c.i.u.i.PageCacheUtils - 	FilePageCache: regular + lock-free (LOCK_FREE_PAGE_CACHE_ENABLED:true)
2026-08-21 00:33:14,988 [    148]   INFO - #c.i.p.i.b.AppStarter - JNA library (64-bit) loaded in 51 ms
2026-08-21 00:33:14,998 [    158]   INFO - #c.i.u.i.PageCacheUtils - 	NEW_PAGE_CACHE_MEMORY_FRACTION: 0.20000000298023224
2026-08-21 00:33:15,006 [    166]   INFO - #c.i.u.i.PageCacheUtils - 	Regular FilePageCache: 503316478 bytes
2026-08-21 00:33:15,010 [    170]   INFO - #c.i.p.i.b.AppStarter - IDE: IntelliJ IDEA (build #IC-241.14494.240, Thu, 28 Mar 2024 05:12:00 GMT)
2026-08-21 00:33:15,016 [    176]   INFO - #c.i.p.i.b.AppStarter - OS: Linux (7.1.8-200.fc44.x86_64)
2026-08-21 00:33:15,017 [    177]   INFO - #c.i.p.i.b.AppStarter - JRE: 17.0.10+8-b1207.12, amd64 (JetBrains s.r.o.)
2026-08-21 00:33:15,018 [    178]   INFO - #c.i.u.i.PageCacheUtils - 	New     FilePageCache: 125829122 bytes (+ up to 10.0% overflow)
2026-08-21 00:33:15,019 [    179]   INFO - #c.i.u.i.PageCacheUtils - 	DirectByteBuffers pool: 104857600 bytes
2026-08-21 00:33:15,024 [    184]   INFO - #c.i.p.i.b.AppStarter - JVM: 17.0.10+8-b1207.12 (OpenJDK 64-Bit Server VM)
2026-08-21 00:33:15,052 [    212]   INFO - #c.i.p.i.b.AppStarter - PID: 84537
2026-08-21 00:33:15,062 [    222]   INFO - #c.i.p.i.b.AppStarter - desktop: KDE
2026-08-21 00:33:15,084 [    244]   INFO - #c.i.i.p.PluginManager - Plugin PluginDescriptor(name=Groovy, id=org.intellij.groovy, descriptorPath=plugin.xml, path=~/.gradle/caches/9.6.0/transforms/bea1b87427568a068e547fc0eae09392/transformed/ideaIC-2024.1/plugins/Groovy, version=241.14494.240, package=org.jetbrains.plugins.groovy, isBundled=true) misses optional descriptor duplicates-groovy.xml
2026-08-21 00:33:15,085 [    245]   INFO - #c.i.i.p.PluginManager - Plugin PluginDescriptor(name=Groovy, id=org.intellij.groovy, descriptorPath=plugin.xml, path=~/.gradle/caches/9.6.0/transforms/bea1b87427568a068e547fc0eae09392/transformed/ideaIC-2024.1/plugins/Groovy, version=241.14494.240, package=org.jetbrains.plugins.groovy, isBundled=true) misses optional descriptor duplicates-detection-groovy.xml
2026-08-21 00:33:15,155 [    315]   INFO - #c.i.i.p.PluginManager - Using cached broken plugins file
2026-08-21 00:33:15,174 [    334]   INFO - #c.i.p.i.b.AppStarter - toolkit: sun.awt.X11.XToolkit
2026-08-21 00:33:15,239 [    399]   INFO - #c.i.p.i.b.AppStarter - JVM options: [-Daether.connector.resumeDownloads=false, -Dawt.lock.fair=true, -Dide.native.launcher=false, -Dide.no.platform.update=false, -Dide.show.tips.on.startup.default.value=false, -Didea.auto.reload.plugins=true, -Didea.classpath.index.enabled=false, -Didea.config.path=/home/lucasalmeida/Developer/DockerRunner/.intellijPlatform/sandbox/DockerRunner/IC-2024.1/config, -Didea.is.internal=true, -Didea.log.path=/home/lucasalmeida/Developer/DockerRunner/.intellijPlatform/sandbox/DockerRunner/IC-2024.1/log, -Didea.paths.selector=IdeaIC2024.1, -Didea.platform.prefix=Idea, -Didea.plugin.in.sandbox.mode=true, -Didea.plugins.path=/home/lucasalmeida/Developer/DockerRunner/.intellijPlatform/sandbox/DockerRunner/IC-2024.1/plugins, -Didea.required.plugins.id=com.olezelelabs.dockerrunner, -Didea.reset.classpath.from.manifest=true, -Didea.system.path=/home/lucasalmeida/Developer/DockerRunner/.intellijPlatform/sandbox/DockerRunner/IC-2024.1/system, -Didea.vendor.name=JetBrains, -Dintellij.console.log.level=warning, -Dintellij.platform.runtime.repository.path=/home/lucasalmeida/.gradle/caches/9.6.0/transforms/bea1b87427568a068e547fc0eae09392/transformed/ideaIC-2024.1/modules/module-descriptors.jar, -Djava.system.class.loader=com.intellij.util.lang.PathClassLoader, -Djbr.catch.SIGABRT=true, -Djdk.attach.allowAttachSelf=true, -Djdk.http.auth.tunneling.disabledSchemes="", -Djdk.module.illegalAccess.silent=true, -Djna.boot.library.path=/home/lucasalmeida/.gradle/caches/9.6.0/transforms/bea1b87427568a068e547fc0eae09392/transformed/ideaIC-2024.1/lib/jna/amd64, -Djna.noclasspath=true, -Djna.nosys=true, -Dplugin.path=/home/lucasalmeida/Developer/DockerRunner/.intellijPlatform/sandbox/DockerRunner/IC-2024.1/plugins/DockerRunner, -Dpty4j.preferred.native.folder=/home/lucasalmeida/.gradle/caches/9.6.0/transforms/bea1b87427568a068e547fc0eae09392/transformed/ideaIC-2024.1/lib/pty4j, -Dsplash=true, -Dsun.awt.disablegrab=true, -Dsun.io.useCanonCaches=false, -Dsun.java2d.metal=true, -Dsun.tools.attach.tmp.only=true, -XX:+HeapDumpOnOutOfMemoryError, -XX:-OmitStackTraceInFastThrow, -XX:+IgnoreUnrecognizedVMOptions, -XX:CICompilerCount=2, -XX:ReservedCodeCacheSize=512m, -XX:CompileCommand=exclude,com/intellij/openapi/vfs/impl/FilePartNodeRoot,trieDescend, -XX:SoftRefLRUPolicyMSPerMB=50, --add-opens=java.base/java.io=ALL-UNNAMED, --add-opens=java.base/java.lang=ALL-UNNAMED, --add-opens=java.base/java.lang.ref=ALL-UNNAMED, --add-opens=java.base/java.lang.reflect=ALL-UNNAMED, --add-opens=java.base/java.net=ALL-UNNAMED, --add-opens=java.base/java.nio=ALL-UNNAMED, --add-opens=java.base/java.nio.charset=ALL-UNNAMED, --add-opens=java.base/java.text=ALL-UNNAMED, --add-opens=java.base/java.time=ALL-UNNAMED, --add-opens=java.base/java.util=ALL-UNNAMED, --add-opens=java.base/java.util.concurrent=ALL-UNNAMED, --add-opens=java.base/java.util.concurrent.atomic=ALL-UNNAMED, --add-opens=java.base/java.util.concurrent.locks=ALL-UNNAMED, --add-opens=java.base/jdk.internal.vm=ALL-UNNAMED, --add-opens=java.base/sun.nio.ch=ALL-UNNAMED, --add-opens=java.base/sun.nio.fs=ALL-UNNAMED, --add-opens=java.base/sun.security.ssl=ALL-UNNAMED, --add-opens=java.base/sun.security.util=ALL-UNNAMED, --add-opens=java.base/sun.net.dns=ALL-UNNAMED, --add-opens=java.desktop/com.sun.java.swing.plaf.gtk=ALL-UNNAMED, --add-opens=java.desktop/java.awt=ALL-UNNAMED, --add-opens=java.desktop/java.awt.dnd.peer=ALL-UNNAMED, --add-opens=java.desktop/java.awt.event=ALL-UNNAMED, --add-opens=java.desktop/java.awt.image=ALL-UNNAMED, --add-opens=java.desktop/java.awt.peer=ALL-UNNAMED, --add-opens=java.desktop/java.awt.font=ALL-UNNAMED, --add-opens=java.desktop/javax.swing=ALL-UNNAMED, --add-opens=java.desktop/javax.swing.plaf.basic=ALL-UNNAMED, --add-opens=java.desktop/javax.swing.text=ALL-UNNAMED, --add-opens=java.desktop/javax.swing.text.html=ALL-UNNAMED, --add-opens=java.desktop/sun.awt.X11=ALL-UNNAMED, --add-opens=java.desktop/sun.awt.datatransfer=ALL-UNNAMED, --add-opens=java.desktop/sun.awt.image=ALL-UNNAMED, --add-opens=java.desktop/sun.awt=ALL-UNNAMED, --add-opens=java.desktop/sun.font=ALL-UNNAMED, --add-opens=java.desktop/sun.java2d=ALL-UNNAMED, --add-opens=java.desktop/sun.swing=ALL-UNNAMED, --add-opens=java.desktop/com.sun.java.swing=ALL-UNNAMED, --add-opens=jdk.attach/sun.tools.attach=ALL-UNNAMED, --add-opens=jdk.compiler/com.sun.tools.javac.api=ALL-UNNAMED, --add-opens=jdk.internal.jvmstat/sun.jvmstat.monitor=ALL-UNNAMED, --add-opens=jdk.jdi/com.sun.tools.jdi=ALL-UNNAMED, -javaagent:/home/lucasalmeida/Developer/DockerRunner/.intellijPlatform/coroutines-javaagent-legacy.jar, -Xms128m, -Xmx2048m, -Dfile.encoding=UTF-8, -Duser.country=BR, -Duser.language=pt, -Duser.variant, -ea]
2026-08-21 00:33:15,241 [    401]   INFO - #c.i.p.i.b.AppStarter - args: 
2026-08-21 00:33:15,242 [    402]   INFO - #c.i.p.i.b.AppStarter - library path: /usr/java/packages/lib:/usr/lib64:/lib64:/lib:/usr/lib
2026-08-21 00:33:15,243 [    403]   INFO - #c.i.p.i.b.AppStarter - boot library path: /home/lucasalmeida/.gradle/caches/9.6.0/transforms/bea1b87427568a068e547fc0eae09392/transformed/ideaIC-2024.1/jbr/lib
2026-08-21 00:33:15,301 [    461]   INFO - #c.i.p.i.b.AppStarter - locale=pt_BR JNU=UTF-8 file.encoding=UTF-8
    idea.config.path=/home/lucasalmeida/Developer/DockerRunner/.intellijPlatform/sandbox/DockerRunner/IC-2024.1/config
    idea.system.path=/home/lucasalmeida/Developer/DockerRunner/.intellijPlatform/sandbox/DockerRunner/IC-2024.1/system
    idea.plugins.path=/home/lucasalmeida/Developer/DockerRunner/.intellijPlatform/sandbox/DockerRunner/IC-2024.1/plugins
    idea.log.path=/home/lucasalmeida/Developer/DockerRunner/.intellijPlatform/sandbox/DockerRunner/IC-2024.1/log
2026-08-21 00:33:15,319 [    479]   INFO - #c.i.p.i.b.AppStarter - CPU cores: 8; ForkJoinPool.commonPool: java.util.concurrent.ForkJoinPool@4020de28[Running, parallelism = 7, size = 0, active = 0, running = 0, steals = 0, tasks = 0, submissions = 0]; factory: com.intellij.concurrency.IdeaForkJoinWorkerThreadFactory@7a70ce1f
2026-08-21 00:33:15,356 [    516]   INFO - #c.i.i.p.PluginManager - PluginDescriptor(name=Docker Runner, id=com.olezelelabs.dockerrunner, descriptorPath=plugin.xml, path=~/Developer/DockerRunner/.intellijPlatform/sandbox/DockerRunner/IC-2024.1/plugins/DockerRunner, version=1.0-SNAPSHOT, package=null, isBundled=false) overrides PluginDescriptor(name=Docker Runner, id=com.olezelelabs.dockerrunner, descriptorPath=plugin.xml, path=~/Developer/DockerRunner/.intellijPlatform/sandbox/DockerRunner/IC-2024.1/plugins/DockerRunner, version=1.0-SNAPSHOT, package=null, isBundled=false)
2026-08-21 00:33:15,423 [    583]   INFO - #c.i.i.p.PluginManager - Module intellij.sh.python is not enabled because dependency intellij.python.community.impl is not available
Module intellij.groovy/ant is not enabled because dependency AntSupport is not available
Module intellij.qodana.jvm.swagger is not enabled because dependency com.intellij.swagger is not available
Module intellij.qodana.python is not enabled because dependency intellij.python is not available
Module intellij.qodana.php is not enabled because dependency com.jetbrains.php is not available
Module intellij.qodana.js is not enabled because dependency JavaScript is not available
Module intellij.qodana.inspectionKts.js is not enabled because dependency JavaScript is not available
Module intellij.qodana.go is not enabled because dependency intellij.go.coverage is not available
Module intellij.cwm.plugin.elevation is not enabled because dependency intellij.execution.process.elevation is not available
Module intellij.packageChecker.php is not enabled because dependency com.jetbrains.php is not available
Module intellij.packageChecker.python is not enabled because dependency intellij.python.community.impl is not available
Module intellij.packageChecker.javascript is not enabled because dependency JavaScript is not available
Module intellij.packageChecker.go is not enabled because dependency org.jetbrains.plugins.go is not available
2026-08-21 00:33:15,464 [    624]   INFO - #c.i.i.p.PluginManager - Loaded bundled plugins: IDEA CORE (241.14494.240), TextMate Bundles (241.14494.240), Images (241.14494.240), Copyright (241.14494.240), Emoji Picker (241.14494.240), EditorConfig (241.14494.240), IDE Services / Provisioner API (241.14494.240), Machine Learning in Search Everywhere (241.14494.240), YAML (241.14494.240), JetBrains maven model api classes (241.14494.240), JetBrains Repository Search (241.14494.240), Maven server api classes (241.14494.240), Markdown (241.14494.240), Terminal (241.14494.240), Mercurial (241.14494.240), Properties (241.14494.240), Gradle (241.14494.240), NetBeans Keymap (241.14494.240), JetBrains Marketplace Licensing (241.14494.240), com.intellij.dev (241.14494.240), Remote Execution Agent (241.14494.240), Shell Script (241.14494.240), HTML Tools (241.14494.240), Visual Studio Keymap (241.14494.240), Machine Learning Code Completion (241.14494.240), Toml (241.14494.240), WebP Support (241.14494.240), Performance Testing (241.14494.240), Grazie Lite (241.14494.240), Eclipse Keymap (241.14494.240), Perforce Helix Core (241.14494.240), GitLab (241.14494.240), IDE Features Trainer (241.14494.240), Java (241.14494.240), com.intellij.tracing.ide (241.14494.240), Java Bytecode Decompiler (241.14494.240), Java Stream Debugger (241.14494.240), Task Management (241.14494.240), GitHub (241.14494.240), JUnit (241.14494.240), Eclipse Interoperability (241.14494.240), IntelliLang (241.14494.240), Groovy (241.14494.240), JavaFX (241.14494.240), Turbo Complete (241.14494.240), Kotlin (241.14494.240-IJ), Gradle DSL API (241.14494.240), Java Internationalization (241.14494.240), UI Designer (241.14494.240), Bytecode Viewer (241.14494.240), Maven (241.14494.240), TestNG (241.14494.240), Code Coverage for Java (241.14494.240), Gradle-Java (241.14494.240), Gradle-Java-Analysis (241.14494.240), Gradle-Maven (241.14494.240), Java IDE Customization (241.14494.240), Settings Sync (241.14494.240), Git (241.14494.240), Qodana (241.14494.240), Configuration Script (241.14494.240), Shared Indexes (241.14494.240), Code With Me (241.14494.240), Subversion (241.14494.240), Package Checker (241.14494.240), Gradle Dependency Updater Implementation (241.14494.240), Async Profiler for IDE Performance Testing (241.14494.240)
2026-08-21 00:33:15,464 [    624]   INFO - #c.i.i.p.PluginManager - Loaded custom plugins: Docker Runner (1.0-SNAPSHOT)
2026-08-21 00:33:15,642 [    802]   INFO - c.i.p.i.IdeFingerprint - Calculated dependencies fingerprint in 47 ms (hash=2o3n2jywybimu, buildTime=1711602720, appVersion=IC-241.14494.240)
2026-08-21 00:33:15,766 [    926]   INFO - #c.i.o.v.n.p.FSRecords - VFS health-check enabled: first after 600000 ms, and each following 43200000 ms, wrap in RA: true
2026-08-21 00:33:15,839 [    999]   INFO - #c.i.a.o.PathMacrosImpl - Loaded path macros: {MAVEN_REPOSITORY=/home/lucasalmeida/.m2/repository}
2026-08-21 00:33:15,974 [   1134]   INFO - #c.i.o.v.n.p.PersistentFSLoader - VFS uses 'fast' names enumerator (over mmapped file)
2026-08-21 00:33:15,977 [   1137]   INFO - #c.i.o.v.n.p.PersistentFSLoader - VFS uses streamlined attributes storage (over mmapped file)
2026-08-21 00:33:15,987 [   1147]   INFO - #c.i.o.v.n.p.PersistentFSLoader - VFS uses content storage over memory-mapped file, with compression algo: LZ4[ > 8000b ]
2026-08-21 00:33:16,072 [   1232]   INFO - #c.i.i.p.ExpiredPluginsState - Plugins to skip: []
2026-08-21 00:33:16,197 [   1357]   INFO - #c.i.o.v.n.p.PersistentFSLoader - VFS: impl (expected) version=846397, 95994 file records, 14 content blobs
2026-08-21 00:33:16,246 [   1406]   INFO - #c.i.o.v.n.p.FSRecordsImpl - VFS initialized: 280 ms, 0 failed attempts, 0 error(s) were recovered
2026-08-21 00:33:16,332 [   1492]   INFO - #c.i.o.v.i.l.NativeFileWatcherImpl - Starting file watcher: /home/lucasalmeida/.gradle/caches/9.6.0/transforms/bea1b87427568a068e547fc0eae09392/transformed/ideaIC-2024.1/bin/fsnotifier
2026-08-21 00:33:16,414 [   1574]   INFO - #c.i.o.v.n.p.FSRecordsImpl - VFS scanned: file-by-name index was populated
2026-08-21 00:33:16,433 [   1593]   INFO - #c.i.o.v.i.l.NativeFileWatcherImpl - Native file watcher is operational.
2026-08-21 00:33:16,745 [   1905]   INFO - #o.j.i.BuiltInServerManager - built-in server started, port 63342
2026-08-21 00:33:16,784 [   1944]   INFO - #c.i.u.n.s.CertificateManager - Default SSL context initialized
2026-08-21 00:33:17,229 [   2389]   INFO - #c.i.p.i.m.GlobalMenuLinux - Start glib main loop in thread: GlobalMenuLinux loop
2026-08-21 00:33:17,235 [   2395]   INFO - #c.i.p.i.m.GlobalMenuLinux - Closed dbus-service 'com.canonical.AppMenu.Registrar'
2026-08-21 00:33:17,367 [   2527]   INFO - #c.i.i.s.p.i.SharedIndexMainZipStorage - Shared Indexes Storage is opened and empty
2026-08-21 00:33:17,373 [   2533]   WARN - #c.i.i.s.p.i.BundledSharedIndexProvider - Bundled shared index is not found at: /home/lucasalmeida/.gradle/caches/9.6.0/transforms/bea1b87427568a068e547fc0eae09392/transformed/ideaIC-2024.1/jdk-shared-indexes
2026-08-21 00:33:17,858 [   3018]   INFO - #c.i.u.i.FileBasedIndexImpl - Indices to be built:FilenameIndex(v = 258)
2026-08-21 00:33:17,865 [   3025]   INFO - #c.i.u.i.FileBasedIndexImpl - Using nice flusher for indexes
2026-08-21 00:33:17,879 [   3039]   INFO - #c.i.u.i.IndexDataInitializer - Index data initialization done: 656 ms. Initialized indexes: [FilenameIndex, Trigram.Index, FrameworkDetectionIndex, TodoIndex, fileIncludes, filetypes, IdIndex, html5.custom.attributes.index, XmlNamespaces, SchemaTypeInheritance, XmlTagNames, DomFileIndex, RelaxSymbolIndex, java.auto.module.name, editorconfig.index.name, yaml.keys.name, HtmlTagIdIndex, json.file.root.values, java.fun.expression, xmlProperties, java.null.method.argument, java.source.module.name, java.binary.plus.expression, Stubs, javafx.id.name, javafx.custom.component, org.jetbrains.kotlin.idea.versions.KotlinJvmMetadataVersionIndex, JavaFxControllerClassIndex, org.jetbrains.kotlin.idea.versions.KotlinJsMetadataVersionIndex, bytecodeAnalysis, org.jetbrains.kotlin.idea.vfilefinder.KotlinJavaScriptMetaFileIndex, org.jetbrains.kotlin.idea.vfilefinder.KotlinPartialPackageNamesIndex, org.jetbrains.kotlin.idea.vfilefinder.KotlinMetadataFileIndex, org.jetbrains.kotlin.idea.vfilefinder.KotlinClassFileIndex, org.jetbrains.kotlin.idea.vfilefinder.KotlinMetadataFilePackageIndex, org.jetbrains.kotlin.idea.vfilefinder.KotlinStdlibIndex, KotlinPackageSourcesMemberNamesIndex, org.jetbrains.kotlin.idea.vfilefinder.KotlinModuleMappingIndex, org.jetbrains.kotlin.idea.vfilefinder.KotlinJvmModuleAnnotationsIndex, org.jetbrains.kotlin.idea.vfilefinder.KotlinBuiltInsMetadataIndex, KotlinTopLevelCallableByPackageShortNameIndex, org.jetbrains.kotlin.idea.vfilefinder.KotlinShortClassNameFileIndex, KotlinTopLevelClassLikeDeclarationByPackageShortNameIndex, org.jetbrains.kotlin.idea.vfilefinder.KlibMetaFileIndex, KotlinBinaryRootToPackageIndex, com.intellij.uiDesigner.FormClassIndex].
2026-08-21 00:33:18,114 [   3274]   INFO - #c.i.u.i.IndexDataInitializer - Index data initialization done: 233 ms. Initialized stub indexes: {org.jetbrains.kotlin.idea.stubindex.KotlinFileFacadeShortNameIndex, gr.field.name, java.unnamed.class, KotlinTopLevelTypeAliasByPackageIndex, KotlinTopLevelExtensionsByReceiverTypeIndex, KotlinFileFacadeClassByPackageIndex, gr.annot.method.name, KotlinExtensionsInObjectsByReceiverTypeIndex, KotlinProbablyNothingFunctionShortNameIndex, properties.index, gr.anonymous.class, KotlinTopLevelFunctionByPackageIndex, jvm.static.member.type, kotlin.primeIndexKey, KotlinTopLevelPropertyByPackageIndex, java.annotations, gr.script.fqn.s, org.jetbrains.kotlin.idea.stubindex.KotlinTypeAliasShortNameIndex, dom.elementClass, org.jetbrains.kotlin.idea.stubindex.KotlinExactPackagesIndex, gr.annot.members, org.jetbrains.kotlin.idea.stubindex.KotlinMultifileClassPartIndex, java.module.name, markdown.header, org.jetbrains.kotlin.idea.stubindex.KotlinInnerTypeAliasClassIdIndex, org.jetbrains.kotlin.idea.stubindex.KotlinFunctionShortNameIndex, org.jetbrains.kotlin.idea.stubindex.KotlinAnnotationsIndex, gr.class.fqn.s, org.jetbrains.kotlin.idea.stubindex.KotlinScriptFqnIndex, markdown.header.anchor, jvm.static.member.name, org.jetbrains.kotlin.idea.stubindex.KotlinClassShortNameIndex, KotlinProbablyContractedFunctionShortNameIndex, gr.class.super, java.anonymous.baseref, java.class.extlist, org.jetbrains.kotlin.idea.stubindex.KotlinTopLevelTypeAliasFqNameIndex, org.jetbrains.kotlin.idea.stubindex.KotlinTopLevelPropertyFqnNameIndex, gr.method.name, org.jetbrains.kotlin.idea.stubindex.KotlinSuperClassIndex, java.class.fqn, java.class.shortname, org.jetbrains.kotlin.idea.stubindex.KotlinTopLevelClassByPackageIndex, org.jetbrains.kotlin.idea.stubindex.KotlinPropertyShortNameIndex, org.jetbrains.kotlin.idea.stubindex.KotlinTopLevelFunctionFqnNameIndex, org.jetbrains.kotlin.idea.stubindex.KotlinFullClassNameIndex, KotlinTypeAliasByExpansionShortNameIndex, java.field.name, java.method.parameter.types, org.jetbrains.kotlin.idea.stubindex.KotlinFilePartClassIndex, org.jetbrains.kotlin.idea.stubindex.KotlinJvmNameAnnotationIndex, org.jetbrains.kotlin.idea.stubindex.KotlinFileFacadeFqNameIndex, KotlinOverridableInternalMembersShortNameIndex, dom.namespaceKey, gr.script.class, KotlinProbablyNothingPropertyShortNameIndex, java.method.name, org.jetbrains.kotlin.idea.stubindex.KotlinSubclassObjectNameIndex}.
2026-08-21 00:33:18,123 [   3283]   INFO - #c.i.u.i.StaleIndexesChecker - clearing stale id = 14503, path =  //home/lucasalmeida/Developer/DockerRunner/.intellijPlatform/sandbox/DockerRunner/IC-2024.1/config/workspace/3ICnp63d3eYvrnOzoHmiAnT1cH1.xml
2026-08-21 00:33:18,177 [   3337]   INFO - #c.i.o.v.n.p.d.e.DurableEnumeratorFactory - [enumerator.mmapped]: .valueHashToId (in memory) was filled (19 records)
2026-08-21 00:33:18,249 [   3409]   INFO - #c.i.p.s.StubUpdatingIndexStorage - Not updating IndexingStampInfo. inputId=14503,result=true
2026-08-21 00:33:18,271 [   3431]   WARN - #c.i.i.u.l.LafManagerImpl - VersionControl.Log.Commit.rowHeight = null in LookAndFeelThemeAdapter; it may lead to performance degradation
2026-08-21 00:33:18,486 [   3646]   INFO - #c.i.u.i.StaleIndexesChecker - clearing stale id = 95994, path =  //home/lucasalmeida/IdeaProjects/teste/Dockerfile
2026-08-21 00:33:18,537 [   3697]   INFO - #c.i.p.s.StubUpdatingIndexStorage - Not updating IndexingStampInfo. inputId=95994,result=true
2026-08-21 00:33:18,999 [   4159]   INFO - #c.i.p.i.m.GlobalMenuLinux - created instance of GlobalMenuLinux for frame: com.intellij.openapi.wm.impl.IdeFrameImpl[frame0,0,0,1366x768,invalid,layout=java.awt.BorderLayout,title=,resizable,maximized,defaultCloseOperation=DO_NOTHING_ON_CLOSE,rootPane=com.intellij.openapi.wm.impl.IdeRootPane[,5,25,1356x738,invalid,layout=com.intellij.openapi.wm.impl.IdeRootPane$MyRootLayout,alignmentX=0.0,alignmentY=0.0,border=,flags=449,maximumSize=,minimumSize=,preferredSize=],rootPaneCheckingEnabled=true]
2026-08-21 00:33:19,193 [   4353]   INFO - #c.i.w.i.i.WorkspaceModelImpl - Load workspace model from cache in 495 ms
2026-08-21 00:33:19,335 [   4495]   INFO - #c.i.w.i.i.GlobalWorkspaceModel - Load global workspace model from cache in 42 ms
2026-08-21 00:33:19,479 [   4639]   INFO - #c.i.w.i.i.WorkspaceModelImpl - Project model updated silently to version 1 in 13 ms: Add module mapping
2026-08-21 00:33:19,799 [   4959]   INFO - #c.i.w.i.i.EntitiesOrphanageImpl - Update orphanage. 0 modules added
2026-08-21 00:33:19,820 [   4980]   INFO - #c.i.w.i.i.WorkspaceModelImpl - Project model updated to version 2 in 81 ms: Sync global entities with project: teste
2026-08-21 00:33:20,231 [   5391]   INFO - PerformancePlugin - Performance Plugin is in silent mode
2026-08-21 00:33:20,281 [   5441]   INFO - #c.i.r.OsRegistryConfigProvider - Looking for 'enabled' value in [/etc/xdg/JetBrains/portForwarding/enabled, /etc/xdg/JetBrains/portForwarding/config.json, /home/lucasalmeida/.config/JetBrains/portForwarding/enabled, /home/lucasalmeida/.config/JetBrains/portForwarding/config.json, /home/lucasalmeida/.config/kdedefaults/JetBrains/portForwarding/enabled, /home/lucasalmeida/.config/kdedefaults/JetBrains/portForwarding/config.json, /etc/xdg/JetBrains/portForwarding/enabled, /etc/xdg/JetBrains/portForwarding/config.json, /usr/share/kde-settings/kde-profile/default/xdg/JetBrains/portForwarding/enabled, /usr/share/kde-settings/kde-profile/default/xdg/JetBrains/portForwarding/config.json]
2026-08-21 00:33:20,289 [   5449]   INFO - #c.i.r.OsRegistryConfigProvider - OS provided value for 'enabled' is not found
2026-08-21 00:33:20,308 [   5468]   INFO - #c.i.p.c.ProjectCodeStyleSettingsManager - Initialized from default code style settings.
2026-08-21 00:33:20,679 [   5839]   INFO - #c.j.r.f.FollowMeManager - Register new user (name: 'lucasalmeida', client id: Host)
2026-08-21 00:33:20,798 [   5958] SEVERE - #c.i.o.a.i.ActionManagerImpl - com.olezelelabs.dockerrunner.DockerComposeRunAction PluginClassLoader(plugin=PluginDescriptor(name=Docker Runner, id=com.olezelelabs.dockerrunner, descriptorPath=plugin.xml, path=~/Developer/DockerRunner/.intellijPlatform/sandbox/DockerRunner/IC-2024.1/plugins/DockerRunner, version=1.0-SNAPSHOT, package=null, isBundled=false), packagePrefix=null, state=active)
com.intellij.diagnostic.PluginException: com.olezelelabs.dockerrunner.DockerComposeRunAction PluginClassLoader(plugin=PluginDescriptor(name=Docker Runner, id=com.olezelelabs.dockerrunner, descriptorPath=plugin.xml, path=~/Developer/DockerRunner/.intellijPlatform/sandbox/DockerRunner/IC-2024.1/plugins/DockerRunner, version=1.0-SNAPSHOT, package=null, isBundled=false), packagePrefix=null, state=active)
	at com.intellij.serviceContainer.ComponentManagerImpl.instantiateClass(ComponentManagerImpl.kt:951)
	at com.intellij.openapi.actionSystem.impl.ActionManagerImplKt.instantiate(ActionManagerImpl.kt:1395)
	at com.intellij.openapi.actionSystem.impl.ActionManagerImplKt.convertStub(ActionManagerImpl.kt:1635)
	at com.intellij.openapi.actionSystem.impl.ActionManagerImplKt.getAction(ActionManagerImpl.kt:2117)
	at com.intellij.openapi.actionSystem.impl.ActionManagerImplKt.access$getAction(ActionManagerImpl.kt:1)
	at com.intellij.openapi.actionSystem.impl.ActionManagerImpl.getAction(ActionManagerImpl.kt:415)
	at com.intellij.openapi.actionSystem.DefaultActionGroup.getChildren(DefaultActionGroup.java:389)
	at com.intellij.openapi.actionSystem.DefaultActionGroup.getChildren(DefaultActionGroup.java:366)
	at com.intellij.openapi.actionSystem.ActionGroupWrapper.getChildren(ActionGroupWrapper.java:36)
	at com.intellij.ide.ui.customization.CustomisedActionGroup.getChildren(CustomisedActionGroup.java:46)
	at com.intellij.ide.ui.customization.CustomisedActionGroup.getFirstAction(CustomisedActionGroup.java:54)
	at com.intellij.ide.navigationToolbar.MyNavBarWrapperPanel.runToolbarExists(NavBarRootPaneExtension.kt:205)
	at com.intellij.ide.navigationToolbar.MyNavBarWrapperPanel.access$runToolbarExists(NavBarRootPaneExtension.kt:131)
	at com.intellij.ide.navigationToolbar.MyNavBarWrapperPanel$toggleRunPanel$2.invoke(NavBarRootPaneExtension.kt:240)
	at com.intellij.ide.navigationToolbar.MyNavBarWrapperPanel$toggleRunPanel$2.invoke(NavBarRootPaneExtension.kt:238)
	at com.intellij.ide.navigationToolbar.MyNavBarWrapperPanel.toggleRunPanel$lambda$4(NavBarRootPaneExtension.kt:239)
	at java.base/java.util.concurrent.CompletableFuture$UniAccept.tryFire(CompletableFuture.java:718)
	at java.base/java.util.concurrent.CompletableFuture$Completion.run(CompletableFuture.java:482)
	at com.intellij.openapi.application.TransactionGuardImpl.runWithWritingAllowed(TransactionGuardImpl.java:209)
	at com.intellij.openapi.application.TransactionGuardImpl.access$100(TransactionGuardImpl.java:22)
	at com.intellij.openapi.application.TransactionGuardImpl$1.run(TransactionGuardImpl.java:191)
	at com.intellij.openapi.application.impl.RwLockHolder.runIntendedWriteActionOnCurrentThread(RwLockHolder.kt:204)
	at com.intellij.openapi.application.impl.ApplicationImpl.runIntendedWriteActionOnCurrentThread(ApplicationImpl.java:830)
	at com.intellij.openapi.application.impl.ApplicationImpl$2.run(ApplicationImpl.java:419)
	at com.intellij.openapi.application.impl.RwLockHolder.runWithEnabledImplicitRead(RwLockHolder.kt:138)
	at com.intellij.openapi.application.impl.RwLockHolder.runWithImplicitRead(RwLockHolder.kt:129)
	at com.intellij.openapi.application.impl.ApplicationImpl.runWithImplicitRead(ApplicationImpl.java:1152)
	at com.intellij.openapi.application.impl.FlushQueue.doRun(FlushQueue.java:81)
	at com.intellij.openapi.application.impl.FlushQueue.runNextEvent(FlushQueue.java:123)
	at com.intellij.openapi.application.impl.FlushQueue.flushNow(FlushQueue.java:43)
	at java.desktop/java.awt.event.InvocationEvent.dispatch(InvocationEvent.java:318)
	at java.desktop/java.awt.EventQueue.dispatchEventImpl(EventQueue.java:792)
	at java.desktop/java.awt.EventQueue$3.run(EventQueue.java:739)
	at java.desktop/java.awt.EventQueue$3.run(EventQueue.java:733)
	at java.base/java.security.AccessController.doPrivileged(AccessController.java:399)
	at java.base/java.security.ProtectionDomain$JavaSecurityAccessImpl.doIntersectionPrivilege(ProtectionDomain.java:86)
	at java.desktop/java.awt.EventQueue.dispatchEvent(EventQueue.java:761)
	at com.intellij.ide.IdeEventQueue.defaultDispatchEvent(IdeEventQueue.kt:698)
	at com.intellij.ide.IdeEventQueue._dispatchEvent$lambda$12(IdeEventQueue.kt:593)
	at com.intellij.openapi.application.impl.RwLockHolder.runWithoutImplicitRead(RwLockHolder.kt:105)
	at com.intellij.ide.IdeEventQueue._dispatchEvent(IdeEventQueue.kt:593)
	at com.intellij.ide.IdeEventQueue.access$_dispatchEvent(IdeEventQueue.kt:77)
	at com.intellij.ide.IdeEventQueue$dispatchEvent$processEventRunnable$1$1$1.compute(IdeEventQueue.kt:362)
	at com.intellij.ide.IdeEventQueue$dispatchEvent$processEventRunnable$1$1$1.compute(IdeEventQueue.kt:361)
	at com.intellij.openapi.progress.impl.CoreProgressManager.computePrioritized(CoreProgressManager.java:843)
	at com.intellij.ide.IdeEventQueue$dispatchEvent$processEventRunnable$1$1.invoke(IdeEventQueue.kt:361)
	at com.intellij.ide.IdeEventQueue$dispatchEvent$processEventRunnable$1$1.invoke(IdeEventQueue.kt:356)
	at com.intellij.ide.IdeEventQueueKt.performActivity$lambda$1(IdeEventQueue.kt:1021)
	at com.intellij.openapi.application.TransactionGuardImpl.performActivity(TransactionGuardImpl.java:106)
	at com.intellij.ide.IdeEventQueueKt.performActivity(IdeEventQueue.kt:1021)
	at com.intellij.ide.IdeEventQueue.dispatchEvent$lambda$7(IdeEventQueue.kt:356)
	at com.intellij.openapi.application.impl.RwLockHolder.runIntendedWriteActionOnCurrentThread(RwLockHolder.kt:209)
	at com.intellij.openapi.application.impl.ApplicationImpl.runIntendedWriteActionOnCurrentThread(ApplicationImpl.java:830)
	at com.intellij.ide.IdeEventQueue.dispatchEvent(IdeEventQueue.kt:398)
	at java.desktop/java.awt.EventDispatchThread.pumpOneEventForFilters(EventDispatchThread.java:207)
	at java.desktop/java.awt.EventDispatchThread.pumpEventsForFilter(EventDispatchThread.java:128)
	at java.desktop/java.awt.EventDispatchThread.pumpEventsForHierarchy(EventDispatchThread.java:117)
	at java.desktop/java.awt.EventDispatchThread.pumpEvents(EventDispatchThread.java:113)
	at java.desktop/java.awt.EventDispatchThread.pumpEvents(EventDispatchThread.java:105)
	at java.desktop/java.awt.EventDispatchThread.run(EventDispatchThread.java:92)
Caused by: java.lang.ClassNotFoundException: com.olezelelabs.dockerrunner.DockerComposeRunAction PluginClassLoader(plugin=PluginDescriptor(name=Docker Runner, id=com.olezelelabs.dockerrunner, descriptorPath=plugin.xml, path=~/Developer/DockerRunner/.intellijPlatform/sandbox/DockerRunner/IC-2024.1/plugins/DockerRunner, version=1.0-SNAPSHOT, package=null, isBundled=false), packagePrefix=null, state=active)
	at com.intellij.serviceContainer.ComponentManagerImplKt.doLoadClass(ComponentManagerImpl.kt:1466)
	at com.intellij.serviceContainer.ComponentManagerImpl.instantiateClass(ComponentManagerImpl.kt:943)
	... 59 more
2026-08-21 00:33:20,985 [   6145] SEVERE - #c.i.o.a.i.ActionManagerImpl - IntelliJ IDEA 2024.1  Build #IC-241.14494.240
2026-08-21 00:33:20,987 [   6147] SEVERE - #c.i.o.a.i.ActionManagerImpl - JDK: 17.0.10; VM: OpenJDK 64-Bit Server VM; Vendor: JetBrains s.r.o.
2026-08-21 00:33:20,988 [   6148] SEVERE - #c.i.o.a.i.ActionManagerImpl - OS: Linux
2026-08-21 00:33:20,989 [   6149] SEVERE - #c.i.o.a.i.ActionManagerImpl - Plugin to blame: Docker Runner version: 1.0-SNAPSHOT
2026-08-21 00:33:20,990 [   6150] SEVERE - #c.i.o.a.i.ActionManagerImpl - Last Action: 
2026-08-21 00:33:22,010 [   7170]   INFO - #c.i.u.i.ManagedPersistentCache - created persistent map persistent-markup-teste-2473fa2c with size 2
2026-08-21 00:33:22,015 [   7175]   INFO - #c.i.u.i.ManagedPersistentCache - created persistent map persistent-folding-teste-2473fa2c with size 1
2026-08-21 00:33:22,018 [   7178]   INFO - #c.i.u.i.ManagedPersistentCache - created persistent map persistent-declarative-hints-teste-2473fa2c with size 0
2026-08-21 00:33:22,015 [   7175]   INFO - #c.i.u.i.ManagedPersistentCache - created persistent map persistent-code-vision-teste-2473fa2c with size 0
2026-08-21 00:33:22,022 [   7182]   INFO - #c.i.u.i.ManagedPersistentCache - created persistent map persistent-parameter-hints-teste-2473fa2c with size 0
2026-08-21 00:33:22,081 [   7241]   INFO - #c.i.o.a.i.NonBlockingReadActionImpl - OTel monitoring for NonBlockingReadAction is enabled
2026-08-21 00:33:22,478 [   7638]   INFO - #c.i.o.p.MergingQueueGuiExecutor - Running task: (dumb mode task) com.intellij.openapi.project.InitialDumbTaskRequiredForSmartMode@3b87daec
2026-08-21 00:33:22,487 [   7647]   INFO - #c.i.o.p.DumbServiceMergingTaskQueue - Initializing DumbServiceMergingTaskQueue...
2026-08-21 00:33:22,493 [   7653]   INFO - #c.i.o.p.DumbServiceMergingTaskQueue - Running initialization condition: com.intellij.indexing.shared.download.SharedIndexDownloadedCondition@3d9f9be
2026-08-21 00:33:22,497 [   7657]   INFO - #c.i.o.p.DumbServiceMergingTaskQueue - Finished: com.intellij.indexing.shared.download.SharedIndexDownloadedCondition@3d9f9be
2026-08-21 00:33:22,514 [   7674]   INFO - #c.i.o.p.InitialDumbTaskRequiredForSmartMode - Running task required for smart mode: com.intellij.indexing.shared.platform.impl.OnDiskSharedIndexChunkLocator@590d7200
2026-08-21 00:33:22,520 [   7680]   INFO - #c.i.o.p.InitialDumbTaskRequiredForSmartMode - Finished task required for smart mode: com.intellij.indexing.shared.platform.impl.OnDiskSharedIndexChunkLocator@590d7200
2026-08-21 00:33:22,521 [   7681]   INFO - #c.i.o.p.InitialDumbTaskRequiredForSmartMode - Running task required for smart mode: com.intellij.util.indexing.ProjectFileBasedIndexStartupActivity@4b6220bc
2026-08-21 00:33:22,548 [   7708]   INFO - #c.i.u.i.p.IncrementalProjectIndexableFilesFilterHolder - IncrementalProjectIndexableFilesFilterFactory is chosen as indexable files filter factory for project: teste
2026-08-21 00:33:22,584 [   7744]   INFO - #c.i.o.p.InitialDumbTaskRequiredForSmartMode - Finished task required for smart mode: com.intellij.util.indexing.ProjectFileBasedIndexStartupActivity@4b6220bc
2026-08-21 00:33:22,586 [   7746]   INFO - #c.i.o.p.InitialDumbTaskRequiredForSmartMode - Running task required for smart mode: com.intellij.util.indexing.FileBasedIndexInfrastructureExtensionStartup@7cde6321
2026-08-21 00:33:22,591 [   7751]   INFO - #c.i.o.p.InitialDumbTaskRequiredForSmartMode - Finished task required for smart mode: com.intellij.util.indexing.FileBasedIndexInfrastructureExtensionStartup@7cde6321
2026-08-21 00:33:22,592 [   7752]   INFO - #c.i.o.p.InitialDumbTaskRequiredForSmartMode - Running task required for smart mode: com.intellij.externalDependencies.impl.CheckRequiredPluginsActivity@55593b0
2026-08-21 00:33:22,598 [   7758]   INFO - #c.i.o.p.InitialDumbTaskRequiredForSmartMode - Finished task required for smart mode: com.intellij.externalDependencies.impl.CheckRequiredPluginsActivity@55593b0
2026-08-21 00:33:22,600 [   7760]   INFO - #c.i.o.p.InitialDumbTaskRequiredForSmartMode - Running task required for smart mode: com.intellij.util.indexing.DumbModeWhileScanningSubscriber@1d721373
2026-08-21 00:33:22,619 [   7779]   INFO - #c.i.o.p.InitialDumbTaskRequiredForSmartMode - Finished task required for smart mode: com.intellij.util.indexing.DumbModeWhileScanningSubscriber@1d721373
2026-08-21 00:33:22,621 [   7781]   INFO - #c.i.o.p.InitialDumbTaskRequiredForSmartMode - Running task required for smart mode: com.intellij.ide.projectWizard.generators.SdkPreIndexingRequiredForSmartModeActivity@2a1ced07
2026-08-21 00:33:22,625 [   7785]   INFO - #c.i.o.p.InitialDumbTaskRequiredForSmartMode - Finished task required for smart mode: com.intellij.ide.projectWizard.generators.SdkPreIndexingRequiredForSmartModeActivity@2a1ced07
2026-08-21 00:33:22,626 [   7786]   INFO - #c.i.o.p.MergingQueueGuiExecutor - Task finished: (dumb mode task) com.intellij.openapi.project.InitialDumbTaskRequiredForSmartMode@3b87daec
2026-08-21 00:33:22,686 [   7846]   INFO - #c.i.o.a.i.ActionUpdater - 578 ms to grab EDT for ToolWindowHeader$2#children@ToolwindowTitle (com.intellij.toolWindow.ToolWindowHeader$2)
2026-08-21 00:33:24,169 [   9329]   INFO - #c.i.o.p.MergingQueueGuiExecutor - Running task: (dumb mode task) com.intellij.util.indexing.UnindexedFilesScanner$2@6f288f25
2026-08-21 00:33:24,172 [   9332]   INFO - #c.i.o.p.MergingQueueGuiExecutor - Task finished: (dumb mode task) com.intellij.util.indexing.UnindexedFilesScanner$2@6f288f25
2026-08-21 00:33:24,172 [   9332]   INFO - #c.i.o.p.MergingQueueGuiExecutor - Running task: UnindexedFilesScanner[teste]
2026-08-21 00:33:24,206 [   9366]   INFO - #c.i.u.i.UnindexedFilesScanner - Started scanning for indexing of teste. Reason: On project open
2026-08-21 00:33:24,213 [   9373]   INFO - #c.i.u.i.UnindexedFilesScanner - Performing delayed pushing properties tasks for teste took 1ms; general responsiveness: ok; EDT responsiveness: ok
2026-08-21 00:33:24,425 [   9585]   INFO - #c.i.u.i.UnindexedFilesScanner - Scanning of teste uses 7 scanning threads
2026-08-21 00:33:24,526 [   9686]   INFO - #c.i.u.i.IndexingReasonExplanationLogger - Scheduling indexing of Dockerfile by request of indexes: [Trigram.Index->NOT_INDEXED,filetypes->NOT_INDEXED,IdIndex->NOT_INDEXED,]. Scanner has updated file Dockerfile with appliers: [SingleIndexValueApplier{indexId=filetypes, inputId=95994, fileInfo='Dockerfile(id=95994)'}] and removers: []; 
2026-08-21 00:33:24,655 [   9815]   INFO - #c.i.o.p.DumbServiceImpl - exit dumb mode [teste]
2026-08-21 00:33:25,647 [  10807]   INFO - #c.i.o.u.i.UpdateCheckerService - channel: release
2026-08-21 00:33:26,055 [  11215]   INFO - #c.i.o.e.s.p.m.ExternalProjectsDataStorage - Load external projects data in 2 millis (read time: 2)
2026-08-21 00:33:26,181 [  11341] SEVERE - #c.i.c.ComponentStoreImpl - Cannot init component state (componentName=GradleJvmSupportMatrix, componentClass=GradleJvmSupportMatrix) [Plugin: com.intellij.gradle]
com.intellij.diagnostic.PluginException: Cannot init component state (componentName=GradleJvmSupportMatrix, componentClass=GradleJvmSupportMatrix) [Plugin: com.intellij.gradle]
	at com.intellij.configurationStore.ComponentStoreImpl.initComponent(ComponentStoreImpl.kt:181)
	at com.intellij.configurationStore.ComponentStoreWithExtraComponents.initComponent(ComponentStoreWithExtraComponents.kt:44)
	at com.intellij.serviceContainer.ComponentManagerImpl.initializeService$intellij_platform_serviceContainer(ComponentManagerImpl.kt:659)
	at com.intellij.serviceContainer.ServiceInstanceInitializer.createInstance$suspendImpl(ServiceInstanceInitializer.kt:70)
	at com.intellij.serviceContainer.ServiceInstanceInitializer.createInstance(ServiceInstanceInitializer.kt)
	at com.intellij.platform.instanceContainer.internal.LazyInstanceHolder$initialize$1$1.invokeSuspend(LazyInstanceHolder.kt:162)
	at com.intellij.platform.instanceContainer.internal.LazyInstanceHolder$initialize$1$1.invoke(LazyInstanceHolder.kt)
	at com.intellij.platform.instanceContainer.internal.LazyInstanceHolder$initialize$1$1.invoke(LazyInstanceHolder.kt)
	at kotlinx.coroutines.intrinsics.UndispatchedKt.startUndispatchedOrReturn(Undispatched.kt:78)
	at kotlinx.coroutines.BuildersKt__Builders_commonKt.withContext(Builders.common.kt:167)
	at kotlinx.coroutines.BuildersKt.withContext(Unknown Source)
	at com.intellij.platform.instanceContainer.internal.LazyInstanceHolder$initialize$1.invokeSuspend(LazyInstanceHolder.kt:160)
	at com.intellij.platform.instanceContainer.internal.LazyInstanceHolder$initialize$1.invoke(LazyInstanceHolder.kt)
	at com.intellij.platform.instanceContainer.internal.LazyInstanceHolder$initialize$1.invoke(LazyInstanceHolder.kt)
	at kotlinx.coroutines.intrinsics.UndispatchedKt.startCoroutineUndispatched(Undispatched.kt:44)
	at kotlinx.coroutines.CoroutineStart.invoke(CoroutineStart.kt:112)
	at kotlinx.coroutines.AbstractCoroutine.start(AbstractCoroutine.kt:126)
	at kotlinx.coroutines.BuildersKt__Builders_commonKt.launch(Builders.common.kt:56)
	at kotlinx.coroutines.BuildersKt.launch(Unknown Source)
	at com.intellij.platform.instanceContainer.internal.LazyInstanceHolder.initialize(LazyInstanceHolder.kt:145)
	at com.intellij.platform.instanceContainer.internal.LazyInstanceHolder.access$initialize(LazyInstanceHolder.kt:13)
	at com.intellij.platform.instanceContainer.internal.LazyInstanceHolder.tryInitialize(LazyInstanceHolder.kt:135)
	at com.intellij.platform.instanceContainer.internal.LazyInstanceHolder.getInstance(LazyInstanceHolder.kt:95)
	at com.intellij.platform.instanceContainer.internal.LazyInstanceHolder.getInstanceInCallerContext$suspendImpl(LazyInstanceHolder.kt:87)
	at com.intellij.platform.instanceContainer.internal.LazyInstanceHolder.getInstanceInCallerContext(LazyInstanceHolder.kt)
	at com.intellij.serviceContainer.ComponentManagerImplKt$getOrCreateInstanceBlocking$3.invokeSuspend(ComponentManagerImpl.kt:1548)
	at kotlin.coroutines.jvm.internal.BaseContinuationImpl.resumeWith(ContinuationImpl.kt:33)
	at kotlinx.coroutines.DispatchedTask.run(DispatchedTask.kt:108)
	at kotlinx.coroutines.EventLoopImplBase.processNextEvent(EventLoop.common.kt:280)
	at kotlinx.coroutines.BlockingCoroutine.joinBlocking(Builders.kt:85)
	at kotlinx.coroutines.BuildersKt__BuildersKt.runBlocking(Builders.kt:59)
	at kotlinx.coroutines.BuildersKt.runBlocking(Unknown Source)
	at com.intellij.serviceContainer.ComponentManagerImplKt$runBlockingInitialization$1.invoke(ComponentManagerImpl.kt:1636)
	at com.intellij.serviceContainer.ComponentManagerImplKt$runBlockingInitialization$1.invoke(ComponentManagerImpl.kt:1627)
	at com.intellij.openapi.progress.ContextKt.prepareThreadContext(context.kt:80)
	at com.intellij.serviceContainer.ComponentManagerImplKt.runBlockingInitialization(ComponentManagerImpl.kt:1627)
	at com.intellij.serviceContainer.ComponentManagerImplKt.getOrCreateInstanceBlocking(ComponentManagerImpl.kt:1547)
	at com.intellij.serviceContainer.ComponentManagerImpl.doGetService(ComponentManagerImpl.kt:754)
	at com.intellij.serviceContainer.ComponentManagerImpl.getService(ComponentManagerImpl.kt:698)
	at org.jetbrains.plugins.gradle.jvmcompat.GradleJvmSupportMatrix$Companion.getInstance(GradleJvmSupportMatrix.kt:224)
	at org.jetbrains.plugins.gradle.jvmcompat.GradleCompatibilitySupportUpdater.<init>(GradleCompatibilitySupportUpdater.kt:14)
	at com.intellij.platform.instanceContainer.instantiation.InstantiateKt$instantiate$2.invoke(instantiate.kt:45)
	at com.intellij.platform.instanceContainer.instantiation.InstantiateKt$instantiate$2.invoke(instantiate.kt:42)
	at com.intellij.platform.instanceContainer.instantiation.InstantiateKt.instantiate(instantiate.kt:308)
	at com.intellij.platform.instanceContainer.instantiation.InstantiateKt.instantiate(instantiate.kt:42)
	at com.intellij.serviceContainer.ServiceInstanceInitializer.createInstance$suspendImpl(ServiceInstanceInitializer.kt:31)
	at com.intellij.serviceContainer.ServiceInstanceInitializer.createInstance(ServiceInstanceInitializer.kt)
	at com.intellij.platform.instanceContainer.internal.LazyInstanceHolder$initialize$1$1.invokeSuspend(LazyInstanceHolder.kt:162)
	at com.intellij.platform.instanceContainer.internal.LazyInstanceHolder$initialize$1$1.invoke(LazyInstanceHolder.kt)
	at com.intellij.platform.instanceContainer.internal.LazyInstanceHolder$initialize$1$1.invoke(LazyInstanceHolder.kt)
	at kotlinx.coroutines.intrinsics.UndispatchedKt.startUndispatchedOrReturn(Undispatched.kt:78)
	at kotlinx.coroutines.BuildersKt__Builders_commonKt.withContext(Builders.common.kt:167)
	at kotlinx.coroutines.BuildersKt.withContext(Unknown Source)
	at com.intellij.platform.instanceContainer.internal.LazyInstanceHolder$initialize$1.invokeSuspend(LazyInstanceHolder.kt:160)
	at com.intellij.platform.instanceContainer.internal.LazyInstanceHolder$initialize$1.invoke(LazyInstanceHolder.kt)
	at com.intellij.platform.instanceContainer.internal.LazyInstanceHolder$initialize$1.invoke(LazyInstanceHolder.kt)
	at kotlinx.coroutines.intrinsics.UndispatchedKt.startCoroutineUndispatched(Undispatched.kt:44)
	at kotlinx.coroutines.CoroutineStart.invoke(CoroutineStart.kt:112)
	at kotlinx.coroutines.AbstractCoroutine.start(AbstractCoroutine.kt:126)
	at kotlinx.coroutines.BuildersKt__Builders_commonKt.launch(Builders.common.kt:56)
	at kotlinx.coroutines.BuildersKt.launch(Unknown Source)
	at com.intellij.platform.instanceContainer.internal.LazyInstanceHolder.initialize(LazyInstanceHolder.kt:145)
	at com.intellij.platform.instanceContainer.internal.LazyInstanceHolder.access$initialize(LazyInstanceHolder.kt:13)
	at com.intellij.platform.instanceContainer.internal.LazyInstanceHolder.tryInitialize(LazyInstanceHolder.kt:135)
	at com.intellij.platform.instanceContainer.internal.LazyInstanceHolder.getInstance(LazyInstanceHolder.kt:95)
	at com.intellij.platform.instanceContainer.internal.LazyInstanceHolder.getInstance$suspendImpl(LazyInstanceHolder.kt:83)
	at com.intellij.platform.instanceContainer.internal.LazyInstanceHolder.getInstance(LazyInstanceHolder.kt)
	at com.intellij.platform.instanceContainer.internal.InstanceContainerImpl.instance(InstanceContainerImpl.kt:68)
	at com.intellij.serviceContainer.ComponentManagerImpl.getServiceAsync(ComponentManagerImpl.kt:702)
	at org.jetbrains.plugins.gradle.service.project.GradleVersionUpdateStartupActivity.execute(GradleVersionUpdateStartupActivity.kt:26)
	at com.intellij.ide.startup.impl.StartupManagerImplKt$launchActivity$1.invokeSuspend(StartupManagerImpl.kt:473)
	at kotlin.coroutines.jvm.internal.BaseContinuationImpl.resumeWith(ContinuationImpl.kt:33)
	at kotlinx.coroutines.DispatchedTask.run(DispatchedTask.kt:108)
	at kotlinx.coroutines.scheduling.CoroutineScheduler.runSafely(CoroutineScheduler.kt:584)
	at kotlinx.coroutines.scheduling.CoroutineScheduler$Worker.executeTask(CoroutineScheduler.kt:793)
	at kotlinx.coroutines.scheduling.CoroutineScheduler$Worker.runWorker(CoroutineScheduler.kt:697)
	at kotlinx.coroutines.scheduling.CoroutineScheduler$Worker.run(CoroutineScheduler.kt:684)
Caused by: java.lang.IllegalArgumentException: 25
	at com.intellij.util.lang.JavaVersion.parse(JavaVersion.java:307)
	at org.jetbrains.plugins.gradle.jvmcompat.GradleJvmSupportMatrix$getCompatibilityRanges$1$javaRange$1.invoke(GradleJvmSupportMatrix.kt:44)
	at org.jetbrains.plugins.gradle.jvmcompat.GradleJvmSupportMatrix$getCompatibilityRanges$1$javaRange$1.invoke(GradleJvmSupportMatrix.kt:44)
	at org.jetbrains.plugins.gradle.jvmcompat.IdeVersionedDataParser$Companion.parseVersion(IdeVersionedDataParser.kt:21)
	at org.jetbrains.plugins.gradle.jvmcompat.IdeVersionedDataParser$Companion.parseRange(IdeVersionedDataParser.kt:31)
	at org.jetbrains.plugins.gradle.jvmcompat.GradleJvmSupportMatrix.getCompatibilityRanges(GradleJvmSupportMatrix.kt:44)
	at org.jetbrains.plugins.gradle.jvmcompat.GradleJvmSupportMatrix.applyState(GradleJvmSupportMatrix.kt:28)
	at org.jetbrains.plugins.gradle.jvmcompat.GradleJvmSupportMatrix.onStateChanged(GradleJvmSupportMatrix.kt:50)
	at org.jetbrains.plugins.gradle.jvmcompat.GradleJvmSupportMatrix.onStateChanged(GradleJvmSupportMatrix.kt:13)
	at org.jetbrains.plugins.gradle.jvmcompat.IdeVersionedDataStorage.loadState(IdeVersionedDataStorage.kt:38)
	at org.jetbrains.plugins.gradle.jvmcompat.IdeVersionedDataStorage.loadState(IdeVersionedDataStorage.kt:7)
	at com.intellij.configurationStore.ComponentStoreImpl.doInitComponent(ComponentStoreImpl.kt:587)
	at com.intellij.configurationStore.ComponentStoreImpl.initComponent(ComponentStoreImpl.kt:487)
	at com.intellij.configurationStore.ComponentStoreImpl.initComponent(ComponentStoreImpl.kt:156)
	... 76 more
2026-08-21 00:33:26,194 [  11354] SEVERE - #c.i.c.ComponentStoreImpl - IntelliJ IDEA 2024.1  Build #IC-241.14494.240
2026-08-21 00:33:26,195 [  11355] SEVERE - #c.i.c.ComponentStoreImpl - JDK: 17.0.10; VM: OpenJDK 64-Bit Server VM; Vendor: JetBrains s.r.o.
2026-08-21 00:33:26,196 [  11356] SEVERE - #c.i.c.ComponentStoreImpl - OS: Linux
2026-08-21 00:33:26,201 [  11361] SEVERE - #c.i.c.ComponentStoreImpl - Last Action: 
2026-08-21 00:33:26,288 [  11448]   INFO - #c.i.o.p.SmartModeScheduler - Post-startup activity executed. Current mode: 5
2026-08-21 00:33:26,366 [  11526]   INFO - #c.i.i.s.IdeStartupScripts - 0 startup script(s) found
2026-08-21 00:33:26,387 [  11547]   INFO - #c.i.d.PerformanceWatcherImpl - Post-startup activities under progress took 458ms; general responsiveness: ok; EDT responsiveness: ok
2026-08-21 00:33:26,956 [  12116]   INFO - #c.i.c.CompilerWorkspaceConfiguration - Available processors: 8
2026-08-21 00:33:27,494 [  12654]   INFO - #c.i.u.i.UnindexedFilesScanner - Scanning completed for teste. Number of scanned files: 42583; number of files for indexing: 1 took 3267ms; general responsiveness: 0/10 sluggish, 10/10 very slow; EDT responsiveness: 1/1 sluggish
2026-08-21 00:33:27,497 [  12657]   INFO - #c.i.o.p.InitialVfsRefreshService - 2473fa2c: marking roots for initial VFS refresh
2026-08-21 00:33:27,500 [  12660]   INFO - #c.i.o.p.InitialVfsRefreshService - 2473fa2c: starting initial VFS refresh of 4 roots
2026-08-21 00:33:27,521 [  12681]   INFO - #c.i.o.p.MergingQueueGuiExecutor - Task finished: UnindexedFilesScanner[teste]
2026-08-21 00:33:27,535 [  12695]   INFO - #c.i.o.p.DumbServiceImpl - enter dumb mode [teste]
2026-08-21 00:33:27,581 [  12741]   INFO - #c.i.o.p.MergingQueueGuiExecutor - Running task: (dumb mode task) UnindexedFilesIndexer[teste, 1 iterators, reason: On project open]
2026-08-21 00:33:27,584 [  12744]   INFO - #c.i.o.p.InitialVfsRefreshService - 2473fa2c: initial VFS refresh finished in 73 ms
2026-08-21 00:33:27,606 [  12766]   INFO - #c.i.u.i.c.IndexUpdateRunner - Using 3 indexing and 4 writing threads for indexing
2026-08-21 00:33:27,756 [  12916]   INFO - #c.i.u.i.ProjectChangedFilesScanner - Retrieving changed during indexing files of teste : 0 to update, calculated in 2ms
2026-08-21 00:33:27,767 [  12927]   INFO - #c.i.u.i.UnindexedFilesIndexer - Finished for teste. Unindexed files update took 167ms; general responsiveness: ok; EDT responsiveness: ok
2026-08-21 00:33:27,773 [  12933]   INFO - #c.i.o.p.MergingQueueGuiExecutor - Task finished: (dumb mode task) UnindexedFilesIndexer[teste, 1 iterators, reason: On project open]
2026-08-21 00:33:27,781 [  12941]   INFO - #c.i.o.p.DumbServiceImpl - exit dumb mode [teste]
2026-08-21 00:33:29,384 [  14544]   INFO - #c.i.w.i.i.j.s.JpsGlobalModelSynchronizerImpl - Loading global entities com.intellij.platform.workspace.jps.entities.SdkEntity from files
2026-08-21 00:33:29,400 [  14560]   INFO - #c.i.w.i.i.j.s.JpsGlobalModelSynchronizerImpl - Loading global entities com.intellij.platform.workspace.jps.entities.LibraryEntity from files
2026-08-21 00:33:29,414 [  14574]   INFO - #c.i.w.i.i.EntitiesOrphanageImpl - Update orphanage. 0 modules added
2026-08-21 00:33:29,417 [  14577]   INFO - #c.i.w.i.i.WorkspaceModelImpl - Project model updated to version 3 in 6 ms: Sync global entities with project: teste
2026-08-21 00:33:29,418 [  14578]   INFO - #c.i.w.i.i.GlobalWorkspaceModel - Global model updated to version 2 in 15 ms: Sync global entities with state
2026-08-21 00:33:31,449 [  16609]   INFO - #o.j.j.b.i.CompilerReferenceIndex - backward reference index version doesn't exist
2026-08-21 00:33:31,461 [  16621]   INFO - #c.i.c.b.IsUpToDateCheckStartupActivity - suitable consumer is not found
2026-08-21 00:33:31,516 [  16676]   INFO - #c.i.w.i.i.GlobalWorkspaceModel - Sync global entities with mutable entity storage
2026-08-21 00:33:31,531 [  16691]   INFO - #c.i.w.i.i.j.s.JpsProjectModelSynchronizer - Attempt 1: Apply JPS storage (iml files)
2026-08-21 00:33:31,551 [  16711]   INFO - #c.i.w.i.i.EntitiesOrphanageImpl - Update orphanage. 0 modules added
2026-08-21 00:33:31,555 [  16715]   INFO - #c.i.w.i.i.j.s.JpsProjectModelSynchronizer - Attempt 1: Changes were successfully applied
2026-08-21 00:33:31,560 [  16720]   INFO - #c.i.w.i.i.j.s.DelayedProjectSynchronizer$Util - Workspace model loaded from cache. Syncing real project state into workspace model in 162 ms. Thread[DefaultDispatcher-worker-24 @run activity#4868,5,main]
2026-08-21 00:33:36,699 [  21859]   INFO - #c.i.w.i.i.j.s.JpsGlobalModelSynchronizerImpl - Saving global entities com.intellij.platform.workspace.jps.entities.SdkEntity to files
2026-08-21 00:33:36,722 [  21882]   INFO - #c.i.w.i.i.j.s.JpsGlobalModelSynchronizerImpl - Saving global entities com.intellij.platform.workspace.jps.entities.LibraryEntity to files
2026-08-21 00:33:37,558 [  22718]   INFO - #c.i.a.o.PathMacrosImpl - Saved path macros: {MAVEN_REPOSITORY=/home/lucasalmeida/.m2/repository}
2026-08-21 00:33:37,581 [  22741]   INFO - #c.i.c.ComponentStoreImpl - Saving appExtensionsRootType took 15 ms, FileTypeManager took 29 ms, GraziConfig took 14 ms
2026-08-21 00:33:38,178 [  23338]   WARN - #c.i.u.x.Binding - No accessors for org.jetbrains.kotlin.cli.common.arguments.InternalArgument. This means that state class cannot be serialized properly. Please see https://jb.gg/ij-psoc
2026-08-21 00:33:38,263 [  23423]   INFO - #c.i.c.ComponentStoreImpl - Saving Project(name=teste, containerState=COMPONENT_CREATED, componentStore=/home/lucasalmeida/IdeaProjects/teste)DynamicElementsStorage took 27 ms, RunManager took 25 ms
2026-08-21 00:33:38,570 [  23730]   INFO - #c.j.r.f.FollowMeManager - Unregister user (name: 'lucasalmeida', clientId: Host)
2026-08-21 00:33:38,573 [  23733]   INFO - #c.i.o.v.i.l.NativeFileWatcherImpl - Watcher terminated with exit code 0
2026-08-21 00:33:38,577 [  23737]   INFO - #c.i.o.w.i.WindowManagerImpl - === Release(true) frame on closed project ===
2026-08-21 00:33:38,613 [  23773]   INFO - #o.j.k.i.s.r.KotlinCompilerReferenceIndexStorage - KCRI storage is closed (didn't exist)
2026-08-21 00:33:38,613 [  23773]   INFO - #c.i.c.b.CompilerReferenceServiceBase - backward reference index reader is closed (didn't exist)
2026-08-21 00:33:38,639 [  23799]   INFO - #c.i.u.s.SvgCacheManager - SVG icon cache is closed
2026-08-21 00:33:38,659 [  23819]   INFO - #o.j.i.BuiltInServer - web server stopped
2026-08-21 00:33:38,671 [  23831]   INFO - #c.i.u.i.FileBasedIndexImpl - Index dispose started
2026-08-21 00:33:38,719 [  23879]   INFO - #c.i.p.s.StubIndexImpl - StubIndexExtension-s were unloaded
2026-08-21 00:33:38,720 [  23880]   INFO - #c.i.p.s.SerializationManagerImpl - Start shutting down /home/lucasalmeida/Developer/DockerRunner/.intellijPlatform/sandbox/DockerRunner/IC-2024.1/system/index/rep.names
2026-08-21 00:33:38,721 [  23881]   INFO - #c.i.p.s.SerializationManagerImpl - Finished shutting down /home/lucasalmeida/Developer/DockerRunner/.intellijPlatform/sandbox/DockerRunner/IC-2024.1/system/index/rep.names
2026-08-21 00:33:38,722 [  23882]   INFO - #c.i.u.i.FileBasedIndexImpl - Index dispose completed in 51ms.
2026-08-21 00:33:38,799 [  23959]   INFO - #c.i.o.v.n.p.PersistentFSImpl - VFS dispose started
2026-08-21 00:33:38,801 [  23961]   INFO - #c.i.o.v.n.p.FSRecordsImpl - VFS closing
2026-08-21 00:33:38,804 [  23964]   INFO - #c.i.o.v.n.p.PersistentFSImpl - VFS dispose completed in 4 ms.
2026-08-21 00:33:38,805 [  23965]   INFO - #c.i.o.f.i.FileTypeDetectionService - 1 auto-detected files. Detection took 15 ms
2026-08-21 00:33:38,893 [  24053]   INFO - #c.i.p.i.b.AppStarter - ------------------------------------------------------ IDE SHUTDOWN ------------------------------------------------------
2026-08-21 00:34:08,703 [     30]   INFO - #c.i.p.i.b.AppStarter - ------------------------------------------------------ IDE STARTED ------------------------------------------------------
2026-08-21 00:34:08,716 [     43]   INFO - #c.i.i.p.PluginManager - Plugin PluginDescriptor(name=Groovy, id=org.intellij.groovy, descriptorPath=plugin.xml, path=~/.gradle/caches/9.6.0/transforms/bea1b87427568a068e547fc0eae09392/transformed/ideaIC-2024.1/plugins/Groovy, version=241.14494.240, package=org.jetbrains.plugins.groovy, isBundled=true) misses optional descriptor duplicates-groovy.xml
2026-08-21 00:34:08,742 [     69]   INFO - #c.i.i.p.PluginManager - Plugin PluginDescriptor(name=Groovy, id=org.intellij.groovy, descriptorPath=plugin.xml, path=~/.gradle/caches/9.6.0/transforms/bea1b87427568a068e547fc0eae09392/transformed/ideaIC-2024.1/plugins/Groovy, version=241.14494.240, package=org.jetbrains.plugins.groovy, isBundled=true) misses optional descriptor duplicates-detection-groovy.xml
2026-08-21 00:34:08,815 [    142]   INFO - #c.i.u.i.PageCacheUtils - File page caching params:
2026-08-21 00:34:08,816 [    143]   INFO - #c.i.u.i.PageCacheUtils - 	DEFAULT_PAGE_SIZE: 10485760
2026-08-21 00:34:08,817 [    144]   INFO - #c.i.u.i.PageCacheUtils - 	Direct memory to use, max: 2126512128
2026-08-21 00:34:08,818 [    145]   INFO - #c.i.u.i.PageCacheUtils - 	FilePageCache: regular + lock-free (LOCK_FREE_PAGE_CACHE_ENABLED:true)
2026-08-21 00:34:08,820 [    147]   INFO - #c.i.u.i.PageCacheUtils - 	NEW_PAGE_CACHE_MEMORY_FRACTION: 0.20000000298023224
2026-08-21 00:34:08,821 [    148]   INFO - #c.i.u.i.PageCacheUtils - 	Regular FilePageCache: 503316478 bytes
2026-08-21 00:34:08,822 [    149]   INFO - #c.i.u.i.PageCacheUtils - 	New     FilePageCache: 125829122 bytes (+ up to 10.0% overflow)
2026-08-21 00:34:08,823 [    150]   INFO - #c.i.u.i.PageCacheUtils - 	DirectByteBuffers pool: 104857600 bytes
2026-08-21 00:34:08,843 [    170]   INFO - #c.i.i.p.PluginManager - Using cached broken plugins file
2026-08-21 00:34:08,845 [    172]   INFO - #c.i.p.i.b.AppStarter - JNA library (64-bit) loaded in 77 ms
2026-08-21 00:34:08,852 [    179]   INFO - #c.i.p.i.b.AppStarter - IDE: IntelliJ IDEA (build #IC-241.14494.240, Thu, 28 Mar 2024 05:12:00 GMT)
2026-08-21 00:34:08,854 [    181]   INFO - #c.i.p.i.b.AppStarter - OS: Linux (7.1.8-200.fc44.x86_64)
2026-08-21 00:34:08,856 [    183]   INFO - #c.i.p.i.b.AppStarter - JRE: 17.0.10+8-b1207.12, amd64 (JetBrains s.r.o.)
2026-08-21 00:34:08,858 [    185]   INFO - #c.i.p.i.b.AppStarter - JVM: 17.0.10+8-b1207.12 (OpenJDK 64-Bit Server VM)
2026-08-21 00:34:08,864 [    191]   INFO - #c.i.p.i.b.AppStarter - PID: 84990
2026-08-21 00:34:08,865 [    192]   INFO - #c.i.p.i.b.AppStarter - desktop: KDE
2026-08-21 00:34:08,908 [    235]   INFO - #c.i.i.p.PluginManager - PluginDescriptor(name=Docker Runner, id=com.olezelelabs.dockerrunner, descriptorPath=plugin.xml, path=~/Developer/DockerRunner/.intellijPlatform/sandbox/DockerRunner/IC-2024.1/plugins/DockerRunner, version=1.0-SNAPSHOT, package=null, isBundled=false) overrides PluginDescriptor(name=Docker Runner, id=com.olezelelabs.dockerrunner, descriptorPath=plugin.xml, path=~/Developer/DockerRunner/.intellijPlatform/sandbox/DockerRunner/IC-2024.1/plugins/DockerRunner, version=1.0-SNAPSHOT, package=null, isBundled=false)
2026-08-21 00:34:08,943 [    270]   INFO - #c.i.p.i.b.AppStarter - toolkit: sun.awt.X11.XToolkit
2026-08-21 00:34:08,988 [    315]   INFO - #c.i.p.i.b.AppStarter - JVM options: [-Daether.connector.resumeDownloads=false, -Dawt.lock.fair=true, -Dide.native.launcher=false, -Dide.no.platform.update=false, -Dide.show.tips.on.startup.default.value=false, -Didea.auto.reload.plugins=true, -Didea.classpath.index.enabled=false, -Didea.config.path=/home/lucasalmeida/Developer/DockerRunner/.intellijPlatform/sandbox/DockerRunner/IC-2024.1/config, -Didea.is.internal=true, -Didea.log.path=/home/lucasalmeida/Developer/DockerRunner/.intellijPlatform/sandbox/DockerRunner/IC-2024.1/log, -Didea.paths.selector=IdeaIC2024.1, -Didea.platform.prefix=Idea, -Didea.plugin.in.sandbox.mode=true, -Didea.plugins.path=/home/lucasalmeida/Developer/DockerRunner/.intellijPlatform/sandbox/DockerRunner/IC-2024.1/plugins, -Didea.required.plugins.id=com.olezelelabs.dockerrunner, -Didea.reset.classpath.from.manifest=true, -Didea.system.path=/home/lucasalmeida/Developer/DockerRunner/.intellijPlatform/sandbox/DockerRunner/IC-2024.1/system, -Didea.vendor.name=JetBrains, -Dintellij.console.log.level=warning, -Dintellij.platform.runtime.repository.path=/home/lucasalmeida/.gradle/caches/9.6.0/transforms/bea1b87427568a068e547fc0eae09392/transformed/ideaIC-2024.1/modules/module-descriptors.jar, -Djava.system.class.loader=com.intellij.util.lang.PathClassLoader, -Djbr.catch.SIGABRT=true, -Djdk.attach.allowAttachSelf=true, -Djdk.http.auth.tunneling.disabledSchemes="", -Djdk.module.illegalAccess.silent=true, -Djna.boot.library.path=/home/lucasalmeida/.gradle/caches/9.6.0/transforms/bea1b87427568a068e547fc0eae09392/transformed/ideaIC-2024.1/lib/jna/amd64, -Djna.noclasspath=true, -Djna.nosys=true, -Dplugin.path=/home/lucasalmeida/Developer/DockerRunner/.intellijPlatform/sandbox/DockerRunner/IC-2024.1/plugins/DockerRunner, -Dpty4j.preferred.native.folder=/home/lucasalmeida/.gradle/caches/9.6.0/transforms/bea1b87427568a068e547fc0eae09392/transformed/ideaIC-2024.1/lib/pty4j, -Dsplash=true, -Dsun.awt.disablegrab=true, -Dsun.io.useCanonCaches=false, -Dsun.java2d.metal=true, -Dsun.tools.attach.tmp.only=true, -XX:+HeapDumpOnOutOfMemoryError, -XX:-OmitStackTraceInFastThrow, -XX:+IgnoreUnrecognizedVMOptions, -XX:CICompilerCount=2, -XX:ReservedCodeCacheSize=512m, -XX:CompileCommand=exclude,com/intellij/openapi/vfs/impl/FilePartNodeRoot,trieDescend, -XX:SoftRefLRUPolicyMSPerMB=50, --add-opens=java.base/java.io=ALL-UNNAMED, --add-opens=java.base/java.lang=ALL-UNNAMED, --add-opens=java.base/java.lang.ref=ALL-UNNAMED, --add-opens=java.base/java.lang.reflect=ALL-UNNAMED, --add-opens=java.base/java.net=ALL-UNNAMED, --add-opens=java.base/java.nio=ALL-UNNAMED, --add-opens=java.base/java.nio.charset=ALL-UNNAMED, --add-opens=java.base/java.text=ALL-UNNAMED, --add-opens=java.base/java.time=ALL-UNNAMED, --add-opens=java.base/java.util=ALL-UNNAMED, --add-opens=java.base/java.util.concurrent=ALL-UNNAMED, --add-opens=java.base/java.util.concurrent.atomic=ALL-UNNAMED, --add-opens=java.base/java.util.concurrent.locks=ALL-UNNAMED, --add-opens=java.base/jdk.internal.vm=ALL-UNNAMED, --add-opens=java.base/sun.nio.ch=ALL-UNNAMED, --add-opens=java.base/sun.nio.fs=ALL-UNNAMED, --add-opens=java.base/sun.security.ssl=ALL-UNNAMED, --add-opens=java.base/sun.security.util=ALL-UNNAMED, --add-opens=java.base/sun.net.dns=ALL-UNNAMED, --add-opens=java.desktop/com.sun.java.swing.plaf.gtk=ALL-UNNAMED, --add-opens=java.desktop/java.awt=ALL-UNNAMED, --add-opens=java.desktop/java.awt.dnd.peer=ALL-UNNAMED, --add-opens=java.desktop/java.awt.event=ALL-UNNAMED, --add-opens=java.desktop/java.awt.image=ALL-UNNAMED, --add-opens=java.desktop/java.awt.peer=ALL-UNNAMED, --add-opens=java.desktop/java.awt.font=ALL-UNNAMED, --add-opens=java.desktop/javax.swing=ALL-UNNAMED, --add-opens=java.desktop/javax.swing.plaf.basic=ALL-UNNAMED, --add-opens=java.desktop/javax.swing.text=ALL-UNNAMED, --add-opens=java.desktop/javax.swing.text.html=ALL-UNNAMED, --add-opens=java.desktop/sun.awt.X11=ALL-UNNAMED, --add-opens=java.desktop/sun.awt.datatransfer=ALL-UNNAMED, --add-opens=java.desktop/sun.awt.image=ALL-UNNAMED, --add-opens=java.desktop/sun.awt=ALL-UNNAMED, --add-opens=java.desktop/sun.font=ALL-UNNAMED, --add-opens=java.desktop/sun.java2d=ALL-UNNAMED, --add-opens=java.desktop/sun.swing=ALL-UNNAMED, --add-opens=java.desktop/com.sun.java.swing=ALL-UNNAMED, --add-opens=jdk.attach/sun.tools.attach=ALL-UNNAMED, --add-opens=jdk.compiler/com.sun.tools.javac.api=ALL-UNNAMED, --add-opens=jdk.internal.jvmstat/sun.jvmstat.monitor=ALL-UNNAMED, --add-opens=jdk.jdi/com.sun.tools.jdi=ALL-UNNAMED, -javaagent:/home/lucasalmeida/Developer/DockerRunner/.intellijPlatform/coroutines-javaagent-legacy.jar, -Xms128m, -Xmx2048m, -Dfile.encoding=UTF-8, -Duser.country=BR, -Duser.language=pt, -Duser.variant, -ea]
2026-08-21 00:34:08,989 [    316]   INFO - #c.i.p.i.b.AppStarter - args: 
2026-08-21 00:34:08,993 [    320]   INFO - #c.i.p.i.b.AppStarter - library path: /usr/java/packages/lib:/usr/lib64:/lib64:/lib:/usr/lib
2026-08-21 00:34:08,994 [    321]   INFO - #c.i.p.i.b.AppStarter - boot library path: /home/lucasalmeida/.gradle/caches/9.6.0/transforms/bea1b87427568a068e547fc0eae09392/transformed/ideaIC-2024.1/jbr/lib
2026-08-21 00:34:08,994 [    321]   INFO - #c.i.i.p.PluginManager - Module intellij.sh.python is not enabled because dependency intellij.python.community.impl is not available
Module intellij.groovy/ant is not enabled because dependency AntSupport is not available
Module intellij.qodana.jvm.swagger is not enabled because dependency com.intellij.swagger is not available
Module intellij.qodana.python is not enabled because dependency intellij.python is not available
Module intellij.qodana.php is not enabled because dependency com.jetbrains.php is not available
Module intellij.qodana.js is not enabled because dependency JavaScript is not available
Module intellij.qodana.inspectionKts.js is not enabled because dependency JavaScript is not available
Module intellij.qodana.go is not enabled because dependency intellij.go.coverage is not available
Module intellij.cwm.plugin.elevation is not enabled because dependency intellij.execution.process.elevation is not available
Module intellij.packageChecker.php is not enabled because dependency com.jetbrains.php is not available
Module intellij.packageChecker.python is not enabled because dependency intellij.python.community.impl is not available
Module intellij.packageChecker.javascript is not enabled because dependency JavaScript is not available
Module intellij.packageChecker.go is not enabled because dependency org.jetbrains.plugins.go is not available
2026-08-21 00:34:09,025 [    352]   INFO - #c.i.p.i.b.AppStarter - locale=pt_BR JNU=UTF-8 file.encoding=UTF-8
    idea.config.path=/home/lucasalmeida/Developer/DockerRunner/.intellijPlatform/sandbox/DockerRunner/IC-2024.1/config
    idea.system.path=/home/lucasalmeida/Developer/DockerRunner/.intellijPlatform/sandbox/DockerRunner/IC-2024.1/system
    idea.plugins.path=/home/lucasalmeida/Developer/DockerRunner/.intellijPlatform/sandbox/DockerRunner/IC-2024.1/plugins
    idea.log.path=/home/lucasalmeida/Developer/DockerRunner/.intellijPlatform/sandbox/DockerRunner/IC-2024.1/log
2026-08-21 00:34:09,034 [    361]   INFO - #c.i.p.i.b.AppStarter - CPU cores: 8; ForkJoinPool.commonPool: java.util.concurrent.ForkJoinPool@6b35dd8c[Running, parallelism = 7, size = 0, active = 0, running = 0, steals = 0, tasks = 0, submissions = 0]; factory: com.intellij.concurrency.IdeaForkJoinWorkerThreadFactory@49931ffe
2026-08-21 00:34:09,049 [    376]   INFO - #c.i.i.p.PluginManager - Loaded bundled plugins: IDEA CORE (241.14494.240), TextMate Bundles (241.14494.240), Images (241.14494.240), Copyright (241.14494.240), Emoji Picker (241.14494.240), EditorConfig (241.14494.240), IDE Services / Provisioner API (241.14494.240), Machine Learning in Search Everywhere (241.14494.240), YAML (241.14494.240), JetBrains maven model api classes (241.14494.240), JetBrains Repository Search (241.14494.240), Maven server api classes (241.14494.240), Markdown (241.14494.240), Terminal (241.14494.240), Mercurial (241.14494.240), Properties (241.14494.240), Gradle (241.14494.240), NetBeans Keymap (241.14494.240), JetBrains Marketplace Licensing (241.14494.240), com.intellij.dev (241.14494.240), Remote Execution Agent (241.14494.240), Shell Script (241.14494.240), HTML Tools (241.14494.240), Visual Studio Keymap (241.14494.240), Machine Learning Code Completion (241.14494.240), Toml (241.14494.240), WebP Support (241.14494.240), Performance Testing (241.14494.240), Grazie Lite (241.14494.240), Eclipse Keymap (241.14494.240), Perforce Helix Core (241.14494.240), GitLab (241.14494.240), IDE Features Trainer (241.14494.240), Java (241.14494.240), com.intellij.tracing.ide (241.14494.240), Java Bytecode Decompiler (241.14494.240), Java Stream Debugger (241.14494.240), Task Management (241.14494.240), GitHub (241.14494.240), JUnit (241.14494.240), Eclipse Interoperability (241.14494.240), IntelliLang (241.14494.240), Groovy (241.14494.240), JavaFX (241.14494.240), Turbo Complete (241.14494.240), Kotlin (241.14494.240-IJ), Gradle DSL API (241.14494.240), Java Internationalization (241.14494.240), UI Designer (241.14494.240), Bytecode Viewer (241.14494.240), Maven (241.14494.240), TestNG (241.14494.240), Code Coverage for Java (241.14494.240), Gradle-Java (241.14494.240), Gradle-Java-Analysis (241.14494.240), Gradle-Maven (241.14494.240), Java IDE Customization (241.14494.240), Settings Sync (241.14494.240), Git (241.14494.240), Qodana (241.14494.240), Configuration Script (241.14494.240), Shared Indexes (241.14494.240), Code With Me (241.14494.240), Subversion (241.14494.240), Package Checker (241.14494.240), Gradle Dependency Updater Implementation (241.14494.240), Async Profiler for IDE Performance Testing (241.14494.240)
2026-08-21 00:34:09,050 [    377]   INFO - #c.i.i.p.PluginManager - Loaded custom plugins: Docker Runner (1.0-SNAPSHOT)
2026-08-21 00:34:09,235 [    562]   INFO - c.i.p.i.IdeFingerprint - Calculated dependencies fingerprint in 38 ms (hash=1dqmj7b76yhkx, buildTime=1711602720, appVersion=IC-241.14494.240)
2026-08-21 00:34:09,304 [    631]   INFO - #c.i.o.v.n.p.FSRecords - VFS health-check enabled: first after 600000 ms, and each following 43200000 ms, wrap in RA: true
2026-08-21 00:34:09,386 [    713]   INFO - #c.i.a.o.PathMacrosImpl - Loaded path macros: {MAVEN_REPOSITORY=/home/lucasalmeida/.m2/repository}
2026-08-21 00:34:09,479 [    806]   INFO - #c.i.o.v.n.p.PersistentFSLoader - VFS uses 'fast' names enumerator (over mmapped file)
2026-08-21 00:34:09,501 [    828]   INFO - #c.i.o.v.n.p.PersistentFSLoader - VFS uses streamlined attributes storage (over mmapped file)
2026-08-21 00:34:09,504 [    831]   INFO - #c.i.o.v.n.p.PersistentFSLoader - VFS uses content storage over memory-mapped file, with compression algo: LZ4[ > 8000b ]
2026-08-21 00:34:09,561 [    888]   INFO - #c.i.i.p.ExpiredPluginsState - Plugins to skip: []
2026-08-21 00:34:09,653 [    980]   INFO - #c.i.o.v.n.p.PersistentFSLoader - VFS: impl (expected) version=846397, 95994 file records, 14 content blobs
2026-08-21 00:34:09,701 [   1028]   INFO - #c.i.o.v.n.p.FSRecordsImpl - VFS initialized: 231 ms, 0 failed attempts, 0 error(s) were recovered
2026-08-21 00:34:09,744 [   1071]   INFO - #c.i.o.v.i.l.NativeFileWatcherImpl - Starting file watcher: /home/lucasalmeida/.gradle/caches/9.6.0/transforms/bea1b87427568a068e547fc0eae09392/transformed/ideaIC-2024.1/bin/fsnotifier
2026-08-21 00:34:09,813 [   1140]   INFO - #c.i.o.v.i.l.NativeFileWatcherImpl - Native file watcher is operational.
2026-08-21 00:34:09,832 [   1159]   INFO - #c.i.o.v.n.p.FSRecordsImpl - VFS scanned: file-by-name index was populated
2026-08-21 00:34:10,062 [   1389]   INFO - #c.i.o.a.i.NonBlockingReadActionImpl - OTel monitoring for NonBlockingReadAction is enabled
2026-08-21 00:34:10,119 [   1446]   INFO - #o.j.i.BuiltInServerManager - built-in server started, port 63342
2026-08-21 00:34:10,242 [   1569]   INFO - #c.i.u.n.s.CertificateManager - Default SSL context initialized
2026-08-21 00:34:10,566 [   1893]   INFO - #c.i.p.i.m.GlobalMenuLinux - Start glib main loop in thread: GlobalMenuLinux loop
2026-08-21 00:34:10,575 [   1902]   INFO - #c.i.p.i.m.GlobalMenuLinux - Closed dbus-service 'com.canonical.AppMenu.Registrar'
2026-08-21 00:34:10,663 [   1990]   INFO - #c.i.i.s.p.i.SharedIndexMainZipStorage - Shared Indexes Storage is opened and empty
2026-08-21 00:34:10,669 [   1996]   WARN - #c.i.i.s.p.i.BundledSharedIndexProvider - Bundled shared index is not found at: /home/lucasalmeida/.gradle/caches/9.6.0/transforms/bea1b87427568a068e547fc0eae09392/transformed/ideaIC-2024.1/jdk-shared-indexes
2026-08-21 00:34:10,884 [   2211]   INFO - #c.i.o.a.i.ApplicationImpl - LONG VFS PROCESSING. Topic=BulkFileListener, offender=class com.intellij.history.integration.LocalHistoryEventDispatcher$LocalHistoryBulkFileListener, message=before, time=61ms
2026-08-21 00:34:11,071 [   2398]   INFO - #c.i.u.i.FileBasedIndexImpl - Indices to be built:FilenameIndex(v = 258)
2026-08-21 00:34:11,078 [   2405]   INFO - #c.i.u.i.FileBasedIndexImpl - Using nice flusher for indexes
2026-08-21 00:34:11,091 [   2418]   INFO - #c.i.u.i.IndexDataInitializer - Index data initialization done: 578 ms. Initialized indexes: [FilenameIndex, Trigram.Index, fileIncludes, IdIndex, FrameworkDetectionIndex, TodoIndex, filetypes, DomFileIndex, XmlTagNames, RelaxSymbolIndex, SchemaTypeInheritance, html5.custom.attributes.index, XmlNamespaces, json.file.root.values, java.auto.module.name, editorconfig.index.name, yaml.keys.name, HtmlTagIdIndex, java.source.module.name, xmlProperties, java.null.method.argument, java.fun.expression, JavaFxControllerClassIndex, javafx.id.name, bytecodeAnalysis, java.binary.plus.expression, javafx.custom.component, org.jetbrains.kotlin.idea.versions.KotlinJsMetadataVersionIndex, org.jetbrains.kotlin.idea.vfilefinder.KotlinJavaScriptMetaFileIndex, org.jetbrains.kotlin.idea.vfilefinder.KotlinMetadataFileIndex, org.jetbrains.kotlin.idea.versions.KotlinJvmMetadataVersionIndex, Stubs, org.jetbrains.kotlin.idea.vfilefinder.KotlinClassFileIndex, org.jetbrains.kotlin.idea.vfilefinder.KotlinPartialPackageNamesIndex, org.jetbrains.kotlin.idea.vfilefinder.KotlinMetadataFilePackageIndex, org.jetbrains.kotlin.idea.vfilefinder.KotlinModuleMappingIndex, org.jetbrains.kotlin.idea.vfilefinder.KotlinJvmModuleAnnotationsIndex, KotlinTopLevelCallableByPackageShortNameIndex, KotlinPackageSourcesMemberNamesIndex, KotlinTopLevelClassLikeDeclarationByPackageShortNameIndex, org.jetbrains.kotlin.idea.vfilefinder.KotlinStdlibIndex, org.jetbrains.kotlin.idea.vfilefinder.KotlinBuiltInsMetadataIndex, KotlinBinaryRootToPackageIndex, org.jetbrains.kotlin.idea.vfilefinder.KotlinShortClassNameFileIndex, org.jetbrains.kotlin.idea.vfilefinder.KlibMetaFileIndex, com.intellij.uiDesigner.FormClassIndex].
2026-08-21 00:34:11,368 [   2695]   INFO - #c.i.u.i.IndexDataInitializer - Index data initialization done: 276 ms. Initialized stub indexes: {gr.annot.method.name, KotlinProbablyNothingFunctionShortNameIndex, org.jetbrains.kotlin.idea.stubindex.KotlinFunctionShortNameIndex, gr.class.fqn.s, java.unnamed.class, org.jetbrains.kotlin.idea.stubindex.KotlinScriptFqnIndex, gr.annot.members, java.class.shortname, org.jetbrains.kotlin.idea.stubindex.KotlinTopLevelFunctionFqnNameIndex, java.class.extlist, java.field.name, gr.script.fqn.s, org.jetbrains.kotlin.idea.stubindex.KotlinExactPackagesIndex, KotlinTopLevelTypeAliasByPackageIndex, markdown.header.anchor, org.jetbrains.kotlin.idea.stubindex.KotlinSuperClassIndex, KotlinProbablyNothingPropertyShortNameIndex, KotlinExtensionsInObjectsByReceiverTypeIndex, org.jetbrains.kotlin.idea.stubindex.KotlinTypeAliasShortNameIndex, gr.method.name, gr.class.super, gr.anonymous.class, KotlinTopLevelExtensionsByReceiverTypeIndex, KotlinTopLevelPropertyByPackageIndex, gr.script.class, java.anonymous.baseref, KotlinTopLevelFunctionByPackageIndex, java.method.parameter.types, KotlinProbablyContractedFunctionShortNameIndex, KotlinFileFacadeClassByPackageIndex, org.jetbrains.kotlin.idea.stubindex.KotlinMultifileClassPartIndex, jvm.static.member.type, KotlinTypeAliasByExpansionShortNameIndex, org.jetbrains.kotlin.idea.stubindex.KotlinTopLevelClassByPackageIndex, org.jetbrains.kotlin.idea.stubindex.KotlinClassShortNameIndex, jvm.static.member.name, java.method.name, org.jetbrains.kotlin.idea.stubindex.KotlinAnnotationsIndex, org.jetbrains.kotlin.idea.stubindex.KotlinFullClassNameIndex, gr.field.name, java.annotations, org.jetbrains.kotlin.idea.stubindex.KotlinSubclassObjectNameIndex, org.jetbrains.kotlin.idea.stubindex.KotlinJvmNameAnnotationIndex, org.jetbrains.kotlin.idea.stubindex.KotlinTopLevelTypeAliasFqNameIndex, org.jetbrains.kotlin.idea.stubindex.KotlinFileFacadeShortNameIndex, kotlin.primeIndexKey, dom.namespaceKey, KotlinOverridableInternalMembersShortNameIndex, org.jetbrains.kotlin.idea.stubindex.KotlinInnerTypeAliasClassIdIndex, properties.index, markdown.header, org.jetbrains.kotlin.idea.stubindex.KotlinFileFacadeFqNameIndex, java.class.fqn, dom.elementClass, org.jetbrains.kotlin.idea.stubindex.KotlinTopLevelPropertyFqnNameIndex, org.jetbrains.kotlin.idea.stubindex.KotlinPropertyShortNameIndex, java.module.name, org.jetbrains.kotlin.idea.stubindex.KotlinFilePartClassIndex}.
2026-08-21 00:34:11,374 [   2701]   INFO - #c.i.u.i.StaleIndexesChecker - clearing stale id = 14503, path =  //home/lucasalmeida/Developer/DockerRunner/.intellijPlatform/sandbox/DockerRunner/IC-2024.1/config/workspace/3ICnp63d3eYvrnOzoHmiAnT1cH1.xml
2026-08-21 00:34:11,443 [   2770]   WARN - #c.i.i.u.l.LafManagerImpl - VersionControl.Log.Commit.rowHeight = null in LookAndFeelThemeAdapter; it may lead to performance degradation
2026-08-21 00:34:11,486 [   2813]   INFO - #c.i.o.v.n.p.d.e.DurableEnumeratorFactory - [enumerator.mmapped]: .valueHashToId (in memory) was filled (19 records)
2026-08-21 00:34:11,610 [   2937]   INFO - #c.i.p.s.StubUpdatingIndexStorage - Not updating IndexingStampInfo. inputId=14503,result=true
2026-08-21 00:34:11,987 [   3314]   INFO - #c.i.p.i.m.GlobalMenuLinux - created instance of GlobalMenuLinux for frame: com.intellij.openapi.wm.impl.IdeFrameImpl[frame0,0,0,1366x768,invalid,layout=java.awt.BorderLayout,title=,resizable,maximized,defaultCloseOperation=DO_NOTHING_ON_CLOSE,rootPane=com.intellij.openapi.wm.impl.IdeRootPane[,5,25,1356x738,invalid,layout=com.intellij.openapi.wm.impl.IdeRootPane$MyRootLayout,alignmentX=0.0,alignmentY=0.0,border=,flags=449,maximumSize=,minimumSize=,preferredSize=],rootPaneCheckingEnabled=true]
2026-08-21 00:34:12,160 [   3487]   INFO - #c.i.w.i.i.WorkspaceModelImpl - Load workspace model from cache in 326 ms
2026-08-21 00:34:12,254 [   3581]   INFO - #c.i.w.i.i.GlobalWorkspaceModel - Load global workspace model from cache in 38 ms
2026-08-21 00:34:12,388 [   3715]   INFO - #c.i.w.i.i.WorkspaceModelImpl - Project model updated silently to version 1 in 5 ms: Add module mapping
2026-08-21 00:34:12,656 [   3983]   INFO - #c.i.w.i.i.EntitiesOrphanageImpl - Update orphanage. 0 modules added
2026-08-21 00:34:12,676 [   4003]   INFO - #c.i.w.i.i.WorkspaceModelImpl - Project model updated to version 2 in 95 ms: Sync global entities with project: teste
2026-08-21 00:34:13,006 [   4333]   INFO - PerformancePlugin - Performance Plugin is in silent mode
2026-08-21 00:34:13,092 [   4419]   INFO - #c.i.p.c.ProjectCodeStyleSettingsManager - Initialized from default code style settings.
2026-08-21 00:34:13,237 [   4564]   INFO - #c.i.r.OsRegistryConfigProvider - Looking for 'enabled' value in [/etc/xdg/JetBrains/portForwarding/enabled, /etc/xdg/JetBrains/portForwarding/config.json, /home/lucasalmeida/.config/JetBrains/portForwarding/enabled, /home/lucasalmeida/.config/JetBrains/portForwarding/config.json, /home/lucasalmeida/.config/kdedefaults/JetBrains/portForwarding/enabled, /home/lucasalmeida/.config/kdedefaults/JetBrains/portForwarding/config.json, /etc/xdg/JetBrains/portForwarding/enabled, /etc/xdg/JetBrains/portForwarding/config.json, /usr/share/kde-settings/kde-profile/default/xdg/JetBrains/portForwarding/enabled, /usr/share/kde-settings/kde-profile/default/xdg/JetBrains/portForwarding/config.json]
2026-08-21 00:34:13,239 [   4566] SEVERE - #com.olezelelabs.dockerrunner.DockerComposeRunAction - `ActionUpdateThread.OLD_EDT` is deprecated and going to be removed soon. 'com.olezelelabs.dockerrunner.DockerComposeRunAction' must override `getActionUpdateThread` and chose EDT or BGT. See ActionUpdateThread javadoc. [Plugin: com.olezelelabs.dockerrunner]
com.intellij.diagnostic.PluginException: `ActionUpdateThread.OLD_EDT` is deprecated and going to be removed soon. 'com.olezelelabs.dockerrunner.DockerComposeRunAction' must override `getActionUpdateThread` and chose EDT or BGT. See ActionUpdateThread javadoc. [Plugin: com.olezelelabs.dockerrunner]
	at com.intellij.diagnostic.PluginProblemReporterImpl.createPluginExceptionByClass(PluginProblemReporterImpl.java:23)
	at com.intellij.diagnostic.PluginException.createByClass(PluginException.java:90)
	at com.intellij.diagnostic.PluginException.reportDeprecatedUsage(PluginException.java:125)
	at com.intellij.openapi.actionSystem.ActionUpdateThreadAware.getActionUpdateThread(ActionUpdateThreadAware.java:21)
	at com.intellij.openapi.actionSystem.AnAction.getActionUpdateThread(AnAction.java:199)
2026-08-21 00:34:13,240 [   4567]   INFO - #c.i.r.OsRegistryConfigProvider - OS provided value for 'enabled' is not found
2026-08-21 00:34:13,329 [   4656] SEVERE - #com.olezelelabs.dockerrunner.DockerComposeRunAction - IntelliJ IDEA 2024.1  Build #IC-241.14494.240
2026-08-21 00:34:13,331 [   4658] SEVERE - #com.olezelelabs.dockerrunner.DockerComposeRunAction - JDK: 17.0.10; VM: OpenJDK 64-Bit Server VM; Vendor: JetBrains s.r.o.
2026-08-21 00:34:13,340 [   4667] SEVERE - #com.olezelelabs.dockerrunner.DockerComposeRunAction - OS: Linux
2026-08-21 00:34:13,341 [   4668] SEVERE - #com.olezelelabs.dockerrunner.DockerComposeRunAction - Plugin to blame: Docker Runner version: 1.0-SNAPSHOT
2026-08-21 00:34:13,342 [   4669] SEVERE - #com.olezelelabs.dockerrunner.DockerComposeRunAction - Last Action: 
2026-08-21 00:34:13,919 [   5246]   INFO - #c.i.o.p.MergingQueueGuiExecutor - Running task: (dumb mode task) com.intellij.openapi.project.InitialDumbTaskRequiredForSmartMode@3c89085e
2026-08-21 00:34:13,928 [   5255]   INFO - #c.i.o.p.DumbServiceMergingTaskQueue - Initializing DumbServiceMergingTaskQueue...
2026-08-21 00:34:13,936 [   5263]   INFO - #c.i.o.p.DumbServiceMergingTaskQueue - Running initialization condition: com.intellij.indexing.shared.download.SharedIndexDownloadedCondition@565ec02c
2026-08-21 00:34:13,942 [   5269]   INFO - #c.i.o.p.DumbServiceMergingTaskQueue - Finished: com.intellij.indexing.shared.download.SharedIndexDownloadedCondition@565ec02c
2026-08-21 00:34:13,964 [   5291]   INFO - #c.i.o.p.InitialDumbTaskRequiredForSmartMode - Running task required for smart mode: com.intellij.indexing.shared.platform.impl.OnDiskSharedIndexChunkLocator@4539fe64
2026-08-21 00:34:13,994 [   5321]   INFO - #c.i.o.p.InitialDumbTaskRequiredForSmartMode - Finished task required for smart mode: com.intellij.indexing.shared.platform.impl.OnDiskSharedIndexChunkLocator@4539fe64
2026-08-21 00:34:13,996 [   5323]   INFO - #c.i.o.p.InitialDumbTaskRequiredForSmartMode - Running task required for smart mode: com.intellij.util.indexing.ProjectFileBasedIndexStartupActivity@17fb3dad
2026-08-21 00:34:14,022 [   5349]   INFO - #c.i.u.i.p.IncrementalProjectIndexableFilesFilterHolder - IncrementalProjectIndexableFilesFilterFactory is chosen as indexable files filter factory for project: teste
2026-08-21 00:34:14,048 [   5375]   INFO - #c.i.o.p.InitialDumbTaskRequiredForSmartMode - Finished task required for smart mode: com.intellij.util.indexing.ProjectFileBasedIndexStartupActivity@17fb3dad
2026-08-21 00:34:14,049 [   5376]   INFO - #c.i.o.p.InitialDumbTaskRequiredForSmartMode - Running task required for smart mode: com.intellij.util.indexing.FileBasedIndexInfrastructureExtensionStartup@7c116b5c
2026-08-21 00:34:14,057 [   5384]   INFO - #c.i.o.p.InitialDumbTaskRequiredForSmartMode - Finished task required for smart mode: com.intellij.util.indexing.FileBasedIndexInfrastructureExtensionStartup@7c116b5c
2026-08-21 00:34:14,059 [   5386]   INFO - #c.i.o.p.InitialDumbTaskRequiredForSmartMode - Running task required for smart mode: com.intellij.externalDependencies.impl.CheckRequiredPluginsActivity@5197c5c4
2026-08-21 00:34:14,065 [   5392]   INFO - #c.i.o.p.InitialDumbTaskRequiredForSmartMode - Finished task required for smart mode: com.intellij.externalDependencies.impl.CheckRequiredPluginsActivity@5197c5c4
2026-08-21 00:34:14,066 [   5393]   INFO - #c.i.o.p.InitialDumbTaskRequiredForSmartMode - Running task required for smart mode: com.intellij.util.indexing.DumbModeWhileScanningSubscriber@620b8204
2026-08-21 00:34:14,085 [   5412]   INFO - #c.i.o.p.InitialDumbTaskRequiredForSmartMode - Finished task required for smart mode: com.intellij.util.indexing.DumbModeWhileScanningSubscriber@620b8204
2026-08-21 00:34:14,087 [   5414]   INFO - #c.i.o.p.InitialDumbTaskRequiredForSmartMode - Running task required for smart mode: com.intellij.ide.projectWizard.generators.SdkPreIndexingRequiredForSmartModeActivity@6e5f1ead
2026-08-21 00:34:14,096 [   5423]   INFO - #c.i.o.p.InitialDumbTaskRequiredForSmartMode - Finished task required for smart mode: com.intellij.ide.projectWizard.generators.SdkPreIndexingRequiredForSmartModeActivity@6e5f1ead
2026-08-21 00:34:14,097 [   5424]   INFO - #c.i.o.p.MergingQueueGuiExecutor - Task finished: (dumb mode task) com.intellij.openapi.project.InitialDumbTaskRequiredForSmartMode@3c89085e
2026-08-21 00:34:14,350 [   5677]   INFO - #c.i.u.i.ManagedPersistentCache - created persistent map persistent-code-vision-teste-2473fa2c with size 0
2026-08-21 00:34:14,352 [   5679]   INFO - #c.i.u.i.ManagedPersistentCache - created persistent map persistent-markup-teste-2473fa2c with size 2
2026-08-21 00:34:14,354 [   5681]   INFO - #c.i.u.i.ManagedPersistentCache - created persistent map persistent-folding-teste-2473fa2c with size 1
2026-08-21 00:34:14,354 [   5681]   INFO - #c.i.u.i.ManagedPersistentCache - created persistent map persistent-parameter-hints-teste-2473fa2c with size 0
2026-08-21 00:34:14,357 [   5684]   INFO - #c.i.u.i.ManagedPersistentCache - created persistent map persistent-declarative-hints-teste-2473fa2c with size 0
2026-08-21 00:34:14,714 [   6041]   INFO - #c.j.r.f.FollowMeManager - Register new user (name: 'lucasalmeida', client id: Host)
2026-08-21 00:34:14,805 [   6132]   INFO - #c.i.o.a.i.ActionUpdater - 609 ms to grab EDT for DockerComposeRunAction#presentation@NavBarToolbar (com.olezelelabs.dockerrunner.DockerComposeRunAction)
2026-08-21 00:34:14,906 [   6233]   INFO - #c.i.o.a.i.ActionUpdater - 320 ms to grab EDT for ToolWindowHeader$2#children@ToolwindowTitle (com.intellij.toolWindow.ToolWindowHeader$2)
2026-08-21 00:34:14,973 [   6300]   INFO - #c.i.o.p.MergingQueueGuiExecutor - Running task: (dumb mode task) com.intellij.util.indexing.UnindexedFilesScanner$2@70da926f
2026-08-21 00:34:14,978 [   6305]   INFO - #c.i.o.p.MergingQueueGuiExecutor - Task finished: (dumb mode task) com.intellij.util.indexing.UnindexedFilesScanner$2@70da926f
2026-08-21 00:34:14,979 [   6306]   INFO - #c.i.o.p.MergingQueueGuiExecutor - Running task: UnindexedFilesScanner[teste]
2026-08-21 00:34:15,160 [   6487]   INFO - #c.i.u.i.UnindexedFilesScanner - Started scanning for indexing of teste. Reason: On project open
2026-08-21 00:34:15,171 [   6498]   INFO - #c.i.u.i.UnindexedFilesScanner - Performing delayed pushing properties tasks for teste took 7ms; general responsiveness: ok; EDT responsiveness: ok
2026-08-21 00:34:15,223 [   6550]   INFO - #c.i.u.i.d.AppIndexingDependenciesService - Invalidating all indexing flags. Reason: App fingerprint changed: FingerprintImpl(fingerprint=-5797748943386249962) to FingerprintImpl(fingerprint=6546812100776378241)
2026-08-21 00:34:15,254 [   6581]   INFO - #c.i.u.i.UnindexedFilesScanner - Scanning of teste uses 7 scanning threads
2026-08-21 00:34:16,064 [   7391]   INFO - #c.i.o.a.i.ActionUpdater - 1156 ms to grab EDT for DockToolWindowAction#presentation@ToolwindowTitle (com.intellij.openapi.wm.impl.DockToolWindowAction)
2026-08-21 00:34:16,065 [   7392]   INFO - #c.i.o.a.i.ActionUpdater - 1151 ms to grab EDT for ExpandAllAction#presentation@ToolwindowTitle (com.intellij.ide.actions.ExpandAllAction)
2026-08-21 00:34:16,066 [   7393]   INFO - #c.i.o.a.i.ActionUpdater - 1152 ms to grab EDT for CollapseAllAction#presentation@ToolwindowTitle (com.intellij.ide.actions.CollapseAllAction)
2026-08-21 00:34:16,096 [   7423]   INFO - #c.i.o.p.DumbServiceImpl - exit dumb mode [teste]
2026-08-21 00:34:17,486 [   8813]   WARN - #c.i.o.a.i.ActionUpdater - 1117 ms to call on BGT ExecutorRegistryImpl$ExecutorAction#presentation@NavBarToolbar (com.intellij.execution.ExecutorRegistryImpl$ExecutorAction(id=Debug))
2026-08-21 00:34:17,487 [   8814]   WARN - #c.i.o.a.i.ActionUpdater - 1141 ms to call on BGT ExecutorRegistryImpl$ExecutorAction#presentation@NavBarToolbar (com.intellij.execution.ExecutorRegistryImpl$ExecutorAction(id=Run))
2026-08-21 00:34:17,518 [   8845]   WARN - #c.i.o.a.i.ActionUpdater - 3781 ms total to grab EDT 4 times to expand ToolWindowHeader$2@ToolwindowTitle (com.intellij.toolWindow.ToolWindowHeader$2). Use `ActionUpdateThread.BGT`.
2026-08-21 00:34:17,787 [   9114]   INFO - #c.i.o.u.i.UpdateCheckerService - channel: release
2026-08-21 00:34:17,890 [   9217]   INFO - #c.i.o.a.i.ActionUpdater - 369 ms to grab EDT for ToolWindowHeader$2#children@ToolwindowTitle (com.intellij.toolWindow.ToolWindowHeader$2)
2026-08-21 00:34:17,891 [   9218]   INFO - #c.i.o.a.i.ActionUpdater - 369 ms to grab EDT for DockerComposeRunAction#presentation@NavBarToolbar (com.olezelelabs.dockerrunner.DockerComposeRunAction)
2026-08-21 00:34:17,897 [   9224]   INFO - #c.i.o.a.i.ActionUpdater - 323 ms to grab EDT for FontEditorPreview$RestorePreviewTextAction#presentation@ContextToolbar (com.intellij.application.options.colors.FontEditorPreview$RestorePreviewTextAction)
2026-08-21 00:34:17,899 [   9226]   INFO - #c.i.o.a.i.ActionUpdater - 329 ms to grab EDT for FontEditorPreview$ToggleBoldFontAction#presentation@ContextToolbar (com.intellij.application.options.colors.FontEditorPreview$ToggleBoldFontAction)
2026-08-21 00:34:18,199 [   9526]   INFO - #c.i.o.e.s.p.m.ExternalProjectsDataStorage - Load external projects data in 2 millis (read time: 2)
2026-08-21 00:34:18,295 [   9622] SEVERE - #c.i.c.ComponentStoreImpl - Cannot init component state (componentName=GradleJvmSupportMatrix, componentClass=GradleJvmSupportMatrix) [Plugin: com.intellij.gradle]
com.intellij.diagnostic.PluginException: Cannot init component state (componentName=GradleJvmSupportMatrix, componentClass=GradleJvmSupportMatrix) [Plugin: com.intellij.gradle]
	at com.intellij.configurationStore.ComponentStoreImpl.initComponent(ComponentStoreImpl.kt:181)
	at com.intellij.configurationStore.ComponentStoreWithExtraComponents.initComponent(ComponentStoreWithExtraComponents.kt:44)
	at com.intellij.serviceContainer.ComponentManagerImpl.initializeService$intellij_platform_serviceContainer(ComponentManagerImpl.kt:659)
	at com.intellij.serviceContainer.ServiceInstanceInitializer.createInstance$suspendImpl(ServiceInstanceInitializer.kt:70)
	at com.intellij.serviceContainer.ServiceInstanceInitializer.createInstance(ServiceInstanceInitializer.kt)
	at com.intellij.platform.instanceContainer.internal.LazyInstanceHolder$initialize$1$1.invokeSuspend(LazyInstanceHolder.kt:162)
	at com.intellij.platform.instanceContainer.internal.LazyInstanceHolder$initialize$1$1.invoke(LazyInstanceHolder.kt)
	at com.intellij.platform.instanceContainer.internal.LazyInstanceHolder$initialize$1$1.invoke(LazyInstanceHolder.kt)
	at kotlinx.coroutines.intrinsics.UndispatchedKt.startUndispatchedOrReturn(Undispatched.kt:78)
	at kotlinx.coroutines.BuildersKt__Builders_commonKt.withContext(Builders.common.kt:167)
	at kotlinx.coroutines.BuildersKt.withContext(Unknown Source)
	at com.intellij.platform.instanceContainer.internal.LazyInstanceHolder$initialize$1.invokeSuspend(LazyInstanceHolder.kt:160)
	at com.intellij.platform.instanceContainer.internal.LazyInstanceHolder$initialize$1.invoke(LazyInstanceHolder.kt)
	at com.intellij.platform.instanceContainer.internal.LazyInstanceHolder$initialize$1.invoke(LazyInstanceHolder.kt)
	at kotlinx.coroutines.intrinsics.UndispatchedKt.startCoroutineUndispatched(Undispatched.kt:44)
	at kotlinx.coroutines.CoroutineStart.invoke(CoroutineStart.kt:112)
	at kotlinx.coroutines.AbstractCoroutine.start(AbstractCoroutine.kt:126)
	at kotlinx.coroutines.BuildersKt__Builders_commonKt.launch(Builders.common.kt:56)
	at kotlinx.coroutines.BuildersKt.launch(Unknown Source)
	at com.intellij.platform.instanceContainer.internal.LazyInstanceHolder.initialize(LazyInstanceHolder.kt:145)
	at com.intellij.platform.instanceContainer.internal.LazyInstanceHolder.access$initialize(LazyInstanceHolder.kt:13)
	at com.intellij.platform.instanceContainer.internal.LazyInstanceHolder.tryInitialize(LazyInstanceHolder.kt:135)
	at com.intellij.platform.instanceContainer.internal.LazyInstanceHolder.getInstance(LazyInstanceHolder.kt:95)
	at com.intellij.platform.instanceContainer.internal.LazyInstanceHolder.getInstanceInCallerContext$suspendImpl(LazyInstanceHolder.kt:87)
	at com.intellij.platform.instanceContainer.internal.LazyInstanceHolder.getInstanceInCallerContext(LazyInstanceHolder.kt)
	at com.intellij.serviceContainer.ComponentManagerImplKt$getOrCreateInstanceBlocking$3.invokeSuspend(ComponentManagerImpl.kt:1548)
	at kotlin.coroutines.jvm.internal.BaseContinuationImpl.resumeWith(ContinuationImpl.kt:33)
	at kotlinx.coroutines.DispatchedTask.run(DispatchedTask.kt:108)
	at kotlinx.coroutines.EventLoopImplBase.processNextEvent(EventLoop.common.kt:280)
	at kotlinx.coroutines.BlockingCoroutine.joinBlocking(Builders.kt:85)
	at kotlinx.coroutines.BuildersKt__BuildersKt.runBlocking(Builders.kt:59)
	at kotlinx.coroutines.BuildersKt.runBlocking(Unknown Source)
	at com.intellij.serviceContainer.ComponentManagerImplKt$runBlockingInitialization$1.invoke(ComponentManagerImpl.kt:1636)
	at com.intellij.serviceContainer.ComponentManagerImplKt$runBlockingInitialization$1.invoke(ComponentManagerImpl.kt:1627)
	at com.intellij.openapi.progress.ContextKt.prepareThreadContext(context.kt:80)
	at com.intellij.serviceContainer.ComponentManagerImplKt.runBlockingInitialization(ComponentManagerImpl.kt:1627)
	at com.intellij.serviceContainer.ComponentManagerImplKt.getOrCreateInstanceBlocking(ComponentManagerImpl.kt:1547)
	at com.intellij.serviceContainer.ComponentManagerImpl.doGetService(ComponentManagerImpl.kt:754)
	at com.intellij.serviceContainer.ComponentManagerImpl.getService(ComponentManagerImpl.kt:698)
	at org.jetbrains.plugins.gradle.jvmcompat.GradleJvmSupportMatrix$Companion.getInstance(GradleJvmSupportMatrix.kt:224)
	at org.jetbrains.plugins.gradle.jvmcompat.GradleCompatibilitySupportUpdater.<init>(GradleCompatibilitySupportUpdater.kt:14)
	at com.intellij.platform.instanceContainer.instantiation.InstantiateKt$instantiate$2.invoke(instantiate.kt:45)
	at com.intellij.platform.instanceContainer.instantiation.InstantiateKt$instantiate$2.invoke(instantiate.kt:42)
	at com.intellij.platform.instanceContainer.instantiation.InstantiateKt.instantiate(instantiate.kt:308)
	at com.intellij.platform.instanceContainer.instantiation.InstantiateKt.instantiate(instantiate.kt:42)
	at com.intellij.serviceContainer.ServiceInstanceInitializer.createInstance$suspendImpl(ServiceInstanceInitializer.kt:31)
	at com.intellij.serviceContainer.ServiceInstanceInitializer.createInstance(ServiceInstanceInitializer.kt)
	at com.intellij.platform.instanceContainer.internal.LazyInstanceHolder$initialize$1$1.invokeSuspend(LazyInstanceHolder.kt:162)
	at com.intellij.platform.instanceContainer.internal.LazyInstanceHolder$initialize$1$1.invoke(LazyInstanceHolder.kt)
	at com.intellij.platform.instanceContainer.internal.LazyInstanceHolder$initialize$1$1.invoke(LazyInstanceHolder.kt)
	at kotlinx.coroutines.intrinsics.UndispatchedKt.startUndispatchedOrReturn(Undispatched.kt:78)
	at kotlinx.coroutines.BuildersKt__Builders_commonKt.withContext(Builders.common.kt:167)
	at kotlinx.coroutines.BuildersKt.withContext(Unknown Source)
	at com.intellij.platform.instanceContainer.internal.LazyInstanceHolder$initialize$1.invokeSuspend(LazyInstanceHolder.kt:160)
	at com.intellij.platform.instanceContainer.internal.LazyInstanceHolder$initialize$1.invoke(LazyInstanceHolder.kt)
	at com.intellij.platform.instanceContainer.internal.LazyInstanceHolder$initialize$1.invoke(LazyInstanceHolder.kt)
	at kotlinx.coroutines.intrinsics.UndispatchedKt.startCoroutineUndispatched(Undispatched.kt:44)
	at kotlinx.coroutines.CoroutineStart.invoke(CoroutineStart.kt:112)
	at kotlinx.coroutines.AbstractCoroutine.start(AbstractCoroutine.kt:126)
	at kotlinx.coroutines.BuildersKt__Builders_commonKt.launch(Builders.common.kt:56)
	at kotlinx.coroutines.BuildersKt.launch(Unknown Source)
	at com.intellij.platform.instanceContainer.internal.LazyInstanceHolder.initialize(LazyInstanceHolder.kt:145)
	at com.intellij.platform.instanceContainer.internal.LazyInstanceHolder.access$initialize(LazyInstanceHolder.kt:13)
	at com.intellij.platform.instanceContainer.internal.LazyInstanceHolder.tryInitialize(LazyInstanceHolder.kt:135)
	at com.intellij.platform.instanceContainer.internal.LazyInstanceHolder.getInstance(LazyInstanceHolder.kt:95)
	at com.intellij.platform.instanceContainer.internal.LazyInstanceHolder.getInstance$suspendImpl(LazyInstanceHolder.kt:83)
	at com.intellij.platform.instanceContainer.internal.LazyInstanceHolder.getInstance(LazyInstanceHolder.kt)
	at com.intellij.platform.instanceContainer.internal.InstanceContainerImpl.instance(InstanceContainerImpl.kt:68)
	at com.intellij.serviceContainer.ComponentManagerImpl.getServiceAsync(ComponentManagerImpl.kt:702)
	at org.jetbrains.plugins.gradle.service.project.GradleVersionUpdateStartupActivity.execute(GradleVersionUpdateStartupActivity.kt:26)
	at com.intellij.ide.startup.impl.StartupManagerImplKt$launchActivity$1.invokeSuspend(StartupManagerImpl.kt:473)
	at kotlin.coroutines.jvm.internal.BaseContinuationImpl.resumeWith(ContinuationImpl.kt:33)
	at kotlinx.coroutines.DispatchedTask.run(DispatchedTask.kt:108)
	at kotlinx.coroutines.scheduling.CoroutineScheduler.runSafely(CoroutineScheduler.kt:584)
	at kotlinx.coroutines.scheduling.CoroutineScheduler$Worker.executeTask(CoroutineScheduler.kt:793)
	at kotlinx.coroutines.scheduling.CoroutineScheduler$Worker.runWorker(CoroutineScheduler.kt:697)
	at kotlinx.coroutines.scheduling.CoroutineScheduler$Worker.run(CoroutineScheduler.kt:684)
Caused by: java.lang.IllegalArgumentException: 25
	at com.intellij.util.lang.JavaVersion.parse(JavaVersion.java:307)
	at org.jetbrains.plugins.gradle.jvmcompat.GradleJvmSupportMatrix$getCompatibilityRanges$1$javaRange$1.invoke(GradleJvmSupportMatrix.kt:44)
	at org.jetbrains.plugins.gradle.jvmcompat.GradleJvmSupportMatrix$getCompatibilityRanges$1$javaRange$1.invoke(GradleJvmSupportMatrix.kt:44)
	at org.jetbrains.plugins.gradle.jvmcompat.IdeVersionedDataParser$Companion.parseVersion(IdeVersionedDataParser.kt:21)
	at org.jetbrains.plugins.gradle.jvmcompat.IdeVersionedDataParser$Companion.parseRange(IdeVersionedDataParser.kt:31)
	at org.jetbrains.plugins.gradle.jvmcompat.GradleJvmSupportMatrix.getCompatibilityRanges(GradleJvmSupportMatrix.kt:44)
	at org.jetbrains.plugins.gradle.jvmcompat.GradleJvmSupportMatrix.applyState(GradleJvmSupportMatrix.kt:28)
	at org.jetbrains.plugins.gradle.jvmcompat.GradleJvmSupportMatrix.onStateChanged(GradleJvmSupportMatrix.kt:50)
	at org.jetbrains.plugins.gradle.jvmcompat.GradleJvmSupportMatrix.onStateChanged(GradleJvmSupportMatrix.kt:13)
	at org.jetbrains.plugins.gradle.jvmcompat.IdeVersionedDataStorage.loadState(IdeVersionedDataStorage.kt:38)
	at org.jetbrains.plugins.gradle.jvmcompat.IdeVersionedDataStorage.loadState(IdeVersionedDataStorage.kt:7)
	at com.intellij.configurationStore.ComponentStoreImpl.doInitComponent(ComponentStoreImpl.kt:587)
	at com.intellij.configurationStore.ComponentStoreImpl.initComponent(ComponentStoreImpl.kt:487)
	at com.intellij.configurationStore.ComponentStoreImpl.initComponent(ComponentStoreImpl.kt:156)
	... 76 more
2026-08-21 00:34:18,308 [   9635] SEVERE - #c.i.c.ComponentStoreImpl - IntelliJ IDEA 2024.1  Build #IC-241.14494.240
2026-08-21 00:34:18,309 [   9636] SEVERE - #c.i.c.ComponentStoreImpl - JDK: 17.0.10; VM: OpenJDK 64-Bit Server VM; Vendor: JetBrains s.r.o.
2026-08-21 00:34:18,309 [   9636] SEVERE - #c.i.c.ComponentStoreImpl - OS: Linux
2026-08-21 00:34:18,311 [   9638] SEVERE - #c.i.c.ComponentStoreImpl - Last Action: 
2026-08-21 00:34:18,477 [   9804]   INFO - #c.i.o.p.SmartModeScheduler - Post-startup activity executed. Current mode: 5
2026-08-21 00:34:18,547 [   9874]   INFO - #c.i.i.s.IdeStartupScripts - 0 startup script(s) found
2026-08-21 00:34:18,549 [   9876]   INFO - #c.i.d.PerformanceWatcherImpl - Post-startup activities under progress took 465ms; general responsiveness: ok; EDT responsiveness: ok
2026-08-21 00:34:19,117 [  10444]   INFO - #c.i.c.CompilerWorkspaceConfiguration - Available processors: 8
2026-08-21 00:34:22,154 [  13481] SEVERE - #com.olezelelabs.dockerrunner.DockerComposeRunAction - `ActionUpdateThread.OLD_EDT` is deprecated and going to be removed soon. 'com.olezelelabs.dockerrunner.DockerComposeRunAction' must override `getActionUpdateThread` and chose EDT or BGT. See ActionUpdateThread javadoc. [Plugin: com.olezelelabs.dockerrunner]
com.intellij.diagnostic.PluginException: `ActionUpdateThread.OLD_EDT` is deprecated and going to be removed soon. 'com.olezelelabs.dockerrunner.DockerComposeRunAction' must override `getActionUpdateThread` and chose EDT or BGT. See ActionUpdateThread javadoc. [Plugin: com.olezelelabs.dockerrunner]
	at com.intellij.diagnostic.PluginProblemReporterImpl.createPluginExceptionByClass(PluginProblemReporterImpl.java:23)
	at com.intellij.diagnostic.PluginException.createByClass(PluginException.java:90)
	at com.intellij.diagnostic.PluginException.reportDeprecatedUsage(PluginException.java:125)
	at com.intellij.openapi.actionSystem.ActionUpdateThreadAware.getActionUpdateThread(ActionUpdateThreadAware.java:21)
	at com.intellij.openapi.actionSystem.AnAction.getActionUpdateThread(AnAction.java:199)
2026-08-21 00:34:22,156 [  13483] SEVERE - #com.olezelelabs.dockerrunner.DockerComposeRunAction - IntelliJ IDEA 2024.1  Build #IC-241.14494.240
2026-08-21 00:34:22,157 [  13484] SEVERE - #com.olezelelabs.dockerrunner.DockerComposeRunAction - JDK: 17.0.10; VM: OpenJDK 64-Bit Server VM; Vendor: JetBrains s.r.o.
2026-08-21 00:34:22,157 [  13484] SEVERE - #com.olezelelabs.dockerrunner.DockerComposeRunAction - OS: Linux
2026-08-21 00:34:22,157 [  13484] SEVERE - #com.olezelelabs.dockerrunner.DockerComposeRunAction - Plugin to blame: Docker Runner version: 1.0-SNAPSHOT
2026-08-21 00:34:22,159 [  13486] SEVERE - #com.olezelelabs.dockerrunner.DockerComposeRunAction - Last Action: 
2026-08-21 00:34:22,294 [  13621]   INFO - #c.i.w.i.i.j.s.JpsGlobalModelSynchronizerImpl - Loading global entities com.intellij.platform.workspace.jps.entities.SdkEntity from files
2026-08-21 00:34:22,316 [  13643]   INFO - #c.i.w.i.i.j.s.JpsGlobalModelSynchronizerImpl - Loading global entities com.intellij.platform.workspace.jps.entities.LibraryEntity from files
2026-08-21 00:34:22,483 [  13810]   INFO - #c.i.u.i.UnindexedFilesScanner - Scanning completed for teste. Number of scanned files: 42583; number of files for indexing: 0 took 7308ms; general responsiveness: 1/12 sluggish, 9/12 very slow; EDT responsiveness: 0/4 sluggish, 1/4 very slow
2026-08-21 00:34:22,484 [  13811]   INFO - #c.i.o.p.InitialVfsRefreshService - 2473fa2c: marking roots for initial VFS refresh
2026-08-21 00:34:22,485 [  13812]   INFO - #c.i.u.i.PerProjectIndexingQueue - Finished for teste. No files to index with loading content.
2026-08-21 00:34:22,487 [  13814]   INFO - #c.i.o.p.InitialVfsRefreshService - 2473fa2c: starting initial VFS refresh of 4 roots
2026-08-21 00:34:22,501 [  13828]   INFO - #c.i.o.p.MergingQueueGuiExecutor - Task finished: UnindexedFilesScanner[teste]
2026-08-21 00:34:23,658 [  14985]   INFO - #o.j.j.b.i.CompilerReferenceIndex - backward reference index version doesn't exist
2026-08-21 00:34:23,665 [  14992]   INFO - #c.i.c.b.IsUpToDateCheckStartupActivity - suitable consumer is not found
2026-08-21 00:34:23,707 [  15034]   INFO - #c.i.w.i.i.GlobalWorkspaceModel - Sync global entities with mutable entity storage
2026-08-21 00:34:23,717 [  15044]   INFO - #c.i.w.i.i.j.s.JpsProjectModelSynchronizer - Attempt 1: Apply JPS storage (iml files)
2026-08-21 00:34:25,662 [  16989]   INFO - #c.i.w.i.i.EntitiesOrphanageImpl - Update orphanage. 0 modules added
2026-08-21 00:34:25,666 [  16993]   INFO - #c.i.w.i.i.WorkspaceModelImpl - Project model updated to version 3 in 6 ms: Sync global entities with project: teste
2026-08-21 00:34:25,667 [  16994]   INFO - #c.i.w.i.i.GlobalWorkspaceModel - Global model updated to version 2 in 12 ms: Sync global entities with state
2026-08-21 00:34:25,678 [  17005]   INFO - #c.i.w.i.i.j.s.JpsProjectModelSynchronizer - Attempt 2: Apply JPS storage (iml files)
2026-08-21 00:34:25,683 [  17010]   INFO - #c.i.o.p.InitialVfsRefreshService - 2473fa2c: initial VFS refresh finished in 3194 ms
2026-08-21 00:34:25,685 [  17012]   INFO - #c.i.w.i.i.EntitiesOrphanageImpl - Update orphanage. 0 modules added
2026-08-21 00:34:25,689 [  17016]   INFO - #c.i.w.i.i.j.s.JpsProjectModelSynchronizer - Attempt 2: Changes were successfully applied
2026-08-21 00:34:25,693 [  17020]   INFO - #c.i.w.i.i.j.s.DelayedProjectSynchronizer$Util - Workspace model loaded from cache. Syncing real project state into workspace model in 2124 ms. Thread[DefaultDispatcher-worker-38 @run activity#4952,5,main]
2026-08-21 00:34:25,946 [  17273]   INFO - #c.i.w.i.i.j.s.JpsGlobalModelSynchronizerImpl - Saving global entities com.intellij.platform.workspace.jps.entities.SdkEntity to files
2026-08-21 00:34:25,962 [  17289]   INFO - #c.i.w.i.i.j.s.JpsGlobalModelSynchronizerImpl - Saving global entities com.intellij.platform.workspace.jps.entities.LibraryEntity to files
2026-08-21 00:34:26,424 [  17751]   INFO - #c.i.c.ComponentStoreImpl - Saving appFileTypeManager took 14 ms
2026-08-21 00:34:26,952 [  18279]   WARN - #c.i.u.x.Binding - No accessors for org.jetbrains.kotlin.cli.common.arguments.InternalArgument. This means that state class cannot be serialized properly. Please see https://jb.gg/ij-psoc
2026-08-21 00:34:27,069 [  18396]   INFO - #c.i.c.ComponentStoreImpl - Saving Project(name=teste, containerState=COMPONENT_CREATED, componentStore=/home/lucasalmeida/IdeaProjects/teste)DynamicElementsStorage took 25 ms, GradleSettings took 14 ms, Kotlin2JvmCompilerArguments took 13 ms, RunManager took 64 ms
2026-08-21 00:34:27,070 [  18397]   INFO - #c.i.o.c.i.s.StoreUtil - saveProjectsAndApp took 1128 ms
2026-08-21 00:34:53,664 [  44991]   INFO - #c.j.r.p.c.CodeWithMeCleanup - running activity to cleanup old thin clients... Root path is '/home/lucasalmeida/.cache/JetBrains'. JvmStartTimeMs=1787283247949
2026-08-21 00:34:53,666 [  44993]   INFO - #c.j.r.p.c.CodeWithMeCleanup - found 0 Code With Me client system folders to check
2026-08-21 00:34:53,668 [  44995]   INFO - #c.j.r.p.c.CodeWithMeCleanup - found 0 Code With Me client config folders to check
2026-08-21 00:34:53,669 [  44996]   INFO - #c.j.r.p.c.CodeWithMeCleanup - keep only [] major versions
2026-08-21 00:34:53,669 [  44996]   INFO - #c.j.r.p.c.CodeWithMeCleanup - Starting the logs folder cleanup. Path: /home/lucasalmeida/Developer/DockerRunner/.intellijPlatform/sandbox/DockerRunner/IC-2024.1/log
2026-08-21 00:34:53,671 [  44998]   INFO - #c.i.r.OsRegistryConfigProvider - Looking for 'versionManagementEnabled' value in [/etc/xdg/JetBrains/JetBrainsClient/versionManagementEnabled, /etc/xdg/JetBrains/JetBrainsClient/config.json, /home/lucasalmeida/.config/JetBrains/JetBrainsClient/versionManagementEnabled, /home/lucasalmeida/.config/JetBrains/JetBrainsClient/config.json, /home/lucasalmeida/.config/kdedefaults/JetBrains/JetBrainsClient/versionManagementEnabled, /home/lucasalmeida/.config/kdedefaults/JetBrains/JetBrainsClient/config.json, /etc/xdg/JetBrains/JetBrainsClient/versionManagementEnabled, /etc/xdg/JetBrains/JetBrainsClient/config.json, /usr/share/kde-settings/kde-profile/default/xdg/JetBrains/JetBrainsClient/versionManagementEnabled, /usr/share/kde-settings/kde-profile/default/xdg/JetBrains/JetBrainsClient/config.json]
2026-08-21 00:34:53,672 [  44999]   INFO - #c.i.r.OsRegistryConfigProvider - OS provided value for 'versionManagementEnabled' is not found
2026-08-21 00:34:56,980 [  48307]   INFO - #c.i.w.i.i.j.s.JpsGlobalModelSynchronizerImpl - Saving global entities com.intellij.platform.workspace.jps.entities.SdkEntity to files
2026-08-21 00:34:56,983 [  48310]   INFO - #c.i.w.i.i.j.s.JpsGlobalModelSynchronizerImpl - Saving global entities com.intellij.platform.workspace.jps.entities.LibraryEntity to files
2026-08-21 00:34:57,019 [  48346]   INFO - #c.i.c.ComponentStoreImpl - Saving appCodeFoldingSettings took 13 ms
2026-08-21 00:34:57,876 [  49203]   INFO - #c.i.w.i.i.j.s.JpsGlobalModelSynchronizerImpl - Saving global entities com.intellij.platform.workspace.jps.entities.SdkEntity to files
2026-08-21 00:34:57,877 [  49204]   INFO - #c.i.w.i.i.j.s.JpsGlobalModelSynchronizerImpl - Saving global entities com.intellij.platform.workspace.jps.entities.LibraryEntity to files
2026-08-21 00:35:09,374 [  60701]   WARN - #c.i.u.x.Binding - No accessors for com.intellij.platform.feedback.impl.state.DontShowAgainFeedbackState. This means that state class cannot be serialized properly. Please see https://jb.gg/ij-psoc
2026-08-21 00:35:09,376 [  60703]   WARN - #c.i.u.x.Binding - No accessors for com.intellij.platform.feedback.impl.state.CommonFeedbackSurveysState. This means that state class cannot be serialized properly. Please see https://jb.gg/ij-psoc
2026-08-21 00:35:15,159 [  66486]   INFO - #c.i.u.g.s.GistStorageImpl - Cleaning old huge-gists dirs from [/home/lucasalmeida/Developer/DockerRunner/.intellijPlatform/sandbox/DockerRunner/IC-2024.1/system/caches/huge-gists] ...
2026-08-21 00:35:15,162 [  66489]   INFO - #c.i.u.g.s.GistStorageImpl - Cleaning old huge-gists dirs finished
2026-08-21 00:35:19,495 [  70822]   INFO - #c.i.w.i.i.j.s.JpsGlobalModelSynchronizerImpl - Saving global entities com.intellij.platform.workspace.jps.entities.SdkEntity to files
2026-08-21 00:35:19,502 [  70829]   INFO - #c.i.w.i.i.j.s.JpsGlobalModelSynchronizerImpl - Saving global entities com.intellij.platform.workspace.jps.entities.LibraryEntity to files
2026-08-21 00:35:19,550 [  70877]   INFO - #c.i.c.ComponentStoreImpl - Saving Project(name=teste, containerState=COMPONENT_CREATED, componentStore=/home/lucasalmeida/IdeaProjects/teste)KotlinCommonCompilerArguments took 15 ms
2026-08-21 00:35:28,506 [  79833]   INFO - #c.i.w.i.i.j.s.JpsGlobalModelSynchronizerImpl - Saving global entities com.intellij.platform.workspace.jps.entities.SdkEntity to files
2026-08-21 00:35:28,510 [  79837]   INFO - #c.i.w.i.i.j.s.JpsGlobalModelSynchronizerImpl - Saving global entities com.intellij.platform.workspace.jps.entities.LibraryEntity to files
2026-08-21 00:35:42,456 [  93783]   INFO - #o.j.j.m.j.i.JdkVersionDetectorImpl - /usr/lib/jvm/java/release
java.lang.IllegalArgumentException: "25.0.4"
	at com.intellij.util.lang.JavaVersion.parse(JavaVersion.java:307)
	at org.jetbrains.jps.model.java.impl.JdkVersionDetectorImpl.detectFromRelease(JdkVersionDetectorImpl.java:66)
	at org.jetbrains.jps.model.java.impl.JdkVersionDetectorImpl.detectJdkVersionInfo(JdkVersionDetectorImpl.java:41)
	at com.intellij.openapi.projectRoots.impl.SdkVersionUtil.getJdkVersionInfo(SdkVersionUtil.java:17)
	at com.intellij.openapi.projectRoots.impl.JavaSdkImpl.lambda$getInfo$14(JavaSdkImpl.java:426)
	at java.base/java.util.concurrent.ConcurrentHashMap.computeIfAbsent(ConcurrentHashMap.java:1708)
	at com.intellij.openapi.projectRoots.impl.JavaSdkImpl.getInfo(JavaSdkImpl.java:426)
	at com.intellij.openapi.projectRoots.impl.JavaSdkImpl.getVersionString(JavaSdkImpl.java:431)
	at com.intellij.ide.projectWizard.ProjectWizardJdkComboBox$addExistingJdks$detected$1.invoke(ProjectWizardJdkComboBox.kt:318)
	at com.intellij.ide.projectWizard.ProjectWizardJdkComboBox$addExistingJdks$detected$1.invoke(ProjectWizardJdkComboBox.kt:316)
	at com.intellij.openapi.progress.CoroutinesKt.blockingContextInner(coroutines.kt:320)
	at com.intellij.openapi.progress.CoroutinesKt.access$blockingContextInner(coroutines.kt:1)
	at com.intellij.openapi.progress.CoroutinesKt$blockingContext$2.invokeSuspend(coroutines.kt:197)
	at com.intellij.openapi.progress.CoroutinesKt$blockingContext$2.invoke(coroutines.kt)
	at com.intellij.openapi.progress.CoroutinesKt$blockingContext$2.invoke(coroutines.kt)
	at kotlinx.coroutines.intrinsics.UndispatchedKt.startUndispatchedOrReturn(Undispatched.kt:78)
	at kotlinx.coroutines.CoroutineScopeKt.coroutineScope(CoroutineScope.kt:264)
	at com.intellij.openapi.progress.CoroutinesKt.blockingContext(coroutines.kt:196)
	at com.intellij.ide.projectWizard.ProjectWizardJdkComboBox.addExistingJdks(ProjectWizardJdkComboBox.kt:316)
	at com.intellij.ide.projectWizard.ProjectWizardJdkComboBox.access$addExistingJdks(ProjectWizardJdkComboBox.kt:150)
	at com.intellij.ide.projectWizard.ProjectWizardJdkComboBox$3.invokeSuspend(ProjectWizardJdkComboBox.kt:174)
	at kotlin.coroutines.jvm.internal.BaseContinuationImpl.resumeWith(ContinuationImpl.kt:33)
	at kotlinx.coroutines.DispatchedTask.run(DispatchedTask.kt:108)
	at kotlinx.coroutines.scheduling.CoroutineScheduler.runSafely(CoroutineScheduler.kt:584)
	at kotlinx.coroutines.scheduling.CoroutineScheduler$Worker.executeTask(CoroutineScheduler.kt:793)
	at kotlinx.coroutines.scheduling.CoroutineScheduler$Worker.runWorker(CoroutineScheduler.kt:697)
	at kotlinx.coroutines.scheduling.CoroutineScheduler$Worker.run(CoroutineScheduler.kt:684)
2026-08-21 00:35:42,609 [  93936]   INFO - #o.j.j.m.j.i.JdkVersionDetectorImpl - /usr/lib/jvm/java/bin/java
java.lang.IllegalArgumentException: openjdk version "25.0.4" 2026-07-21
	at com.intellij.util.lang.JavaVersion.parse(JavaVersion.java:307)
	at org.jetbrains.jps.model.java.impl.JdkVersionDetectorImpl.detectFromOutput(JdkVersionDetectorImpl.java:131)
	at org.jetbrains.jps.model.java.impl.JdkVersionDetectorImpl.detectJdkVersionInfo(JdkVersionDetectorImpl.java:49)
	at com.intellij.openapi.projectRoots.impl.SdkVersionUtil.getJdkVersionInfo(SdkVersionUtil.java:17)
	at com.intellij.openapi.projectRoots.impl.JavaSdkImpl.lambda$getInfo$14(JavaSdkImpl.java:426)
	at java.base/java.util.concurrent.ConcurrentHashMap.computeIfAbsent(ConcurrentHashMap.java:1708)
	at com.intellij.openapi.projectRoots.impl.JavaSdkImpl.getInfo(JavaSdkImpl.java:426)
	at com.intellij.openapi.projectRoots.impl.JavaSdkImpl.getVersionString(JavaSdkImpl.java:431)
	at com.intellij.ide.projectWizard.ProjectWizardJdkComboBox$addExistingJdks$detected$1.invoke(ProjectWizardJdkComboBox.kt:318)
	at com.intellij.ide.projectWizard.ProjectWizardJdkComboBox$addExistingJdks$detected$1.invoke(ProjectWizardJdkComboBox.kt:316)
	at com.intellij.openapi.progress.CoroutinesKt.blockingContextInner(coroutines.kt:320)
	at com.intellij.openapi.progress.CoroutinesKt.access$blockingContextInner(coroutines.kt:1)
	at com.intellij.openapi.progress.CoroutinesKt$blockingContext$2.invokeSuspend(coroutines.kt:197)
	at com.intellij.openapi.progress.CoroutinesKt$blockingContext$2.invoke(coroutines.kt)
	at com.intellij.openapi.progress.CoroutinesKt$blockingContext$2.invoke(coroutines.kt)
	at kotlinx.coroutines.intrinsics.UndispatchedKt.startUndispatchedOrReturn(Undispatched.kt:78)
	at kotlinx.coroutines.CoroutineScopeKt.coroutineScope(CoroutineScope.kt:264)
	at com.intellij.openapi.progress.CoroutinesKt.blockingContext(coroutines.kt:196)
	at com.intellij.ide.projectWizard.ProjectWizardJdkComboBox.addExistingJdks(ProjectWizardJdkComboBox.kt:316)
	at com.intellij.ide.projectWizard.ProjectWizardJdkComboBox.access$addExistingJdks(ProjectWizardJdkComboBox.kt:150)
	at com.intellij.ide.projectWizard.ProjectWizardJdkComboBox$3.invokeSuspend(ProjectWizardJdkComboBox.kt:174)
	at kotlin.coroutines.jvm.internal.BaseContinuationImpl.resumeWith(ContinuationImpl.kt:33)
	at kotlinx.coroutines.DispatchedTask.run(DispatchedTask.kt:108)
	at kotlinx.coroutines.scheduling.CoroutineScheduler.runSafely(CoroutineScheduler.kt:584)
	at kotlinx.coroutines.scheduling.CoroutineScheduler$Worker.executeTask(CoroutineScheduler.kt:793)
	at kotlinx.coroutines.scheduling.CoroutineScheduler$Worker.runWorker(CoroutineScheduler.kt:697)
	at kotlinx.coroutines.scheduling.CoroutineScheduler$Worker.run(CoroutineScheduler.kt:684)
2026-08-21 00:35:42,613 [  93940]   INFO - #o.j.j.m.j.i.JdkVersionDetectorImpl - /usr/lib/jvm/java-25/release
java.lang.IllegalArgumentException: "25.0.4"
	at com.intellij.util.lang.JavaVersion.parse(JavaVersion.java:307)
	at org.jetbrains.jps.model.java.impl.JdkVersionDetectorImpl.detectFromRelease(JdkVersionDetectorImpl.java:66)
	at org.jetbrains.jps.model.java.impl.JdkVersionDetectorImpl.detectJdkVersionInfo(JdkVersionDetectorImpl.java:41)
	at com.intellij.openapi.projectRoots.impl.SdkVersionUtil.getJdkVersionInfo(SdkVersionUtil.java:17)
	at com.intellij.openapi.projectRoots.impl.JavaSdkImpl.lambda$getInfo$14(JavaSdkImpl.java:426)
	at java.base/java.util.concurrent.ConcurrentHashMap.computeIfAbsent(ConcurrentHashMap.java:1708)
	at com.intellij.openapi.projectRoots.impl.JavaSdkImpl.getInfo(JavaSdkImpl.java:426)
	at com.intellij.openapi.projectRoots.impl.JavaSdkImpl.getVersionString(JavaSdkImpl.java:431)
	at com.intellij.ide.projectWizard.ProjectWizardJdkComboBox$addExistingJdks$detected$1.invoke(ProjectWizardJdkComboBox.kt:318)
	at com.intellij.ide.projectWizard.ProjectWizardJdkComboBox$addExistingJdks$detected$1.invoke(ProjectWizardJdkComboBox.kt:316)
	at com.intellij.openapi.progress.CoroutinesKt.blockingContextInner(coroutines.kt:320)
	at com.intellij.openapi.progress.CoroutinesKt.access$blockingContextInner(coroutines.kt:1)
	at com.intellij.openapi.progress.CoroutinesKt$blockingContext$2.invokeSuspend(coroutines.kt:197)
	at com.intellij.openapi.progress.CoroutinesKt$blockingContext$2.invoke(coroutines.kt)
	at com.intellij.openapi.progress.CoroutinesKt$blockingContext$2.invoke(coroutines.kt)
	at kotlinx.coroutines.intrinsics.UndispatchedKt.startUndispatchedOrReturn(Undispatched.kt:78)
	at kotlinx.coroutines.CoroutineScopeKt.coroutineScope(CoroutineScope.kt:264)
	at com.intellij.openapi.progress.CoroutinesKt.blockingContext(coroutines.kt:196)
	at com.intellij.ide.projectWizard.ProjectWizardJdkComboBox.addExistingJdks(ProjectWizardJdkComboBox.kt:316)
	at com.intellij.ide.projectWizard.ProjectWizardJdkComboBox.access$addExistingJdks(ProjectWizardJdkComboBox.kt:150)
	at com.intellij.ide.projectWizard.ProjectWizardJdkComboBox$3.invokeSuspend(ProjectWizardJdkComboBox.kt:174)
	at kotlin.coroutines.jvm.internal.BaseContinuationImpl.resumeWith(ContinuationImpl.kt:33)
	at kotlinx.coroutines.DispatchedTask.run(DispatchedTask.kt:108)
	at kotlinx.coroutines.scheduling.CoroutineScheduler.runSafely(CoroutineScheduler.kt:584)
	at kotlinx.coroutines.scheduling.CoroutineScheduler$Worker.executeTask(CoroutineScheduler.kt:793)
	at kotlinx.coroutines.scheduling.CoroutineScheduler$Worker.runWorker(CoroutineScheduler.kt:697)
	at kotlinx.coroutines.scheduling.CoroutineScheduler$Worker.run(CoroutineScheduler.kt:684)
2026-08-21 00:35:42,661 [  93988]   INFO - #o.j.j.m.j.i.JdkVersionDetectorImpl - /usr/lib/jvm/java-25/bin/java
java.lang.IllegalArgumentException: openjdk version "25.0.4" 2026-07-21
	at com.intellij.util.lang.JavaVersion.parse(JavaVersion.java:307)
	at org.jetbrains.jps.model.java.impl.JdkVersionDetectorImpl.detectFromOutput(JdkVersionDetectorImpl.java:131)
	at org.jetbrains.jps.model.java.impl.JdkVersionDetectorImpl.detectJdkVersionInfo(JdkVersionDetectorImpl.java:49)
	at com.intellij.openapi.projectRoots.impl.SdkVersionUtil.getJdkVersionInfo(SdkVersionUtil.java:17)
	at com.intellij.openapi.projectRoots.impl.JavaSdkImpl.lambda$getInfo$14(JavaSdkImpl.java:426)
	at java.base/java.util.concurrent.ConcurrentHashMap.computeIfAbsent(ConcurrentHashMap.java:1708)
	at com.intellij.openapi.projectRoots.impl.JavaSdkImpl.getInfo(JavaSdkImpl.java:426)
	at com.intellij.openapi.projectRoots.impl.JavaSdkImpl.getVersionString(JavaSdkImpl.java:431)
	at com.intellij.ide.projectWizard.ProjectWizardJdkComboBox$addExistingJdks$detected$1.invoke(ProjectWizardJdkComboBox.kt:318)
	at com.intellij.ide.projectWizard.ProjectWizardJdkComboBox$addExistingJdks$detected$1.invoke(ProjectWizardJdkComboBox.kt:316)
	at com.intellij.openapi.progress.CoroutinesKt.blockingContextInner(coroutines.kt:320)
	at com.intellij.openapi.progress.CoroutinesKt.access$blockingContextInner(coroutines.kt:1)
	at com.intellij.openapi.progress.CoroutinesKt$blockingContext$2.invokeSuspend(coroutines.kt:197)
	at com.intellij.openapi.progress.CoroutinesKt$blockingContext$2.invoke(coroutines.kt)
	at com.intellij.openapi.progress.CoroutinesKt$blockingContext$2.invoke(coroutines.kt)
	at kotlinx.coroutines.intrinsics.UndispatchedKt.startUndispatchedOrReturn(Undispatched.kt:78)
	at kotlinx.coroutines.CoroutineScopeKt.coroutineScope(CoroutineScope.kt:264)
	at com.intellij.openapi.progress.CoroutinesKt.blockingContext(coroutines.kt:196)
	at com.intellij.ide.projectWizard.ProjectWizardJdkComboBox.addExistingJdks(ProjectWizardJdkComboBox.kt:316)
	at com.intellij.ide.projectWizard.ProjectWizardJdkComboBox.access$addExistingJdks(ProjectWizardJdkComboBox.kt:150)
	at com.intellij.ide.projectWizard.ProjectWizardJdkComboBox$3.invokeSuspend(ProjectWizardJdkComboBox.kt:174)
	at kotlin.coroutines.jvm.internal.BaseContinuationImpl.resumeWith(ContinuationImpl.kt:33)
	at kotlinx.coroutines.DispatchedTask.run(DispatchedTask.kt:108)
	at kotlinx.coroutines.scheduling.CoroutineScheduler.runSafely(CoroutineScheduler.kt:584)
	at kotlinx.coroutines.scheduling.CoroutineScheduler$Worker.executeTask(CoroutineScheduler.kt:793)
	at kotlinx.coroutines.scheduling.CoroutineScheduler$Worker.runWorker(CoroutineScheduler.kt:697)
	at kotlinx.coroutines.scheduling.CoroutineScheduler$Worker.run(CoroutineScheduler.kt:684)
2026-08-21 00:35:42,662 [  93989]   INFO - #o.j.j.m.j.i.JdkVersionDetectorImpl - /usr/lib/jvm/java-25-openjdk/release
java.lang.IllegalArgumentException: "25.0.4"
	at com.intellij.util.lang.JavaVersion.parse(JavaVersion.java:307)
	at org.jetbrains.jps.model.java.impl.JdkVersionDetectorImpl.detectFromRelease(JdkVersionDetectorImpl.java:66)
	at org.jetbrains.jps.model.java.impl.JdkVersionDetectorImpl.detectJdkVersionInfo(JdkVersionDetectorImpl.java:41)
	at com.intellij.openapi.projectRoots.impl.SdkVersionUtil.getJdkVersionInfo(SdkVersionUtil.java:17)
	at com.intellij.openapi.projectRoots.impl.JavaSdkImpl.lambda$getInfo$14(JavaSdkImpl.java:426)
	at java.base/java.util.concurrent.ConcurrentHashMap.computeIfAbsent(ConcurrentHashMap.java:1708)
	at com.intellij.openapi.projectRoots.impl.JavaSdkImpl.getInfo(JavaSdkImpl.java:426)
	at com.intellij.openapi.projectRoots.impl.JavaSdkImpl.getVersionString(JavaSdkImpl.java:431)
	at com.intellij.ide.projectWizard.ProjectWizardJdkComboBox$addExistingJdks$detected$1.invoke(ProjectWizardJdkComboBox.kt:318)
	at com.intellij.ide.projectWizard.ProjectWizardJdkComboBox$addExistingJdks$detected$1.invoke(ProjectWizardJdkComboBox.kt:316)
	at com.intellij.openapi.progress.CoroutinesKt.blockingContextInner(coroutines.kt:320)
	at com.intellij.openapi.progress.CoroutinesKt.access$blockingContextInner(coroutines.kt:1)
	at com.intellij.openapi.progress.CoroutinesKt$blockingContext$2.invokeSuspend(coroutines.kt:197)
	at com.intellij.openapi.progress.CoroutinesKt$blockingContext$2.invoke(coroutines.kt)
	at com.intellij.openapi.progress.CoroutinesKt$blockingContext$2.invoke(coroutines.kt)
	at kotlinx.coroutines.intrinsics.UndispatchedKt.startUndispatchedOrReturn(Undispatched.kt:78)
	at kotlinx.coroutines.CoroutineScopeKt.coroutineScope(CoroutineScope.kt:264)
	at com.intellij.openapi.progress.CoroutinesKt.blockingContext(coroutines.kt:196)
	at com.intellij.ide.projectWizard.ProjectWizardJdkComboBox.addExistingJdks(ProjectWizardJdkComboBox.kt:316)
	at com.intellij.ide.projectWizard.ProjectWizardJdkComboBox.access$addExistingJdks(ProjectWizardJdkComboBox.kt:150)
	at com.intellij.ide.projectWizard.ProjectWizardJdkComboBox$3.invokeSuspend(ProjectWizardJdkComboBox.kt:174)
	at kotlin.coroutines.jvm.internal.BaseContinuationImpl.resumeWith(ContinuationImpl.kt:33)
	at kotlinx.coroutines.DispatchedTask.run(DispatchedTask.kt:108)
	at kotlinx.coroutines.scheduling.CoroutineScheduler.runSafely(CoroutineScheduler.kt:584)
	at kotlinx.coroutines.scheduling.CoroutineScheduler$Worker.executeTask(CoroutineScheduler.kt:793)
	at kotlinx.coroutines.scheduling.CoroutineScheduler$Worker.runWorker(CoroutineScheduler.kt:697)
	at kotlinx.coroutines.scheduling.CoroutineScheduler$Worker.run(CoroutineScheduler.kt:684)
2026-08-21 00:35:42,712 [  94039]   INFO - #o.j.j.m.j.i.JdkVersionDetectorImpl - /usr/lib/jvm/java-25-openjdk/bin/java
java.lang.IllegalArgumentException: openjdk version "25.0.4" 2026-07-21
	at com.intellij.util.lang.JavaVersion.parse(JavaVersion.java:307)
	at org.jetbrains.jps.model.java.impl.JdkVersionDetectorImpl.detectFromOutput(JdkVersionDetectorImpl.java:131)
	at org.jetbrains.jps.model.java.impl.JdkVersionDetectorImpl.detectJdkVersionInfo(JdkVersionDetectorImpl.java:49)
	at com.intellij.openapi.projectRoots.impl.SdkVersionUtil.getJdkVersionInfo(SdkVersionUtil.java:17)
	at com.intellij.openapi.projectRoots.impl.JavaSdkImpl.lambda$getInfo$14(JavaSdkImpl.java:426)
	at java.base/java.util.concurrent.ConcurrentHashMap.computeIfAbsent(ConcurrentHashMap.java:1708)
	at com.intellij.openapi.projectRoots.impl.JavaSdkImpl.getInfo(JavaSdkImpl.java:426)
	at com.intellij.openapi.projectRoots.impl.JavaSdkImpl.getVersionString(JavaSdkImpl.java:431)
	at com.intellij.ide.projectWizard.ProjectWizardJdkComboBox$addExistingJdks$detected$1.invoke(ProjectWizardJdkComboBox.kt:318)
	at com.intellij.ide.projectWizard.ProjectWizardJdkComboBox$addExistingJdks$detected$1.invoke(ProjectWizardJdkComboBox.kt:316)
	at com.intellij.openapi.progress.CoroutinesKt.blockingContextInner(coroutines.kt:320)
	at com.intellij.openapi.progress.CoroutinesKt.access$blockingContextInner(coroutines.kt:1)
	at com.intellij.openapi.progress.CoroutinesKt$blockingContext$2.invokeSuspend(coroutines.kt:197)
	at com.intellij.openapi.progress.CoroutinesKt$blockingContext$2.invoke(coroutines.kt)
	at com.intellij.openapi.progress.CoroutinesKt$blockingContext$2.invoke(coroutines.kt)
	at kotlinx.coroutines.intrinsics.UndispatchedKt.startUndispatchedOrReturn(Undispatched.kt:78)
	at kotlinx.coroutines.CoroutineScopeKt.coroutineScope(CoroutineScope.kt:264)
	at com.intellij.openapi.progress.CoroutinesKt.blockingContext(coroutines.kt:196)
	at com.intellij.ide.projectWizard.ProjectWizardJdkComboBox.addExistingJdks(ProjectWizardJdkComboBox.kt:316)
	at com.intellij.ide.projectWizard.ProjectWizardJdkComboBox.access$addExistingJdks(ProjectWizardJdkComboBox.kt:150)
	at com.intellij.ide.projectWizard.ProjectWizardJdkComboBox$3.invokeSuspend(ProjectWizardJdkComboBox.kt:174)
	at kotlin.coroutines.jvm.internal.BaseContinuationImpl.resumeWith(ContinuationImpl.kt:33)
	at kotlinx.coroutines.DispatchedTask.run(DispatchedTask.kt:108)
	at kotlinx.coroutines.scheduling.CoroutineScheduler.runSafely(CoroutineScheduler.kt:584)
	at kotlinx.coroutines.scheduling.CoroutineScheduler$Worker.executeTask(CoroutineScheduler.kt:793)
	at kotlinx.coroutines.scheduling.CoroutineScheduler$Worker.runWorker(CoroutineScheduler.kt:697)
	at kotlinx.coroutines.scheduling.CoroutineScheduler$Worker.run(CoroutineScheduler.kt:684)
2026-08-21 00:35:42,714 [  94041]   INFO - #o.j.j.m.j.i.JdkVersionDetectorImpl - /usr/lib/jvm/java-openjdk/release
java.lang.IllegalArgumentException: "25.0.4"
	at com.intellij.util.lang.JavaVersion.parse(JavaVersion.java:307)
	at org.jetbrains.jps.model.java.impl.JdkVersionDetectorImpl.detectFromRelease(JdkVersionDetectorImpl.java:66)
	at org.jetbrains.jps.model.java.impl.JdkVersionDetectorImpl.detectJdkVersionInfo(JdkVersionDetectorImpl.java:41)
	at com.intellij.openapi.projectRoots.impl.SdkVersionUtil.getJdkVersionInfo(SdkVersionUtil.java:17)
	at com.intellij.openapi.projectRoots.impl.JavaSdkImpl.lambda$getInfo$14(JavaSdkImpl.java:426)
	at java.base/java.util.concurrent.ConcurrentHashMap.computeIfAbsent(ConcurrentHashMap.java:1708)
	at com.intellij.openapi.projectRoots.impl.JavaSdkImpl.getInfo(JavaSdkImpl.java:426)
	at com.intellij.openapi.projectRoots.impl.JavaSdkImpl.getVersionString(JavaSdkImpl.java:431)
	at com.intellij.ide.projectWizard.ProjectWizardJdkComboBox$addExistingJdks$detected$1.invoke(ProjectWizardJdkComboBox.kt:318)
	at com.intellij.ide.projectWizard.ProjectWizardJdkComboBox$addExistingJdks$detected$1.invoke(ProjectWizardJdkComboBox.kt:316)
	at com.intellij.openapi.progress.CoroutinesKt.blockingContextInner(coroutines.kt:320)
	at com.intellij.openapi.progress.CoroutinesKt.access$blockingContextInner(coroutines.kt:1)
	at com.intellij.openapi.progress.CoroutinesKt$blockingContext$2.invokeSuspend(coroutines.kt:197)
	at com.intellij.openapi.progress.CoroutinesKt$blockingContext$2.invoke(coroutines.kt)
	at com.intellij.openapi.progress.CoroutinesKt$blockingContext$2.invoke(coroutines.kt)
	at kotlinx.coroutines.intrinsics.UndispatchedKt.startUndispatchedOrReturn(Undispatched.kt:78)
	at kotlinx.coroutines.CoroutineScopeKt.coroutineScope(CoroutineScope.kt:264)
	at com.intellij.openapi.progress.CoroutinesKt.blockingContext(coroutines.kt:196)
	at com.intellij.ide.projectWizard.ProjectWizardJdkComboBox.addExistingJdks(ProjectWizardJdkComboBox.kt:316)
	at com.intellij.ide.projectWizard.ProjectWizardJdkComboBox.access$addExistingJdks(ProjectWizardJdkComboBox.kt:150)
	at com.intellij.ide.projectWizard.ProjectWizardJdkComboBox$3.invokeSuspend(ProjectWizardJdkComboBox.kt:174)
	at kotlin.coroutines.jvm.internal.BaseContinuationImpl.resumeWith(ContinuationImpl.kt:33)
	at kotlinx.coroutines.DispatchedTask.run(DispatchedTask.kt:108)
	at kotlinx.coroutines.scheduling.CoroutineScheduler.runSafely(CoroutineScheduler.kt:584)
	at kotlinx.coroutines.scheduling.CoroutineScheduler$Worker.executeTask(CoroutineScheduler.kt:793)
	at kotlinx.coroutines.scheduling.CoroutineScheduler$Worker.runWorker(CoroutineScheduler.kt:697)
	at kotlinx.coroutines.scheduling.CoroutineScheduler$Worker.run(CoroutineScheduler.kt:684)
2026-08-21 00:35:42,765 [  94092]   INFO - #o.j.j.m.j.i.JdkVersionDetectorImpl - /usr/lib/jvm/java-openjdk/bin/java
java.lang.IllegalArgumentException: openjdk version "25.0.4" 2026-07-21
	at com.intellij.util.lang.JavaVersion.parse(JavaVersion.java:307)
	at org.jetbrains.jps.model.java.impl.JdkVersionDetectorImpl.detectFromOutput(JdkVersionDetectorImpl.java:131)
	at org.jetbrains.jps.model.java.impl.JdkVersionDetectorImpl.detectJdkVersionInfo(JdkVersionDetectorImpl.java:49)
	at com.intellij.openapi.projectRoots.impl.SdkVersionUtil.getJdkVersionInfo(SdkVersionUtil.java:17)
	at com.intellij.openapi.projectRoots.impl.JavaSdkImpl.lambda$getInfo$14(JavaSdkImpl.java:426)
	at java.base/java.util.concurrent.ConcurrentHashMap.computeIfAbsent(ConcurrentHashMap.java:1708)
	at com.intellij.openapi.projectRoots.impl.JavaSdkImpl.getInfo(JavaSdkImpl.java:426)
	at com.intellij.openapi.projectRoots.impl.JavaSdkImpl.getVersionString(JavaSdkImpl.java:431)
	at com.intellij.ide.projectWizard.ProjectWizardJdkComboBox$addExistingJdks$detected$1.invoke(ProjectWizardJdkComboBox.kt:318)
	at com.intellij.ide.projectWizard.ProjectWizardJdkComboBox$addExistingJdks$detected$1.invoke(ProjectWizardJdkComboBox.kt:316)
	at com.intellij.openapi.progress.CoroutinesKt.blockingContextInner(coroutines.kt:320)
	at com.intellij.openapi.progress.CoroutinesKt.access$blockingContextInner(coroutines.kt:1)
	at com.intellij.openapi.progress.CoroutinesKt$blockingContext$2.invokeSuspend(coroutines.kt:197)
	at com.intellij.openapi.progress.CoroutinesKt$blockingContext$2.invoke(coroutines.kt)
	at com.intellij.openapi.progress.CoroutinesKt$blockingContext$2.invoke(coroutines.kt)
	at kotlinx.coroutines.intrinsics.UndispatchedKt.startUndispatchedOrReturn(Undispatched.kt:78)
	at kotlinx.coroutines.CoroutineScopeKt.coroutineScope(CoroutineScope.kt:264)
	at com.intellij.openapi.progress.CoroutinesKt.blockingContext(coroutines.kt:196)
	at com.intellij.ide.projectWizard.ProjectWizardJdkComboBox.addExistingJdks(ProjectWizardJdkComboBox.kt:316)
	at com.intellij.ide.projectWizard.ProjectWizardJdkComboBox.access$addExistingJdks(ProjectWizardJdkComboBox.kt:150)
	at com.intellij.ide.projectWizard.ProjectWizardJdkComboBox$3.invokeSuspend(ProjectWizardJdkComboBox.kt:174)
	at kotlin.coroutines.jvm.internal.BaseContinuationImpl.resumeWith(ContinuationImpl.kt:33)
	at kotlinx.coroutines.DispatchedTask.run(DispatchedTask.kt:108)
	at kotlinx.coroutines.scheduling.CoroutineScheduler.runSafely(CoroutineScheduler.kt:584)
	at kotlinx.coroutines.scheduling.CoroutineScheduler$Worker.executeTask(CoroutineScheduler.kt:793)
	at kotlinx.coroutines.scheduling.CoroutineScheduler$Worker.runWorker(CoroutineScheduler.kt:697)
	at kotlinx.coroutines.scheduling.CoroutineScheduler$Worker.run(CoroutineScheduler.kt:684)
2026-08-21 00:35:42,767 [  94094]   INFO - #o.j.j.m.j.i.JdkVersionDetectorImpl - /usr/lib/jvm/jre/release
java.lang.IllegalArgumentException: "25.0.4"
	at com.intellij.util.lang.JavaVersion.parse(JavaVersion.java:307)
	at org.jetbrains.jps.model.java.impl.JdkVersionDetectorImpl.detectFromRelease(JdkVersionDetectorImpl.java:66)
	at org.jetbrains.jps.model.java.impl.JdkVersionDetectorImpl.detectJdkVersionInfo(JdkVersionDetectorImpl.java:41)
	at com.intellij.openapi.projectRoots.impl.SdkVersionUtil.getJdkVersionInfo(SdkVersionUtil.java:17)
	at com.intellij.openapi.projectRoots.impl.JavaSdkImpl.lambda$getInfo$14(JavaSdkImpl.java:426)
	at java.base/java.util.concurrent.ConcurrentHashMap.computeIfAbsent(ConcurrentHashMap.java:1708)
	at com.intellij.openapi.projectRoots.impl.JavaSdkImpl.getInfo(JavaSdkImpl.java:426)
	at com.intellij.openapi.projectRoots.impl.JavaSdkImpl.getVersionString(JavaSdkImpl.java:431)
	at com.intellij.ide.projectWizard.ProjectWizardJdkComboBox$addExistingJdks$detected$1.invoke(ProjectWizardJdkComboBox.kt:318)
	at com.intellij.ide.projectWizard.ProjectWizardJdkComboBox$addExistingJdks$detected$1.invoke(ProjectWizardJdkComboBox.kt:316)
	at com.intellij.openapi.progress.CoroutinesKt.blockingContextInner(coroutines.kt:320)
	at com.intellij.openapi.progress.CoroutinesKt.access$blockingContextInner(coroutines.kt:1)
	at com.intellij.openapi.progress.CoroutinesKt$blockingContext$2.invokeSuspend(coroutines.kt:197)
	at com.intellij.openapi.progress.CoroutinesKt$blockingContext$2.invoke(coroutines.kt)
	at com.intellij.openapi.progress.CoroutinesKt$blockingContext$2.invoke(coroutines.kt)
	at kotlinx.coroutines.intrinsics.UndispatchedKt.startUndispatchedOrReturn(Undispatched.kt:78)
	at kotlinx.coroutines.CoroutineScopeKt.coroutineScope(CoroutineScope.kt:264)
	at com.intellij.openapi.progress.CoroutinesKt.blockingContext(coroutines.kt:196)
	at com.intellij.ide.projectWizard.ProjectWizardJdkComboBox.addExistingJdks(ProjectWizardJdkComboBox.kt:316)
	at com.intellij.ide.projectWizard.ProjectWizardJdkComboBox.access$addExistingJdks(ProjectWizardJdkComboBox.kt:150)
	at com.intellij.ide.projectWizard.ProjectWizardJdkComboBox$3.invokeSuspend(ProjectWizardJdkComboBox.kt:174)
	at kotlin.coroutines.jvm.internal.BaseContinuationImpl.resumeWith(ContinuationImpl.kt:33)
	at kotlinx.coroutines.DispatchedTask.run(DispatchedTask.kt:108)
	at kotlinx.coroutines.scheduling.CoroutineScheduler.runSafely(CoroutineScheduler.kt:584)
	at kotlinx.coroutines.scheduling.CoroutineScheduler$Worker.executeTask(CoroutineScheduler.kt:793)
	at kotlinx.coroutines.scheduling.CoroutineScheduler$Worker.runWorker(CoroutineScheduler.kt:697)
	at kotlinx.coroutines.scheduling.CoroutineScheduler$Worker.run(CoroutineScheduler.kt:684)
2026-08-21 00:35:42,814 [  94141]   INFO - #o.j.j.m.j.i.JdkVersionDetectorImpl - /usr/lib/jvm/jre/bin/java
java.lang.IllegalArgumentException: openjdk version "25.0.4" 2026-07-21
	at com.intellij.util.lang.JavaVersion.parse(JavaVersion.java:307)
	at org.jetbrains.jps.model.java.impl.JdkVersionDetectorImpl.detectFromOutput(JdkVersionDetectorImpl.java:131)
	at org.jetbrains.jps.model.java.impl.JdkVersionDetectorImpl.detectJdkVersionInfo(JdkVersionDetectorImpl.java:49)
	at com.intellij.openapi.projectRoots.impl.SdkVersionUtil.getJdkVersionInfo(SdkVersionUtil.java:17)
	at com.intellij.openapi.projectRoots.impl.JavaSdkImpl.lambda$getInfo$14(JavaSdkImpl.java:426)
	at java.base/java.util.concurrent.ConcurrentHashMap.computeIfAbsent(ConcurrentHashMap.java:1708)
	at com.intellij.openapi.projectRoots.impl.JavaSdkImpl.getInfo(JavaSdkImpl.java:426)
	at com.intellij.openapi.projectRoots.impl.JavaSdkImpl.getVersionString(JavaSdkImpl.java:431)
	at com.intellij.ide.projectWizard.ProjectWizardJdkComboBox$addExistingJdks$detected$1.invoke(ProjectWizardJdkComboBox.kt:318)
	at com.intellij.ide.projectWizard.ProjectWizardJdkComboBox$addExistingJdks$detected$1.invoke(ProjectWizardJdkComboBox.kt:316)
	at com.intellij.openapi.progress.CoroutinesKt.blockingContextInner(coroutines.kt:320)
	at com.intellij.openapi.progress.CoroutinesKt.access$blockingContextInner(coroutines.kt:1)
	at com.intellij.openapi.progress.CoroutinesKt$blockingContext$2.invokeSuspend(coroutines.kt:197)
	at com.intellij.openapi.progress.CoroutinesKt$blockingContext$2.invoke(coroutines.kt)
	at com.intellij.openapi.progress.CoroutinesKt$blockingContext$2.invoke(coroutines.kt)
	at kotlinx.coroutines.intrinsics.UndispatchedKt.startUndispatchedOrReturn(Undispatched.kt:78)
	at kotlinx.coroutines.CoroutineScopeKt.coroutineScope(CoroutineScope.kt:264)
	at com.intellij.openapi.progress.CoroutinesKt.blockingContext(coroutines.kt:196)
	at com.intellij.ide.projectWizard.ProjectWizardJdkComboBox.addExistingJdks(ProjectWizardJdkComboBox.kt:316)
	at com.intellij.ide.projectWizard.ProjectWizardJdkComboBox.access$addExistingJdks(ProjectWizardJdkComboBox.kt:150)
	at com.intellij.ide.projectWizard.ProjectWizardJdkComboBox$3.invokeSuspend(ProjectWizardJdkComboBox.kt:174)
	at kotlin.coroutines.jvm.internal.BaseContinuationImpl.resumeWith(ContinuationImpl.kt:33)
	at kotlinx.coroutines.DispatchedTask.run(DispatchedTask.kt:108)
	at kotlinx.coroutines.scheduling.CoroutineScheduler.runSafely(CoroutineScheduler.kt:584)
	at kotlinx.coroutines.scheduling.CoroutineScheduler$Worker.executeTask(CoroutineScheduler.kt:793)
	at kotlinx.coroutines.scheduling.CoroutineScheduler$Worker.runWorker(CoroutineScheduler.kt:697)
	at kotlinx.coroutines.scheduling.CoroutineScheduler$Worker.run(CoroutineScheduler.kt:684)
2026-08-21 00:35:42,816 [  94143]   INFO - #o.j.j.m.j.i.JdkVersionDetectorImpl - /usr/lib/jvm/jre-25/release
java.lang.IllegalArgumentException: "25.0.4"
	at com.intellij.util.lang.JavaVersion.parse(JavaVersion.java:307)
	at org.jetbrains.jps.model.java.impl.JdkVersionDetectorImpl.detectFromRelease(JdkVersionDetectorImpl.java:66)
	at org.jetbrains.jps.model.java.impl.JdkVersionDetectorImpl.detectJdkVersionInfo(JdkVersionDetectorImpl.java:41)
	at com.intellij.openapi.projectRoots.impl.SdkVersionUtil.getJdkVersionInfo(SdkVersionUtil.java:17)
	at com.intellij.openapi.projectRoots.impl.JavaSdkImpl.lambda$getInfo$14(JavaSdkImpl.java:426)
	at java.base/java.util.concurrent.ConcurrentHashMap.computeIfAbsent(ConcurrentHashMap.java:1708)
	at com.intellij.openapi.projectRoots.impl.JavaSdkImpl.getInfo(JavaSdkImpl.java:426)
	at com.intellij.openapi.projectRoots.impl.JavaSdkImpl.getVersionString(JavaSdkImpl.java:431)
	at com.intellij.ide.projectWizard.ProjectWizardJdkComboBox$addExistingJdks$detected$1.invoke(ProjectWizardJdkComboBox.kt:318)
	at com.intellij.ide.projectWizard.ProjectWizardJdkComboBox$addExistingJdks$detected$1.invoke(ProjectWizardJdkComboBox.kt:316)
	at com.intellij.openapi.progress.CoroutinesKt.blockingContextInner(coroutines.kt:320)
	at com.intellij.openapi.progress.CoroutinesKt.access$blockingContextInner(coroutines.kt:1)
	at com.intellij.openapi.progress.CoroutinesKt$blockingContext$2.invokeSuspend(coroutines.kt:197)
	at com.intellij.openapi.progress.CoroutinesKt$blockingContext$2.invoke(coroutines.kt)
	at com.intellij.openapi.progress.CoroutinesKt$blockingContext$2.invoke(coroutines.kt)
	at kotlinx.coroutines.intrinsics.UndispatchedKt.startUndispatchedOrReturn(Undispatched.kt:78)
	at kotlinx.coroutines.CoroutineScopeKt.coroutineScope(CoroutineScope.kt:264)
	at com.intellij.openapi.progress.CoroutinesKt.blockingContext(coroutines.kt:196)
	at com.intellij.ide.projectWizard.ProjectWizardJdkComboBox.addExistingJdks(ProjectWizardJdkComboBox.kt:316)
	at com.intellij.ide.projectWizard.ProjectWizardJdkComboBox.access$addExistingJdks(ProjectWizardJdkComboBox.kt:150)
	at com.intellij.ide.projectWizard.ProjectWizardJdkComboBox$3.invokeSuspend(ProjectWizardJdkComboBox.kt:174)
	at kotlin.coroutines.jvm.internal.BaseContinuationImpl.resumeWith(ContinuationImpl.kt:33)
	at kotlinx.coroutines.DispatchedTask.run(DispatchedTask.kt:108)
	at kotlinx.coroutines.scheduling.CoroutineScheduler.runSafely(CoroutineScheduler.kt:584)
	at kotlinx.coroutines.scheduling.CoroutineScheduler$Worker.executeTask(CoroutineScheduler.kt:793)
	at kotlinx.coroutines.scheduling.CoroutineScheduler$Worker.runWorker(CoroutineScheduler.kt:697)
	at kotlinx.coroutines.scheduling.CoroutineScheduler$Worker.run(CoroutineScheduler.kt:684)
2026-08-21 00:35:42,855 [  94182]   INFO - #o.j.j.m.j.i.JdkVersionDetectorImpl - /usr/lib/jvm/jre-25/bin/java
java.lang.IllegalArgumentException: openjdk version "25.0.4" 2026-07-21
	at com.intellij.util.lang.JavaVersion.parse(JavaVersion.java:307)
	at org.jetbrains.jps.model.java.impl.JdkVersionDetectorImpl.detectFromOutput(JdkVersionDetectorImpl.java:131)
	at org.jetbrains.jps.model.java.impl.JdkVersionDetectorImpl.detectJdkVersionInfo(JdkVersionDetectorImpl.java:49)
	at com.intellij.openapi.projectRoots.impl.SdkVersionUtil.getJdkVersionInfo(SdkVersionUtil.java:17)
	at com.intellij.openapi.projectRoots.impl.JavaSdkImpl.lambda$getInfo$14(JavaSdkImpl.java:426)
	at java.base/java.util.concurrent.ConcurrentHashMap.computeIfAbsent(ConcurrentHashMap.java:1708)
	at com.intellij.openapi.projectRoots.impl.JavaSdkImpl.getInfo(JavaSdkImpl.java:426)
	at com.intellij.openapi.projectRoots.impl.JavaSdkImpl.getVersionString(JavaSdkImpl.java:431)
	at com.intellij.ide.projectWizard.ProjectWizardJdkComboBox$addExistingJdks$detected$1.invoke(ProjectWizardJdkComboBox.kt:318)
	at com.intellij.ide.projectWizard.ProjectWizardJdkComboBox$addExistingJdks$detected$1.invoke(ProjectWizardJdkComboBox.kt:316)
	at com.intellij.openapi.progress.CoroutinesKt.blockingContextInner(coroutines.kt:320)
	at com.intellij.openapi.progress.CoroutinesKt.access$blockingContextInner(coroutines.kt:1)
	at com.intellij.openapi.progress.CoroutinesKt$blockingContext$2.invokeSuspend(coroutines.kt:197)
	at com.intellij.openapi.progress.CoroutinesKt$blockingContext$2.invoke(coroutines.kt)
	at com.intellij.openapi.progress.CoroutinesKt$blockingContext$2.invoke(coroutines.kt)
	at kotlinx.coroutines.intrinsics.UndispatchedKt.startUndispatchedOrReturn(Undispatched.kt:78)
	at kotlinx.coroutines.CoroutineScopeKt.coroutineScope(CoroutineScope.kt:264)
	at com.intellij.openapi.progress.CoroutinesKt.blockingContext(coroutines.kt:196)
	at com.intellij.ide.projectWizard.ProjectWizardJdkComboBox.addExistingJdks(ProjectWizardJdkComboBox.kt:316)
	at com.intellij.ide.projectWizard.ProjectWizardJdkComboBox.access$addExistingJdks(ProjectWizardJdkComboBox.kt:150)
	at com.intellij.ide.projectWizard.ProjectWizardJdkComboBox$3.invokeSuspend(ProjectWizardJdkComboBox.kt:174)
	at kotlin.coroutines.jvm.internal.BaseContinuationImpl.resumeWith(ContinuationImpl.kt:33)
	at kotlinx.coroutines.DispatchedTask.run(DispatchedTask.kt:108)
	at kotlinx.coroutines.scheduling.CoroutineScheduler.runSafely(CoroutineScheduler.kt:584)
	at kotlinx.coroutines.scheduling.CoroutineScheduler$Worker.executeTask(CoroutineScheduler.kt:793)
	at kotlinx.coroutines.scheduling.CoroutineScheduler$Worker.runWorker(CoroutineScheduler.kt:697)
	at kotlinx.coroutines.scheduling.CoroutineScheduler$Worker.run(CoroutineScheduler.kt:684)
2026-08-21 00:35:42,856 [  94183]   INFO - #o.j.j.m.j.i.JdkVersionDetectorImpl - /usr/lib/jvm/jre-25-openjdk/release
java.lang.IllegalArgumentException: "25.0.4"
	at com.intellij.util.lang.JavaVersion.parse(JavaVersion.java:307)
	at org.jetbrains.jps.model.java.impl.JdkVersionDetectorImpl.detectFromRelease(JdkVersionDetectorImpl.java:66)
	at org.jetbrains.jps.model.java.impl.JdkVersionDetectorImpl.detectJdkVersionInfo(JdkVersionDetectorImpl.java:41)
	at com.intellij.openapi.projectRoots.impl.SdkVersionUtil.getJdkVersionInfo(SdkVersionUtil.java:17)
	at com.intellij.openapi.projectRoots.impl.JavaSdkImpl.lambda$getInfo$14(JavaSdkImpl.java:426)
	at java.base/java.util.concurrent.ConcurrentHashMap.computeIfAbsent(ConcurrentHashMap.java:1708)
	at com.intellij.openapi.projectRoots.impl.JavaSdkImpl.getInfo(JavaSdkImpl.java:426)
	at com.intellij.openapi.projectRoots.impl.JavaSdkImpl.getVersionString(JavaSdkImpl.java:431)
	at com.intellij.ide.projectWizard.ProjectWizardJdkComboBox$addExistingJdks$detected$1.invoke(ProjectWizardJdkComboBox.kt:318)
	at com.intellij.ide.projectWizard.ProjectWizardJdkComboBox$addExistingJdks$detected$1.invoke(ProjectWizardJdkComboBox.kt:316)
	at com.intellij.openapi.progress.CoroutinesKt.blockingContextInner(coroutines.kt:320)
	at com.intellij.openapi.progress.CoroutinesKt.access$blockingContextInner(coroutines.kt:1)
	at com.intellij.openapi.progress.CoroutinesKt$blockingContext$2.invokeSuspend(coroutines.kt:197)
	at com.intellij.openapi.progress.CoroutinesKt$blockingContext$2.invoke(coroutines.kt)
	at com.intellij.openapi.progress.CoroutinesKt$blockingContext$2.invoke(coroutines.kt)
	at kotlinx.coroutines.intrinsics.UndispatchedKt.startUndispatchedOrReturn(Undispatched.kt:78)
	at kotlinx.coroutines.CoroutineScopeKt.coroutineScope(CoroutineScope.kt:264)
	at com.intellij.openapi.progress.CoroutinesKt.blockingContext(coroutines.kt:196)
	at com.intellij.ide.projectWizard.ProjectWizardJdkComboBox.addExistingJdks(ProjectWizardJdkComboBox.kt:316)
	at com.intellij.ide.projectWizard.ProjectWizardJdkComboBox.access$addExistingJdks(ProjectWizardJdkComboBox.kt:150)
	at com.intellij.ide.projectWizard.ProjectWizardJdkComboBox$3.invokeSuspend(ProjectWizardJdkComboBox.kt:174)
	at kotlin.coroutines.jvm.internal.BaseContinuationImpl.resumeWith(ContinuationImpl.kt:33)
	at kotlinx.coroutines.DispatchedTask.run(DispatchedTask.kt:108)
	at kotlinx.coroutines.scheduling.CoroutineScheduler.runSafely(CoroutineScheduler.kt:584)
	at kotlinx.coroutines.scheduling.CoroutineScheduler$Worker.executeTask(CoroutineScheduler.kt:793)
	at kotlinx.coroutines.scheduling.CoroutineScheduler$Worker.runWorker(CoroutineScheduler.kt:697)
	at kotlinx.coroutines.scheduling.CoroutineScheduler$Worker.run(CoroutineScheduler.kt:684)
2026-08-21 00:35:42,908 [  94235]   INFO - #o.j.j.m.j.i.JdkVersionDetectorImpl - /usr/lib/jvm/jre-25-openjdk/bin/java
java.lang.IllegalArgumentException: openjdk version "25.0.4" 2026-07-21
	at com.intellij.util.lang.JavaVersion.parse(JavaVersion.java:307)
	at org.jetbrains.jps.model.java.impl.JdkVersionDetectorImpl.detectFromOutput(JdkVersionDetectorImpl.java:131)
	at org.jetbrains.jps.model.java.impl.JdkVersionDetectorImpl.detectJdkVersionInfo(JdkVersionDetectorImpl.java:49)
	at com.intellij.openapi.projectRoots.impl.SdkVersionUtil.getJdkVersionInfo(SdkVersionUtil.java:17)
	at com.intellij.openapi.projectRoots.impl.JavaSdkImpl.lambda$getInfo$14(JavaSdkImpl.java:426)
	at java.base/java.util.concurrent.ConcurrentHashMap.computeIfAbsent(ConcurrentHashMap.java:1708)
	at com.intellij.openapi.projectRoots.impl.JavaSdkImpl.getInfo(JavaSdkImpl.java:426)
	at com.intellij.openapi.projectRoots.impl.JavaSdkImpl.getVersionString(JavaSdkImpl.java:431)
	at com.intellij.ide.projectWizard.ProjectWizardJdkComboBox$addExistingJdks$detected$1.invoke(ProjectWizardJdkComboBox.kt:318)
	at com.intellij.ide.projectWizard.ProjectWizardJdkComboBox$addExistingJdks$detected$1.invoke(ProjectWizardJdkComboBox.kt:316)
	at com.intellij.openapi.progress.CoroutinesKt.blockingContextInner(coroutines.kt:320)
	at com.intellij.openapi.progress.CoroutinesKt.access$blockingContextInner(coroutines.kt:1)
	at com.intellij.openapi.progress.CoroutinesKt$blockingContext$2.invokeSuspend(coroutines.kt:197)
	at com.intellij.openapi.progress.CoroutinesKt$blockingContext$2.invoke(coroutines.kt)
	at com.intellij.openapi.progress.CoroutinesKt$blockingContext$2.invoke(coroutines.kt)
	at kotlinx.coroutines.intrinsics.UndispatchedKt.startUndispatchedOrReturn(Undispatched.kt:78)
	at kotlinx.coroutines.CoroutineScopeKt.coroutineScope(CoroutineScope.kt:264)
	at com.intellij.openapi.progress.CoroutinesKt.blockingContext(coroutines.kt:196)
	at com.intellij.ide.projectWizard.ProjectWizardJdkComboBox.addExistingJdks(ProjectWizardJdkComboBox.kt:316)
	at com.intellij.ide.projectWizard.ProjectWizardJdkComboBox.access$addExistingJdks(ProjectWizardJdkComboBox.kt:150)
	at com.intellij.ide.projectWizard.ProjectWizardJdkComboBox$3.invokeSuspend(ProjectWizardJdkComboBox.kt:174)
	at kotlin.coroutines.jvm.internal.BaseContinuationImpl.resumeWith(ContinuationImpl.kt:33)
	at kotlinx.coroutines.DispatchedTask.run(DispatchedTask.kt:108)
	at kotlinx.coroutines.scheduling.CoroutineScheduler.runSafely(CoroutineScheduler.kt:584)
	at kotlinx.coroutines.scheduling.CoroutineScheduler$Worker.executeTask(CoroutineScheduler.kt:793)
	at kotlinx.coroutines.scheduling.CoroutineScheduler$Worker.runWorker(CoroutineScheduler.kt:697)
	at kotlinx.coroutines.scheduling.CoroutineScheduler$Worker.run(CoroutineScheduler.kt:684)
2026-08-21 00:35:42,909 [  94236]   INFO - #o.j.j.m.j.i.JdkVersionDetectorImpl - /usr/lib/jvm/jre-openjdk/release
java.lang.IllegalArgumentException: "25.0.4"
	at com.intellij.util.lang.JavaVersion.parse(JavaVersion.java:307)
	at org.jetbrains.jps.model.java.impl.JdkVersionDetectorImpl.detectFromRelease(JdkVersionDetectorImpl.java:66)
	at org.jetbrains.jps.model.java.impl.JdkVersionDetectorImpl.detectJdkVersionInfo(JdkVersionDetectorImpl.java:41)
	at com.intellij.openapi.projectRoots.impl.SdkVersionUtil.getJdkVersionInfo(SdkVersionUtil.java:17)
	at com.intellij.openapi.projectRoots.impl.JavaSdkImpl.lambda$getInfo$14(JavaSdkImpl.java:426)
	at java.base/java.util.concurrent.ConcurrentHashMap.computeIfAbsent(ConcurrentHashMap.java:1708)
	at com.intellij.openapi.projectRoots.impl.JavaSdkImpl.getInfo(JavaSdkImpl.java:426)
	at com.intellij.openapi.projectRoots.impl.JavaSdkImpl.getVersionString(JavaSdkImpl.java:431)
	at com.intellij.ide.projectWizard.ProjectWizardJdkComboBox$addExistingJdks$detected$1.invoke(ProjectWizardJdkComboBox.kt:318)
	at com.intellij.ide.projectWizard.ProjectWizardJdkComboBox$addExistingJdks$detected$1.invoke(ProjectWizardJdkComboBox.kt:316)
	at com.intellij.openapi.progress.CoroutinesKt.blockingContextInner(coroutines.kt:320)
	at com.intellij.openapi.progress.CoroutinesKt.access$blockingContextInner(coroutines.kt:1)
	at com.intellij.openapi.progress.CoroutinesKt$blockingContext$2.invokeSuspend(coroutines.kt:197)
	at com.intellij.openapi.progress.CoroutinesKt$blockingContext$2.invoke(coroutines.kt)
	at com.intellij.openapi.progress.CoroutinesKt$blockingContext$2.invoke(coroutines.kt)
	at kotlinx.coroutines.intrinsics.UndispatchedKt.startUndispatchedOrReturn(Undispatched.kt:78)
	at kotlinx.coroutines.CoroutineScopeKt.coroutineScope(CoroutineScope.kt:264)
	at com.intellij.openapi.progress.CoroutinesKt.blockingContext(coroutines.kt:196)
	at com.intellij.ide.projectWizard.ProjectWizardJdkComboBox.addExistingJdks(ProjectWizardJdkComboBox.kt:316)
	at com.intellij.ide.projectWizard.ProjectWizardJdkComboBox.access$addExistingJdks(ProjectWizardJdkComboBox.kt:150)
	at com.intellij.ide.projectWizard.ProjectWizardJdkComboBox$3.invokeSuspend(ProjectWizardJdkComboBox.kt:174)
	at kotlin.coroutines.jvm.internal.BaseContinuationImpl.resumeWith(ContinuationImpl.kt:33)
	at kotlinx.coroutines.DispatchedTask.run(DispatchedTask.kt:108)
	at kotlinx.coroutines.scheduling.CoroutineScheduler.runSafely(CoroutineScheduler.kt:584)
	at kotlinx.coroutines.scheduling.CoroutineScheduler$Worker.executeTask(CoroutineScheduler.kt:793)
	at kotlinx.coroutines.scheduling.CoroutineScheduler$Worker.runWorker(CoroutineScheduler.kt:697)
	at kotlinx.coroutines.scheduling.CoroutineScheduler$Worker.run(CoroutineScheduler.kt:684)
2026-08-21 00:35:42,956 [  94283]   INFO - #o.j.j.m.j.i.JdkVersionDetectorImpl - /usr/lib/jvm/jre-openjdk/bin/java
java.lang.IllegalArgumentException: openjdk version "25.0.4" 2026-07-21
	at com.intellij.util.lang.JavaVersion.parse(JavaVersion.java:307)
	at org.jetbrains.jps.model.java.impl.JdkVersionDetectorImpl.detectFromOutput(JdkVersionDetectorImpl.java:131)
	at org.jetbrains.jps.model.java.impl.JdkVersionDetectorImpl.detectJdkVersionInfo(JdkVersionDetectorImpl.java:49)
	at com.intellij.openapi.projectRoots.impl.SdkVersionUtil.getJdkVersionInfo(SdkVersionUtil.java:17)
	at com.intellij.openapi.projectRoots.impl.JavaSdkImpl.lambda$getInfo$14(JavaSdkImpl.java:426)
	at java.base/java.util.concurrent.ConcurrentHashMap.computeIfAbsent(ConcurrentHashMap.java:1708)
	at com.intellij.openapi.projectRoots.impl.JavaSdkImpl.getInfo(JavaSdkImpl.java:426)
	at com.intellij.openapi.projectRoots.impl.JavaSdkImpl.getVersionString(JavaSdkImpl.java:431)
	at com.intellij.ide.projectWizard.ProjectWizardJdkComboBox$addExistingJdks$detected$1.invoke(ProjectWizardJdkComboBox.kt:318)
	at com.intellij.ide.projectWizard.ProjectWizardJdkComboBox$addExistingJdks$detected$1.invoke(ProjectWizardJdkComboBox.kt:316)
	at com.intellij.openapi.progress.CoroutinesKt.blockingContextInner(coroutines.kt:320)
	at com.intellij.openapi.progress.CoroutinesKt.access$blockingContextInner(coroutines.kt:1)
	at com.intellij.openapi.progress.CoroutinesKt$blockingContext$2.invokeSuspend(coroutines.kt:197)
	at com.intellij.openapi.progress.CoroutinesKt$blockingContext$2.invoke(coroutines.kt)
	at com.intellij.openapi.progress.CoroutinesKt$blockingContext$2.invoke(coroutines.kt)
	at kotlinx.coroutines.intrinsics.UndispatchedKt.startUndispatchedOrReturn(Undispatched.kt:78)
	at kotlinx.coroutines.CoroutineScopeKt.coroutineScope(CoroutineScope.kt:264)
	at com.intellij.openapi.progress.CoroutinesKt.blockingContext(coroutines.kt:196)
	at com.intellij.ide.projectWizard.ProjectWizardJdkComboBox.addExistingJdks(ProjectWizardJdkComboBox.kt:316)
	at com.intellij.ide.projectWizard.ProjectWizardJdkComboBox.access$addExistingJdks(ProjectWizardJdkComboBox.kt:150)
	at com.intellij.ide.projectWizard.ProjectWizardJdkComboBox$3.invokeSuspend(ProjectWizardJdkComboBox.kt:174)
	at kotlin.coroutines.jvm.internal.BaseContinuationImpl.resumeWith(ContinuationImpl.kt:33)
	at kotlinx.coroutines.DispatchedTask.run(DispatchedTask.kt:108)
	at kotlinx.coroutines.scheduling.CoroutineScheduler.runSafely(CoroutineScheduler.kt:584)
	at kotlinx.coroutines.scheduling.CoroutineScheduler$Worker.executeTask(CoroutineScheduler.kt:793)
	at kotlinx.coroutines.scheduling.CoroutineScheduler$Worker.runWorker(CoroutineScheduler.kt:697)
	at kotlinx.coroutines.scheduling.CoroutineScheduler$Worker.run(CoroutineScheduler.kt:684)
2026-08-21 00:35:48,041 [  99368]   INFO - #c.i.w.i.i.j.s.JpsGlobalModelSynchronizerImpl - Saving global entities com.intellij.platform.workspace.jps.entities.SdkEntity to files
2026-08-21 00:35:48,043 [  99370]   INFO - #c.i.w.i.i.j.s.JpsGlobalModelSynchronizerImpl - Saving global entities com.intellij.platform.workspace.jps.entities.LibraryEntity to files
2026-08-21 00:35:50,127 [ 101454]   INFO - #c.i.w.i.i.j.s.JpsGlobalModelSynchronizerImpl - Saving global entities com.intellij.platform.workspace.jps.entities.SdkEntity to files
2026-08-21 00:35:50,128 [ 101455]   INFO - #c.i.w.i.i.j.s.JpsGlobalModelSynchronizerImpl - Saving global entities com.intellij.platform.workspace.jps.entities.LibraryEntity to files
2026-08-21 00:35:50,159 [ 101486]   INFO - #c.i.c.ComponentStoreImpl - Saving appFindSettings took 13 ms
2026-08-21 00:35:56,315 [ 107642]   INFO - #c.i.w.i.i.j.s.JpsGlobalModelSynchronizerImpl - Saving global entities com.intellij.platform.workspace.jps.entities.SdkEntity to files
2026-08-21 00:35:56,317 [ 107644]   INFO - #c.i.w.i.i.j.s.JpsGlobalModelSynchronizerImpl - Saving global entities com.intellij.platform.workspace.jps.entities.LibraryEntity to files
2026-08-21 00:35:56,388 [ 107715]   INFO - #c.i.c.ComponentStoreImpl - Saving Project(name=teste, containerState=COMPONENT_CREATED, componentStore=/home/lucasalmeida/IdeaProjects/teste)Kotlin2JvmCompilerArguments took 13 ms
2026-08-21 00:36:28,143 [ 139470]   WARN - #c.i.o.v.i.l.NativeFileWatcherImpl - Watcher terminated with exit code 143
2026-08-21 00:36:28,161 [ 139488]   INFO - #c.i.u.i.FileBasedIndexImpl - Index dispose started
2026-08-21 00:36:28,238 [ 139565]   INFO - #c.i.p.s.StubIndexImpl - StubIndexExtension-s were unloaded
2026-08-21 00:36:28,239 [ 139566]   INFO - #c.i.p.s.SerializationManagerImpl - Start shutting down /home/lucasalmeida/Developer/DockerRunner/.intellijPlatform/sandbox/DockerRunner/IC-2024.1/system/index/rep.names
2026-08-21 00:36:28,240 [ 139567]   INFO - #c.i.p.s.SerializationManagerImpl - Finished shutting down /home/lucasalmeida/Developer/DockerRunner/.intellijPlatform/sandbox/DockerRunner/IC-2024.1/system/index/rep.names
2026-08-21 00:36:28,243 [ 139570]   INFO - #c.i.u.i.FileBasedIndexImpl - Index dispose completed in 82ms.
2026-08-21 00:36:28,247 [ 139574]   INFO - #c.i.o.v.n.p.PersistentFSImpl - VFS dispose started
2026-08-21 00:36:28,254 [ 139581]   INFO - #c.i.o.v.n.p.FSRecordsImpl - VFS closing
2026-08-21 00:36:28,260 [ 139587]   INFO - #c.i.o.v.n.p.PersistentFSImpl - VFS dispose completed in 12 ms.
2026-08-21 00:36:28,311 [ 139638]   INFO - #c.i.p.i.b.AppStarter - ------------------------------------------------------ IDE SHUTDOWN ------------------------------------------------------
2026-08-21 00:36:35,113 [     25]   INFO - #c.i.p.i.b.AppStarter - ------------------------------------------------------ IDE STARTED ------------------------------------------------------
2026-08-21 00:36:35,119 [     31]   INFO - #c.i.i.p.PluginManager - Plugin PluginDescriptor(name=Groovy, id=org.intellij.groovy, descriptorPath=plugin.xml, path=~/.gradle/caches/9.6.0/transforms/bea1b87427568a068e547fc0eae09392/transformed/ideaIC-2024.1/plugins/Groovy, version=241.14494.240, package=org.jetbrains.plugins.groovy, isBundled=true) misses optional descriptor duplicates-groovy.xml
2026-08-21 00:36:35,133 [     45]   INFO - #c.i.i.p.PluginManager - Plugin PluginDescriptor(name=Groovy, id=org.intellij.groovy, descriptorPath=plugin.xml, path=~/.gradle/caches/9.6.0/transforms/bea1b87427568a068e547fc0eae09392/transformed/ideaIC-2024.1/plugins/Groovy, version=241.14494.240, package=org.jetbrains.plugins.groovy, isBundled=true) misses optional descriptor duplicates-detection-groovy.xml
2026-08-21 00:36:35,205 [    117]   INFO - #c.i.i.p.PluginManager - Using cached broken plugins file
2026-08-21 00:36:35,238 [    150]   INFO - #c.i.u.i.PageCacheUtils - File page caching params:
2026-08-21 00:36:35,239 [    151]   INFO - #c.i.u.i.PageCacheUtils - 	DEFAULT_PAGE_SIZE: 10485760
2026-08-21 00:36:35,246 [    158]   INFO - #c.i.u.i.PageCacheUtils - 	Direct memory to use, max: 2126512128
2026-08-21 00:36:35,247 [    159]   INFO - #c.i.u.i.PageCacheUtils - 	FilePageCache: regular + lock-free (LOCK_FREE_PAGE_CACHE_ENABLED:true)
2026-08-21 00:36:35,251 [    163]   INFO - #c.i.u.i.PageCacheUtils - 	NEW_PAGE_CACHE_MEMORY_FRACTION: 0.20000000298023224
2026-08-21 00:36:35,252 [    164]   INFO - #c.i.u.i.PageCacheUtils - 	Regular FilePageCache: 503316478 bytes
2026-08-21 00:36:35,263 [    175]   INFO - #c.i.u.i.PageCacheUtils - 	New     FilePageCache: 125829122 bytes (+ up to 10.0% overflow)
2026-08-21 00:36:35,264 [    176]   INFO - #c.i.u.i.PageCacheUtils - 	DirectByteBuffers pool: 104857600 bytes
2026-08-21 00:36:35,277 [    189]   INFO - #c.i.p.i.b.AppStarter - JNA library (64-bit) loaded in 131 ms
2026-08-21 00:36:35,284 [    196]   INFO - #c.i.p.i.b.AppStarter - IDE: IntelliJ IDEA (build #IC-241.14494.240, Thu, 28 Mar 2024 05:12:00 GMT)
2026-08-21 00:36:35,285 [    197]   INFO - #c.i.p.i.b.AppStarter - OS: Linux (7.1.8-200.fc44.x86_64)
2026-08-21 00:36:35,287 [    199]   INFO - #c.i.p.i.b.AppStarter - JRE: 17.0.10+8-b1207.12, amd64 (JetBrains s.r.o.)
2026-08-21 00:36:35,288 [    200]   INFO - #c.i.p.i.b.AppStarter - JVM: 17.0.10+8-b1207.12 (OpenJDK 64-Bit Server VM)
2026-08-21 00:36:35,295 [    207]   INFO - #c.i.p.i.b.AppStarter - PID: 85853
2026-08-21 00:36:35,296 [    208]   INFO - #c.i.p.i.b.AppStarter - desktop: KDE
2026-08-21 00:36:35,337 [    249]   INFO - #c.i.p.i.b.AppStarter - toolkit: sun.awt.X11.XToolkit
2026-08-21 00:36:35,375 [    287]   INFO - #c.i.p.i.b.AppStarter - JVM options: [-Daether.connector.resumeDownloads=false, -Dawt.lock.fair=true, -Dide.native.launcher=false, -Dide.no.platform.update=false, -Dide.show.tips.on.startup.default.value=false, -Didea.auto.reload.plugins=true, -Didea.classpath.index.enabled=false, -Didea.config.path=/home/lucasalmeida/Developer/DockerRunner/.intellijPlatform/sandbox/DockerRunner/IC-2024.1/config, -Didea.is.internal=true, -Didea.log.path=/home/lucasalmeida/Developer/DockerRunner/.intellijPlatform/sandbox/DockerRunner/IC-2024.1/log, -Didea.paths.selector=IdeaIC2024.1, -Didea.platform.prefix=Idea, -Didea.plugin.in.sandbox.mode=true, -Didea.plugins.path=/home/lucasalmeida/Developer/DockerRunner/.intellijPlatform/sandbox/DockerRunner/IC-2024.1/plugins, -Didea.required.plugins.id=com.olezelelabs.dockerrunner, -Didea.reset.classpath.from.manifest=true, -Didea.system.path=/home/lucasalmeida/Developer/DockerRunner/.intellijPlatform/sandbox/DockerRunner/IC-2024.1/system, -Didea.vendor.name=JetBrains, -Dintellij.console.log.level=warning, -Dintellij.platform.runtime.repository.path=/home/lucasalmeida/.gradle/caches/9.6.0/transforms/bea1b87427568a068e547fc0eae09392/transformed/ideaIC-2024.1/modules/module-descriptors.jar, -Djava.system.class.loader=com.intellij.util.lang.PathClassLoader, -Djbr.catch.SIGABRT=true, -Djdk.attach.allowAttachSelf=true, -Djdk.http.auth.tunneling.disabledSchemes="", -Djdk.module.illegalAccess.silent=true, -Djna.boot.library.path=/home/lucasalmeida/.gradle/caches/9.6.0/transforms/bea1b87427568a068e547fc0eae09392/transformed/ideaIC-2024.1/lib/jna/amd64, -Djna.noclasspath=true, -Djna.nosys=true, -Dplugin.path=/home/lucasalmeida/Developer/DockerRunner/.intellijPlatform/sandbox/DockerRunner/IC-2024.1/plugins/DockerRunner, -Dpty4j.preferred.native.folder=/home/lucasalmeida/.gradle/caches/9.6.0/transforms/bea1b87427568a068e547fc0eae09392/transformed/ideaIC-2024.1/lib/pty4j, -Dsplash=true, -Dsun.awt.disablegrab=true, -Dsun.io.useCanonCaches=false, -Dsun.java2d.metal=true, -Dsun.tools.attach.tmp.only=true, -XX:+HeapDumpOnOutOfMemoryError, -XX:-OmitStackTraceInFastThrow, -XX:+IgnoreUnrecognizedVMOptions, -XX:CICompilerCount=2, -XX:ReservedCodeCacheSize=512m, -XX:CompileCommand=exclude,com/intellij/openapi/vfs/impl/FilePartNodeRoot,trieDescend, -XX:SoftRefLRUPolicyMSPerMB=50, --add-opens=java.base/java.io=ALL-UNNAMED, --add-opens=java.base/java.lang=ALL-UNNAMED, --add-opens=java.base/java.lang.ref=ALL-UNNAMED, --add-opens=java.base/java.lang.reflect=ALL-UNNAMED, --add-opens=java.base/java.net=ALL-UNNAMED, --add-opens=java.base/java.nio=ALL-UNNAMED, --add-opens=java.base/java.nio.charset=ALL-UNNAMED, --add-opens=java.base/java.text=ALL-UNNAMED, --add-opens=java.base/java.time=ALL-UNNAMED, --add-opens=java.base/java.util=ALL-UNNAMED, --add-opens=java.base/java.util.concurrent=ALL-UNNAMED, --add-opens=java.base/java.util.concurrent.atomic=ALL-UNNAMED, --add-opens=java.base/java.util.concurrent.locks=ALL-UNNAMED, --add-opens=java.base/jdk.internal.vm=ALL-UNNAMED, --add-opens=java.base/sun.nio.ch=ALL-UNNAMED, --add-opens=java.base/sun.nio.fs=ALL-UNNAMED, --add-opens=java.base/sun.security.ssl=ALL-UNNAMED, --add-opens=java.base/sun.security.util=ALL-UNNAMED, --add-opens=java.base/sun.net.dns=ALL-UNNAMED, --add-opens=java.desktop/com.sun.java.swing.plaf.gtk=ALL-UNNAMED, --add-opens=java.desktop/java.awt=ALL-UNNAMED, --add-opens=java.desktop/java.awt.dnd.peer=ALL-UNNAMED, --add-opens=java.desktop/java.awt.event=ALL-UNNAMED, --add-opens=java.desktop/java.awt.image=ALL-UNNAMED, --add-opens=java.desktop/java.awt.peer=ALL-UNNAMED, --add-opens=java.desktop/java.awt.font=ALL-UNNAMED, --add-opens=java.desktop/javax.swing=ALL-UNNAMED, --add-opens=java.desktop/javax.swing.plaf.basic=ALL-UNNAMED, --add-opens=java.desktop/javax.swing.text=ALL-UNNAMED, --add-opens=java.desktop/javax.swing.text.html=ALL-UNNAMED, --add-opens=java.desktop/sun.awt.X11=ALL-UNNAMED, --add-opens=java.desktop/sun.awt.datatransfer=ALL-UNNAMED, --add-opens=java.desktop/sun.awt.image=ALL-UNNAMED, --add-opens=java.desktop/sun.awt=ALL-UNNAMED, --add-opens=java.desktop/sun.font=ALL-UNNAMED, --add-opens=java.desktop/sun.java2d=ALL-UNNAMED, --add-opens=java.desktop/sun.swing=ALL-UNNAMED, --add-opens=java.desktop/com.sun.java.swing=ALL-UNNAMED, --add-opens=jdk.attach/sun.tools.attach=ALL-UNNAMED, --add-opens=jdk.compiler/com.sun.tools.javac.api=ALL-UNNAMED, --add-opens=jdk.internal.jvmstat/sun.jvmstat.monitor=ALL-UNNAMED, --add-opens=jdk.jdi/com.sun.tools.jdi=ALL-UNNAMED, -javaagent:/home/lucasalmeida/Developer/DockerRunner/.intellijPlatform/coroutines-javaagent-legacy.jar, -Xms128m, -Xmx2048m, -Dfile.encoding=UTF-8, -Duser.country=BR, -Duser.language=pt, -Duser.variant, -ea]
2026-08-21 00:36:35,377 [    289]   INFO - #c.i.p.i.b.AppStarter - args: 
2026-08-21 00:36:35,380 [    292]   INFO - #c.i.p.i.b.AppStarter - library path: /usr/java/packages/lib:/usr/lib64:/lib64:/lib:/usr/lib
2026-08-21 00:36:35,381 [    293]   INFO - #c.i.p.i.b.AppStarter - boot library path: /home/lucasalmeida/.gradle/caches/9.6.0/transforms/bea1b87427568a068e547fc0eae09392/transformed/ideaIC-2024.1/jbr/lib
2026-08-21 00:36:35,414 [    326]   INFO - #c.i.p.i.b.AppStarter - locale=pt_BR JNU=UTF-8 file.encoding=UTF-8
    idea.config.path=/home/lucasalmeida/Developer/DockerRunner/.intellijPlatform/sandbox/DockerRunner/IC-2024.1/config
    idea.system.path=/home/lucasalmeida/Developer/DockerRunner/.intellijPlatform/sandbox/DockerRunner/IC-2024.1/system
    idea.plugins.path=/home/lucasalmeida/Developer/DockerRunner/.intellijPlatform/sandbox/DockerRunner/IC-2024.1/plugins
    idea.log.path=/home/lucasalmeida/Developer/DockerRunner/.intellijPlatform/sandbox/DockerRunner/IC-2024.1/log
2026-08-21 00:36:35,433 [    345]   INFO - #c.i.p.i.b.AppStarter - CPU cores: 8; ForkJoinPool.commonPool: java.util.concurrent.ForkJoinPool@58c0553d[Running, parallelism = 7, size = 0, active = 0, running = 0, steals = 0, tasks = 0, submissions = 0]; factory: com.intellij.concurrency.IdeaForkJoinWorkerThreadFactory@461e0e79
2026-08-21 00:36:35,436 [    348]   INFO - #c.i.i.p.PluginManager - PluginDescriptor(name=Docker Runner, id=com.olezelelabs.dockerrunner, descriptorPath=plugin.xml, path=~/Developer/DockerRunner/.intellijPlatform/sandbox/DockerRunner/IC-2024.1/plugins/DockerRunner, version=1.0-SNAPSHOT, package=null, isBundled=false) overrides PluginDescriptor(name=Docker Runner, id=com.olezelelabs.dockerrunner, descriptorPath=plugin.xml, path=~/Developer/DockerRunner/.intellijPlatform/sandbox/DockerRunner/IC-2024.1/plugins/DockerRunner, version=1.0-SNAPSHOT, package=null, isBundled=false)
2026-08-21 00:36:35,495 [    407]   INFO - #c.i.i.p.PluginManager - Module intellij.sh.python is not enabled because dependency intellij.python.community.impl is not available
Module intellij.groovy/ant is not enabled because dependency AntSupport is not available
Module intellij.qodana.jvm.swagger is not enabled because dependency com.intellij.swagger is not available
Module intellij.qodana.python is not enabled because dependency intellij.python is not available
Module intellij.qodana.php is not enabled because dependency com.jetbrains.php is not available
Module intellij.qodana.js is not enabled because dependency JavaScript is not available
Module intellij.qodana.inspectionKts.js is not enabled because dependency JavaScript is not available
Module intellij.qodana.go is not enabled because dependency intellij.go.coverage is not available
Module intellij.cwm.plugin.elevation is not enabled because dependency intellij.execution.process.elevation is not available
Module intellij.packageChecker.php is not enabled because dependency com.jetbrains.php is not available
Module intellij.packageChecker.python is not enabled because dependency intellij.python.community.impl is not available
Module intellij.packageChecker.javascript is not enabled because dependency JavaScript is not available
Module intellij.packageChecker.go is not enabled because dependency org.jetbrains.plugins.go is not available
2026-08-21 00:36:35,534 [    446]   INFO - #c.i.i.p.PluginManager - Loaded bundled plugins: IDEA CORE (241.14494.240), TextMate Bundles (241.14494.240), Images (241.14494.240), Copyright (241.14494.240), Emoji Picker (241.14494.240), EditorConfig (241.14494.240), IDE Services / Provisioner API (241.14494.240), Machine Learning in Search Everywhere (241.14494.240), YAML (241.14494.240), JetBrains maven model api classes (241.14494.240), JetBrains Repository Search (241.14494.240), Maven server api classes (241.14494.240), Markdown (241.14494.240), Terminal (241.14494.240), Mercurial (241.14494.240), Properties (241.14494.240), Gradle (241.14494.240), NetBeans Keymap (241.14494.240), JetBrains Marketplace Licensing (241.14494.240), com.intellij.dev (241.14494.240), Remote Execution Agent (241.14494.240), Shell Script (241.14494.240), HTML Tools (241.14494.240), Visual Studio Keymap (241.14494.240), Machine Learning Code Completion (241.14494.240), Toml (241.14494.240), WebP Support (241.14494.240), Performance Testing (241.14494.240), Grazie Lite (241.14494.240), Eclipse Keymap (241.14494.240), Perforce Helix Core (241.14494.240), GitLab (241.14494.240), IDE Features Trainer (241.14494.240), Java (241.14494.240), com.intellij.tracing.ide (241.14494.240), Java Bytecode Decompiler (241.14494.240), Java Stream Debugger (241.14494.240), Task Management (241.14494.240), GitHub (241.14494.240), JUnit (241.14494.240), Eclipse Interoperability (241.14494.240), IntelliLang (241.14494.240), Groovy (241.14494.240), JavaFX (241.14494.240), Turbo Complete (241.14494.240), Kotlin (241.14494.240-IJ), Gradle DSL API (241.14494.240), Java Internationalization (241.14494.240), UI Designer (241.14494.240), Bytecode Viewer (241.14494.240), Maven (241.14494.240), TestNG (241.14494.240), Code Coverage for Java (241.14494.240), Gradle-Java (241.14494.240), Gradle-Java-Analysis (241.14494.240), Gradle-Maven (241.14494.240), Java IDE Customization (241.14494.240), Settings Sync (241.14494.240), Git (241.14494.240), Qodana (241.14494.240), Configuration Script (241.14494.240), Shared Indexes (241.14494.240), Code With Me (241.14494.240), Subversion (241.14494.240), Package Checker (241.14494.240), Gradle Dependency Updater Implementation (241.14494.240), Async Profiler for IDE Performance Testing (241.14494.240)
2026-08-21 00:36:35,535 [    447]   INFO - #c.i.i.p.PluginManager - Loaded custom plugins: Docker Runner (1.0-SNAPSHOT)
2026-08-21 00:36:35,732 [    644]   INFO - c.i.p.i.IdeFingerprint - Calculated dependencies fingerprint in 53 ms (hash=3ja1tn0mmpkyc, buildTime=1711602720, appVersion=IC-241.14494.240)
2026-08-21 00:36:35,859 [    771]   INFO - #c.i.o.v.n.p.FSRecords - VFS health-check enabled: first after 600000 ms, and each following 43200000 ms, wrap in RA: true
2026-08-21 00:36:35,952 [    864]   INFO - #c.i.a.o.PathMacrosImpl - Loaded path macros: {MAVEN_REPOSITORY=/home/lucasalmeida/.m2/repository}
2026-08-21 00:36:36,024 [    936]   INFO - #c.i.o.v.n.p.PersistentFSLoader - VFS uses 'fast' names enumerator (over mmapped file)
2026-08-21 00:36:36,032 [    944]   INFO - #c.i.o.v.n.p.PersistentFSLoader - VFS uses content storage over memory-mapped file, with compression algo: LZ4[ > 8000b ]
2026-08-21 00:36:36,036 [    948]   INFO - #c.i.o.v.n.p.PersistentFSLoader - VFS uses streamlined attributes storage (over mmapped file)
2026-08-21 00:36:36,123 [   1035]   INFO - #c.i.i.p.ExpiredPluginsState - Plugins to skip: []
2026-08-21 00:36:36,190 [   1102]   INFO - #c.i.o.v.n.p.PersistentFSLoader - VFS: impl (expected) version=846397, 96041 file records, 15 content blobs
2026-08-21 00:36:36,269 [   1181]   INFO - #c.i.o.v.n.p.FSRecordsImpl - VFS initialized: 235 ms, 0 failed attempts, 0 error(s) were recovered
2026-08-21 00:36:36,359 [   1271]   INFO - #c.i.o.v.i.l.NativeFileWatcherImpl - Starting file watcher: /home/lucasalmeida/.gradle/caches/9.6.0/transforms/bea1b87427568a068e547fc0eae09392/transformed/ideaIC-2024.1/bin/fsnotifier
2026-08-21 00:36:36,431 [   1343]   INFO - #c.i.o.v.n.p.FSRecordsImpl - VFS scanned: file-by-name index was populated
2026-08-21 00:36:36,432 [   1344]   INFO - #c.i.o.v.i.l.NativeFileWatcherImpl - Native file watcher is operational.
2026-08-21 00:36:36,704 [   1616]   INFO - #c.i.o.a.i.NonBlockingReadActionImpl - OTel monitoring for NonBlockingReadAction is enabled
2026-08-21 00:36:36,735 [   1647]   INFO - #o.j.i.BuiltInServerManager - built-in server started, port 63342
2026-08-21 00:36:37,045 [   1957]   INFO - #c.i.u.n.s.CertificateManager - Default SSL context initialized
2026-08-21 00:36:37,205 [   2117]   INFO - #c.i.p.i.m.GlobalMenuLinux - Start glib main loop in thread: GlobalMenuLinux loop
2026-08-21 00:36:37,216 [   2128]   INFO - #c.i.p.i.m.GlobalMenuLinux - Closed dbus-service 'com.canonical.AppMenu.Registrar'
2026-08-21 00:36:37,310 [   2222]   INFO - #c.i.i.s.p.i.SharedIndexMainZipStorage - Shared Indexes Storage is opened and empty
2026-08-21 00:36:37,316 [   2228]   WARN - #c.i.i.s.p.i.BundledSharedIndexProvider - Bundled shared index is not found at: /home/lucasalmeida/.gradle/caches/9.6.0/transforms/bea1b87427568a068e547fc0eae09392/transformed/ideaIC-2024.1/jdk-shared-indexes
2026-08-21 00:36:37,551 [   2463]   INFO - #c.i.o.a.i.ApplicationImpl - LONG VFS PROCESSING. Topic=BulkFileListener, offender=class com.intellij.history.integration.LocalHistoryEventDispatcher$LocalHistoryBulkFileListener, message=before, time=70ms
2026-08-21 00:36:37,752 [   2664]   INFO - #c.i.u.i.FileBasedIndexImpl - Indices to be built:FilenameIndex(v = 258)
2026-08-21 00:36:37,759 [   2671]   INFO - #c.i.u.i.FileBasedIndexImpl - Using nice flusher for indexes
2026-08-21 00:36:37,770 [   2682]   INFO - #c.i.u.i.IndexDataInitializer - Index data initialization done: 605 ms. Initialized indexes: [FilenameIndex, filetypes, FrameworkDetectionIndex, Trigram.Index, DomFileIndex, RelaxSymbolIndex, IdIndex, fileIncludes, XmlTagNames, TodoIndex, XmlNamespaces, SchemaTypeInheritance, html5.custom.attributes.index, json.file.root.values, yaml.keys.name, java.auto.module.name, editorconfig.index.name, xmlProperties, java.source.module.name, java.null.method.argument, java.fun.expression, HtmlTagIdIndex, java.binary.plus.expression, bytecodeAnalysis, JavaFxControllerClassIndex, javafx.id.name, org.jetbrains.kotlin.idea.versions.KotlinJsMetadataVersionIndex, javafx.custom.component, org.jetbrains.kotlin.idea.vfilefinder.KotlinMetadataFilePackageIndex, org.jetbrains.kotlin.idea.versions.KotlinJvmMetadataVersionIndex, Stubs, org.jetbrains.kotlin.idea.vfilefinder.KotlinPartialPackageNamesIndex, org.jetbrains.kotlin.idea.vfilefinder.KotlinJavaScriptMetaFileIndex, org.jetbrains.kotlin.idea.vfilefinder.KotlinClassFileIndex, org.jetbrains.kotlin.idea.vfilefinder.KotlinMetadataFileIndex, KotlinPackageSourcesMemberNamesIndex, org.jetbrains.kotlin.idea.vfilefinder.KotlinStdlibIndex, org.jetbrains.kotlin.idea.vfilefinder.KotlinJvmModuleAnnotationsIndex, org.jetbrains.kotlin.idea.vfilefinder.KotlinShortClassNameFileIndex, KotlinTopLevelCallableByPackageShortNameIndex, KotlinTopLevelClassLikeDeclarationByPackageShortNameIndex, org.jetbrains.kotlin.idea.vfilefinder.KotlinBuiltInsMetadataIndex, KotlinBinaryRootToPackageIndex, org.jetbrains.kotlin.idea.vfilefinder.KotlinModuleMappingIndex, org.jetbrains.kotlin.idea.vfilefinder.KlibMetaFileIndex, com.intellij.uiDesigner.FormClassIndex].
2026-08-21 00:36:38,050 [   2962]   INFO - #c.i.u.i.IndexDataInitializer - Index data initialization done: 279 ms. Initialized stub indexes: {KotlinTopLevelFunctionByPackageIndex, KotlinTopLevelPropertyByPackageIndex, markdown.header, gr.annot.method.name, java.anonymous.baseref, org.jetbrains.kotlin.idea.stubindex.KotlinPropertyShortNameIndex, java.class.extlist, KotlinExtensionsInObjectsByReceiverTypeIndex, org.jetbrains.kotlin.idea.stubindex.KotlinScriptFqnIndex, markdown.header.anchor, java.class.shortname, KotlinProbablyNothingFunctionShortNameIndex, org.jetbrains.kotlin.idea.stubindex.KotlinSubclassObjectNameIndex, properties.index, dom.namespaceKey, KotlinTypeAliasByExpansionShortNameIndex, org.jetbrains.kotlin.idea.stubindex.KotlinClassShortNameIndex, gr.method.name, org.jetbrains.kotlin.idea.stubindex.KotlinExactPackagesIndex, jvm.static.member.type, org.jetbrains.kotlin.idea.stubindex.KotlinJvmNameAnnotationIndex, gr.class.super, org.jetbrains.kotlin.idea.stubindex.KotlinSuperClassIndex, jvm.static.member.name, dom.elementClass, gr.script.fqn.s, KotlinTopLevelTypeAliasByPackageIndex, org.jetbrains.kotlin.idea.stubindex.KotlinFileFacadeFqNameIndex, java.unnamed.class, KotlinFileFacadeClassByPackageIndex, org.jetbrains.kotlin.idea.stubindex.KotlinTopLevelFunctionFqnNameIndex, gr.class.fqn.s, org.jetbrains.kotlin.idea.stubindex.KotlinTypeAliasShortNameIndex, org.jetbrains.kotlin.idea.stubindex.KotlinFilePartClassIndex, org.jetbrains.kotlin.idea.stubindex.KotlinTopLevelTypeAliasFqNameIndex, KotlinTopLevelExtensionsByReceiverTypeIndex, gr.script.class, java.field.name, java.method.parameter.types, org.jetbrains.kotlin.idea.stubindex.KotlinInnerTypeAliasClassIdIndex, org.jetbrains.kotlin.idea.stubindex.KotlinMultifileClassPartIndex, gr.anonymous.class, org.jetbrains.kotlin.idea.stubindex.KotlinAnnotationsIndex, org.jetbrains.kotlin.idea.stubindex.KotlinFileFacadeShortNameIndex, gr.field.name, org.jetbrains.kotlin.idea.stubindex.KotlinFullClassNameIndex, KotlinProbablyContractedFunctionShortNameIndex, gr.annot.members, org.jetbrains.kotlin.idea.stubindex.KotlinTopLevelPropertyFqnNameIndex, java.annotations, kotlin.primeIndexKey, KotlinProbablyNothingPropertyShortNameIndex, org.jetbrains.kotlin.idea.stubindex.KotlinFunctionShortNameIndex, java.module.name, KotlinOverridableInternalMembersShortNameIndex, org.jetbrains.kotlin.idea.stubindex.KotlinTopLevelClassByPackageIndex, java.class.fqn, java.method.name}.
2026-08-21 00:36:38,313 [   3225]   WARN - #c.i.i.u.l.LafManagerImpl - VersionControl.Log.Commit.rowHeight = null in LookAndFeelThemeAdapter; it may lead to performance degradation
2026-08-21 00:36:38,730 [   3642]   INFO - #c.i.p.i.m.GlobalMenuLinux - created instance of GlobalMenuLinux for frame: com.intellij.openapi.wm.impl.IdeFrameImpl[frame0,0,0,1366x768,invalid,layout=java.awt.BorderLayout,title=,resizable,maximized,defaultCloseOperation=DO_NOTHING_ON_CLOSE,rootPane=com.intellij.openapi.wm.impl.IdeRootPane[,5,25,1356x738,invalid,layout=com.intellij.openapi.wm.impl.IdeRootPane$MyRootLayout,alignmentX=0.0,alignmentY=0.0,border=,flags=449,maximumSize=,minimumSize=,preferredSize=],rootPaneCheckingEnabled=true]
2026-08-21 00:36:38,909 [   3821]   INFO - #c.i.w.i.i.WorkspaceModelImpl - Load workspace model from cache in 318 ms
2026-08-21 00:36:39,011 [   3923]   INFO - #c.i.w.i.i.GlobalWorkspaceModel - Load global workspace model from cache in 34 ms
2026-08-21 00:36:39,148 [   4060]   INFO - #c.i.w.i.i.WorkspaceModelImpl - Project model updated silently to version 1 in 6 ms: Add module mapping
2026-08-21 00:36:39,379 [   4291]   INFO - #c.i.w.i.i.EntitiesOrphanageImpl - Update orphanage. 0 modules added
2026-08-21 00:36:39,397 [   4309]   INFO - #c.i.w.i.i.WorkspaceModelImpl - Project model updated to version 2 in 74 ms: Sync global entities with project: teste
2026-08-21 00:36:39,801 [   4713]   INFO - PerformancePlugin - Performance Plugin is in silent mode
2026-08-21 00:36:39,897 [   4809]   INFO - #c.i.p.c.ProjectCodeStyleSettingsManager - Initialized from default code style settings.
2026-08-21 00:36:39,900 [   4812]   INFO - #c.i.r.OsRegistryConfigProvider - Looking for 'enabled' value in [/etc/xdg/JetBrains/portForwarding/enabled, /etc/xdg/JetBrains/portForwarding/config.json, /home/lucasalmeida/.config/JetBrains/portForwarding/enabled, /home/lucasalmeida/.config/JetBrains/portForwarding/config.json, /home/lucasalmeida/.config/kdedefaults/JetBrains/portForwarding/enabled, /home/lucasalmeida/.config/kdedefaults/JetBrains/portForwarding/config.json, /etc/xdg/JetBrains/portForwarding/enabled, /etc/xdg/JetBrains/portForwarding/config.json, /usr/share/kde-settings/kde-profile/default/xdg/JetBrains/portForwarding/enabled, /usr/share/kde-settings/kde-profile/default/xdg/JetBrains/portForwarding/config.json]
2026-08-21 00:36:39,902 [   4814]   INFO - #c.i.r.OsRegistryConfigProvider - OS provided value for 'enabled' is not found
2026-08-21 00:36:40,395 [   5307]   INFO - #c.j.r.f.FollowMeManager - Register new user (name: 'lucasalmeida', client id: Host)
2026-08-21 00:36:40,730 [   5642]   INFO - #c.i.o.p.MergingQueueGuiExecutor - Running task: (dumb mode task) com.intellij.openapi.project.InitialDumbTaskRequiredForSmartMode@5c808f1d
2026-08-21 00:36:40,737 [   5649]   INFO - #c.i.o.p.DumbServiceMergingTaskQueue - Initializing DumbServiceMergingTaskQueue...
2026-08-21 00:36:40,739 [   5651] SEVERE - #c.i.o.a.i.ActionManagerImpl - com.olezelelabs.dockerrunner.DockerComposeRunAction PluginClassLoader(plugin=PluginDescriptor(name=Docker Runner, id=com.olezelelabs.dockerrunner, descriptorPath=plugin.xml, path=~/Developer/DockerRunner/.intellijPlatform/sandbox/DockerRunner/IC-2024.1/plugins/DockerRunner, version=1.0-SNAPSHOT, package=null, isBundled=false), packagePrefix=null, state=active)
com.intellij.diagnostic.PluginException: com.olezelelabs.dockerrunner.DockerComposeRunAction PluginClassLoader(plugin=PluginDescriptor(name=Docker Runner, id=com.olezelelabs.dockerrunner, descriptorPath=plugin.xml, path=~/Developer/DockerRunner/.intellijPlatform/sandbox/DockerRunner/IC-2024.1/plugins/DockerRunner, version=1.0-SNAPSHOT, package=null, isBundled=false), packagePrefix=null, state=active)
	at com.intellij.serviceContainer.ComponentManagerImpl.instantiateClass(ComponentManagerImpl.kt:951)
	at com.intellij.openapi.actionSystem.impl.ActionManagerImplKt.instantiate(ActionManagerImpl.kt:1395)
	at com.intellij.openapi.actionSystem.impl.ActionManagerImplKt.convertStub(ActionManagerImpl.kt:1635)
	at com.intellij.openapi.actionSystem.impl.ActionManagerImplKt.getAction(ActionManagerImpl.kt:2117)
	at com.intellij.openapi.actionSystem.impl.ActionManagerImplKt.access$getAction(ActionManagerImpl.kt:1)
	at com.intellij.openapi.actionSystem.impl.ActionManagerImpl.getAction(ActionManagerImpl.kt:415)
	at com.intellij.openapi.actionSystem.DefaultActionGroup.getChildren(DefaultActionGroup.java:389)
	at com.intellij.openapi.actionSystem.DefaultActionGroup.getChildren(DefaultActionGroup.java:366)
	at com.intellij.openapi.actionSystem.ActionGroupWrapper.getChildren(ActionGroupWrapper.java:36)
	at com.intellij.ide.ui.customization.CustomisedActionGroup.getChildren(CustomisedActionGroup.java:46)
	at com.intellij.ide.ui.customization.CustomisedActionGroup.getFirstAction(CustomisedActionGroup.java:54)
	at com.intellij.ide.navigationToolbar.MyNavBarWrapperPanel.runToolbarExists(NavBarRootPaneExtension.kt:205)
	at com.intellij.ide.navigationToolbar.MyNavBarWrapperPanel.access$runToolbarExists(NavBarRootPaneExtension.kt:131)
	at com.intellij.ide.navigationToolbar.MyNavBarWrapperPanel$toggleRunPanel$2.invoke(NavBarRootPaneExtension.kt:240)
	at com.intellij.ide.navigationToolbar.MyNavBarWrapperPanel$toggleRunPanel$2.invoke(NavBarRootPaneExtension.kt:238)
	at com.intellij.ide.navigationToolbar.MyNavBarWrapperPanel.toggleRunPanel$lambda$4(NavBarRootPaneExtension.kt:239)
	at java.base/java.util.concurrent.CompletableFuture$UniAccept.tryFire(CompletableFuture.java:718)
	at java.base/java.util.concurrent.CompletableFuture$Completion.run(CompletableFuture.java:482)
	at com.intellij.openapi.application.TransactionGuardImpl.runWithWritingAllowed(TransactionGuardImpl.java:209)
	at com.intellij.openapi.application.TransactionGuardImpl.access$100(TransactionGuardImpl.java:22)
	at com.intellij.openapi.application.TransactionGuardImpl$1.run(TransactionGuardImpl.java:191)
	at com.intellij.openapi.application.impl.RwLockHolder.runIntendedWriteActionOnCurrentThread(RwLockHolder.kt:204)
	at com.intellij.openapi.application.impl.ApplicationImpl.runIntendedWriteActionOnCurrentThread(ApplicationImpl.java:830)
	at com.intellij.openapi.application.impl.ApplicationImpl$2.run(ApplicationImpl.java:419)
	at com.intellij.openapi.application.impl.RwLockHolder.runWithEnabledImplicitRead(RwLockHolder.kt:138)
	at com.intellij.openapi.application.impl.RwLockHolder.runWithImplicitRead(RwLockHolder.kt:129)
	at com.intellij.openapi.application.impl.ApplicationImpl.runWithImplicitRead(ApplicationImpl.java:1152)
	at com.intellij.openapi.application.impl.FlushQueue.doRun(FlushQueue.java:81)
	at com.intellij.openapi.application.impl.FlushQueue.runNextEvent(FlushQueue.java:123)
	at com.intellij.openapi.application.impl.FlushQueue.flushNow(FlushQueue.java:43)
	at java.desktop/java.awt.event.InvocationEvent.dispatch(InvocationEvent.java:318)
	at java.desktop/java.awt.EventQueue.dispatchEventImpl(EventQueue.java:792)
	at java.desktop/java.awt.EventQueue$3.run(EventQueue.java:739)
	at java.desktop/java.awt.EventQueue$3.run(EventQueue.java:733)
	at java.base/java.security.AccessController.doPrivileged(AccessController.java:399)
	at java.base/java.security.ProtectionDomain$JavaSecurityAccessImpl.doIntersectionPrivilege(ProtectionDomain.java:86)
	at java.desktop/java.awt.EventQueue.dispatchEvent(EventQueue.java:761)
	at com.intellij.ide.IdeEventQueue.defaultDispatchEvent(IdeEventQueue.kt:698)
	at com.intellij.ide.IdeEventQueue._dispatchEvent$lambda$12(IdeEventQueue.kt:593)
	at com.intellij.openapi.application.impl.RwLockHolder.runWithoutImplicitRead(RwLockHolder.kt:105)
	at com.intellij.ide.IdeEventQueue._dispatchEvent(IdeEventQueue.kt:593)
	at com.intellij.ide.IdeEventQueue.access$_dispatchEvent(IdeEventQueue.kt:77)
	at com.intellij.ide.IdeEventQueue$dispatchEvent$processEventRunnable$1$1$1.compute(IdeEventQueue.kt:362)
	at com.intellij.ide.IdeEventQueue$dispatchEvent$processEventRunnable$1$1$1.compute(IdeEventQueue.kt:361)
	at com.intellij.openapi.progress.impl.CoreProgressManager.computePrioritized(CoreProgressManager.java:843)
	at com.intellij.ide.IdeEventQueue$dispatchEvent$processEventRunnable$1$1.invoke(IdeEventQueue.kt:361)
	at com.intellij.ide.IdeEventQueue$dispatchEvent$processEventRunnable$1$1.invoke(IdeEventQueue.kt:356)
	at com.intellij.ide.IdeEventQueueKt.performActivity$lambda$1(IdeEventQueue.kt:1021)
	at com.intellij.openapi.application.TransactionGuardImpl.performActivity(TransactionGuardImpl.java:106)
	at com.intellij.ide.IdeEventQueueKt.performActivity(IdeEventQueue.kt:1021)
	at com.intellij.ide.IdeEventQueue.dispatchEvent$lambda$7(IdeEventQueue.kt:356)
	at com.intellij.openapi.application.impl.RwLockHolder.runIntendedWriteActionOnCurrentThread(RwLockHolder.kt:209)
	at com.intellij.openapi.application.impl.ApplicationImpl.runIntendedWriteActionOnCurrentThread(ApplicationImpl.java:830)
	at com.intellij.ide.IdeEventQueue.dispatchEvent(IdeEventQueue.kt:398)
	at java.desktop/java.awt.EventDispatchThread.pumpOneEventForFilters(EventDispatchThread.java:207)
	at java.desktop/java.awt.EventDispatchThread.pumpEventsForFilter(EventDispatchThread.java:128)
	at java.desktop/java.awt.EventDispatchThread.pumpEventsForHierarchy(EventDispatchThread.java:117)
	at java.desktop/java.awt.EventDispatchThread.pumpEvents(EventDispatchThread.java:113)
	at java.desktop/java.awt.EventDispatchThread.pumpEvents(EventDispatchThread.java:105)
	at java.desktop/java.awt.EventDispatchThread.run(EventDispatchThread.java:92)
Caused by: java.lang.ClassNotFoundException: com.olezelelabs.dockerrunner.DockerComposeRunAction PluginClassLoader(plugin=PluginDescriptor(name=Docker Runner, id=com.olezelelabs.dockerrunner, descriptorPath=plugin.xml, path=~/Developer/DockerRunner/.intellijPlatform/sandbox/DockerRunner/IC-2024.1/plugins/DockerRunner, version=1.0-SNAPSHOT, package=null, isBundled=false), packagePrefix=null, state=active)
	at com.intellij.serviceContainer.ComponentManagerImplKt.doLoadClass(ComponentManagerImpl.kt:1466)
	at com.intellij.serviceContainer.ComponentManagerImpl.instantiateClass(ComponentManagerImpl.kt:943)
	... 59 more
2026-08-21 00:36:40,740 [   5652]   INFO - #c.i.o.p.DumbServiceMergingTaskQueue - Running initialization condition: com.intellij.indexing.shared.download.SharedIndexDownloadedCondition@2d579d3e
2026-08-21 00:36:40,747 [   5659]   INFO - #c.i.o.p.DumbServiceMergingTaskQueue - Finished: com.intellij.indexing.shared.download.SharedIndexDownloadedCondition@2d579d3e
2026-08-21 00:36:40,763 [   5675]   INFO - #c.i.o.p.InitialDumbTaskRequiredForSmartMode - Running task required for smart mode: com.intellij.indexing.shared.platform.impl.OnDiskSharedIndexChunkLocator@622287c3
2026-08-21 00:36:40,769 [   5681]   INFO - #c.i.o.p.InitialDumbTaskRequiredForSmartMode - Finished task required for smart mode: com.intellij.indexing.shared.platform.impl.OnDiskSharedIndexChunkLocator@622287c3
2026-08-21 00:36:40,770 [   5682]   INFO - #c.i.o.p.InitialDumbTaskRequiredForSmartMode - Running task required for smart mode: com.intellij.util.indexing.ProjectFileBasedIndexStartupActivity@380303c
2026-08-21 00:36:40,775 [   5687] SEVERE - #c.i.o.a.i.ActionManagerImpl - IntelliJ IDEA 2024.1  Build #IC-241.14494.240
2026-08-21 00:36:40,776 [   5688] SEVERE - #c.i.o.a.i.ActionManagerImpl - JDK: 17.0.10; VM: OpenJDK 64-Bit Server VM; Vendor: JetBrains s.r.o.
2026-08-21 00:36:40,777 [   5689] SEVERE - #c.i.o.a.i.ActionManagerImpl - OS: Linux
2026-08-21 00:36:40,779 [   5691] SEVERE - #c.i.o.a.i.ActionManagerImpl - Plugin to blame: Docker Runner version: 1.0-SNAPSHOT
2026-08-21 00:36:40,780 [   5692] SEVERE - #c.i.o.a.i.ActionManagerImpl - Last Action: 
2026-08-21 00:36:40,787 [   5699]   INFO - #c.i.u.i.p.IncrementalProjectIndexableFilesFilterHolder - IncrementalProjectIndexableFilesFilterFactory is chosen as indexable files filter factory for project: teste
2026-08-21 00:36:40,823 [   5735]   INFO - #c.i.o.p.InitialDumbTaskRequiredForSmartMode - Finished task required for smart mode: com.intellij.util.indexing.ProjectFileBasedIndexStartupActivity@380303c
2026-08-21 00:36:40,824 [   5736]   INFO - #c.i.o.p.InitialDumbTaskRequiredForSmartMode - Running task required for smart mode: com.intellij.util.indexing.FileBasedIndexInfrastructureExtensionStartup@e133577
2026-08-21 00:36:40,827 [   5739]   INFO - #c.i.o.p.InitialDumbTaskRequiredForSmartMode - Finished task required for smart mode: com.intellij.util.indexing.FileBasedIndexInfrastructureExtensionStartup@e133577
2026-08-21 00:36:40,828 [   5740]   INFO - #c.i.o.p.InitialDumbTaskRequiredForSmartMode - Running task required for smart mode: com.intellij.externalDependencies.impl.CheckRequiredPluginsActivity@6190ddee
2026-08-21 00:36:40,833 [   5745]   INFO - #c.i.o.p.InitialDumbTaskRequiredForSmartMode - Finished task required for smart mode: com.intellij.externalDependencies.impl.CheckRequiredPluginsActivity@6190ddee
2026-08-21 00:36:40,833 [   5745]   INFO - #c.i.o.p.InitialDumbTaskRequiredForSmartMode - Running task required for smart mode: com.intellij.util.indexing.DumbModeWhileScanningSubscriber@566dad3d
2026-08-21 00:36:40,861 [   5773]   INFO - #c.i.o.p.InitialDumbTaskRequiredForSmartMode - Finished task required for smart mode: com.intellij.util.indexing.DumbModeWhileScanningSubscriber@566dad3d
2026-08-21 00:36:40,864 [   5776]   INFO - #c.i.o.p.InitialDumbTaskRequiredForSmartMode - Running task required for smart mode: com.intellij.ide.projectWizard.generators.SdkPreIndexingRequiredForSmartModeActivity@4a9e70e3
2026-08-21 00:36:40,871 [   5783]   INFO - #c.i.o.p.InitialDumbTaskRequiredForSmartMode - Finished task required for smart mode: com.intellij.ide.projectWizard.generators.SdkPreIndexingRequiredForSmartModeActivity@4a9e70e3
2026-08-21 00:36:40,872 [   5784]   INFO - #c.i.o.p.MergingQueueGuiExecutor - Task finished: (dumb mode task) com.intellij.openapi.project.InitialDumbTaskRequiredForSmartMode@5c808f1d
2026-08-21 00:36:41,082 [   5994]   INFO - #c.i.o.p.MergingQueueGuiExecutor - Running task: (dumb mode task) com.intellij.util.indexing.UnindexedFilesScanner$2@5477404b
2026-08-21 00:36:41,096 [   6008]   INFO - #c.i.o.p.MergingQueueGuiExecutor - Task finished: (dumb mode task) com.intellij.util.indexing.UnindexedFilesScanner$2@5477404b
2026-08-21 00:36:41,098 [   6010]   INFO - #c.i.o.p.MergingQueueGuiExecutor - Running task: UnindexedFilesScanner[teste]
2026-08-21 00:36:41,166 [   6078]   INFO - #c.i.u.i.ManagedPersistentCache - created persistent map persistent-markup-teste-2473fa2c with size 2
2026-08-21 00:36:41,170 [   6082]   INFO - #c.i.u.i.ManagedPersistentCache - created persistent map persistent-folding-teste-2473fa2c with size 1
2026-08-21 00:36:41,173 [   6085]   INFO - #c.i.u.i.ManagedPersistentCache - created persistent map persistent-code-vision-teste-2473fa2c with size 0
2026-08-21 00:36:41,175 [   6087]   INFO - #c.i.u.i.ManagedPersistentCache - created persistent map persistent-declarative-hints-teste-2473fa2c with size 0
2026-08-21 00:36:41,177 [   6089]   INFO - #c.i.u.i.ManagedPersistentCache - created persistent map persistent-parameter-hints-teste-2473fa2c with size 0
2026-08-21 00:36:41,359 [   6271]   INFO - #c.i.o.v.n.p.d.e.DurableEnumeratorFactory - [enumerator.mmapped]: .valueHashToId (in memory) was filled (21 records)
2026-08-21 00:36:41,456 [   6368]   INFO - #c.i.u.i.UnindexedFilesScanner - Started scanning for indexing of teste. Reason: On project open
2026-08-21 00:36:41,471 [   6383]   INFO - #c.i.u.i.UnindexedFilesScanner - Performing delayed pushing properties tasks for teste took 9ms; general responsiveness: ok; EDT responsiveness: ok
2026-08-21 00:36:41,540 [   6452]   INFO - #c.i.u.i.d.AppIndexingDependenciesService - Invalidating all indexing flags. Reason: App fingerprint changed: FingerprintImpl(fingerprint=6546812100776378241) to FingerprintImpl(fingerprint=-1694040925452835756)
2026-08-21 00:36:41,574 [   6486]   INFO - #c.i.u.i.UnindexedFilesScanner - Scanning of teste uses 7 scanning threads
2026-08-21 00:36:41,993 [   6905]   INFO - #c.i.o.p.DumbServiceImpl - exit dumb mode [teste]
2026-08-21 00:36:42,830 [   7742]   INFO - #c.i.o.a.i.ActionUpdater - 750 ms to grab EDT for DockToolWindowAction#presentation@ToolwindowTitle (com.intellij.openapi.wm.impl.DockToolWindowAction)
2026-08-21 00:36:42,830 [   7742]   INFO - #c.i.o.a.i.ActionUpdater - 740 ms to grab EDT for ExpandAllAction#presentation@ToolwindowTitle (com.intellij.ide.actions.ExpandAllAction)
2026-08-21 00:36:42,831 [   7743]   INFO - #c.i.o.a.i.ActionUpdater - 741 ms to grab EDT for CollapseAllAction#presentation@ToolwindowTitle (com.intellij.ide.actions.CollapseAllAction)
2026-08-21 00:36:44,255 [   9167]   INFO - #c.i.o.a.i.ActionUpdater - 550 ms to grab EDT for FontEditorPreview$RestorePreviewTextAction#presentation@ContextToolbar (com.intellij.application.options.colors.FontEditorPreview$RestorePreviewTextAction)
2026-08-21 00:36:44,259 [   9171]   INFO - #c.i.o.a.i.ActionUpdater - 552 ms to grab EDT for FontEditorPreview$ToggleBoldFontAction#presentation@ContextToolbar (com.intellij.application.options.colors.FontEditorPreview$ToggleBoldFontAction)
2026-08-21 00:36:44,259 [   9171]   INFO - #c.i.o.a.i.ActionUpdater - 510 ms to grab EDT for ToolWindowHeader$2#children@ToolwindowTitle (com.intellij.toolWindow.ToolWindowHeader$2)
2026-08-21 00:36:44,260 [   9172]   INFO - #c.i.o.a.i.ActionUpdater - 481 ms to grab EDT for EditorMarkupModelImpl$TrafficLightAction#presentation@EditorInspectionsToolbar (com.intellij.openapi.editor.impl.EditorMarkupModelImpl$TrafficLightAction)
2026-08-21 00:36:44,260 [   9172]   INFO - #c.i.o.a.i.ActionUpdater - 482 ms to grab EDT for EditorMarkupModelImpl$1#presentation@EditorInspectionsToolbar (com.intellij.openapi.editor.impl.EditorMarkupModelImpl$1)
2026-08-21 00:36:44,540 [   9452]   INFO - #c.i.o.u.i.UpdateCheckerService - channel: release
2026-08-21 00:36:45,142 [  10054]   INFO - #c.i.o.a.i.ActionUpdater - 555 ms to grab EDT for ToolWindowHeader$2#children@ToolwindowTitle (com.intellij.toolWindow.ToolWindowHeader$2)
2026-08-21 00:36:45,142 [  10054]   INFO - #c.i.o.a.i.ActionUpdater - 553 ms to grab EDT for EditorMarkupModelImpl$TrafficLightAction#presentation@EditorInspectionsToolbar (com.intellij.openapi.editor.impl.EditorMarkupModelImpl$TrafficLightAction)
2026-08-21 00:36:45,143 [  10055]   INFO - #c.i.o.a.i.ActionUpdater - 553 ms to grab EDT for EditorMarkupModelImpl$1#presentation@EditorInspectionsToolbar (com.intellij.openapi.editor.impl.EditorMarkupModelImpl$1)
2026-08-21 00:36:45,431 [  10343]   INFO - #c.i.o.e.s.p.m.ExternalProjectsDataStorage - Load external projects data in 4 millis (read time: 4)
2026-08-21 00:36:45,504 [  10416] SEVERE - #c.i.c.ComponentStoreImpl - Cannot init component state (componentName=GradleJvmSupportMatrix, componentClass=GradleJvmSupportMatrix) [Plugin: com.intellij.gradle]
com.intellij.diagnostic.PluginException: Cannot init component state (componentName=GradleJvmSupportMatrix, componentClass=GradleJvmSupportMatrix) [Plugin: com.intellij.gradle]
	at com.intellij.configurationStore.ComponentStoreImpl.initComponent(ComponentStoreImpl.kt:181)
	at com.intellij.configurationStore.ComponentStoreWithExtraComponents.initComponent(ComponentStoreWithExtraComponents.kt:44)
	at com.intellij.serviceContainer.ComponentManagerImpl.initializeService$intellij_platform_serviceContainer(ComponentManagerImpl.kt:659)
	at com.intellij.serviceContainer.ServiceInstanceInitializer.createInstance$suspendImpl(ServiceInstanceInitializer.kt:70)
	at com.intellij.serviceContainer.ServiceInstanceInitializer.createInstance(ServiceInstanceInitializer.kt)
	at com.intellij.platform.instanceContainer.internal.LazyInstanceHolder$initialize$1$1.invokeSuspend(LazyInstanceHolder.kt:162)
	at com.intellij.platform.instanceContainer.internal.LazyInstanceHolder$initialize$1$1.invoke(LazyInstanceHolder.kt)
	at com.intellij.platform.instanceContainer.internal.LazyInstanceHolder$initialize$1$1.invoke(LazyInstanceHolder.kt)
	at kotlinx.coroutines.intrinsics.UndispatchedKt.startUndispatchedOrReturn(Undispatched.kt:78)
	at kotlinx.coroutines.BuildersKt__Builders_commonKt.withContext(Builders.common.kt:167)
	at kotlinx.coroutines.BuildersKt.withContext(Unknown Source)
	at com.intellij.platform.instanceContainer.internal.LazyInstanceHolder$initialize$1.invokeSuspend(LazyInstanceHolder.kt:160)
	at com.intellij.platform.instanceContainer.internal.LazyInstanceHolder$initialize$1.invoke(LazyInstanceHolder.kt)
	at com.intellij.platform.instanceContainer.internal.LazyInstanceHolder$initialize$1.invoke(LazyInstanceHolder.kt)
	at kotlinx.coroutines.intrinsics.UndispatchedKt.startCoroutineUndispatched(Undispatched.kt:44)
	at kotlinx.coroutines.CoroutineStart.invoke(CoroutineStart.kt:112)
	at kotlinx.coroutines.AbstractCoroutine.start(AbstractCoroutine.kt:126)
	at kotlinx.coroutines.BuildersKt__Builders_commonKt.launch(Builders.common.kt:56)
	at kotlinx.coroutines.BuildersKt.launch(Unknown Source)
	at com.intellij.platform.instanceContainer.internal.LazyInstanceHolder.initialize(LazyInstanceHolder.kt:145)
	at com.intellij.platform.instanceContainer.internal.LazyInstanceHolder.access$initialize(LazyInstanceHolder.kt:13)
	at com.intellij.platform.instanceContainer.internal.LazyInstanceHolder.tryInitialize(LazyInstanceHolder.kt:135)
	at com.intellij.platform.instanceContainer.internal.LazyInstanceHolder.getInstance(LazyInstanceHolder.kt:95)
	at com.intellij.platform.instanceContainer.internal.LazyInstanceHolder.getInstanceInCallerContext$suspendImpl(LazyInstanceHolder.kt:87)
	at com.intellij.platform.instanceContainer.internal.LazyInstanceHolder.getInstanceInCallerContext(LazyInstanceHolder.kt)
	at com.intellij.serviceContainer.ComponentManagerImplKt$getOrCreateInstanceBlocking$3.invokeSuspend(ComponentManagerImpl.kt:1548)
	at kotlin.coroutines.jvm.internal.BaseContinuationImpl.resumeWith(ContinuationImpl.kt:33)
	at kotlinx.coroutines.DispatchedTask.run(DispatchedTask.kt:108)
	at kotlinx.coroutines.EventLoopImplBase.processNextEvent(EventLoop.common.kt:280)
	at kotlinx.coroutines.BlockingCoroutine.joinBlocking(Builders.kt:85)
	at kotlinx.coroutines.BuildersKt__BuildersKt.runBlocking(Builders.kt:59)
	at kotlinx.coroutines.BuildersKt.runBlocking(Unknown Source)
	at com.intellij.serviceContainer.ComponentManagerImplKt$runBlockingInitialization$1.invoke(ComponentManagerImpl.kt:1636)
	at com.intellij.serviceContainer.ComponentManagerImplKt$runBlockingInitialization$1.invoke(ComponentManagerImpl.kt:1627)
	at com.intellij.openapi.progress.ContextKt.prepareThreadContext(context.kt:80)
	at com.intellij.serviceContainer.ComponentManagerImplKt.runBlockingInitialization(ComponentManagerImpl.kt:1627)
	at com.intellij.serviceContainer.ComponentManagerImplKt.getOrCreateInstanceBlocking(ComponentManagerImpl.kt:1547)
	at com.intellij.serviceContainer.ComponentManagerImpl.doGetService(ComponentManagerImpl.kt:754)
	at com.intellij.serviceContainer.ComponentManagerImpl.getService(ComponentManagerImpl.kt:698)
	at org.jetbrains.plugins.gradle.jvmcompat.GradleJvmSupportMatrix$Companion.getInstance(GradleJvmSupportMatrix.kt:224)
	at org.jetbrains.plugins.gradle.jvmcompat.GradleCompatibilitySupportUpdater.<init>(GradleCompatibilitySupportUpdater.kt:14)
	at com.intellij.platform.instanceContainer.instantiation.InstantiateKt$instantiate$2.invoke(instantiate.kt:45)
	at com.intellij.platform.instanceContainer.instantiation.InstantiateKt$instantiate$2.invoke(instantiate.kt:42)
	at com.intellij.platform.instanceContainer.instantiation.InstantiateKt.instantiate(instantiate.kt:308)
	at com.intellij.platform.instanceContainer.instantiation.InstantiateKt.instantiate(instantiate.kt:42)
	at com.intellij.serviceContainer.ServiceInstanceInitializer.createInstance$suspendImpl(ServiceInstanceInitializer.kt:31)
	at com.intellij.serviceContainer.ServiceInstanceInitializer.createInstance(ServiceInstanceInitializer.kt)
	at com.intellij.platform.instanceContainer.internal.LazyInstanceHolder$initialize$1$1.invokeSuspend(LazyInstanceHolder.kt:162)
	at com.intellij.platform.instanceContainer.internal.LazyInstanceHolder$initialize$1$1.invoke(LazyInstanceHolder.kt)
	at com.intellij.platform.instanceContainer.internal.LazyInstanceHolder$initialize$1$1.invoke(LazyInstanceHolder.kt)
	at kotlinx.coroutines.intrinsics.UndispatchedKt.startUndispatchedOrReturn(Undispatched.kt:78)
	at kotlinx.coroutines.BuildersKt__Builders_commonKt.withContext(Builders.common.kt:167)
	at kotlinx.coroutines.BuildersKt.withContext(Unknown Source)
	at com.intellij.platform.instanceContainer.internal.LazyInstanceHolder$initialize$1.invokeSuspend(LazyInstanceHolder.kt:160)
	at com.intellij.platform.instanceContainer.internal.LazyInstanceHolder$initialize$1.invoke(LazyInstanceHolder.kt)
	at com.intellij.platform.instanceContainer.internal.LazyInstanceHolder$initialize$1.invoke(LazyInstanceHolder.kt)
	at kotlinx.coroutines.intrinsics.UndispatchedKt.startCoroutineUndispatched(Undispatched.kt:44)
	at kotlinx.coroutines.CoroutineStart.invoke(CoroutineStart.kt:112)
	at kotlinx.coroutines.AbstractCoroutine.start(AbstractCoroutine.kt:126)
	at kotlinx.coroutines.BuildersKt__Builders_commonKt.launch(Builders.common.kt:56)
	at kotlinx.coroutines.BuildersKt.launch(Unknown Source)
	at com.intellij.platform.instanceContainer.internal.LazyInstanceHolder.initialize(LazyInstanceHolder.kt:145)
	at com.intellij.platform.instanceContainer.internal.LazyInstanceHolder.access$initialize(LazyInstanceHolder.kt:13)
	at com.intellij.platform.instanceContainer.internal.LazyInstanceHolder.tryInitialize(LazyInstanceHolder.kt:135)
	at com.intellij.platform.instanceContainer.internal.LazyInstanceHolder.getInstance(LazyInstanceHolder.kt:95)
	at com.intellij.platform.instanceContainer.internal.LazyInstanceHolder.getInstance$suspendImpl(LazyInstanceHolder.kt:83)
	at com.intellij.platform.instanceContainer.internal.LazyInstanceHolder.getInstance(LazyInstanceHolder.kt)
	at com.intellij.platform.instanceContainer.internal.InstanceContainerImpl.instance(InstanceContainerImpl.kt:68)
	at com.intellij.serviceContainer.ComponentManagerImpl.getServiceAsync(ComponentManagerImpl.kt:702)
	at org.jetbrains.plugins.gradle.service.project.GradleVersionUpdateStartupActivity.execute(GradleVersionUpdateStartupActivity.kt:26)
	at com.intellij.ide.startup.impl.StartupManagerImplKt$launchActivity$1.invokeSuspend(StartupManagerImpl.kt:473)
	at kotlin.coroutines.jvm.internal.BaseContinuationImpl.resumeWith(ContinuationImpl.kt:33)
	at kotlinx.coroutines.DispatchedTask.run(DispatchedTask.kt:108)
	at kotlinx.coroutines.scheduling.CoroutineScheduler.runSafely(CoroutineScheduler.kt:584)
	at kotlinx.coroutines.scheduling.CoroutineScheduler$Worker.executeTask(CoroutineScheduler.kt:793)
	at kotlinx.coroutines.scheduling.CoroutineScheduler$Worker.runWorker(CoroutineScheduler.kt:697)
	at kotlinx.coroutines.scheduling.CoroutineScheduler$Worker.run(CoroutineScheduler.kt:684)
Caused by: java.lang.IllegalArgumentException: 25
	at com.intellij.util.lang.JavaVersion.parse(JavaVersion.java:307)
	at org.jetbrains.plugins.gradle.jvmcompat.GradleJvmSupportMatrix$getCompatibilityRanges$1$javaRange$1.invoke(GradleJvmSupportMatrix.kt:44)
	at org.jetbrains.plugins.gradle.jvmcompat.GradleJvmSupportMatrix$getCompatibilityRanges$1$javaRange$1.invoke(GradleJvmSupportMatrix.kt:44)
	at org.jetbrains.plugins.gradle.jvmcompat.IdeVersionedDataParser$Companion.parseVersion(IdeVersionedDataParser.kt:21)
	at org.jetbrains.plugins.gradle.jvmcompat.IdeVersionedDataParser$Companion.parseRange(IdeVersionedDataParser.kt:31)
	at org.jetbrains.plugins.gradle.jvmcompat.GradleJvmSupportMatrix.getCompatibilityRanges(GradleJvmSupportMatrix.kt:44)
	at org.jetbrains.plugins.gradle.jvmcompat.GradleJvmSupportMatrix.applyState(GradleJvmSupportMatrix.kt:28)
	at org.jetbrains.plugins.gradle.jvmcompat.GradleJvmSupportMatrix.onStateChanged(GradleJvmSupportMatrix.kt:50)
	at org.jetbrains.plugins.gradle.jvmcompat.GradleJvmSupportMatrix.onStateChanged(GradleJvmSupportMatrix.kt:13)
	at org.jetbrains.plugins.gradle.jvmcompat.IdeVersionedDataStorage.loadState(IdeVersionedDataStorage.kt:38)
	at org.jetbrains.plugins.gradle.jvmcompat.IdeVersionedDataStorage.loadState(IdeVersionedDataStorage.kt:7)
	at com.intellij.configurationStore.ComponentStoreImpl.doInitComponent(ComponentStoreImpl.kt:587)
	at com.intellij.configurationStore.ComponentStoreImpl.initComponent(ComponentStoreImpl.kt:487)
	at com.intellij.configurationStore.ComponentStoreImpl.initComponent(ComponentStoreImpl.kt:156)
	... 76 more
2026-08-21 00:36:45,516 [  10428] SEVERE - #c.i.c.ComponentStoreImpl - IntelliJ IDEA 2024.1  Build #IC-241.14494.240
2026-08-21 00:36:45,521 [  10433] SEVERE - #c.i.c.ComponentStoreImpl - JDK: 17.0.10; VM: OpenJDK 64-Bit Server VM; Vendor: JetBrains s.r.o.
2026-08-21 00:36:45,522 [  10434] SEVERE - #c.i.c.ComponentStoreImpl - OS: Linux
2026-08-21 00:36:45,522 [  10434] SEVERE - #c.i.c.ComponentStoreImpl - Last Action: 
2026-08-21 00:36:45,750 [  10662]   INFO - #c.i.c.CompilerWorkspaceConfiguration - Available processors: 8
2026-08-21 00:36:45,806 [  10718]   INFO - #c.i.o.p.SmartModeScheduler - Post-startup activity executed. Current mode: 5
2026-08-21 00:36:45,831 [  10743]   INFO - #c.i.i.s.IdeStartupScripts - 0 startup script(s) found
2026-08-21 00:36:45,839 [  10751]   INFO - #c.i.d.PerformanceWatcherImpl - Post-startup activities under progress took 528ms; general responsiveness: 0/9 sluggish, 9/9 very slow; EDT responsiveness: ok
2026-08-21 00:36:49,060 [  13972]   INFO - #c.i.w.i.i.j.s.JpsGlobalModelSynchronizerImpl - Loading global entities com.intellij.platform.workspace.jps.entities.SdkEntity from files
2026-08-21 00:36:49,077 [  13989]   INFO - #c.i.w.i.i.j.s.JpsGlobalModelSynchronizerImpl - Loading global entities com.intellij.platform.workspace.jps.entities.LibraryEntity from files
2026-08-21 00:36:49,144 [  14056]   INFO - #c.i.w.i.i.EntitiesOrphanageImpl - Update orphanage. 0 modules added
2026-08-21 00:36:49,152 [  14064]   INFO - #c.i.w.i.i.WorkspaceModelImpl - Project model updated to version 3 in 36 ms: Sync global entities with project: teste
2026-08-21 00:36:49,153 [  14065]   INFO - #c.i.w.i.i.GlobalWorkspaceModel - Global model updated to version 2 in 73 ms: Sync global entities with state
2026-08-21 00:36:49,322 [  14234]   INFO - #c.i.u.i.UnindexedFilesScanner - Scanning completed for teste. Number of scanned files: 42584; number of files for indexing: 0 took 7850ms; general responsiveness: 1/12 sluggish, 9/12 very slow; EDT responsiveness: 1/4 sluggish
2026-08-21 00:36:49,324 [  14236]   INFO - #c.i.o.p.InitialVfsRefreshService - 2473fa2c: marking roots for initial VFS refresh
2026-08-21 00:36:49,324 [  14236]   INFO - #c.i.u.i.PerProjectIndexingQueue - Finished for teste. No files to index with loading content.
2026-08-21 00:36:49,329 [  14241]   INFO - #c.i.o.p.InitialVfsRefreshService - 2473fa2c: starting initial VFS refresh of 4 roots
2026-08-21 00:36:49,334 [  14246]   INFO - #c.i.o.p.MergingQueueGuiExecutor - Task finished: UnindexedFilesScanner[teste]
2026-08-21 00:36:49,351 [  14263]   INFO - #c.i.o.p.InitialVfsRefreshService - 2473fa2c: initial VFS refresh finished in 20 ms
2026-08-21 00:36:50,895 [  15807]   INFO - #o.j.j.b.i.CompilerReferenceIndex - backward reference index version doesn't exist
2026-08-21 00:36:50,906 [  15818]   INFO - #c.i.c.b.IsUpToDateCheckStartupActivity - suitable consumer is not found
2026-08-21 00:36:50,953 [  15865]   INFO - #c.i.w.i.i.GlobalWorkspaceModel - Sync global entities with mutable entity storage
2026-08-21 00:36:50,962 [  15874]   INFO - #c.i.w.i.i.j.s.JpsProjectModelSynchronizer - Attempt 1: Apply JPS storage (iml files)
2026-08-21 00:36:50,977 [  15889]   INFO - #c.i.w.i.i.EntitiesOrphanageImpl - Update orphanage. 0 modules added
2026-08-21 00:36:50,981 [  15893]   INFO - #c.i.w.i.i.j.s.JpsProjectModelSynchronizer - Attempt 1: Changes were successfully applied
2026-08-21 00:36:50,984 [  15896]   INFO - #c.i.w.i.i.j.s.DelayedProjectSynchronizer$Util - Workspace model loaded from cache. Syncing real project state into workspace model in 134 ms. Thread[DefaultDispatcher-worker-62 @run activity#4943,5,main]
2026-08-21 00:36:57,468 [  22380]   INFO - #c.i.w.i.i.j.s.JpsGlobalModelSynchronizerImpl - Saving global entities com.intellij.platform.workspace.jps.entities.SdkEntity to files
2026-08-21 00:36:57,484 [  22396]   INFO - #c.i.w.i.i.j.s.JpsGlobalModelSynchronizerImpl - Saving global entities com.intellij.platform.workspace.jps.entities.LibraryEntity to files
2026-08-21 00:36:58,030 [  22942]   INFO - #c.i.a.o.PathMacrosImpl - Saved path macros: {MAVEN_REPOSITORY=/home/lucasalmeida/.m2/repository}
2026-08-21 00:36:58,045 [  22957]   INFO - #c.i.c.ComponentStoreImpl - Saving appFileTypeManager took 15 ms
2026-08-21 00:36:58,553 [  23465]   WARN - #c.i.u.x.Binding - No accessors for org.jetbrains.kotlin.cli.common.arguments.InternalArgument. This means that state class cannot be serialized properly. Please see https://jb.gg/ij-psoc
2026-08-21 00:36:58,637 [  23549]   INFO - #c.i.c.ComponentStoreImpl - Saving Project(name=teste, containerState=COMPONENT_CREATED, componentStore=/home/lucasalmeida/IdeaProjects/teste)DynamicElementsStorage took 25 ms, RunManager took 23 ms, Vcs.Log.Tabs.Properties took 11 ms
2026-08-21 00:36:58,874 [  23786]   INFO - #c.j.r.f.FollowMeManager - Unregister user (name: 'lucasalmeida', clientId: Host)
2026-08-21 00:36:58,876 [  23788]   INFO - #c.i.o.v.i.l.NativeFileWatcherImpl - Watcher terminated with exit code 0
2026-08-21 00:36:58,881 [  23793]   INFO - #c.i.o.w.i.WindowManagerImpl - === Release(true) frame on closed project ===
2026-08-21 00:36:58,922 [  23834]   INFO - #o.j.k.i.s.r.KotlinCompilerReferenceIndexStorage - KCRI storage is closed (didn't exist)
2026-08-21 00:36:58,923 [  23835]   INFO - #c.i.c.b.CompilerReferenceServiceBase - backward reference index reader is closed (didn't exist)
2026-08-21 00:36:58,949 [  23861]   INFO - #c.i.u.s.SvgCacheManager - SVG icon cache is closed
2026-08-21 00:36:58,963 [  23875]   INFO - #o.j.i.BuiltInServer - web server stopped
2026-08-21 00:36:58,984 [  23896]   INFO - #c.i.u.i.FileBasedIndexImpl - Index dispose started
2026-08-21 00:36:59,017 [  23929]   INFO - #c.i.p.s.StubIndexImpl - StubIndexExtension-s were unloaded
2026-08-21 00:36:59,017 [  23929]   INFO - #c.i.p.s.SerializationManagerImpl - Start shutting down /home/lucasalmeida/Developer/DockerRunner/.intellijPlatform/sandbox/DockerRunner/IC-2024.1/system/index/rep.names
2026-08-21 00:36:59,018 [  23930]   INFO - #c.i.p.s.SerializationManagerImpl - Finished shutting down /home/lucasalmeida/Developer/DockerRunner/.intellijPlatform/sandbox/DockerRunner/IC-2024.1/system/index/rep.names
2026-08-21 00:36:59,020 [  23932]   INFO - #c.i.u.i.FileBasedIndexImpl - Index dispose completed in 36ms.
2026-08-21 00:36:59,081 [  23993]   INFO - #c.i.o.v.n.p.PersistentFSImpl - VFS dispose started
2026-08-21 00:36:59,082 [  23994]   INFO - #c.i.o.v.n.p.FSRecordsImpl - VFS closing
2026-08-21 00:36:59,085 [  23997]   INFO - #c.i.o.v.n.p.PersistentFSImpl - VFS dispose completed in 3 ms.
2026-08-21 00:36:59,085 [  23997]   INFO - #c.i.o.f.i.FileTypeDetectionService - 9 auto-detected files. Detection took 833 ms
2026-08-21 00:36:59,149 [  24061]   INFO - #c.i.p.i.b.AppStarter - ------------------------------------------------------ IDE SHUTDOWN ------------------------------------------------------
2026-08-21 00:37:42,878 [     12]   INFO - #c.i.p.i.b.AppStarter - ------------------------------------------------------ IDE STARTED ------------------------------------------------------
2026-08-21 00:37:43,015 [    149]   INFO - #c.i.i.p.PluginManager - Plugin PluginDescriptor(name=Groovy, id=org.intellij.groovy, descriptorPath=plugin.xml, path=~/.gradle/caches/9.6.0/transforms/bea1b87427568a068e547fc0eae09392/transformed/ideaIC-2024.1/plugins/Groovy, version=241.14494.240, package=org.jetbrains.plugins.groovy, isBundled=true) misses optional descriptor duplicates-groovy.xml
2026-08-21 00:37:43,016 [    150]   INFO - #c.i.i.p.PluginManager - Plugin PluginDescriptor(name=Groovy, id=org.intellij.groovy, descriptorPath=plugin.xml, path=~/.gradle/caches/9.6.0/transforms/bea1b87427568a068e547fc0eae09392/transformed/ideaIC-2024.1/plugins/Groovy, version=241.14494.240, package=org.jetbrains.plugins.groovy, isBundled=true) misses optional descriptor duplicates-detection-groovy.xml
2026-08-21 00:37:43,077 [    211]   INFO - #c.i.u.i.PageCacheUtils - File page caching params:
2026-08-21 00:37:43,078 [    212]   INFO - #c.i.u.i.PageCacheUtils - 	DEFAULT_PAGE_SIZE: 10485760
2026-08-21 00:37:43,079 [    213]   INFO - #c.i.u.i.PageCacheUtils - 	Direct memory to use, max: 2126512128
2026-08-21 00:37:43,082 [    216]   INFO - #c.i.u.i.PageCacheUtils - 	FilePageCache: regular + lock-free (LOCK_FREE_PAGE_CACHE_ENABLED:true)
2026-08-21 00:37:43,081 [    215]   INFO - #c.i.p.i.b.AppStarter - JNA library (64-bit) loaded in 138 ms
2026-08-21 00:37:43,085 [    219]   INFO - #c.i.u.i.PageCacheUtils - 	NEW_PAGE_CACHE_MEMORY_FRACTION: 0.20000000298023224
2026-08-21 00:37:43,086 [    220]   INFO - #c.i.u.i.PageCacheUtils - 	Regular FilePageCache: 503316478 bytes
2026-08-21 00:37:43,089 [    223]   INFO - #c.i.u.i.PageCacheUtils - 	New     FilePageCache: 125829122 bytes (+ up to 10.0% overflow)
2026-08-21 00:37:43,090 [    224]   INFO - #c.i.u.i.PageCacheUtils - 	DirectByteBuffers pool: 104857600 bytes
2026-08-21 00:37:43,089 [    223]   INFO - #c.i.p.i.b.AppStarter - IDE: IntelliJ IDEA (build #IC-241.14494.240, Thu, 28 Mar 2024 05:12:00 GMT)
2026-08-21 00:37:43,092 [    226]   INFO - #c.i.p.i.b.AppStarter - OS: Linux (7.1.8-200.fc44.x86_64)
2026-08-21 00:37:43,094 [    228]   INFO - #c.i.p.i.b.AppStarter - JRE: 17.0.10+8-b1207.12, amd64 (JetBrains s.r.o.)
2026-08-21 00:37:43,099 [    233]   INFO - #c.i.i.p.PluginManager - Using cached broken plugins file
2026-08-21 00:37:43,101 [    235]   INFO - #c.i.p.i.b.AppStarter - JVM: 17.0.10+8-b1207.12 (OpenJDK 64-Bit Server VM)
2026-08-21 00:37:43,114 [    248]   INFO - #c.i.p.i.b.AppStarter - PID: 86146
2026-08-21 00:37:43,124 [    258]   INFO - #c.i.p.i.b.AppStarter - desktop: KDE
2026-08-21 00:37:43,223 [    357]   INFO - #c.i.p.i.b.AppStarter - toolkit: sun.awt.X11.XToolkit
2026-08-21 00:37:43,350 [    484]   INFO - #c.i.p.i.b.AppStarter - JVM options: [-Daether.connector.resumeDownloads=false, -Dawt.lock.fair=true, -Dide.native.launcher=false, -Dide.no.platform.update=false, -Dide.show.tips.on.startup.default.value=false, -Didea.auto.reload.plugins=true, -Didea.classpath.index.enabled=false, -Didea.config.path=/home/lucasalmeida/Developer/DockerRunner/.intellijPlatform/sandbox/DockerRunner/IC-2024.1/config, -Didea.is.internal=true, -Didea.log.path=/home/lucasalmeida/Developer/DockerRunner/.intellijPlatform/sandbox/DockerRunner/IC-2024.1/log, -Didea.paths.selector=IdeaIC2024.1, -Didea.platform.prefix=Idea, -Didea.plugin.in.sandbox.mode=true, -Didea.plugins.path=/home/lucasalmeida/Developer/DockerRunner/.intellijPlatform/sandbox/DockerRunner/IC-2024.1/plugins, -Didea.required.plugins.id=com.olezelelabs.dockerrunner, -Didea.reset.classpath.from.manifest=true, -Didea.system.path=/home/lucasalmeida/Developer/DockerRunner/.intellijPlatform/sandbox/DockerRunner/IC-2024.1/system, -Didea.vendor.name=JetBrains, -Dintellij.console.log.level=warning, -Dintellij.platform.runtime.repository.path=/home/lucasalmeida/.gradle/caches/9.6.0/transforms/bea1b87427568a068e547fc0eae09392/transformed/ideaIC-2024.1/modules/module-descriptors.jar, -Djava.system.class.loader=com.intellij.util.lang.PathClassLoader, -Djbr.catch.SIGABRT=true, -Djdk.attach.allowAttachSelf=true, -Djdk.http.auth.tunneling.disabledSchemes="", -Djdk.module.illegalAccess.silent=true, -Djna.boot.library.path=/home/lucasalmeida/.gradle/caches/9.6.0/transforms/bea1b87427568a068e547fc0eae09392/transformed/ideaIC-2024.1/lib/jna/amd64, -Djna.noclasspath=true, -Djna.nosys=true, -Dplugin.path=/home/lucasalmeida/Developer/DockerRunner/.intellijPlatform/sandbox/DockerRunner/IC-2024.1/plugins/DockerRunner, -Dpty4j.preferred.native.folder=/home/lucasalmeida/.gradle/caches/9.6.0/transforms/bea1b87427568a068e547fc0eae09392/transformed/ideaIC-2024.1/lib/pty4j, -Dsplash=true, -Dsun.awt.disablegrab=true, -Dsun.io.useCanonCaches=false, -Dsun.java2d.metal=true, -Dsun.tools.attach.tmp.only=true, -XX:+HeapDumpOnOutOfMemoryError, -XX:-OmitStackTraceInFastThrow, -XX:+IgnoreUnrecognizedVMOptions, -XX:CICompilerCount=2, -XX:ReservedCodeCacheSize=512m, -XX:CompileCommand=exclude,com/intellij/openapi/vfs/impl/FilePartNodeRoot,trieDescend, -XX:SoftRefLRUPolicyMSPerMB=50, --add-opens=java.base/java.io=ALL-UNNAMED, --add-opens=java.base/java.lang=ALL-UNNAMED, --add-opens=java.base/java.lang.ref=ALL-UNNAMED, --add-opens=java.base/java.lang.reflect=ALL-UNNAMED, --add-opens=java.base/java.net=ALL-UNNAMED, --add-opens=java.base/java.nio=ALL-UNNAMED, --add-opens=java.base/java.nio.charset=ALL-UNNAMED, --add-opens=java.base/java.text=ALL-UNNAMED, --add-opens=java.base/java.time=ALL-UNNAMED, --add-opens=java.base/java.util=ALL-UNNAMED, --add-opens=java.base/java.util.concurrent=ALL-UNNAMED, --add-opens=java.base/java.util.concurrent.atomic=ALL-UNNAMED, --add-opens=java.base/java.util.concurrent.locks=ALL-UNNAMED, --add-opens=java.base/jdk.internal.vm=ALL-UNNAMED, --add-opens=java.base/sun.nio.ch=ALL-UNNAMED, --add-opens=java.base/sun.nio.fs=ALL-UNNAMED, --add-opens=java.base/sun.security.ssl=ALL-UNNAMED, --add-opens=java.base/sun.security.util=ALL-UNNAMED, --add-opens=java.base/sun.net.dns=ALL-UNNAMED, --add-opens=java.desktop/com.sun.java.swing.plaf.gtk=ALL-UNNAMED, --add-opens=java.desktop/java.awt=ALL-UNNAMED, --add-opens=java.desktop/java.awt.dnd.peer=ALL-UNNAMED, --add-opens=java.desktop/java.awt.event=ALL-UNNAMED, --add-opens=java.desktop/java.awt.image=ALL-UNNAMED, --add-opens=java.desktop/java.awt.peer=ALL-UNNAMED, --add-opens=java.desktop/java.awt.font=ALL-UNNAMED, --add-opens=java.desktop/javax.swing=ALL-UNNAMED, --add-opens=java.desktop/javax.swing.plaf.basic=ALL-UNNAMED, --add-opens=java.desktop/javax.swing.text=ALL-UNNAMED, --add-opens=java.desktop/javax.swing.text.html=ALL-UNNAMED, --add-opens=java.desktop/sun.awt.X11=ALL-UNNAMED, --add-opens=java.desktop/sun.awt.datatransfer=ALL-UNNAMED, --add-opens=java.desktop/sun.awt.image=ALL-UNNAMED, --add-opens=java.desktop/sun.awt=ALL-UNNAMED, --add-opens=java.desktop/sun.font=ALL-UNNAMED, --add-opens=java.desktop/sun.java2d=ALL-UNNAMED, --add-opens=java.desktop/sun.swing=ALL-UNNAMED, --add-opens=java.desktop/com.sun.java.swing=ALL-UNNAMED, --add-opens=jdk.attach/sun.tools.attach=ALL-UNNAMED, --add-opens=jdk.compiler/com.sun.tools.javac.api=ALL-UNNAMED, --add-opens=jdk.internal.jvmstat/sun.jvmstat.monitor=ALL-UNNAMED, --add-opens=jdk.jdi/com.sun.tools.jdi=ALL-UNNAMED, -javaagent:/home/lucasalmeida/Developer/DockerRunner/.intellijPlatform/coroutines-javaagent-legacy.jar, -Xms128m, -Xmx2048m, -Dfile.encoding=UTF-8, -Duser.country=BR, -Duser.language=pt, -Duser.variant, -ea]
2026-08-21 00:37:43,352 [    486]   INFO - #c.i.p.i.b.AppStarter - args: 
2026-08-21 00:37:43,353 [    487]   INFO - #c.i.p.i.b.AppStarter - library path: /usr/java/packages/lib:/usr/lib64:/lib64:/lib:/usr/lib
2026-08-21 00:37:43,354 [    488]   INFO - #c.i.p.i.b.AppStarter - boot library path: /home/lucasalmeida/.gradle/caches/9.6.0/transforms/bea1b87427568a068e547fc0eae09392/transformed/ideaIC-2024.1/jbr/lib
2026-08-21 00:37:43,362 [    496]   INFO - #c.i.i.p.PluginManager - PluginDescriptor(name=Docker Runner, id=com.olezelelabs.dockerrunner, descriptorPath=plugin.xml, path=~/Developer/DockerRunner/.intellijPlatform/sandbox/DockerRunner/IC-2024.1/plugins/DockerRunner, version=1.0-SNAPSHOT, package=null, isBundled=false) overrides PluginDescriptor(name=Docker Runner, id=com.olezelelabs.dockerrunner, descriptorPath=plugin.xml, path=~/Developer/DockerRunner/.intellijPlatform/sandbox/DockerRunner/IC-2024.1/plugins/DockerRunner, version=1.0-SNAPSHOT, package=null, isBundled=false)
2026-08-21 00:37:43,378 [    512]   INFO - #c.i.p.i.b.AppStarter - locale=pt_BR JNU=UTF-8 file.encoding=UTF-8
    idea.config.path=/home/lucasalmeida/Developer/DockerRunner/.intellijPlatform/sandbox/DockerRunner/IC-2024.1/config
    idea.system.path=/home/lucasalmeida/Developer/DockerRunner/.intellijPlatform/sandbox/DockerRunner/IC-2024.1/system
    idea.plugins.path=/home/lucasalmeida/Developer/DockerRunner/.intellijPlatform/sandbox/DockerRunner/IC-2024.1/plugins
    idea.log.path=/home/lucasalmeida/Developer/DockerRunner/.intellijPlatform/sandbox/DockerRunner/IC-2024.1/log
2026-08-21 00:37:43,425 [    559]   INFO - #c.i.p.i.b.AppStarter - CPU cores: 8; ForkJoinPool.commonPool: java.util.concurrent.ForkJoinPool@f188a3b[Running, parallelism = 7, size = 0, active = 0, running = 0, steals = 0, tasks = 0, submissions = 0]; factory: com.intellij.concurrency.IdeaForkJoinWorkerThreadFactory@2c9b3faf
2026-08-21 00:37:43,468 [    602]   INFO - #c.i.i.p.PluginManager - Module intellij.sh.python is not enabled because dependency intellij.python.community.impl is not available
Module intellij.groovy/ant is not enabled because dependency AntSupport is not available
Module intellij.qodana.jvm.swagger is not enabled because dependency com.intellij.swagger is not available
Module intellij.qodana.python is not enabled because dependency intellij.python is not available
Module intellij.qodana.php is not enabled because dependency com.jetbrains.php is not available
Module intellij.qodana.js is not enabled because dependency JavaScript is not available
Module intellij.qodana.inspectionKts.js is not enabled because dependency JavaScript is not available
Module intellij.qodana.go is not enabled because dependency intellij.go.coverage is not available
Module intellij.cwm.plugin.elevation is not enabled because dependency intellij.execution.process.elevation is not available
Module intellij.packageChecker.php is not enabled because dependency com.jetbrains.php is not available
Module intellij.packageChecker.python is not enabled because dependency intellij.python.community.impl is not available
Module intellij.packageChecker.javascript is not enabled because dependency JavaScript is not available
Module intellij.packageChecker.go is not enabled because dependency org.jetbrains.plugins.go is not available
2026-08-21 00:37:43,519 [    653]   INFO - #c.i.i.p.PluginManager - Loaded bundled plugins: IDEA CORE (241.14494.240), TextMate Bundles (241.14494.240), Images (241.14494.240), Copyright (241.14494.240), Emoji Picker (241.14494.240), EditorConfig (241.14494.240), IDE Services / Provisioner API (241.14494.240), Machine Learning in Search Everywhere (241.14494.240), YAML (241.14494.240), JetBrains maven model api classes (241.14494.240), JetBrains Repository Search (241.14494.240), Maven server api classes (241.14494.240), Markdown (241.14494.240), Terminal (241.14494.240), Mercurial (241.14494.240), Properties (241.14494.240), Gradle (241.14494.240), NetBeans Keymap (241.14494.240), JetBrains Marketplace Licensing (241.14494.240), com.intellij.dev (241.14494.240), Remote Execution Agent (241.14494.240), Shell Script (241.14494.240), HTML Tools (241.14494.240), Visual Studio Keymap (241.14494.240), Machine Learning Code Completion (241.14494.240), Toml (241.14494.240), WebP Support (241.14494.240), Performance Testing (241.14494.240), Grazie Lite (241.14494.240), Eclipse Keymap (241.14494.240), Perforce Helix Core (241.14494.240), GitLab (241.14494.240), IDE Features Trainer (241.14494.240), Java (241.14494.240), com.intellij.tracing.ide (241.14494.240), Java Bytecode Decompiler (241.14494.240), Java Stream Debugger (241.14494.240), Task Management (241.14494.240), GitHub (241.14494.240), JUnit (241.14494.240), Eclipse Interoperability (241.14494.240), IntelliLang (241.14494.240), Groovy (241.14494.240), JavaFX (241.14494.240), Turbo Complete (241.14494.240), Kotlin (241.14494.240-IJ), Gradle DSL API (241.14494.240), Java Internationalization (241.14494.240), UI Designer (241.14494.240), Bytecode Viewer (241.14494.240), Maven (241.14494.240), TestNG (241.14494.240), Code Coverage for Java (241.14494.240), Gradle-Java (241.14494.240), Gradle-Java-Analysis (241.14494.240), Gradle-Maven (241.14494.240), Java IDE Customization (241.14494.240), Settings Sync (241.14494.240), Git (241.14494.240), Qodana (241.14494.240), Configuration Script (241.14494.240), Shared Indexes (241.14494.240), Code With Me (241.14494.240), Subversion (241.14494.240), Package Checker (241.14494.240), Gradle Dependency Updater Implementation (241.14494.240), Async Profiler for IDE Performance Testing (241.14494.240)
2026-08-21 00:37:43,520 [    654]   INFO - #c.i.i.p.PluginManager - Loaded custom plugins: Docker Runner (1.0-SNAPSHOT)
2026-08-21 00:37:43,770 [    904]   INFO - c.i.p.i.IdeFingerprint - Calculated dependencies fingerprint in 56 ms (hash=1zlt0wz2km400, buildTime=1711602720, appVersion=IC-241.14494.240)
2026-08-21 00:37:43,914 [   1048]   INFO - #c.i.o.v.n.p.FSRecords - VFS health-check enabled: first after 600000 ms, and each following 43200000 ms, wrap in RA: true
2026-08-21 00:37:44,038 [   1172]   INFO - #c.i.a.o.PathMacrosImpl - Loaded path macros: {MAVEN_REPOSITORY=/home/lucasalmeida/.m2/repository}
2026-08-21 00:37:44,111 [   1245]   INFO - #c.i.o.v.n.p.PersistentFSLoader - VFS uses 'fast' names enumerator (over mmapped file)
2026-08-21 00:37:44,114 [   1248]   INFO - #c.i.o.v.n.p.PersistentFSLoader - VFS uses content storage over memory-mapped file, with compression algo: LZ4[ > 8000b ]
2026-08-21 00:37:44,118 [   1252]   INFO - #c.i.o.v.n.p.PersistentFSLoader - VFS uses streamlined attributes storage (over mmapped file)
2026-08-21 00:37:44,212 [   1346]   INFO - #c.i.i.p.ExpiredPluginsState - Plugins to skip: []
2026-08-21 00:37:44,290 [   1424]   INFO - #c.i.o.v.n.p.PersistentFSLoader - VFS: impl (expected) version=846397, 96042 file records, 16 content blobs
2026-08-21 00:37:44,355 [   1489]   INFO - #c.i.o.v.n.p.FSRecordsImpl - VFS initialized: 258 ms, 0 failed attempts, 0 error(s) were recovered
2026-08-21 00:37:44,426 [   1560]   INFO - #c.i.o.v.i.l.NativeFileWatcherImpl - Starting file watcher: /home/lucasalmeida/.gradle/caches/9.6.0/transforms/bea1b87427568a068e547fc0eae09392/transformed/ideaIC-2024.1/bin/fsnotifier
2026-08-21 00:37:44,483 [   1617]   INFO - #c.i.o.v.i.l.NativeFileWatcherImpl - Native file watcher is operational.
2026-08-21 00:37:44,544 [   1678]   INFO - #c.i.o.v.n.p.FSRecordsImpl - VFS scanned: file-by-name index was populated
2026-08-21 00:37:44,724 [   1858]   INFO - #c.i.o.a.i.NonBlockingReadActionImpl - OTel monitoring for NonBlockingReadAction is enabled
2026-08-21 00:37:44,726 [   1860]   INFO - #o.j.i.BuiltInServerManager - built-in server started, port 63342
2026-08-21 00:37:44,880 [   2014]   INFO - #c.i.u.n.s.CertificateManager - Default SSL context initialized
2026-08-21 00:37:45,218 [   2352]   INFO - #c.i.p.i.m.GlobalMenuLinux - Start glib main loop in thread: GlobalMenuLinux loop
2026-08-21 00:37:45,232 [   2366]   INFO - #c.i.p.i.m.GlobalMenuLinux - Closed dbus-service 'com.canonical.AppMenu.Registrar'
2026-08-21 00:37:45,316 [   2450]   INFO - #c.i.i.s.p.i.SharedIndexMainZipStorage - Shared Indexes Storage is opened and empty
2026-08-21 00:37:45,322 [   2456]   WARN - #c.i.i.s.p.i.BundledSharedIndexProvider - Bundled shared index is not found at: /home/lucasalmeida/.gradle/caches/9.6.0/transforms/bea1b87427568a068e547fc0eae09392/transformed/ideaIC-2024.1/jdk-shared-indexes
2026-08-21 00:37:45,965 [   3099]   WARN - #c.i.i.u.l.LafManagerImpl - VersionControl.Log.Commit.rowHeight = null in LookAndFeelThemeAdapter; it may lead to performance degradation
2026-08-21 00:37:46,534 [   3668]   INFO - #c.i.p.i.m.GlobalMenuLinux - created instance of GlobalMenuLinux for frame: com.intellij.openapi.wm.impl.IdeFrameImpl[frame0,0,0,1366x768,invalid,layout=java.awt.BorderLayout,title=,resizable,maximized,defaultCloseOperation=DO_NOTHING_ON_CLOSE,rootPane=com.intellij.openapi.wm.impl.IdeRootPane[,5,25,1356x738,invalid,layout=com.intellij.openapi.wm.impl.IdeRootPane$MyRootLayout,alignmentX=0.0,alignmentY=0.0,border=,flags=449,maximumSize=,minimumSize=,preferredSize=],rootPaneCheckingEnabled=true]
2026-08-21 00:37:46,778 [   3912]   INFO - #c.i.w.i.i.WorkspaceModelImpl - Load workspace model from cache in 447 ms
2026-08-21 00:37:46,876 [   4010]   INFO - #c.i.w.i.i.GlobalWorkspaceModel - Load global workspace model from cache in 38 ms
2026-08-21 00:37:47,004 [   4138]   INFO - #c.i.w.i.i.WorkspaceModelImpl - Project model updated silently to version 1 in 6 ms: Add module mapping
2026-08-21 00:37:47,228 [   4362]   INFO - #c.i.w.i.i.EntitiesOrphanageImpl - Update orphanage. 0 modules added
2026-08-21 00:37:47,258 [   4392]   INFO - #c.i.w.i.i.WorkspaceModelImpl - Project model updated to version 2 in 106 ms: Sync global entities with project: teste
2026-08-21 00:37:47,584 [   4718]   INFO - PerformancePlugin - Performance Plugin is in silent mode
2026-08-21 00:37:47,757 [   4891]   INFO - #c.i.p.c.ProjectCodeStyleSettingsManager - Initialized from default code style settings.
2026-08-21 00:37:47,902 [   5036]   INFO - #c.i.r.OsRegistryConfigProvider - Looking for 'enabled' value in [/etc/xdg/JetBrains/portForwarding/enabled, /etc/xdg/JetBrains/portForwarding/config.json, /home/lucasalmeida/.config/JetBrains/portForwarding/enabled, /home/lucasalmeida/.config/JetBrains/portForwarding/config.json, /home/lucasalmeida/.config/kdedefaults/JetBrains/portForwarding/enabled, /home/lucasalmeida/.config/kdedefaults/JetBrains/portForwarding/config.json, /etc/xdg/JetBrains/portForwarding/enabled, /etc/xdg/JetBrains/portForwarding/config.json, /usr/share/kde-settings/kde-profile/default/xdg/JetBrains/portForwarding/enabled, /usr/share/kde-settings/kde-profile/default/xdg/JetBrains/portForwarding/config.json]
2026-08-21 00:37:47,906 [   5040]   INFO - #c.i.r.OsRegistryConfigProvider - OS provided value for 'enabled' is not found
2026-08-21 00:37:48,255 [   5389]   INFO - #c.i.o.p.MergingQueueGuiExecutor - Running task: (dumb mode task) com.intellij.openapi.project.InitialDumbTaskRequiredForSmartMode@480ee91e
2026-08-21 00:37:48,262 [   5396]   INFO - #c.i.o.p.DumbServiceMergingTaskQueue - Initializing DumbServiceMergingTaskQueue...
2026-08-21 00:37:48,267 [   5401]   INFO - #c.i.o.p.DumbServiceMergingTaskQueue - Running initialization condition: com.intellij.indexing.shared.download.SharedIndexDownloadedCondition@52192947
2026-08-21 00:37:48,271 [   5405]   INFO - #c.i.o.p.DumbServiceMergingTaskQueue - Finished: com.intellij.indexing.shared.download.SharedIndexDownloadedCondition@52192947
2026-08-21 00:37:48,285 [   5419] SEVERE - #c.i.o.a.i.ActionManagerImpl - com.olezelelabs.dockerrunner.DockerComposeRunAction PluginClassLoader(plugin=PluginDescriptor(name=Docker Runner, id=com.olezelelabs.dockerrunner, descriptorPath=plugin.xml, path=~/Developer/DockerRunner/.intellijPlatform/sandbox/DockerRunner/IC-2024.1/plugins/DockerRunner, version=1.0-SNAPSHOT, package=null, isBundled=false), packagePrefix=null, state=active)
com.intellij.diagnostic.PluginException: com.olezelelabs.dockerrunner.DockerComposeRunAction PluginClassLoader(plugin=PluginDescriptor(name=Docker Runner, id=com.olezelelabs.dockerrunner, descriptorPath=plugin.xml, path=~/Developer/DockerRunner/.intellijPlatform/sandbox/DockerRunner/IC-2024.1/plugins/DockerRunner, version=1.0-SNAPSHOT, package=null, isBundled=false), packagePrefix=null, state=active)
	at com.intellij.serviceContainer.ComponentManagerImpl.instantiateClass(ComponentManagerImpl.kt:951)
	at com.intellij.openapi.actionSystem.impl.ActionManagerImplKt.instantiate(ActionManagerImpl.kt:1395)
	at com.intellij.openapi.actionSystem.impl.ActionManagerImplKt.convertStub(ActionManagerImpl.kt:1635)
	at com.intellij.openapi.actionSystem.impl.ActionManagerImplKt.getAction(ActionManagerImpl.kt:2117)
	at com.intellij.openapi.actionSystem.impl.ActionManagerImplKt.access$getAction(ActionManagerImpl.kt:1)
	at com.intellij.openapi.actionSystem.impl.ActionManagerImpl.getAction(ActionManagerImpl.kt:415)
	at com.intellij.openapi.actionSystem.DefaultActionGroup.getChildren(DefaultActionGroup.java:389)
	at com.intellij.openapi.actionSystem.DefaultActionGroup.getChildren(DefaultActionGroup.java:366)
	at com.intellij.openapi.actionSystem.ActionGroupWrapper.getChildren(ActionGroupWrapper.java:36)
	at com.intellij.ide.ui.customization.CustomisedActionGroup.getChildren(CustomisedActionGroup.java:46)
	at com.intellij.ide.ui.customization.CustomisedActionGroup.getFirstAction(CustomisedActionGroup.java:54)
	at com.intellij.ide.navigationToolbar.MyNavBarWrapperPanel.runToolbarExists(NavBarRootPaneExtension.kt:205)
	at com.intellij.ide.navigationToolbar.MyNavBarWrapperPanel.access$runToolbarExists(NavBarRootPaneExtension.kt:131)
	at com.intellij.ide.navigationToolbar.MyNavBarWrapperPanel$toggleRunPanel$2.invoke(NavBarRootPaneExtension.kt:240)
	at com.intellij.ide.navigationToolbar.MyNavBarWrapperPanel$toggleRunPanel$2.invoke(NavBarRootPaneExtension.kt:238)
	at com.intellij.ide.navigationToolbar.MyNavBarWrapperPanel.toggleRunPanel$lambda$4(NavBarRootPaneExtension.kt:239)
	at java.base/java.util.concurrent.CompletableFuture$UniAccept.tryFire(CompletableFuture.java:718)
	at java.base/java.util.concurrent.CompletableFuture$Completion.run(CompletableFuture.java:482)
	at com.intellij.openapi.application.TransactionGuardImpl.runWithWritingAllowed(TransactionGuardImpl.java:209)
	at com.intellij.openapi.application.TransactionGuardImpl.access$100(TransactionGuardImpl.java:22)
	at com.intellij.openapi.application.TransactionGuardImpl$1.run(TransactionGuardImpl.java:191)
	at com.intellij.openapi.application.impl.RwLockHolder.runIntendedWriteActionOnCurrentThread(RwLockHolder.kt:204)
	at com.intellij.openapi.application.impl.ApplicationImpl.runIntendedWriteActionOnCurrentThread(ApplicationImpl.java:830)
	at com.intellij.openapi.application.impl.ApplicationImpl$2.run(ApplicationImpl.java:419)
	at com.intellij.openapi.application.impl.RwLockHolder.runWithEnabledImplicitRead(RwLockHolder.kt:138)
	at com.intellij.openapi.application.impl.RwLockHolder.runWithImplicitRead(RwLockHolder.kt:129)
	at com.intellij.openapi.application.impl.ApplicationImpl.runWithImplicitRead(ApplicationImpl.java:1152)
	at com.intellij.openapi.application.impl.FlushQueue.doRun(FlushQueue.java:81)
	at com.intellij.openapi.application.impl.FlushQueue.runNextEvent(FlushQueue.java:123)
	at com.intellij.openapi.application.impl.FlushQueue.flushNow(FlushQueue.java:43)
	at java.desktop/java.awt.event.InvocationEvent.dispatch(InvocationEvent.java:318)
	at java.desktop/java.awt.EventQueue.dispatchEventImpl(EventQueue.java:792)
	at java.desktop/java.awt.EventQueue$3.run(EventQueue.java:739)
	at java.desktop/java.awt.EventQueue$3.run(EventQueue.java:733)
	at java.base/java.security.AccessController.doPrivileged(AccessController.java:399)
	at java.base/java.security.ProtectionDomain$JavaSecurityAccessImpl.doIntersectionPrivilege(ProtectionDomain.java:86)
	at java.desktop/java.awt.EventQueue.dispatchEvent(EventQueue.java:761)
	at com.intellij.ide.IdeEventQueue.defaultDispatchEvent(IdeEventQueue.kt:698)
	at com.intellij.ide.IdeEventQueue._dispatchEvent$lambda$12(IdeEventQueue.kt:593)
	at com.intellij.openapi.application.impl.RwLockHolder.runWithoutImplicitRead(RwLockHolder.kt:105)
	at com.intellij.ide.IdeEventQueue._dispatchEvent(IdeEventQueue.kt:593)
	at com.intellij.ide.IdeEventQueue.access$_dispatchEvent(IdeEventQueue.kt:77)
	at com.intellij.ide.IdeEventQueue$dispatchEvent$processEventRunnable$1$1$1.compute(IdeEventQueue.kt:362)
	at com.intellij.ide.IdeEventQueue$dispatchEvent$processEventRunnable$1$1$1.compute(IdeEventQueue.kt:361)
	at com.intellij.openapi.progress.impl.CoreProgressManager.computePrioritized(CoreProgressManager.java:843)
	at com.intellij.ide.IdeEventQueue$dispatchEvent$processEventRunnable$1$1.invoke(IdeEventQueue.kt:361)
	at com.intellij.ide.IdeEventQueue$dispatchEvent$processEventRunnable$1$1.invoke(IdeEventQueue.kt:356)
	at com.intellij.ide.IdeEventQueueKt.performActivity$lambda$1(IdeEventQueue.kt:1021)
	at com.intellij.openapi.application.TransactionGuardImpl.performActivity(TransactionGuardImpl.java:106)
	at com.intellij.ide.IdeEventQueueKt.performActivity(IdeEventQueue.kt:1021)
	at com.intellij.ide.IdeEventQueue.dispatchEvent$lambda$7(IdeEventQueue.kt:356)
	at com.intellij.openapi.application.impl.RwLockHolder.runIntendedWriteActionOnCurrentThread(RwLockHolder.kt:209)
	at com.intellij.openapi.application.impl.ApplicationImpl.runIntendedWriteActionOnCurrentThread(ApplicationImpl.java:830)
	at com.intellij.ide.IdeEventQueue.dispatchEvent(IdeEventQueue.kt:398)
	at java.desktop/java.awt.EventDispatchThread.pumpOneEventForFilters(EventDispatchThread.java:207)
	at java.desktop/java.awt.EventDispatchThread.pumpEventsForFilter(EventDispatchThread.java:128)
	at java.desktop/java.awt.EventDispatchThread.pumpEventsForHierarchy(EventDispatchThread.java:117)
	at java.desktop/java.awt.EventDispatchThread.pumpEvents(EventDispatchThread.java:113)
	at java.desktop/java.awt.EventDispatchThread.pumpEvents(EventDispatchThread.java:105)
	at java.desktop/java.awt.EventDispatchThread.run(EventDispatchThread.java:92)
Caused by: java.lang.ClassNotFoundException: com.olezelelabs.dockerrunner.DockerComposeRunAction PluginClassLoader(plugin=PluginDescriptor(name=Docker Runner, id=com.olezelelabs.dockerrunner, descriptorPath=plugin.xml, path=~/Developer/DockerRunner/.intellijPlatform/sandbox/DockerRunner/IC-2024.1/plugins/DockerRunner, version=1.0-SNAPSHOT, package=null, isBundled=false), packagePrefix=null, state=active)
	at com.intellij.serviceContainer.ComponentManagerImplKt.doLoadClass(ComponentManagerImpl.kt:1466)
	at com.intellij.serviceContainer.ComponentManagerImpl.instantiateClass(ComponentManagerImpl.kt:943)
	... 59 more
2026-08-21 00:37:48,297 [   5431]   INFO - #c.i.u.i.FileBasedIndexImpl - Indices to be built:FilenameIndex(v = 258)
2026-08-21 00:37:48,312 [   5446]   INFO - #c.i.o.p.InitialDumbTaskRequiredForSmartMode - Running task required for smart mode: com.intellij.indexing.shared.platform.impl.OnDiskSharedIndexChunkLocator@7f32e2f0
2026-08-21 00:37:48,320 [   5454]   INFO - #c.i.u.i.FileBasedIndexImpl - Using nice flusher for indexes
2026-08-21 00:37:48,352 [   5486]   INFO - #c.i.o.p.InitialDumbTaskRequiredForSmartMode - Finished task required for smart mode: com.intellij.indexing.shared.platform.impl.OnDiskSharedIndexChunkLocator@7f32e2f0
2026-08-21 00:37:48,358 [   5492]   INFO - #c.i.o.p.InitialDumbTaskRequiredForSmartMode - Running task required for smart mode: com.intellij.util.indexing.ProjectFileBasedIndexStartupActivity@36396cc4
2026-08-21 00:37:48,408 [   5542]   INFO - #c.i.u.i.IndexDataInitializer - Index data initialization done: 3228 ms. Initialized indexes: [FilenameIndex, filetypes, Trigram.Index, DomFileIndex, RelaxSymbolIndex, IdIndex, FrameworkDetectionIndex, fileIncludes, TodoIndex, XmlTagNames, XmlNamespaces, json.file.root.values, editorconfig.index.name, yaml.keys.name, html5.custom.attributes.index, SchemaTypeInheritance, java.auto.module.name, HtmlTagIdIndex, Stubs, java.source.module.name, xmlProperties, java.fun.expression, java.null.method.argument, JavaFxControllerClassIndex, bytecodeAnalysis, java.binary.plus.expression, org.jetbrains.kotlin.idea.versions.KotlinJvmMetadataVersionIndex, javafx.id.name, org.jetbrains.kotlin.idea.versions.KotlinJsMetadataVersionIndex, javafx.custom.component, org.jetbrains.kotlin.idea.vfilefinder.KotlinClassFileIndex, org.jetbrains.kotlin.idea.vfilefinder.KotlinPartialPackageNamesIndex, org.jetbrains.kotlin.idea.vfilefinder.KotlinMetadataFilePackageIndex, org.jetbrains.kotlin.idea.vfilefinder.KotlinModuleMappingIndex, org.jetbrains.kotlin.idea.vfilefinder.KotlinJavaScriptMetaFileIndex, KotlinPackageSourcesMemberNamesIndex, org.jetbrains.kotlin.idea.vfilefinder.KotlinMetadataFileIndex, org.jetbrains.kotlin.idea.vfilefinder.KotlinBuiltInsMetadataIndex, org.jetbrains.kotlin.idea.vfilefinder.KotlinShortClassNameFileIndex, KotlinTopLevelClassLikeDeclarationByPackageShortNameIndex, KotlinBinaryRootToPackageIndex, org.jetbrains.kotlin.idea.vfilefinder.KotlinStdlibIndex, org.jetbrains.kotlin.idea.vfilefinder.KotlinJvmModuleAnnotationsIndex, KotlinTopLevelCallableByPackageShortNameIndex, org.jetbrains.kotlin.idea.vfilefinder.KlibMetaFileIndex, com.intellij.uiDesigner.FormClassIndex].
2026-08-21 00:37:48,427 [   5561]   INFO - #c.i.u.i.p.IncrementalProjectIndexableFilesFilterHolder - IncrementalProjectIndexableFilesFilterFactory is chosen as indexable files filter factory for project: teste
2026-08-21 00:37:48,455 [   5589] SEVERE - #c.i.o.a.i.ActionManagerImpl - IntelliJ IDEA 2024.1  Build #IC-241.14494.240
2026-08-21 00:37:48,458 [   5592] SEVERE - #c.i.o.a.i.ActionManagerImpl - JDK: 17.0.10; VM: OpenJDK 64-Bit Server VM; Vendor: JetBrains s.r.o.
2026-08-21 00:37:48,459 [   5593] SEVERE - #c.i.o.a.i.ActionManagerImpl - OS: Linux
2026-08-21 00:37:48,460 [   5594] SEVERE - #c.i.o.a.i.ActionManagerImpl - Plugin to blame: Docker Runner version: 1.0-SNAPSHOT
2026-08-21 00:37:48,461 [   5595] SEVERE - #c.i.o.a.i.ActionManagerImpl - Last Action: 
2026-08-21 00:37:48,476 [   5610]   INFO - #c.i.o.p.InitialDumbTaskRequiredForSmartMode - Finished task required for smart mode: com.intellij.util.indexing.ProjectFileBasedIndexStartupActivity@36396cc4
2026-08-21 00:37:48,478 [   5612]   INFO - #c.i.o.p.InitialDumbTaskRequiredForSmartMode - Running task required for smart mode: com.intellij.util.indexing.FileBasedIndexInfrastructureExtensionStartup@2db65152
2026-08-21 00:37:48,486 [   5620]   INFO - #c.i.o.p.InitialDumbTaskRequiredForSmartMode - Finished task required for smart mode: com.intellij.util.indexing.FileBasedIndexInfrastructureExtensionStartup@2db65152
2026-08-21 00:37:48,489 [   5623]   INFO - #c.i.o.p.InitialDumbTaskRequiredForSmartMode - Running task required for smart mode: com.intellij.externalDependencies.impl.CheckRequiredPluginsActivity@304b0048
2026-08-21 00:37:48,494 [   5628]   INFO - #c.i.o.p.InitialDumbTaskRequiredForSmartMode - Finished task required for smart mode: com.intellij.externalDependencies.impl.CheckRequiredPluginsActivity@304b0048
2026-08-21 00:37:48,495 [   5629]   INFO - #c.i.o.p.InitialDumbTaskRequiredForSmartMode - Running task required for smart mode: com.intellij.util.indexing.DumbModeWhileScanningSubscriber@500f5f13
2026-08-21 00:37:48,518 [   5652]   INFO - #c.i.o.p.InitialDumbTaskRequiredForSmartMode - Finished task required for smart mode: com.intellij.util.indexing.DumbModeWhileScanningSubscriber@500f5f13
2026-08-21 00:37:48,519 [   5653]   INFO - #c.i.o.p.InitialDumbTaskRequiredForSmartMode - Running task required for smart mode: com.intellij.ide.projectWizard.generators.SdkPreIndexingRequiredForSmartModeActivity@3d111e23
2026-08-21 00:37:48,529 [   5663]   INFO - #c.i.o.p.InitialDumbTaskRequiredForSmartMode - Finished task required for smart mode: com.intellij.ide.projectWizard.generators.SdkPreIndexingRequiredForSmartModeActivity@3d111e23
2026-08-21 00:37:48,530 [   5664]   INFO - #c.i.o.p.MergingQueueGuiExecutor - Task finished: (dumb mode task) com.intellij.openapi.project.InitialDumbTaskRequiredForSmartMode@480ee91e
2026-08-21 00:37:49,204 [   6338]   INFO - #c.i.u.i.ManagedPersistentCache - created persistent map persistent-declarative-hints-teste-2473fa2c with size 0
2026-08-21 00:37:49,224 [   6358]   INFO - #c.i.u.i.ManagedPersistentCache - created persistent map persistent-parameter-hints-teste-2473fa2c with size 0
2026-08-21 00:37:49,259 [   6393]   INFO - #c.i.u.i.ManagedPersistentCache - created persistent map persistent-markup-teste-2473fa2c with size 2
2026-08-21 00:37:49,259 [   6393]   INFO - #c.i.u.i.ManagedPersistentCache - created persistent map persistent-folding-teste-2473fa2c with size 1
2026-08-21 00:37:49,347 [   6481]   INFO - #c.i.u.i.ManagedPersistentCache - created persistent map persistent-code-vision-teste-2473fa2c with size 0
2026-08-21 00:37:49,527 [   6661]   INFO - #c.j.r.f.FollowMeManager - Register new user (name: 'lucasalmeida', client id: Host)
2026-08-21 00:37:49,621 [   6755]   INFO - #c.i.o.a.i.ActionUpdater - 310 ms to grab EDT for ToolWindowHeader$2#children@ToolwindowTitle (com.intellij.toolWindow.ToolWindowHeader$2)
2026-08-21 00:37:49,730 [   6864]   INFO - #c.i.o.p.MergingQueueGuiExecutor - Running task: (dumb mode task) com.intellij.util.indexing.UnindexedFilesScanner$2@123bd7c8
2026-08-21 00:37:49,735 [   6869]   INFO - #c.i.o.p.MergingQueueGuiExecutor - Running task: UnindexedFilesScanner[teste]
2026-08-21 00:37:49,735 [   6869]   INFO - #c.i.o.p.MergingQueueGuiExecutor - Task finished: (dumb mode task) com.intellij.util.indexing.UnindexedFilesScanner$2@123bd7c8
2026-08-21 00:37:49,749 [   6883]   INFO - #c.i.u.i.StaleIndexesChecker - clearing stale id = 14503, path =  //home/lucasalmeida/Developer/DockerRunner/.intellijPlatform/sandbox/DockerRunner/IC-2024.1/config/workspace/3ICnp63d3eYvrnOzoHmiAnT1cH1.xml
2026-08-21 00:37:49,787 [   6921]   INFO - #c.i.o.v.n.p.d.e.DurableEnumeratorFactory - [enumerator.mmapped]: .valueHashToId (in memory) was filled (21 records)
2026-08-21 00:37:49,881 [   7015]   INFO - #c.i.u.i.IndexDataInitializer - Index data initialization done: 1472 ms. Initialized stub indexes: {java.method.name, org.jetbrains.kotlin.idea.stubindex.KotlinTypeAliasShortNameIndex, jvm.static.member.name, KotlinFileFacadeClassByPackageIndex, gr.class.super, org.jetbrains.kotlin.idea.stubindex.KotlinTopLevelTypeAliasFqNameIndex, java.annotations, properties.index, gr.method.name, org.jetbrains.kotlin.idea.stubindex.KotlinClassShortNameIndex, gr.script.class, KotlinExtensionsInObjectsByReceiverTypeIndex, gr.field.name, kotlin.primeIndexKey, gr.annot.method.name, org.jetbrains.kotlin.idea.stubindex.KotlinFullClassNameIndex, org.jetbrains.kotlin.idea.stubindex.KotlinSubclassObjectNameIndex, java.class.extlist, org.jetbrains.kotlin.idea.stubindex.KotlinFileFacadeShortNameIndex, org.jetbrains.kotlin.idea.stubindex.KotlinExactPackagesIndex, org.jetbrains.kotlin.idea.stubindex.KotlinInnerTypeAliasClassIdIndex, dom.elementClass, java.class.fqn, KotlinTopLevelPropertyByPackageIndex, java.anonymous.baseref, gr.annot.members, org.jetbrains.kotlin.idea.stubindex.KotlinTopLevelPropertyFqnNameIndex, jvm.static.member.type, KotlinTopLevelExtensionsByReceiverTypeIndex, java.class.shortname, KotlinProbablyNothingFunctionShortNameIndex, KotlinProbablyContractedFunctionShortNameIndex, KotlinOverridableInternalMembersShortNameIndex, org.jetbrains.kotlin.idea.stubindex.KotlinFunctionShortNameIndex, org.jetbrains.kotlin.idea.stubindex.KotlinPropertyShortNameIndex, org.jetbrains.kotlin.idea.stubindex.KotlinFilePartClassIndex, gr.anonymous.class, org.jetbrains.kotlin.idea.stubindex.KotlinJvmNameAnnotationIndex, dom.namespaceKey, org.jetbrains.kotlin.idea.stubindex.KotlinSuperClassIndex, org.jetbrains.kotlin.idea.stubindex.KotlinFileFacadeFqNameIndex, org.jetbrains.kotlin.idea.stubindex.KotlinScriptFqnIndex, java.method.parameter.types, java.module.name, KotlinTopLevelFunctionByPackageIndex, KotlinTypeAliasByExpansionShortNameIndex, gr.class.fqn.s, markdown.header.anchor, java.unnamed.class, org.jetbrains.kotlin.idea.stubindex.KotlinTopLevelClassByPackageIndex, KotlinTopLevelTypeAliasByPackageIndex, org.jetbrains.kotlin.idea.stubindex.KotlinMultifileClassPartIndex, org.jetbrains.kotlin.idea.stubindex.KotlinAnnotationsIndex, gr.script.fqn.s, markdown.header, KotlinProbablyNothingPropertyShortNameIndex, java.field.name, org.jetbrains.kotlin.idea.stubindex.KotlinTopLevelFunctionFqnNameIndex}.
2026-08-21 00:37:49,986 [   7120]   INFO - #c.i.p.s.StubUpdatingIndexStorage - Not updating IndexingStampInfo. inputId=14503,result=true
2026-08-21 00:37:50,293 [   7427]   INFO - #c.i.u.i.UnindexedFilesScanner - Started scanning for indexing of teste. Reason: On project open
2026-08-21 00:37:50,305 [   7439]   INFO - #c.i.u.i.UnindexedFilesScanner - Performing delayed pushing properties tasks for teste took 7ms; general responsiveness: ok; EDT responsiveness: ok
2026-08-21 00:37:50,356 [   7490]   INFO - #c.i.u.i.d.AppIndexingDependenciesService - Invalidating all indexing flags. Reason: App fingerprint changed: FingerprintImpl(fingerprint=-1694040925452835756) to FingerprintImpl(fingerprint=-9021875950927689280)
2026-08-21 00:37:50,386 [   7520]   INFO - #c.i.u.i.UnindexedFilesScanner - Scanning of teste uses 7 scanning threads
2026-08-21 00:37:50,781 [   7915]   INFO - #c.i.o.a.i.ActionUpdater - 1155 ms to grab EDT for DockToolWindowAction#presentation@ToolwindowTitle (com.intellij.openapi.wm.impl.DockToolWindowAction)
2026-08-21 00:37:50,782 [   7916]   INFO - #c.i.o.a.i.ActionUpdater - 1153 ms to grab EDT for ExpandAllAction#presentation@ToolwindowTitle (com.intellij.ide.actions.ExpandAllAction)
2026-08-21 00:37:50,783 [   7917]   INFO - #c.i.o.a.i.ActionUpdater - 1153 ms to grab EDT for CollapseAllAction#presentation@ToolwindowTitle (com.intellij.ide.actions.CollapseAllAction)
2026-08-21 00:37:50,806 [   7940]   WARN - #c.i.o.a.i.ActionUpdater - 3772 ms total to grab EDT 4 times to expand ToolWindowHeader$2@ToolwindowTitle (com.intellij.toolWindow.ToolWindowHeader$2). Use `ActionUpdateThread.BGT`.
2026-08-21 00:37:50,837 [   7971]   INFO - #c.i.o.p.DumbServiceImpl - exit dumb mode [teste]
2026-08-21 00:37:52,361 [   9495]   INFO - #c.i.o.u.i.UpdateCheckerService - channel: release
2026-08-21 00:37:52,807 [   9941]   WARN - #c.i.o.a.i.ActionUpdater - 1228 ms to call on BGT ExecutorRegistryImpl$ExecutorAction#presentation@NavBarToolbar (com.intellij.execution.ExecutorRegistryImpl$ExecutorAction(id=Debug))
2026-08-21 00:37:52,807 [   9941]   WARN - #c.i.o.a.i.ActionUpdater - 1228 ms to call on BGT ExecutorRegistryImpl$ExecutorAction#presentation@NavBarToolbar (com.intellij.execution.ExecutorRegistryImpl$ExecutorAction(id=Run))
2026-08-21 00:37:52,812 [   9946]   INFO - #c.i.o.a.i.ActionUpdater - 338 ms to grab EDT for ToolWindowHeader$2#children@ToolwindowTitle (com.intellij.toolWindow.ToolWindowHeader$2)
2026-08-21 00:37:52,813 [   9947]   INFO - #c.i.o.a.i.ActionUpdater - 338 ms to grab EDT for FontEditorPreview$ToggleBoldFontAction#presentation@ContextToolbar (com.intellij.application.options.colors.FontEditorPreview$ToggleBoldFontAction)
2026-08-21 00:37:52,813 [   9947]   INFO - #c.i.o.a.i.ActionUpdater - 339 ms to grab EDT for FontEditorPreview$RestorePreviewTextAction#presentation@ContextToolbar (com.intellij.application.options.colors.FontEditorPreview$RestorePreviewTextAction)
2026-08-21 00:37:53,036 [  10170]   INFO - #c.i.o.e.s.p.m.ExternalProjectsDataStorage - Load external projects data in 4 millis (read time: 4)
2026-08-21 00:37:53,133 [  10267] SEVERE - #c.i.c.ComponentStoreImpl - Cannot init component state (componentName=GradleJvmSupportMatrix, componentClass=GradleJvmSupportMatrix) [Plugin: com.intellij.gradle]
com.intellij.diagnostic.PluginException: Cannot init component state (componentName=GradleJvmSupportMatrix, componentClass=GradleJvmSupportMatrix) [Plugin: com.intellij.gradle]
	at com.intellij.configurationStore.ComponentStoreImpl.initComponent(ComponentStoreImpl.kt:181)
	at com.intellij.configurationStore.ComponentStoreWithExtraComponents.initComponent(ComponentStoreWithExtraComponents.kt:44)
	at com.intellij.serviceContainer.ComponentManagerImpl.initializeService$intellij_platform_serviceContainer(ComponentManagerImpl.kt:659)
	at com.intellij.serviceContainer.ServiceInstanceInitializer.createInstance$suspendImpl(ServiceInstanceInitializer.kt:70)
	at com.intellij.serviceContainer.ServiceInstanceInitializer.createInstance(ServiceInstanceInitializer.kt)
	at com.intellij.platform.instanceContainer.internal.LazyInstanceHolder$initialize$1$1.invokeSuspend(LazyInstanceHolder.kt:162)
	at com.intellij.platform.instanceContainer.internal.LazyInstanceHolder$initialize$1$1.invoke(LazyInstanceHolder.kt)
	at com.intellij.platform.instanceContainer.internal.LazyInstanceHolder$initialize$1$1.invoke(LazyInstanceHolder.kt)
	at kotlinx.coroutines.intrinsics.UndispatchedKt.startUndispatchedOrReturn(Undispatched.kt:78)
	at kotlinx.coroutines.BuildersKt__Builders_commonKt.withContext(Builders.common.kt:167)
	at kotlinx.coroutines.BuildersKt.withContext(Unknown Source)
	at com.intellij.platform.instanceContainer.internal.LazyInstanceHolder$initialize$1.invokeSuspend(LazyInstanceHolder.kt:160)
	at com.intellij.platform.instanceContainer.internal.LazyInstanceHolder$initialize$1.invoke(LazyInstanceHolder.kt)
	at com.intellij.platform.instanceContainer.internal.LazyInstanceHolder$initialize$1.invoke(LazyInstanceHolder.kt)
	at kotlinx.coroutines.intrinsics.UndispatchedKt.startCoroutineUndispatched(Undispatched.kt:44)
	at kotlinx.coroutines.CoroutineStart.invoke(CoroutineStart.kt:112)
	at kotlinx.coroutines.AbstractCoroutine.start(AbstractCoroutine.kt:126)
	at kotlinx.coroutines.BuildersKt__Builders_commonKt.launch(Builders.common.kt:56)
	at kotlinx.coroutines.BuildersKt.launch(Unknown Source)
	at com.intellij.platform.instanceContainer.internal.LazyInstanceHolder.initialize(LazyInstanceHolder.kt:145)
	at com.intellij.platform.instanceContainer.internal.LazyInstanceHolder.access$initialize(LazyInstanceHolder.kt:13)
	at com.intellij.platform.instanceContainer.internal.LazyInstanceHolder.tryInitialize(LazyInstanceHolder.kt:135)
	at com.intellij.platform.instanceContainer.internal.LazyInstanceHolder.getInstance(LazyInstanceHolder.kt:95)
	at com.intellij.platform.instanceContainer.internal.LazyInstanceHolder.getInstanceInCallerContext$suspendImpl(LazyInstanceHolder.kt:87)
	at com.intellij.platform.instanceContainer.internal.LazyInstanceHolder.getInstanceInCallerContext(LazyInstanceHolder.kt)
	at com.intellij.serviceContainer.ComponentManagerImplKt$getOrCreateInstanceBlocking$3.invokeSuspend(ComponentManagerImpl.kt:1548)
	at kotlin.coroutines.jvm.internal.BaseContinuationImpl.resumeWith(ContinuationImpl.kt:33)
	at kotlinx.coroutines.DispatchedTask.run(DispatchedTask.kt:108)
	at kotlinx.coroutines.EventLoopImplBase.processNextEvent(EventLoop.common.kt:280)
	at kotlinx.coroutines.BlockingCoroutine.joinBlocking(Builders.kt:85)
	at kotlinx.coroutines.BuildersKt__BuildersKt.runBlocking(Builders.kt:59)
	at kotlinx.coroutines.BuildersKt.runBlocking(Unknown Source)
	at com.intellij.serviceContainer.ComponentManagerImplKt$runBlockingInitialization$1.invoke(ComponentManagerImpl.kt:1636)
	at com.intellij.serviceContainer.ComponentManagerImplKt$runBlockingInitialization$1.invoke(ComponentManagerImpl.kt:1627)
	at com.intellij.openapi.progress.ContextKt.prepareThreadContext(context.kt:80)
	at com.intellij.serviceContainer.ComponentManagerImplKt.runBlockingInitialization(ComponentManagerImpl.kt:1627)
	at com.intellij.serviceContainer.ComponentManagerImplKt.getOrCreateInstanceBlocking(ComponentManagerImpl.kt:1547)
	at com.intellij.serviceContainer.ComponentManagerImpl.doGetService(ComponentManagerImpl.kt:754)
	at com.intellij.serviceContainer.ComponentManagerImpl.getService(ComponentManagerImpl.kt:698)
	at org.jetbrains.plugins.gradle.jvmcompat.GradleJvmSupportMatrix$Companion.getInstance(GradleJvmSupportMatrix.kt:224)
	at org.jetbrains.plugins.gradle.jvmcompat.GradleCompatibilitySupportUpdater.<init>(GradleCompatibilitySupportUpdater.kt:14)
	at com.intellij.platform.instanceContainer.instantiation.InstantiateKt$instantiate$2.invoke(instantiate.kt:45)
	at com.intellij.platform.instanceContainer.instantiation.InstantiateKt$instantiate$2.invoke(instantiate.kt:42)
	at com.intellij.platform.instanceContainer.instantiation.InstantiateKt.instantiate(instantiate.kt:308)
	at com.intellij.platform.instanceContainer.instantiation.InstantiateKt.instantiate(instantiate.kt:42)
	at com.intellij.serviceContainer.ServiceInstanceInitializer.createInstance$suspendImpl(ServiceInstanceInitializer.kt:31)
	at com.intellij.serviceContainer.ServiceInstanceInitializer.createInstance(ServiceInstanceInitializer.kt)
	at com.intellij.platform.instanceContainer.internal.LazyInstanceHolder$initialize$1$1.invokeSuspend(LazyInstanceHolder.kt:162)
	at com.intellij.platform.instanceContainer.internal.LazyInstanceHolder$initialize$1$1.invoke(LazyInstanceHolder.kt)
	at com.intellij.platform.instanceContainer.internal.LazyInstanceHolder$initialize$1$1.invoke(LazyInstanceHolder.kt)
	at kotlinx.coroutines.intrinsics.UndispatchedKt.startUndispatchedOrReturn(Undispatched.kt:78)
	at kotlinx.coroutines.BuildersKt__Builders_commonKt.withContext(Builders.common.kt:167)
	at kotlinx.coroutines.BuildersKt.withContext(Unknown Source)
	at com.intellij.platform.instanceContainer.internal.LazyInstanceHolder$initialize$1.invokeSuspend(LazyInstanceHolder.kt:160)
	at com.intellij.platform.instanceContainer.internal.LazyInstanceHolder$initialize$1.invoke(LazyInstanceHolder.kt)
	at com.intellij.platform.instanceContainer.internal.LazyInstanceHolder$initialize$1.invoke(LazyInstanceHolder.kt)
	at kotlinx.coroutines.intrinsics.UndispatchedKt.startCoroutineUndispatched(Undispatched.kt:44)
	at kotlinx.coroutines.CoroutineStart.invoke(CoroutineStart.kt:112)
	at kotlinx.coroutines.AbstractCoroutine.start(AbstractCoroutine.kt:126)
	at kotlinx.coroutines.BuildersKt__Builders_commonKt.launch(Builders.common.kt:56)
	at kotlinx.coroutines.BuildersKt.launch(Unknown Source)
	at com.intellij.platform.instanceContainer.internal.LazyInstanceHolder.initialize(LazyInstanceHolder.kt:145)
	at com.intellij.platform.instanceContainer.internal.LazyInstanceHolder.access$initialize(LazyInstanceHolder.kt:13)
	at com.intellij.platform.instanceContainer.internal.LazyInstanceHolder.tryInitialize(LazyInstanceHolder.kt:135)
	at com.intellij.platform.instanceContainer.internal.LazyInstanceHolder.getInstance(LazyInstanceHolder.kt:95)
	at com.intellij.platform.instanceContainer.internal.LazyInstanceHolder.getInstance$suspendImpl(LazyInstanceHolder.kt:83)
	at com.intellij.platform.instanceContainer.internal.LazyInstanceHolder.getInstance(LazyInstanceHolder.kt)
	at com.intellij.platform.instanceContainer.internal.InstanceContainerImpl.instance(InstanceContainerImpl.kt:68)
	at com.intellij.serviceContainer.ComponentManagerImpl.getServiceAsync(ComponentManagerImpl.kt:702)
	at org.jetbrains.plugins.gradle.service.project.GradleVersionUpdateStartupActivity.execute(GradleVersionUpdateStartupActivity.kt:26)
	at com.intellij.ide.startup.impl.StartupManagerImplKt$launchActivity$1.invokeSuspend(StartupManagerImpl.kt:473)
	at kotlin.coroutines.jvm.internal.BaseContinuationImpl.resumeWith(ContinuationImpl.kt:33)
	at kotlinx.coroutines.DispatchedTask.run(DispatchedTask.kt:108)
	at kotlinx.coroutines.scheduling.CoroutineScheduler.runSafely(CoroutineScheduler.kt:584)
	at kotlinx.coroutines.scheduling.CoroutineScheduler$Worker.executeTask(CoroutineScheduler.kt:793)
	at kotlinx.coroutines.scheduling.CoroutineScheduler$Worker.runWorker(CoroutineScheduler.kt:697)
	at kotlinx.coroutines.scheduling.CoroutineScheduler$Worker.run(CoroutineScheduler.kt:684)
Caused by: java.lang.IllegalArgumentException: 25
	at com.intellij.util.lang.JavaVersion.parse(JavaVersion.java:307)
	at org.jetbrains.plugins.gradle.jvmcompat.GradleJvmSupportMatrix$getCompatibilityRanges$1$javaRange$1.invoke(GradleJvmSupportMatrix.kt:44)
	at org.jetbrains.plugins.gradle.jvmcompat.GradleJvmSupportMatrix$getCompatibilityRanges$1$javaRange$1.invoke(GradleJvmSupportMatrix.kt:44)
	at org.jetbrains.plugins.gradle.jvmcompat.IdeVersionedDataParser$Companion.parseVersion(IdeVersionedDataParser.kt:21)
	at org.jetbrains.plugins.gradle.jvmcompat.IdeVersionedDataParser$Companion.parseRange(IdeVersionedDataParser.kt:31)
	at org.jetbrains.plugins.gradle.jvmcompat.GradleJvmSupportMatrix.getCompatibilityRanges(GradleJvmSupportMatrix.kt:44)
	at org.jetbrains.plugins.gradle.jvmcompat.GradleJvmSupportMatrix.applyState(GradleJvmSupportMatrix.kt:28)
	at org.jetbrains.plugins.gradle.jvmcompat.GradleJvmSupportMatrix.onStateChanged(GradleJvmSupportMatrix.kt:50)
	at org.jetbrains.plugins.gradle.jvmcompat.GradleJvmSupportMatrix.onStateChanged(GradleJvmSupportMatrix.kt:13)
	at org.jetbrains.plugins.gradle.jvmcompat.IdeVersionedDataStorage.loadState(IdeVersionedDataStorage.kt:38)
	at org.jetbrains.plugins.gradle.jvmcompat.IdeVersionedDataStorage.loadState(IdeVersionedDataStorage.kt:7)
	at com.intellij.configurationStore.ComponentStoreImpl.doInitComponent(ComponentStoreImpl.kt:587)
	at com.intellij.configurationStore.ComponentStoreImpl.initComponent(ComponentStoreImpl.kt:487)
	at com.intellij.configurationStore.ComponentStoreImpl.initComponent(ComponentStoreImpl.kt:156)
	... 76 more
2026-08-21 00:37:53,142 [  10276] SEVERE - #c.i.c.ComponentStoreImpl - IntelliJ IDEA 2024.1  Build #IC-241.14494.240
2026-08-21 00:37:53,143 [  10277] SEVERE - #c.i.c.ComponentStoreImpl - JDK: 17.0.10; VM: OpenJDK 64-Bit Server VM; Vendor: JetBrains s.r.o.
2026-08-21 00:37:53,144 [  10278] SEVERE - #c.i.c.ComponentStoreImpl - OS: Linux
2026-08-21 00:37:53,144 [  10278] SEVERE - #c.i.c.ComponentStoreImpl - Last Action: 
2026-08-21 00:37:53,231 [  10365]   INFO - #c.i.o.p.SmartModeScheduler - Post-startup activity executed. Current mode: 5
2026-08-21 00:37:53,257 [  10391]   INFO - #c.i.i.s.IdeStartupScripts - 0 startup script(s) found
2026-08-21 00:37:53,268 [  10402]   INFO - #c.i.d.PerformanceWatcherImpl - Post-startup activities under progress took 367ms; general responsiveness: ok; EDT responsiveness: ok
2026-08-21 00:37:53,910 [  11044]   INFO - #c.i.c.CompilerWorkspaceConfiguration - Available processors: 8
2026-08-21 00:37:56,144 [  13278]   INFO - #c.i.u.i.UnindexedFilesScanner - Scanning completed for teste. Number of scanned files: 42584; number of files for indexing: 0 took 5836ms; general responsiveness: 2/11 sluggish, 8/11 very slow; EDT responsiveness: 1/3 sluggish
2026-08-21 00:37:56,146 [  13280]   INFO - #c.i.o.p.InitialVfsRefreshService - 2473fa2c: marking roots for initial VFS refresh
2026-08-21 00:37:56,146 [  13280]   INFO - #c.i.u.i.PerProjectIndexingQueue - Finished for teste. No files to index with loading content.
2026-08-21 00:37:56,149 [  13283]   INFO - #c.i.o.p.InitialVfsRefreshService - 2473fa2c: starting initial VFS refresh of 4 roots
2026-08-21 00:37:56,153 [  13287]   INFO - #c.i.o.p.MergingQueueGuiExecutor - Task finished: UnindexedFilesScanner[teste]
2026-08-21 00:37:56,172 [  13306]   INFO - #c.i.o.p.InitialVfsRefreshService - 2473fa2c: initial VFS refresh finished in 21 ms
2026-08-21 00:37:56,923 [  14057]   INFO - #c.i.w.i.i.j.s.JpsGlobalModelSynchronizerImpl - Loading global entities com.intellij.platform.workspace.jps.entities.SdkEntity from files
2026-08-21 00:37:56,943 [  14077]   INFO - #c.i.w.i.i.j.s.JpsGlobalModelSynchronizerImpl - Loading global entities com.intellij.platform.workspace.jps.entities.LibraryEntity from files
2026-08-21 00:37:56,961 [  14095]   INFO - #c.i.w.i.i.EntitiesOrphanageImpl - Update orphanage. 0 modules added
2026-08-21 00:37:56,964 [  14098]   INFO - #c.i.w.i.i.WorkspaceModelImpl - Project model updated to version 3 in 6 ms: Sync global entities with project: teste
2026-08-21 00:37:56,965 [  14099]   INFO - #c.i.w.i.i.GlobalWorkspaceModel - Global model updated to version 2 in 18 ms: Sync global entities with state
2026-08-21 00:37:58,317 [  15451]   INFO - #o.j.j.b.i.CompilerReferenceIndex - backward reference index version doesn't exist
2026-08-21 00:37:58,325 [  15459]   INFO - #c.i.c.b.IsUpToDateCheckStartupActivity - suitable consumer is not found
2026-08-21 00:37:58,366 [  15500]   INFO - #c.i.w.i.i.GlobalWorkspaceModel - Sync global entities with mutable entity storage
2026-08-21 00:37:58,375 [  15509]   INFO - #c.i.w.i.i.j.s.JpsProjectModelSynchronizer - Attempt 1: Apply JPS storage (iml files)
2026-08-21 00:37:58,388 [  15522]   INFO - #c.i.w.i.i.EntitiesOrphanageImpl - Update orphanage. 0 modules added
2026-08-21 00:37:58,392 [  15526]   INFO - #c.i.w.i.i.j.s.JpsProjectModelSynchronizer - Attempt 1: Changes were successfully applied
2026-08-21 00:37:58,395 [  15529]   INFO - #c.i.w.i.i.j.s.DelayedProjectSynchronizer$Util - Workspace model loaded from cache. Syncing real project state into workspace model in 118 ms. Thread[DefaultDispatcher-worker-10 @run activity#4589,5,main]
2026-08-21 00:38:07,421 [  24555]   INFO - #c.i.w.i.i.j.s.JpsGlobalModelSynchronizerImpl - Saving global entities com.intellij.platform.workspace.jps.entities.SdkEntity to files
2026-08-21 00:38:07,436 [  24570]   INFO - #c.i.w.i.i.j.s.JpsGlobalModelSynchronizerImpl - Saving global entities com.intellij.platform.workspace.jps.entities.LibraryEntity to files
2026-08-21 00:38:08,019 [  25153]   INFO - #c.i.c.ComponentStoreImpl - Saving appFileTypeManager took 13 ms
2026-08-21 00:38:08,381 [  25515]   WARN - #c.i.u.x.Binding - No accessors for org.jetbrains.kotlin.cli.common.arguments.InternalArgument. This means that state class cannot be serialized properly. Please see https://jb.gg/ij-psoc
2026-08-21 00:38:08,427 [  25561]   INFO - #c.i.c.ComponentStoreImpl - Saving Project(name=teste, containerState=COMPONENT_CREATED, componentStore=/home/lucasalmeida/IdeaProjects/teste)DynamicElementsStorage took 20 ms, RunManager took 27 ms
2026-08-21 00:38:08,428 [  25562]   INFO - #c.i.o.c.i.s.StoreUtil - saveProjectsAndApp took 1019 ms
2026-08-21 00:38:10,783 [  27917]   INFO - #c.i.w.i.i.j.s.JpsGlobalModelSynchronizerImpl - Saving global entities com.intellij.platform.workspace.jps.entities.SdkEntity to files
2026-08-21 00:38:10,786 [  27920]   INFO - #c.i.w.i.i.j.s.JpsGlobalModelSynchronizerImpl - Saving global entities com.intellij.platform.workspace.jps.entities.LibraryEntity to files
2026-08-21 00:38:28,351 [  45485]   INFO - #c.j.r.p.c.CodeWithMeCleanup - running activity to cleanup old thin clients... Root path is '/home/lucasalmeida/.cache/JetBrains'. JvmStartTimeMs=1787283462198
2026-08-21 00:38:28,353 [  45487]   INFO - #c.j.r.p.c.CodeWithMeCleanup - found 0 Code With Me client system folders to check
2026-08-21 00:38:28,354 [  45488]   INFO - #c.j.r.p.c.CodeWithMeCleanup - found 0 Code With Me client config folders to check
2026-08-21 00:38:28,356 [  45490]   INFO - #c.j.r.p.c.CodeWithMeCleanup - keep only [] major versions
2026-08-21 00:38:28,357 [  45491]   INFO - #c.j.r.p.c.CodeWithMeCleanup - Starting the logs folder cleanup. Path: /home/lucasalmeida/Developer/DockerRunner/.intellijPlatform/sandbox/DockerRunner/IC-2024.1/log
2026-08-21 00:38:28,359 [  45493]   INFO - #c.i.r.OsRegistryConfigProvider - Looking for 'versionManagementEnabled' value in [/etc/xdg/JetBrains/JetBrainsClient/versionManagementEnabled, /etc/xdg/JetBrains/JetBrainsClient/config.json, /home/lucasalmeida/.config/JetBrains/JetBrainsClient/versionManagementEnabled, /home/lucasalmeida/.config/JetBrains/JetBrainsClient/config.json, /home/lucasalmeida/.config/kdedefaults/JetBrains/JetBrainsClient/versionManagementEnabled, /home/lucasalmeida/.config/kdedefaults/JetBrains/JetBrainsClient/config.json, /etc/xdg/JetBrains/JetBrainsClient/versionManagementEnabled, /etc/xdg/JetBrains/JetBrainsClient/config.json, /usr/share/kde-settings/kde-profile/default/xdg/JetBrains/JetBrainsClient/versionManagementEnabled, /usr/share/kde-settings/kde-profile/default/xdg/JetBrains/JetBrainsClient/config.json]
2026-08-21 00:38:28,359 [  45493]   INFO - #c.i.r.OsRegistryConfigProvider - OS provided value for 'versionManagementEnabled' is not found
2026-08-21 00:38:43,991 [  61125]   WARN - #c.i.u.x.Binding - No accessors for com.intellij.platform.feedback.impl.state.DontShowAgainFeedbackState. This means that state class cannot be serialized properly. Please see https://jb.gg/ij-psoc
2026-08-21 00:38:43,992 [  61126]   WARN - #c.i.u.x.Binding - No accessors for com.intellij.platform.feedback.impl.state.CommonFeedbackSurveysState. This means that state class cannot be serialized properly. Please see https://jb.gg/ij-psoc
2026-08-21 00:38:50,295 [  67429]   INFO - #c.i.u.g.s.GistStorageImpl - Cleaning old huge-gists dirs from [/home/lucasalmeida/Developer/DockerRunner/.intellijPlatform/sandbox/DockerRunner/IC-2024.1/system/caches/huge-gists] ...
2026-08-21 00:38:50,297 [  67431]   INFO - #c.i.u.g.s.GistStorageImpl - Cleaning old huge-gists dirs finished
2026-08-21 00:39:23,318 [ 100452]   WARN - #c.i.o.v.i.l.NativeFileWatcherImpl - Watcher terminated with exit code 143
2026-08-21 00:39:23,325 [ 100459]   INFO - #c.i.u.i.FileBasedIndexImpl - Index dispose started
2026-08-21 00:39:23,403 [ 100537]   INFO - #c.i.p.s.StubIndexImpl - StubIndexExtension-s were unloaded
2026-08-21 00:39:23,403 [ 100537]   INFO - #c.i.p.s.SerializationManagerImpl - Start shutting down /home/lucasalmeida/Developer/DockerRunner/.intellijPlatform/sandbox/DockerRunner/IC-2024.1/system/index/rep.names
2026-08-21 00:39:23,404 [ 100538]   INFO - #c.i.p.s.SerializationManagerImpl - Finished shutting down /home/lucasalmeida/Developer/DockerRunner/.intellijPlatform/sandbox/DockerRunner/IC-2024.1/system/index/rep.names
2026-08-21 00:39:23,409 [ 100543]   INFO - #c.i.u.i.FileBasedIndexImpl - Index dispose completed in 84ms.
2026-08-21 00:39:23,412 [ 100546]   INFO - #c.i.o.v.n.p.PersistentFSImpl - VFS dispose started
2026-08-21 00:39:23,414 [ 100548]   INFO - #c.i.o.v.n.p.FSRecordsImpl - VFS closing
2026-08-21 00:39:23,418 [ 100552]   INFO - #c.i.o.v.n.p.PersistentFSImpl - VFS dispose completed in 5 ms.
2026-08-21 00:39:23,450 [ 100584]   INFO - #c.i.p.i.b.AppStarter - ------------------------------------------------------ IDE SHUTDOWN ------------------------------------------------------
2026-08-21 00:39:26,642 [     66]   INFO - #c.i.p.i.b.AppStarter - ------------------------------------------------------ IDE STARTED ------------------------------------------------------
2026-08-21 00:39:26,678 [    102]   INFO - #c.i.i.p.PluginManager - Plugin PluginDescriptor(name=Groovy, id=org.intellij.groovy, descriptorPath=plugin.xml, path=~/.gradle/caches/9.6.0/transforms/bea1b87427568a068e547fc0eae09392/transformed/ideaIC-2024.1/plugins/Groovy, version=241.14494.240, package=org.jetbrains.plugins.groovy, isBundled=true) misses optional descriptor duplicates-groovy.xml
2026-08-21 00:39:26,683 [    107]   INFO - #c.i.i.p.PluginManager - Plugin PluginDescriptor(name=Groovy, id=org.intellij.groovy, descriptorPath=plugin.xml, path=~/.gradle/caches/9.6.0/transforms/bea1b87427568a068e547fc0eae09392/transformed/ideaIC-2024.1/plugins/Groovy, version=241.14494.240, package=org.jetbrains.plugins.groovy, isBundled=true) misses optional descriptor duplicates-detection-groovy.xml
2026-08-21 00:39:26,735 [    159]   INFO - #c.i.u.i.PageCacheUtils - File page caching params:
2026-08-21 00:39:26,740 [    164]   INFO - #c.i.u.i.PageCacheUtils - 	DEFAULT_PAGE_SIZE: 10485760
2026-08-21 00:39:26,741 [    165]   INFO - #c.i.u.i.PageCacheUtils - 	Direct memory to use, max: 2126512128
2026-08-21 00:39:26,742 [    166]   INFO - #c.i.u.i.PageCacheUtils - 	FilePageCache: regular + lock-free (LOCK_FREE_PAGE_CACHE_ENABLED:true)
2026-08-21 00:39:26,746 [    170]   INFO - #c.i.i.p.PluginManager - Using cached broken plugins file
2026-08-21 00:39:26,747 [    171]   INFO - #c.i.u.i.PageCacheUtils - 	NEW_PAGE_CACHE_MEMORY_FRACTION: 0.20000000298023224
2026-08-21 00:39:26,748 [    172]   INFO - #c.i.u.i.PageCacheUtils - 	Regular FilePageCache: 503316478 bytes
2026-08-21 00:39:26,749 [    173]   INFO - #c.i.p.i.b.AppStarter - JNA library (64-bit) loaded in 55 ms
2026-08-21 00:39:26,752 [    176]   INFO - #c.i.u.i.PageCacheUtils - 	New     FilePageCache: 125829122 bytes (+ up to 10.0% overflow)
2026-08-21 00:39:26,755 [    179]   INFO - #c.i.u.i.PageCacheUtils - 	DirectByteBuffers pool: 104857600 bytes
2026-08-21 00:39:26,764 [    188]   INFO - #c.i.p.i.b.AppStarter - IDE: IntelliJ IDEA (build #IC-241.14494.240, Thu, 28 Mar 2024 05:12:00 GMT)
2026-08-21 00:39:26,765 [    189]   INFO - #c.i.p.i.b.AppStarter - OS: Linux (7.1.8-200.fc44.x86_64)
2026-08-21 00:39:26,767 [    191]   INFO - #c.i.p.i.b.AppStarter - JRE: 17.0.10+8-b1207.12, amd64 (JetBrains s.r.o.)
2026-08-21 00:39:26,768 [    192]   INFO - #c.i.p.i.b.AppStarter - JVM: 17.0.10+8-b1207.12 (OpenJDK 64-Bit Server VM)
2026-08-21 00:39:26,775 [    199]   INFO - #c.i.p.i.b.AppStarter - PID: 86498
2026-08-21 00:39:26,776 [    200]   INFO - #c.i.p.i.b.AppStarter - desktop: KDE
2026-08-21 00:39:26,836 [    260]   INFO - #c.i.p.i.b.AppStarter - toolkit: sun.awt.X11.XToolkit
2026-08-21 00:39:26,862 [    286]   INFO - #c.i.p.i.b.AppStarter - JVM options: [-Daether.connector.resumeDownloads=false, -Dawt.lock.fair=true, -Dide.native.launcher=false, -Dide.no.platform.update=false, -Dide.show.tips.on.startup.default.value=false, -Didea.auto.reload.plugins=true, -Didea.classpath.index.enabled=false, -Didea.config.path=/home/lucasalmeida/Developer/DockerRunner/.intellijPlatform/sandbox/DockerRunner/IC-2024.1/config, -Didea.is.internal=true, -Didea.log.path=/home/lucasalmeida/Developer/DockerRunner/.intellijPlatform/sandbox/DockerRunner/IC-2024.1/log, -Didea.paths.selector=IdeaIC2024.1, -Didea.platform.prefix=Idea, -Didea.plugin.in.sandbox.mode=true, -Didea.plugins.path=/home/lucasalmeida/Developer/DockerRunner/.intellijPlatform/sandbox/DockerRunner/IC-2024.1/plugins, -Didea.required.plugins.id=com.olezelelabs.dockerrunner, -Didea.reset.classpath.from.manifest=true, -Didea.system.path=/home/lucasalmeida/Developer/DockerRunner/.intellijPlatform/sandbox/DockerRunner/IC-2024.1/system, -Didea.vendor.name=JetBrains, -Dintellij.console.log.level=warning, -Dintellij.platform.runtime.repository.path=/home/lucasalmeida/.gradle/caches/9.6.0/transforms/bea1b87427568a068e547fc0eae09392/transformed/ideaIC-2024.1/modules/module-descriptors.jar, -Djava.system.class.loader=com.intellij.util.lang.PathClassLoader, -Djbr.catch.SIGABRT=true, -Djdk.attach.allowAttachSelf=true, -Djdk.http.auth.tunneling.disabledSchemes="", -Djdk.module.illegalAccess.silent=true, -Djna.boot.library.path=/home/lucasalmeida/.gradle/caches/9.6.0/transforms/bea1b87427568a068e547fc0eae09392/transformed/ideaIC-2024.1/lib/jna/amd64, -Djna.noclasspath=true, -Djna.nosys=true, -Dplugin.path=/home/lucasalmeida/Developer/DockerRunner/.intellijPlatform/sandbox/DockerRunner/IC-2024.1/plugins/DockerRunner, -Dpty4j.preferred.native.folder=/home/lucasalmeida/.gradle/caches/9.6.0/transforms/bea1b87427568a068e547fc0eae09392/transformed/ideaIC-2024.1/lib/pty4j, -Dsplash=true, -Dsun.awt.disablegrab=true, -Dsun.io.useCanonCaches=false, -Dsun.java2d.metal=true, -Dsun.tools.attach.tmp.only=true, -XX:+HeapDumpOnOutOfMemoryError, -XX:-OmitStackTraceInFastThrow, -XX:+IgnoreUnrecognizedVMOptions, -XX:CICompilerCount=2, -XX:ReservedCodeCacheSize=512m, -XX:CompileCommand=exclude,com/intellij/openapi/vfs/impl/FilePartNodeRoot,trieDescend, -XX:SoftRefLRUPolicyMSPerMB=50, --add-opens=java.base/java.io=ALL-UNNAMED, --add-opens=java.base/java.lang=ALL-UNNAMED, --add-opens=java.base/java.lang.ref=ALL-UNNAMED, --add-opens=java.base/java.lang.reflect=ALL-UNNAMED, --add-opens=java.base/java.net=ALL-UNNAMED, --add-opens=java.base/java.nio=ALL-UNNAMED, --add-opens=java.base/java.nio.charset=ALL-UNNAMED, --add-opens=java.base/java.text=ALL-UNNAMED, --add-opens=java.base/java.time=ALL-UNNAMED, --add-opens=java.base/java.util=ALL-UNNAMED, --add-opens=java.base/java.util.concurrent=ALL-UNNAMED, --add-opens=java.base/java.util.concurrent.atomic=ALL-UNNAMED, --add-opens=java.base/java.util.concurrent.locks=ALL-UNNAMED, --add-opens=java.base/jdk.internal.vm=ALL-UNNAMED, --add-opens=java.base/sun.nio.ch=ALL-UNNAMED, --add-opens=java.base/sun.nio.fs=ALL-UNNAMED, --add-opens=java.base/sun.security.ssl=ALL-UNNAMED, --add-opens=java.base/sun.security.util=ALL-UNNAMED, --add-opens=java.base/sun.net.dns=ALL-UNNAMED, --add-opens=java.desktop/com.sun.java.swing.plaf.gtk=ALL-UNNAMED, --add-opens=java.desktop/java.awt=ALL-UNNAMED, --add-opens=java.desktop/java.awt.dnd.peer=ALL-UNNAMED, --add-opens=java.desktop/java.awt.event=ALL-UNNAMED, --add-opens=java.desktop/java.awt.image=ALL-UNNAMED, --add-opens=java.desktop/java.awt.peer=ALL-UNNAMED, --add-opens=java.desktop/java.awt.font=ALL-UNNAMED, --add-opens=java.desktop/javax.swing=ALL-UNNAMED, --add-opens=java.desktop/javax.swing.plaf.basic=ALL-UNNAMED, --add-opens=java.desktop/javax.swing.text=ALL-UNNAMED, --add-opens=java.desktop/javax.swing.text.html=ALL-UNNAMED, --add-opens=java.desktop/sun.awt.X11=ALL-UNNAMED, --add-opens=java.desktop/sun.awt.datatransfer=ALL-UNNAMED, --add-opens=java.desktop/sun.awt.image=ALL-UNNAMED, --add-opens=java.desktop/sun.awt=ALL-UNNAMED, --add-opens=java.desktop/sun.font=ALL-UNNAMED, --add-opens=java.desktop/sun.java2d=ALL-UNNAMED, --add-opens=java.desktop/sun.swing=ALL-UNNAMED, --add-opens=java.desktop/com.sun.java.swing=ALL-UNNAMED, --add-opens=jdk.attach/sun.tools.attach=ALL-UNNAMED, --add-opens=jdk.compiler/com.sun.tools.javac.api=ALL-UNNAMED, --add-opens=jdk.internal.jvmstat/sun.jvmstat.monitor=ALL-UNNAMED, --add-opens=jdk.jdi/com.sun.tools.jdi=ALL-UNNAMED, -javaagent:/home/lucasalmeida/Developer/DockerRunner/.intellijPlatform/coroutines-javaagent-legacy.jar, -Xms128m, -Xmx2048m, -Dfile.encoding=UTF-8, -Duser.country=BR, -Duser.language=pt, -Duser.variant, -ea]
2026-08-21 00:39:26,863 [    287]   INFO - #c.i.p.i.b.AppStarter - args: 
2026-08-21 00:39:26,864 [    288]   INFO - #c.i.p.i.b.AppStarter - library path: /usr/java/packages/lib:/usr/lib64:/lib64:/lib:/usr/lib
2026-08-21 00:39:26,865 [    289]   INFO - #c.i.p.i.b.AppStarter - boot library path: /home/lucasalmeida/.gradle/caches/9.6.0/transforms/bea1b87427568a068e547fc0eae09392/transformed/ideaIC-2024.1/jbr/lib
2026-08-21 00:39:26,866 [    290]   INFO - #c.i.i.p.PluginManager - PluginDescriptor(name=Docker Runner, id=com.olezelelabs.dockerrunner, descriptorPath=plugin.xml, path=~/Developer/DockerRunner/.intellijPlatform/sandbox/DockerRunner/IC-2024.1/plugins/DockerRunner, version=1.0-SNAPSHOT, package=null, isBundled=false) overrides PluginDescriptor(name=Docker Runner, id=com.olezelelabs.dockerrunner, descriptorPath=plugin.xml, path=~/Developer/DockerRunner/.intellijPlatform/sandbox/DockerRunner/IC-2024.1/plugins/DockerRunner, version=1.0-SNAPSHOT, package=null, isBundled=false)
2026-08-21 00:39:26,889 [    313]   INFO - #c.i.p.i.b.AppStarter - locale=pt_BR JNU=UTF-8 file.encoding=UTF-8
    idea.config.path=/home/lucasalmeida/Developer/DockerRunner/.intellijPlatform/sandbox/DockerRunner/IC-2024.1/config
    idea.system.path=/home/lucasalmeida/Developer/DockerRunner/.intellijPlatform/sandbox/DockerRunner/IC-2024.1/system
    idea.plugins.path=/home/lucasalmeida/Developer/DockerRunner/.intellijPlatform/sandbox/DockerRunner/IC-2024.1/plugins
    idea.log.path=/home/lucasalmeida/Developer/DockerRunner/.intellijPlatform/sandbox/DockerRunner/IC-2024.1/log
2026-08-21 00:39:26,897 [    321]   INFO - #c.i.p.i.b.AppStarter - CPU cores: 8; ForkJoinPool.commonPool: java.util.concurrent.ForkJoinPool@bae6689[Running, parallelism = 7, size = 0, active = 0, running = 0, steals = 0, tasks = 0, submissions = 0]; factory: com.intellij.concurrency.IdeaForkJoinWorkerThreadFactory@29cce3c3
2026-08-21 00:39:26,927 [    351]   INFO - #c.i.i.p.PluginManager - Module intellij.sh.python is not enabled because dependency intellij.python.community.impl is not available
Module intellij.groovy/ant is not enabled because dependency AntSupport is not available
Module intellij.qodana.jvm.swagger is not enabled because dependency com.intellij.swagger is not available
Module intellij.qodana.python is not enabled because dependency intellij.python is not available
Module intellij.qodana.php is not enabled because dependency com.jetbrains.php is not available
Module intellij.qodana.js is not enabled because dependency JavaScript is not available
Module intellij.qodana.inspectionKts.js is not enabled because dependency JavaScript is not available
Module intellij.qodana.go is not enabled because dependency intellij.go.coverage is not available
Module intellij.cwm.plugin.elevation is not enabled because dependency intellij.execution.process.elevation is not available
Module intellij.packageChecker.php is not enabled because dependency com.jetbrains.php is not available
Module intellij.packageChecker.python is not enabled because dependency intellij.python.community.impl is not available
Module intellij.packageChecker.javascript is not enabled because dependency JavaScript is not available
Module intellij.packageChecker.go is not enabled because dependency org.jetbrains.plugins.go is not available
2026-08-21 00:39:26,973 [    397]   INFO - #c.i.i.p.PluginManager - Loaded bundled plugins: IDEA CORE (241.14494.240), TextMate Bundles (241.14494.240), Images (241.14494.240), Copyright (241.14494.240), Emoji Picker (241.14494.240), EditorConfig (241.14494.240), IDE Services / Provisioner API (241.14494.240), Machine Learning in Search Everywhere (241.14494.240), YAML (241.14494.240), JetBrains maven model api classes (241.14494.240), JetBrains Repository Search (241.14494.240), Maven server api classes (241.14494.240), Markdown (241.14494.240), Terminal (241.14494.240), Mercurial (241.14494.240), Properties (241.14494.240), Gradle (241.14494.240), NetBeans Keymap (241.14494.240), JetBrains Marketplace Licensing (241.14494.240), com.intellij.dev (241.14494.240), Remote Execution Agent (241.14494.240), Shell Script (241.14494.240), HTML Tools (241.14494.240), Visual Studio Keymap (241.14494.240), Machine Learning Code Completion (241.14494.240), Toml (241.14494.240), WebP Support (241.14494.240), Performance Testing (241.14494.240), Grazie Lite (241.14494.240), Eclipse Keymap (241.14494.240), Perforce Helix Core (241.14494.240), GitLab (241.14494.240), IDE Features Trainer (241.14494.240), Java (241.14494.240), com.intellij.tracing.ide (241.14494.240), Java Bytecode Decompiler (241.14494.240), Java Stream Debugger (241.14494.240), Task Management (241.14494.240), GitHub (241.14494.240), JUnit (241.14494.240), Eclipse Interoperability (241.14494.240), IntelliLang (241.14494.240), Groovy (241.14494.240), JavaFX (241.14494.240), Turbo Complete (241.14494.240), Kotlin (241.14494.240-IJ), Gradle DSL API (241.14494.240), Java Internationalization (241.14494.240), UI Designer (241.14494.240), Bytecode Viewer (241.14494.240), Maven (241.14494.240), TestNG (241.14494.240), Code Coverage for Java (241.14494.240), Gradle-Java (241.14494.240), Gradle-Java-Analysis (241.14494.240), Gradle-Maven (241.14494.240), Java IDE Customization (241.14494.240), Settings Sync (241.14494.240), Git (241.14494.240), Qodana (241.14494.240), Configuration Script (241.14494.240), Shared Indexes (241.14494.240), Code With Me (241.14494.240), Subversion (241.14494.240), Package Checker (241.14494.240), Gradle Dependency Updater Implementation (241.14494.240), Async Profiler for IDE Performance Testing (241.14494.240)
2026-08-21 00:39:26,987 [    411]   INFO - #c.i.i.p.PluginManager - Loaded custom plugins: Docker Runner (1.0-SNAPSHOT)
2026-08-21 00:39:27,219 [    643]   INFO - c.i.p.i.IdeFingerprint - Calculated dependencies fingerprint in 48 ms (hash=20ly3vej1ufpa, buildTime=1711602720, appVersion=IC-241.14494.240)
2026-08-21 00:39:27,416 [    840]   INFO - #c.i.o.v.n.p.FSRecords - VFS health-check enabled: first after 600000 ms, and each following 43200000 ms, wrap in RA: true
2026-08-21 00:39:27,442 [    866]   INFO - #c.i.a.o.PathMacrosImpl - Loaded path macros: {MAVEN_REPOSITORY=/home/lucasalmeida/.m2/repository}
2026-08-21 00:39:27,482 [    906]   INFO - #c.i.o.v.n.p.PersistentFSLoader - VFS uses 'fast' names enumerator (over mmapped file)
2026-08-21 00:39:27,484 [    908]   INFO - #c.i.o.v.n.p.PersistentFSLoader - VFS uses streamlined attributes storage (over mmapped file)
2026-08-21 00:39:27,487 [    911]   INFO - #c.i.o.v.n.p.PersistentFSLoader - VFS uses content storage over memory-mapped file, with compression algo: LZ4[ > 8000b ]
2026-08-21 00:39:27,614 [   1038]   INFO - #c.i.i.p.ExpiredPluginsState - Plugins to skip: []
2026-08-21 00:39:27,648 [   1072]   INFO - #c.i.o.v.n.p.PersistentFSLoader - VFS: impl (expected) version=846397, 96043 file records, 16 content blobs
2026-08-21 00:39:27,772 [   1196]   INFO - #c.i.o.v.n.p.FSRecordsImpl - VFS initialized: 289 ms, 0 failed attempts, 0 error(s) were recovered
2026-08-21 00:39:27,873 [   1297]   INFO - #c.i.o.v.i.l.NativeFileWatcherImpl - Starting file watcher: /home/lucasalmeida/.gradle/caches/9.6.0/transforms/bea1b87427568a068e547fc0eae09392/transformed/ideaIC-2024.1/bin/fsnotifier
2026-08-21 00:39:27,951 [   1375]   INFO - #c.i.o.v.i.l.NativeFileWatcherImpl - Native file watcher is operational.
2026-08-21 00:39:27,980 [   1404]   INFO - #c.i.o.v.n.p.FSRecordsImpl - VFS scanned: file-by-name index was populated
2026-08-21 00:39:28,185 [   1609]   INFO - #c.i.o.a.i.NonBlockingReadActionImpl - OTel monitoring for NonBlockingReadAction is enabled
2026-08-21 00:39:28,215 [   1639]   INFO - #o.j.i.BuiltInServerManager - built-in server started, port 63342
2026-08-21 00:39:28,324 [   1748]   INFO - #c.i.u.n.s.CertificateManager - Default SSL context initialized
2026-08-21 00:39:28,608 [   2032]   INFO - #c.i.p.i.m.GlobalMenuLinux - Start glib main loop in thread: GlobalMenuLinux loop
2026-08-21 00:39:28,620 [   2044]   INFO - #c.i.p.i.m.GlobalMenuLinux - Closed dbus-service 'com.canonical.AppMenu.Registrar'
2026-08-21 00:39:28,804 [   2228]   INFO - #c.i.i.s.p.i.SharedIndexMainZipStorage - Shared Indexes Storage is opened and empty
2026-08-21 00:39:28,810 [   2234]   WARN - #c.i.i.s.p.i.BundledSharedIndexProvider - Bundled shared index is not found at: /home/lucasalmeida/.gradle/caches/9.6.0/transforms/bea1b87427568a068e547fc0eae09392/transformed/ideaIC-2024.1/jdk-shared-indexes
2026-08-21 00:39:28,989 [   2413]   INFO - #c.i.o.a.i.ApplicationImpl - LONG VFS PROCESSING. Topic=BulkFileListener, offender=class com.intellij.history.integration.LocalHistoryEventDispatcher$LocalHistoryBulkFileListener, message=before, time=63ms
2026-08-21 00:39:29,127 [   2551]   INFO - #c.i.u.i.FileBasedIndexImpl - Indices to be built:FilenameIndex(v = 258)
2026-08-21 00:39:29,135 [   2559]   INFO - #c.i.u.i.FileBasedIndexImpl - Using nice flusher for indexes
2026-08-21 00:39:29,146 [   2570]   INFO - #c.i.u.i.IndexDataInitializer - Index data initialization done: 535 ms. Initialized indexes: [FilenameIndex, Trigram.Index, FrameworkDetectionIndex, filetypes, fileIncludes, IdIndex, TodoIndex, DomFileIndex, RelaxSymbolIndex, XmlTagNames, html5.custom.attributes.index, json.file.root.values, SchemaTypeInheritance, yaml.keys.name, XmlNamespaces, editorconfig.index.name, xmlProperties, java.auto.module.name, HtmlTagIdIndex, java.binary.plus.expression, java.source.module.name, javafx.id.name, java.fun.expression, java.null.method.argument, bytecodeAnalysis, JavaFxControllerClassIndex, javafx.custom.component, org.jetbrains.kotlin.idea.vfilefinder.KotlinMetadataFileIndex, org.jetbrains.kotlin.idea.vfilefinder.KotlinJavaScriptMetaFileIndex, org.jetbrains.kotlin.idea.vfilefinder.KotlinPartialPackageNamesIndex, org.jetbrains.kotlin.idea.vfilefinder.KotlinMetadataFilePackageIndex, org.jetbrains.kotlin.idea.vfilefinder.KotlinClassFileIndex, org.jetbrains.kotlin.idea.versions.KotlinJvmMetadataVersionIndex, org.jetbrains.kotlin.idea.versions.KotlinJsMetadataVersionIndex, Stubs, org.jetbrains.kotlin.idea.vfilefinder.KotlinJvmModuleAnnotationsIndex, org.jetbrains.kotlin.idea.vfilefinder.KotlinShortClassNameFileIndex, KotlinPackageSourcesMemberNamesIndex, org.jetbrains.kotlin.idea.vfilefinder.KotlinModuleMappingIndex, org.jetbrains.kotlin.idea.vfilefinder.KotlinStdlibIndex, org.jetbrains.kotlin.idea.vfilefinder.KotlinBuiltInsMetadataIndex, KotlinTopLevelCallableByPackageShortNameIndex, KotlinTopLevelClassLikeDeclarationByPackageShortNameIndex, KotlinBinaryRootToPackageIndex, com.intellij.uiDesigner.FormClassIndex, org.jetbrains.kotlin.idea.vfilefinder.KlibMetaFileIndex].
2026-08-21 00:39:29,427 [   2851]   INFO - #c.i.u.i.IndexDataInitializer - Index data initialization done: 280 ms. Initialized stub indexes: {org.jetbrains.kotlin.idea.stubindex.KotlinScriptFqnIndex, org.jetbrains.kotlin.idea.stubindex.KotlinPropertyShortNameIndex, java.annotations, dom.elementClass, org.jetbrains.kotlin.idea.stubindex.KotlinTopLevelClassByPackageIndex, org.jetbrains.kotlin.idea.stubindex.KotlinTopLevelTypeAliasFqNameIndex, org.jetbrains.kotlin.idea.stubindex.KotlinFullClassNameIndex, org.jetbrains.kotlin.idea.stubindex.KotlinSubclassObjectNameIndex, org.jetbrains.kotlin.idea.stubindex.KotlinInnerTypeAliasClassIdIndex, java.field.name, KotlinTopLevelFunctionByPackageIndex, gr.field.name, java.unnamed.class, java.method.parameter.types, gr.class.super, dom.namespaceKey, properties.index, gr.class.fqn.s, KotlinExtensionsInObjectsByReceiverTypeIndex, java.module.name, org.jetbrains.kotlin.idea.stubindex.KotlinSuperClassIndex, kotlin.primeIndexKey, org.jetbrains.kotlin.idea.stubindex.KotlinTopLevelFunctionFqnNameIndex, jvm.static.member.name, jvm.static.member.type, KotlinProbablyContractedFunctionShortNameIndex, gr.annot.members, markdown.header.anchor, gr.annot.method.name, KotlinTopLevelTypeAliasByPackageIndex, org.jetbrains.kotlin.idea.stubindex.KotlinTypeAliasShortNameIndex, KotlinTypeAliasByExpansionShortNameIndex, java.class.shortname, KotlinProbablyNothingPropertyShortNameIndex, org.jetbrains.kotlin.idea.stubindex.KotlinTopLevelPropertyFqnNameIndex, java.class.extlist, KotlinOverridableInternalMembersShortNameIndex, gr.anonymous.class, org.jetbrains.kotlin.idea.stubindex.KotlinAnnotationsIndex, gr.method.name, java.class.fqn, java.method.name, org.jetbrains.kotlin.idea.stubindex.KotlinFileFacadeFqNameIndex, org.jetbrains.kotlin.idea.stubindex.KotlinFileFacadeShortNameIndex, gr.script.class, KotlinFileFacadeClassByPackageIndex, org.jetbrains.kotlin.idea.stubindex.KotlinExactPackagesIndex, KotlinTopLevelExtensionsByReceiverTypeIndex, java.anonymous.baseref, gr.script.fqn.s, org.jetbrains.kotlin.idea.stubindex.KotlinMultifileClassPartIndex, KotlinTopLevelPropertyByPackageIndex, markdown.header, org.jetbrains.kotlin.idea.stubindex.KotlinFunctionShortNameIndex, org.jetbrains.kotlin.idea.stubindex.KotlinClassShortNameIndex, org.jetbrains.kotlin.idea.stubindex.KotlinJvmNameAnnotationIndex, org.jetbrains.kotlin.idea.stubindex.KotlinFilePartClassIndex, KotlinProbablyNothingFunctionShortNameIndex}.
2026-08-21 00:39:29,531 [   2955]   WARN - #c.i.i.u.l.LafManagerImpl - VersionControl.Log.Commit.rowHeight = null in LookAndFeelThemeAdapter; it may lead to performance degradation
2026-08-21 00:39:29,963 [   3387]   INFO - #c.i.p.i.m.GlobalMenuLinux - created instance of GlobalMenuLinux for frame: com.intellij.openapi.wm.impl.IdeFrameImpl[frame0,0,0,1366x768,invalid,layout=java.awt.BorderLayout,title=,resizable,maximized,defaultCloseOperation=DO_NOTHING_ON_CLOSE,rootPane=com.intellij.openapi.wm.impl.IdeRootPane[,5,25,1356x738,invalid,layout=com.intellij.openapi.wm.impl.IdeRootPane$MyRootLayout,alignmentX=0.0,alignmentY=0.0,border=,flags=449,maximumSize=,minimumSize=,preferredSize=],rootPaneCheckingEnabled=true]
2026-08-21 00:39:30,130 [   3554]   INFO - #c.i.w.i.i.WorkspaceModelImpl - Load workspace model from cache in 327 ms
2026-08-21 00:39:30,247 [   3671]   INFO - #c.i.w.i.i.GlobalWorkspaceModel - Load global workspace model from cache in 35 ms
2026-08-21 00:39:30,362 [   3786]   INFO - #c.i.w.i.i.WorkspaceModelImpl - Project model updated silently to version 1 in 7 ms: Add module mapping
2026-08-21 00:39:30,614 [   4038]   INFO - #c.i.w.i.i.EntitiesOrphanageImpl - Update orphanage. 0 modules added
2026-08-21 00:39:30,632 [   4056]   INFO - #c.i.w.i.i.WorkspaceModelImpl - Project model updated to version 2 in 82 ms: Sync global entities with project: teste
2026-08-21 00:39:30,994 [   4418]   INFO - PerformancePlugin - Performance Plugin is in silent mode
2026-08-21 00:39:31,079 [   4503]   INFO - #c.i.p.c.ProjectCodeStyleSettingsManager - Initialized from default code style settings.
2026-08-21 00:39:31,105 [   4529]   INFO - #c.i.r.OsRegistryConfigProvider - Looking for 'enabled' value in [/etc/xdg/JetBrains/portForwarding/enabled, /etc/xdg/JetBrains/portForwarding/config.json, /home/lucasalmeida/.config/JetBrains/portForwarding/enabled, /home/lucasalmeida/.config/JetBrains/portForwarding/config.json, /home/lucasalmeida/.config/kdedefaults/JetBrains/portForwarding/enabled, /home/lucasalmeida/.config/kdedefaults/JetBrains/portForwarding/config.json, /etc/xdg/JetBrains/portForwarding/enabled, /etc/xdg/JetBrains/portForwarding/config.json, /usr/share/kde-settings/kde-profile/default/xdg/JetBrains/portForwarding/enabled, /usr/share/kde-settings/kde-profile/default/xdg/JetBrains/portForwarding/config.json]
2026-08-21 00:39:31,108 [   4532]   INFO - #c.i.r.OsRegistryConfigProvider - OS provided value for 'enabled' is not found
2026-08-21 00:39:31,314 [   4738]   INFO - #c.j.r.f.FollowMeManager - Register new user (name: 'lucasalmeida', client id: Host)
2026-08-21 00:39:31,773 [   5197]   INFO - #c.i.o.p.MergingQueueGuiExecutor - Running task: (dumb mode task) com.intellij.openapi.project.InitialDumbTaskRequiredForSmartMode@208b7f24
2026-08-21 00:39:31,782 [   5206]   INFO - #c.i.o.p.DumbServiceMergingTaskQueue - Initializing DumbServiceMergingTaskQueue...
2026-08-21 00:39:31,789 [   5213]   INFO - #c.i.o.p.DumbServiceMergingTaskQueue - Running initialization condition: com.intellij.indexing.shared.download.SharedIndexDownloadedCondition@44b059fe
2026-08-21 00:39:31,794 [   5218]   INFO - #c.i.o.p.DumbServiceMergingTaskQueue - Finished: com.intellij.indexing.shared.download.SharedIndexDownloadedCondition@44b059fe
2026-08-21 00:39:31,810 [   5234]   INFO - #c.i.o.p.InitialDumbTaskRequiredForSmartMode - Running task required for smart mode: com.intellij.indexing.shared.platform.impl.OnDiskSharedIndexChunkLocator@69499239
2026-08-21 00:39:31,822 [   5246]   INFO - #c.i.o.p.InitialDumbTaskRequiredForSmartMode - Finished task required for smart mode: com.intellij.indexing.shared.platform.impl.OnDiskSharedIndexChunkLocator@69499239
2026-08-21 00:39:31,823 [   5247]   INFO - #c.i.o.p.InitialDumbTaskRequiredForSmartMode - Running task required for smart mode: com.intellij.util.indexing.ProjectFileBasedIndexStartupActivity@4d3b8d72
2026-08-21 00:39:31,854 [   5278]   INFO - #c.i.u.i.p.IncrementalProjectIndexableFilesFilterHolder - IncrementalProjectIndexableFilesFilterFactory is chosen as indexable files filter factory for project: teste
2026-08-21 00:39:31,905 [   5329]   INFO - #c.i.o.p.InitialDumbTaskRequiredForSmartMode - Finished task required for smart mode: com.intellij.util.indexing.ProjectFileBasedIndexStartupActivity@4d3b8d72
2026-08-21 00:39:31,908 [   5332]   INFO - #c.i.o.p.InitialDumbTaskRequiredForSmartMode - Running task required for smart mode: com.intellij.util.indexing.FileBasedIndexInfrastructureExtensionStartup@72cdfe4b
2026-08-21 00:39:31,917 [   5341]   INFO - #c.i.o.p.InitialDumbTaskRequiredForSmartMode - Finished task required for smart mode: com.intellij.util.indexing.FileBasedIndexInfrastructureExtensionStartup@72cdfe4b
2026-08-21 00:39:31,918 [   5342]   INFO - #c.i.o.p.InitialDumbTaskRequiredForSmartMode - Running task required for smart mode: com.intellij.externalDependencies.impl.CheckRequiredPluginsActivity@41da7275
2026-08-21 00:39:31,929 [   5353]   INFO - #c.i.o.p.InitialDumbTaskRequiredForSmartMode - Finished task required for smart mode: com.intellij.externalDependencies.impl.CheckRequiredPluginsActivity@41da7275
2026-08-21 00:39:31,930 [   5354]   INFO - #c.i.o.p.InitialDumbTaskRequiredForSmartMode - Running task required for smart mode: com.intellij.util.indexing.DumbModeWhileScanningSubscriber@453259d
2026-08-21 00:39:31,949 [   5373]   INFO - #c.i.o.p.InitialDumbTaskRequiredForSmartMode - Finished task required for smart mode: com.intellij.util.indexing.DumbModeWhileScanningSubscriber@453259d
2026-08-21 00:39:31,950 [   5374]   INFO - #c.i.o.p.InitialDumbTaskRequiredForSmartMode - Running task required for smart mode: com.intellij.ide.projectWizard.generators.SdkPreIndexingRequiredForSmartModeActivity@1f32e971
2026-08-21 00:39:31,956 [   5380]   INFO - #c.i.o.p.InitialDumbTaskRequiredForSmartMode - Finished task required for smart mode: com.intellij.ide.projectWizard.generators.SdkPreIndexingRequiredForSmartModeActivity@1f32e971
2026-08-21 00:39:31,957 [   5381]   INFO - #c.i.o.p.MergingQueueGuiExecutor - Task finished: (dumb mode task) com.intellij.openapi.project.InitialDumbTaskRequiredForSmartMode@208b7f24
2026-08-21 00:39:31,959 [   5383]   INFO - #c.i.o.p.MergingQueueGuiExecutor - Running task: (dumb mode task) com.intellij.util.indexing.UnindexedFilesScanner$2@47d309a8
2026-08-21 00:39:31,965 [   5389]   INFO - #c.i.o.p.MergingQueueGuiExecutor - Task finished: (dumb mode task) com.intellij.util.indexing.UnindexedFilesScanner$2@47d309a8
2026-08-21 00:39:32,001 [   5425]   INFO - #c.i.o.p.MergingQueueGuiExecutor - Running task: UnindexedFilesScanner[teste]
2026-08-21 00:39:32,234 [   5658]   INFO - #c.i.o.p.DumbServiceImpl - exit dumb mode [teste]
2026-08-21 00:39:32,590 [   6014]   INFO - #c.i.o.v.n.p.d.e.DurableEnumeratorFactory - [enumerator.mmapped]: .valueHashToId (in memory) was filled (21 records)
2026-08-21 00:39:32,599 [   6023]   INFO - #c.i.u.i.ManagedPersistentCache - created persistent map persistent-markup-teste-2473fa2c with size 2
2026-08-21 00:39:32,599 [   6023]   INFO - #c.i.u.i.ManagedPersistentCache - created persistent map persistent-code-vision-teste-2473fa2c with size 0
2026-08-21 00:39:32,599 [   6023]   INFO - #c.i.u.i.ManagedPersistentCache - created persistent map persistent-folding-teste-2473fa2c with size 1
2026-08-21 00:39:32,609 [   6033]   INFO - #c.i.u.i.ManagedPersistentCache - created persistent map persistent-parameter-hints-teste-2473fa2c with size 0
2026-08-21 00:39:32,611 [   6035]   INFO - #c.i.u.i.ManagedPersistentCache - created persistent map persistent-declarative-hints-teste-2473fa2c with size 0
2026-08-21 00:39:32,628 [   6052]   INFO - #c.i.u.i.UnindexedFilesScanner - Started scanning for indexing of teste. Reason: On project open
2026-08-21 00:39:32,642 [   6066]   INFO - #c.i.u.i.UnindexedFilesScanner - Performing delayed pushing properties tasks for teste took 7ms; general responsiveness: ok; EDT responsiveness: ok
2026-08-21 00:39:32,699 [   6123]   INFO - #c.i.u.i.d.AppIndexingDependenciesService - Invalidating all indexing flags. Reason: App fingerprint changed: FingerprintImpl(fingerprint=-9021875950927689280) to FingerprintImpl(fingerprint=-8889738107052550146)
2026-08-21 00:39:32,751 [   6175]   INFO - #c.i.u.i.UnindexedFilesScanner - Scanning of teste uses 7 scanning threads
2026-08-21 00:39:34,180 [   7604]   INFO - #c.i.o.a.i.ActionUpdater - 860 ms to grab EDT for DockToolWindowAction#presentation@ToolwindowTitle (com.intellij.openapi.wm.impl.DockToolWindowAction)
2026-08-21 00:39:34,181 [   7605]   INFO - #c.i.o.a.i.ActionUpdater - 851 ms to grab EDT for ExpandAllAction#presentation@ToolwindowTitle (com.intellij.ide.actions.ExpandAllAction)
2026-08-21 00:39:34,182 [   7606]   INFO - #c.i.o.a.i.ActionUpdater - 851 ms to grab EDT for CollapseAllAction#presentation@ToolwindowTitle (com.intellij.ide.actions.CollapseAllAction)
2026-08-21 00:39:35,255 [   8679]   INFO - #c.i.o.u.i.UpdateCheckerService - channel: release
2026-08-21 00:39:36,027 [   9451]   WARN - #c.i.o.a.i.ActionUpdater - 1392 ms to call on BGT ExecutorRegistryImpl$ExecutorAction#presentation@NavBarToolbar (com.intellij.execution.ExecutorRegistryImpl$ExecutorAction(id=Run))
2026-08-21 00:39:36,027 [   9451]   WARN - #c.i.o.a.i.ActionUpdater - 1234 ms to call on BGT ExecutorRegistryImpl$ExecutorAction#presentation@NavBarToolbar (com.intellij.execution.ExecutorRegistryImpl$ExecutorAction(id=Debug))
2026-08-21 00:39:36,195 [   9619]   INFO - #c.i.o.e.s.p.m.ExternalProjectsDataStorage - Load external projects data in 2 millis (read time: 2)
2026-08-21 00:39:36,281 [   9705] SEVERE - #c.i.c.ComponentStoreImpl - Cannot init component state (componentName=GradleJvmSupportMatrix, componentClass=GradleJvmSupportMatrix) [Plugin: com.intellij.gradle]
com.intellij.diagnostic.PluginException: Cannot init component state (componentName=GradleJvmSupportMatrix, componentClass=GradleJvmSupportMatrix) [Plugin: com.intellij.gradle]
	at com.intellij.configurationStore.ComponentStoreImpl.initComponent(ComponentStoreImpl.kt:181)
	at com.intellij.configurationStore.ComponentStoreWithExtraComponents.initComponent(ComponentStoreWithExtraComponents.kt:44)
	at com.intellij.serviceContainer.ComponentManagerImpl.initializeService$intellij_platform_serviceContainer(ComponentManagerImpl.kt:659)
	at com.intellij.serviceContainer.ServiceInstanceInitializer.createInstance$suspendImpl(ServiceInstanceInitializer.kt:70)
	at com.intellij.serviceContainer.ServiceInstanceInitializer.createInstance(ServiceInstanceInitializer.kt)
	at com.intellij.platform.instanceContainer.internal.LazyInstanceHolder$initialize$1$1.invokeSuspend(LazyInstanceHolder.kt:162)
	at com.intellij.platform.instanceContainer.internal.LazyInstanceHolder$initialize$1$1.invoke(LazyInstanceHolder.kt)
	at com.intellij.platform.instanceContainer.internal.LazyInstanceHolder$initialize$1$1.invoke(LazyInstanceHolder.kt)
	at kotlinx.coroutines.intrinsics.UndispatchedKt.startUndispatchedOrReturn(Undispatched.kt:78)
	at kotlinx.coroutines.BuildersKt__Builders_commonKt.withContext(Builders.common.kt:167)
	at kotlinx.coroutines.BuildersKt.withContext(Unknown Source)
	at com.intellij.platform.instanceContainer.internal.LazyInstanceHolder$initialize$1.invokeSuspend(LazyInstanceHolder.kt:160)
	at com.intellij.platform.instanceContainer.internal.LazyInstanceHolder$initialize$1.invoke(LazyInstanceHolder.kt)
	at com.intellij.platform.instanceContainer.internal.LazyInstanceHolder$initialize$1.invoke(LazyInstanceHolder.kt)
	at kotlinx.coroutines.intrinsics.UndispatchedKt.startCoroutineUndispatched(Undispatched.kt:44)
	at kotlinx.coroutines.CoroutineStart.invoke(CoroutineStart.kt:112)
	at kotlinx.coroutines.AbstractCoroutine.start(AbstractCoroutine.kt:126)
	at kotlinx.coroutines.BuildersKt__Builders_commonKt.launch(Builders.common.kt:56)
	at kotlinx.coroutines.BuildersKt.launch(Unknown Source)
	at com.intellij.platform.instanceContainer.internal.LazyInstanceHolder.initialize(LazyInstanceHolder.kt:145)
	at com.intellij.platform.instanceContainer.internal.LazyInstanceHolder.access$initialize(LazyInstanceHolder.kt:13)
	at com.intellij.platform.instanceContainer.internal.LazyInstanceHolder.tryInitialize(LazyInstanceHolder.kt:135)
	at com.intellij.platform.instanceContainer.internal.LazyInstanceHolder.getInstance(LazyInstanceHolder.kt:95)
	at com.intellij.platform.instanceContainer.internal.LazyInstanceHolder.getInstanceInCallerContext$suspendImpl(LazyInstanceHolder.kt:87)
	at com.intellij.platform.instanceContainer.internal.LazyInstanceHolder.getInstanceInCallerContext(LazyInstanceHolder.kt)
	at com.intellij.serviceContainer.ComponentManagerImplKt$getOrCreateInstanceBlocking$3.invokeSuspend(ComponentManagerImpl.kt:1548)
	at kotlin.coroutines.jvm.internal.BaseContinuationImpl.resumeWith(ContinuationImpl.kt:33)
	at kotlinx.coroutines.DispatchedTask.run(DispatchedTask.kt:108)
	at kotlinx.coroutines.EventLoopImplBase.processNextEvent(EventLoop.common.kt:280)
	at kotlinx.coroutines.BlockingCoroutine.joinBlocking(Builders.kt:85)
	at kotlinx.coroutines.BuildersKt__BuildersKt.runBlocking(Builders.kt:59)
	at kotlinx.coroutines.BuildersKt.runBlocking(Unknown Source)
	at com.intellij.serviceContainer.ComponentManagerImplKt$runBlockingInitialization$1.invoke(ComponentManagerImpl.kt:1636)
	at com.intellij.serviceContainer.ComponentManagerImplKt$runBlockingInitialization$1.invoke(ComponentManagerImpl.kt:1627)
	at com.intellij.openapi.progress.ContextKt.prepareThreadContext(context.kt:80)
	at com.intellij.serviceContainer.ComponentManagerImplKt.runBlockingInitialization(ComponentManagerImpl.kt:1627)
	at com.intellij.serviceContainer.ComponentManagerImplKt.getOrCreateInstanceBlocking(ComponentManagerImpl.kt:1547)
	at com.intellij.serviceContainer.ComponentManagerImpl.doGetService(ComponentManagerImpl.kt:754)
	at com.intellij.serviceContainer.ComponentManagerImpl.getService(ComponentManagerImpl.kt:698)
	at org.jetbrains.plugins.gradle.jvmcompat.GradleJvmSupportMatrix$Companion.getInstance(GradleJvmSupportMatrix.kt:224)
	at org.jetbrains.plugins.gradle.jvmcompat.GradleCompatibilitySupportUpdater.<init>(GradleCompatibilitySupportUpdater.kt:14)
	at com.intellij.platform.instanceContainer.instantiation.InstantiateKt$instantiate$2.invoke(instantiate.kt:45)
	at com.intellij.platform.instanceContainer.instantiation.InstantiateKt$instantiate$2.invoke(instantiate.kt:42)
	at com.intellij.platform.instanceContainer.instantiation.InstantiateKt.instantiate(instantiate.kt:308)
	at com.intellij.platform.instanceContainer.instantiation.InstantiateKt.instantiate(instantiate.kt:42)
	at com.intellij.serviceContainer.ServiceInstanceInitializer.createInstance$suspendImpl(ServiceInstanceInitializer.kt:31)
	at com.intellij.serviceContainer.ServiceInstanceInitializer.createInstance(ServiceInstanceInitializer.kt)
	at com.intellij.platform.instanceContainer.internal.LazyInstanceHolder$initialize$1$1.invokeSuspend(LazyInstanceHolder.kt:162)
	at com.intellij.platform.instanceContainer.internal.LazyInstanceHolder$initialize$1$1.invoke(LazyInstanceHolder.kt)
	at com.intellij.platform.instanceContainer.internal.LazyInstanceHolder$initialize$1$1.invoke(LazyInstanceHolder.kt)
	at kotlinx.coroutines.intrinsics.UndispatchedKt.startUndispatchedOrReturn(Undispatched.kt:78)
	at kotlinx.coroutines.BuildersKt__Builders_commonKt.withContext(Builders.common.kt:167)
	at kotlinx.coroutines.BuildersKt.withContext(Unknown Source)
	at com.intellij.platform.instanceContainer.internal.LazyInstanceHolder$initialize$1.invokeSuspend(LazyInstanceHolder.kt:160)
	at com.intellij.platform.instanceContainer.internal.LazyInstanceHolder$initialize$1.invoke(LazyInstanceHolder.kt)
	at com.intellij.platform.instanceContainer.internal.LazyInstanceHolder$initialize$1.invoke(LazyInstanceHolder.kt)
	at kotlinx.coroutines.intrinsics.UndispatchedKt.startCoroutineUndispatched(Undispatched.kt:44)
	at kotlinx.coroutines.CoroutineStart.invoke(CoroutineStart.kt:112)
	at kotlinx.coroutines.AbstractCoroutine.start(AbstractCoroutine.kt:126)
	at kotlinx.coroutines.BuildersKt__Builders_commonKt.launch(Builders.common.kt:56)
	at kotlinx.coroutines.BuildersKt.launch(Unknown Source)
	at com.intellij.platform.instanceContainer.internal.LazyInstanceHolder.initialize(LazyInstanceHolder.kt:145)
	at com.intellij.platform.instanceContainer.internal.LazyInstanceHolder.access$initialize(LazyInstanceHolder.kt:13)
	at com.intellij.platform.instanceContainer.internal.LazyInstanceHolder.tryInitialize(LazyInstanceHolder.kt:135)
	at com.intellij.platform.instanceContainer.internal.LazyInstanceHolder.getInstance(LazyInstanceHolder.kt:95)
	at com.intellij.platform.instanceContainer.internal.LazyInstanceHolder.getInstance$suspendImpl(LazyInstanceHolder.kt:83)
	at com.intellij.platform.instanceContainer.internal.LazyInstanceHolder.getInstance(LazyInstanceHolder.kt)
	at com.intellij.platform.instanceContainer.internal.InstanceContainerImpl.instance(InstanceContainerImpl.kt:68)
	at com.intellij.serviceContainer.ComponentManagerImpl.getServiceAsync(ComponentManagerImpl.kt:702)
	at org.jetbrains.plugins.gradle.service.project.GradleVersionUpdateStartupActivity.execute(GradleVersionUpdateStartupActivity.kt:26)
	at com.intellij.ide.startup.impl.StartupManagerImplKt$launchActivity$1.invokeSuspend(StartupManagerImpl.kt:473)
	at kotlin.coroutines.jvm.internal.BaseContinuationImpl.resumeWith(ContinuationImpl.kt:33)
	at kotlinx.coroutines.DispatchedTask.run(DispatchedTask.kt:108)
	at kotlinx.coroutines.scheduling.CoroutineScheduler.runSafely(CoroutineScheduler.kt:584)
	at kotlinx.coroutines.scheduling.CoroutineScheduler$Worker.executeTask(CoroutineScheduler.kt:793)
	at kotlinx.coroutines.scheduling.CoroutineScheduler$Worker.runWorker(CoroutineScheduler.kt:697)
	at kotlinx.coroutines.scheduling.CoroutineScheduler$Worker.run(CoroutineScheduler.kt:684)
Caused by: java.lang.IllegalArgumentException: 25
	at com.intellij.util.lang.JavaVersion.parse(JavaVersion.java:307)
	at org.jetbrains.plugins.gradle.jvmcompat.GradleJvmSupportMatrix$getCompatibilityRanges$1$javaRange$1.invoke(GradleJvmSupportMatrix.kt:44)
	at org.jetbrains.plugins.gradle.jvmcompat.GradleJvmSupportMatrix$getCompatibilityRanges$1$javaRange$1.invoke(GradleJvmSupportMatrix.kt:44)
	at org.jetbrains.plugins.gradle.jvmcompat.IdeVersionedDataParser$Companion.parseVersion(IdeVersionedDataParser.kt:21)
	at org.jetbrains.plugins.gradle.jvmcompat.IdeVersionedDataParser$Companion.parseRange(IdeVersionedDataParser.kt:31)
	at org.jetbrains.plugins.gradle.jvmcompat.GradleJvmSupportMatrix.getCompatibilityRanges(GradleJvmSupportMatrix.kt:44)
	at org.jetbrains.plugins.gradle.jvmcompat.GradleJvmSupportMatrix.applyState(GradleJvmSupportMatrix.kt:28)
	at org.jetbrains.plugins.gradle.jvmcompat.GradleJvmSupportMatrix.onStateChanged(GradleJvmSupportMatrix.kt:50)
	at org.jetbrains.plugins.gradle.jvmcompat.GradleJvmSupportMatrix.onStateChanged(GradleJvmSupportMatrix.kt:13)
	at org.jetbrains.plugins.gradle.jvmcompat.IdeVersionedDataStorage.loadState(IdeVersionedDataStorage.kt:38)
	at org.jetbrains.plugins.gradle.jvmcompat.IdeVersionedDataStorage.loadState(IdeVersionedDataStorage.kt:7)
	at com.intellij.configurationStore.ComponentStoreImpl.doInitComponent(ComponentStoreImpl.kt:587)
	at com.intellij.configurationStore.ComponentStoreImpl.initComponent(ComponentStoreImpl.kt:487)
	at com.intellij.configurationStore.ComponentStoreImpl.initComponent(ComponentStoreImpl.kt:156)
	... 76 more
2026-08-21 00:39:36,348 [   9772] SEVERE - #c.i.c.ComponentStoreImpl - IntelliJ IDEA 2024.1  Build #IC-241.14494.240
2026-08-21 00:39:36,349 [   9773] SEVERE - #c.i.c.ComponentStoreImpl - JDK: 17.0.10; VM: OpenJDK 64-Bit Server VM; Vendor: JetBrains s.r.o.
2026-08-21 00:39:36,350 [   9774] SEVERE - #c.i.c.ComponentStoreImpl - OS: Linux
2026-08-21 00:39:36,351 [   9775] SEVERE - #c.i.c.ComponentStoreImpl - Last Action: 
2026-08-21 00:39:36,501 [   9925]   INFO - #c.i.o.p.SmartModeScheduler - Post-startup activity executed. Current mode: 5
2026-08-21 00:39:36,559 [   9983]   INFO - #c.i.i.s.IdeStartupScripts - 0 startup script(s) found
2026-08-21 00:39:36,564 [   9988]   INFO - #c.i.d.PerformanceWatcherImpl - Post-startup activities under progress took 488ms; general responsiveness: 0/8 sluggish, 8/8 very slow; EDT responsiveness: ok
2026-08-21 00:39:37,435 [  10859]   INFO - #c.i.c.CompilerWorkspaceConfiguration - Available processors: 8
2026-08-21 00:39:40,288 [  13712]   INFO - #c.i.w.i.i.j.s.JpsGlobalModelSynchronizerImpl - Loading global entities com.intellij.platform.workspace.jps.entities.SdkEntity from files
2026-08-21 00:39:40,307 [  13731]   INFO - #c.i.w.i.i.j.s.JpsGlobalModelSynchronizerImpl - Loading global entities com.intellij.platform.workspace.jps.entities.LibraryEntity from files
2026-08-21 00:39:40,407 [  13831]   INFO - #c.i.w.i.i.EntitiesOrphanageImpl - Update orphanage. 0 modules added
2026-08-21 00:39:40,411 [  13835]   INFO - #c.i.w.i.i.WorkspaceModelImpl - Project model updated to version 3 in 9 ms: Sync global entities with project: teste
2026-08-21 00:39:40,412 [  13836]   INFO - #c.i.w.i.i.GlobalWorkspaceModel - Global model updated to version 2 in 17 ms: Sync global entities with state
2026-08-21 00:39:40,450 [  13874]   INFO - #c.i.u.i.UnindexedFilesScanner - Scanning completed for teste. Number of scanned files: 42584; number of files for indexing: 0 took 7808ms; general responsiveness: 0/11 sluggish, 9/11 very slow; EDT responsiveness: 0/4 sluggish, 1/4 very slow
2026-08-21 00:39:40,452 [  13876]   INFO - #c.i.o.p.InitialVfsRefreshService - 2473fa2c: marking roots for initial VFS refresh
2026-08-21 00:39:40,452 [  13876]   INFO - #c.i.u.i.PerProjectIndexingQueue - Finished for teste. No files to index with loading content.
2026-08-21 00:39:40,461 [  13885]   INFO - #c.i.o.p.InitialVfsRefreshService - 2473fa2c: starting initial VFS refresh of 4 roots
2026-08-21 00:39:40,461 [  13885]   INFO - #c.i.o.p.MergingQueueGuiExecutor - Task finished: UnindexedFilesScanner[teste]
2026-08-21 00:39:40,485 [  13909]   INFO - #c.i.o.p.InitialVfsRefreshService - 2473fa2c: initial VFS refresh finished in 22 ms
2026-08-21 00:39:41,631 [  15055]   INFO - #o.j.j.b.i.CompilerReferenceIndex - backward reference index version doesn't exist
2026-08-21 00:39:41,648 [  15072]   INFO - #c.i.c.b.IsUpToDateCheckStartupActivity - suitable consumer is not found
2026-08-21 00:39:41,699 [  15123]   INFO - #c.i.w.i.i.GlobalWorkspaceModel - Sync global entities with mutable entity storage
2026-08-21 00:39:41,708 [  15132]   INFO - #c.i.w.i.i.j.s.JpsProjectModelSynchronizer - Attempt 1: Apply JPS storage (iml files)
2026-08-21 00:39:41,722 [  15146]   INFO - #c.i.w.i.i.EntitiesOrphanageImpl - Update orphanage. 0 modules added
2026-08-21 00:39:41,726 [  15150]   INFO - #c.i.w.i.i.j.s.JpsProjectModelSynchronizer - Attempt 1: Changes were successfully applied
2026-08-21 00:39:41,729 [  15153]   INFO - #c.i.w.i.i.j.s.DelayedProjectSynchronizer$Util - Workspace model loaded from cache. Syncing real project state into workspace model in 152 ms. Thread[DefaultDispatcher-worker-1 @run activity#5206,5,main]
2026-08-21 00:39:47,394 [  20818]   INFO - #c.i.w.i.i.j.s.JpsGlobalModelSynchronizerImpl - Saving global entities com.intellij.platform.workspace.jps.entities.SdkEntity to files
2026-08-21 00:39:47,407 [  20831]   INFO - #c.i.w.i.i.j.s.JpsGlobalModelSynchronizerImpl - Saving global entities com.intellij.platform.workspace.jps.entities.LibraryEntity to files
2026-08-21 00:39:48,671 [  22095]   INFO - #c.i.c.ComponentStoreImpl - Saving appFileTypeManager took 23 ms
2026-08-21 00:39:49,387 [  22811]   WARN - #c.i.u.x.Binding - No accessors for org.jetbrains.kotlin.cli.common.arguments.InternalArgument. This means that state class cannot be serialized properly. Please see https://jb.gg/ij-psoc
2026-08-21 00:39:49,429 [  22853]   INFO - #c.i.c.ComponentStoreImpl - Saving Project(name=teste, containerState=COMPONENT_CREATED, componentStore=/home/lucasalmeida/IdeaProjects/teste)DependencyValidationManager took 12 ms, DynamicElementsStorage took 32 ms, RunManager took 26 ms
2026-08-21 00:39:49,429 [  22853]   INFO - #c.i.o.c.i.s.StoreUtil - saveProjectsAndApp took 2047 ms
2026-08-21 00:39:49,431 [  22855]   INFO - #c.i.w.i.i.j.s.JpsGlobalModelSynchronizerImpl - Saving global entities com.intellij.platform.workspace.jps.entities.SdkEntity to files
2026-08-21 00:39:49,432 [  22856]   INFO - #c.i.w.i.i.j.s.JpsGlobalModelSynchronizerImpl - Saving global entities com.intellij.platform.workspace.jps.entities.LibraryEntity to files
2026-08-21 00:39:52,585 [  26009]   INFO - #c.i.w.i.i.j.s.JpsGlobalModelSynchronizerImpl - Saving global entities com.intellij.platform.workspace.jps.entities.SdkEntity to files
2026-08-21 00:39:52,589 [  26013]   INFO - #c.i.w.i.i.j.s.JpsGlobalModelSynchronizerImpl - Saving global entities com.intellij.platform.workspace.jps.entities.LibraryEntity to files
2026-08-21 00:39:54,282 [  27706]   INFO - #c.i.w.i.i.j.s.JpsGlobalModelSynchronizerImpl - Saving global entities com.intellij.platform.workspace.jps.entities.SdkEntity to files
2026-08-21 00:39:54,285 [  27709]   INFO - #c.i.w.i.i.j.s.JpsGlobalModelSynchronizerImpl - Saving global entities com.intellij.platform.workspace.jps.entities.LibraryEntity to files
2026-08-21 00:39:54,340 [  27764]   INFO - #c.i.c.ComponentStoreImpl - Saving Project(name=teste, containerState=COMPONENT_CREATED, componentStore=/home/lucasalmeida/IdeaProjects/teste)KotlinCommonCompilerArguments took 19 ms
2026-08-21 00:40:10,392 [  43816]   INFO - #c.i.w.i.i.j.s.JpsGlobalModelSynchronizerImpl - Saving global entities com.intellij.platform.workspace.jps.entities.SdkEntity to files
2026-08-21 00:40:10,404 [  43828]   INFO - #c.i.w.i.i.j.s.JpsGlobalModelSynchronizerImpl - Saving global entities com.intellij.platform.workspace.jps.entities.LibraryEntity to files
2026-08-21 00:40:10,532 [  43956]   INFO - #c.i.c.ComponentStoreImpl - Saving appFileTypeManager took 17 ms
2026-08-21 00:40:10,661 [  44085]   INFO - #c.i.c.ComponentStoreImpl - Saving Project(name=teste, containerState=COMPONENT_CREATED, componentStore=/home/lucasalmeida/IdeaProjects/teste)RunManager took 28 ms
2026-08-21 00:40:11,685 [  45109]   INFO - #c.j.r.p.c.CodeWithMeCleanup - running activity to cleanup old thin clients... Root path is '/home/lucasalmeida/.cache/JetBrains'. JvmStartTimeMs=1787283565757
2026-08-21 00:40:11,687 [  45111]   INFO - #c.j.r.p.c.CodeWithMeCleanup - found 0 Code With Me client system folders to check
2026-08-21 00:40:11,693 [  45117]   INFO - #c.j.r.p.c.CodeWithMeCleanup - found 0 Code With Me client config folders to check
2026-08-21 00:40:11,699 [  45123]   INFO - #c.j.r.p.c.CodeWithMeCleanup - keep only [] major versions
2026-08-21 00:40:11,705 [  45129]   INFO - #c.j.r.p.c.CodeWithMeCleanup - Starting the logs folder cleanup. Path: /home/lucasalmeida/Developer/DockerRunner/.intellijPlatform/sandbox/DockerRunner/IC-2024.1/log
2026-08-21 00:40:11,725 [  45149]   INFO - #c.i.r.OsRegistryConfigProvider - Looking for 'versionManagementEnabled' value in [/etc/xdg/JetBrains/JetBrainsClient/versionManagementEnabled, /etc/xdg/JetBrains/JetBrainsClient/config.json, /home/lucasalmeida/.config/JetBrains/JetBrainsClient/versionManagementEnabled, /home/lucasalmeida/.config/JetBrains/JetBrainsClient/config.json, /home/lucasalmeida/.config/kdedefaults/JetBrains/JetBrainsClient/versionManagementEnabled, /home/lucasalmeida/.config/kdedefaults/JetBrains/JetBrainsClient/config.json, /etc/xdg/JetBrains/JetBrainsClient/versionManagementEnabled, /etc/xdg/JetBrains/JetBrainsClient/config.json, /usr/share/kde-settings/kde-profile/default/xdg/JetBrains/JetBrainsClient/versionManagementEnabled, /usr/share/kde-settings/kde-profile/default/xdg/JetBrains/JetBrainsClient/config.json]
2026-08-21 00:40:11,731 [  45155]   INFO - #c.i.r.OsRegistryConfigProvider - OS provided value for 'versionManagementEnabled' is not found
2026-08-21 00:40:27,735 [  61159]   WARN - #c.i.u.x.Binding - No accessors for com.intellij.platform.feedback.impl.state.DontShowAgainFeedbackState. This means that state class cannot be serialized properly. Please see https://jb.gg/ij-psoc
2026-08-21 00:40:27,738 [  61162]   WARN - #c.i.u.x.Binding - No accessors for com.intellij.platform.feedback.impl.state.CommonFeedbackSurveysState. This means that state class cannot be serialized properly. Please see https://jb.gg/ij-psoc
2026-08-21 00:40:32,651 [  66075]   INFO - #c.i.u.g.s.GistStorageImpl - Cleaning old huge-gists dirs from [/home/lucasalmeida/Developer/DockerRunner/.intellijPlatform/sandbox/DockerRunner/IC-2024.1/system/caches/huge-gists] ...
2026-08-21 00:40:32,658 [  66082]   INFO - #c.i.u.g.s.GistStorageImpl - Cleaning old huge-gists dirs finished
2026-08-21 00:40:55,466 [  88890]   INFO - #c.i.w.i.i.j.s.JpsGlobalModelSynchronizerImpl - Saving global entities com.intellij.platform.workspace.jps.entities.SdkEntity to files
2026-08-21 00:40:55,470 [  88894]   INFO - #c.i.w.i.i.j.s.JpsGlobalModelSynchronizerImpl - Saving global entities com.intellij.platform.workspace.jps.entities.LibraryEntity to files
2026-08-21 00:41:08,055 [ 101479]   INFO - #c.i.o.a.i.ActionPopupMenuImpl - isPopupOrMainMenuPlace(StickyLine)==false. Use ActionPlaces.getPopupPlace.
2026-08-21 00:41:08,062 [ 101486]   INFO - #c.i.o.a.i.ActionPopupMenuImpl - isPopupOrMainMenuPlace(StickyLine)==false. Use ActionPlaces.getPopupPlace.
2026-08-21 00:41:08,064 [ 101488]   INFO - #c.i.o.a.i.ActionPopupMenuImpl - isPopupOrMainMenuPlace(StickyLine)==false. Use ActionPlaces.getPopupPlace.
2026-08-21 00:41:08,065 [ 101489]   INFO - #c.i.o.a.i.ActionPopupMenuImpl - isPopupOrMainMenuPlace(StickyLine)==false. Use ActionPlaces.getPopupPlace.
2026-08-21 00:41:08,067 [ 101491]   INFO - #c.i.o.a.i.ActionPopupMenuImpl - isPopupOrMainMenuPlace(StickyLine)==false. Use ActionPlaces.getPopupPlace.
2026-08-21 00:41:21,238 [ 114662]   INFO - #c.i.w.i.i.j.s.JpsGlobalModelSynchronizerImpl - Saving global entities com.intellij.platform.workspace.jps.entities.SdkEntity to files
2026-08-21 00:41:21,239 [ 114663]   INFO - #c.i.w.i.i.j.s.JpsGlobalModelSynchronizerImpl - Saving global entities com.intellij.platform.workspace.jps.entities.LibraryEntity to files
2026-08-21 00:41:35,225 [ 128649]   INFO - #c.i.w.i.i.j.s.JpsGlobalModelSynchronizerImpl - Saving global entities com.intellij.platform.workspace.jps.entities.SdkEntity to files
2026-08-21 00:41:35,226 [ 128650]   INFO - #c.i.w.i.i.j.s.JpsGlobalModelSynchronizerImpl - Saving global entities com.intellij.platform.workspace.jps.entities.LibraryEntity to files
2026-08-21 00:41:35,313 [ 128737]   INFO - #c.i.a.o.PathMacrosImpl - Saved path macros: {MAVEN_REPOSITORY=/home/lucasalmeida/.m2/repository}
2026-08-21 00:41:35,340 [ 128764]   INFO - #c.i.c.ComponentStoreImpl - Saving appExtensionsRootType took 18 ms
2026-08-21 00:41:35,708 [ 129132]   INFO - #c.i.c.ComponentStoreImpl - Saving Project(name=teste, containerState=COMPONENT_CREATED, componentStore=/home/lucasalmeida/IdeaProjects/teste)ChangeListManager took 13 ms, GroovyConsoleState took 14 ms, Kotlin2JvmCompilerArguments took 33 ms, PerforceDirect.Settings took 14 ms, ProjectLevelVcsManager took 11 ms, ServiceViewManager took 19 ms, TaskManager took 17 ms, Vcs.Log.Tabs.Properties took 24 ms, XDebuggerManager took 26 ms, editorHistoryManager took 18 ms
2026-08-21 00:41:40,502 [ 133926]   WARN - #c.i.o.a.i.ActionUpdater - 14537 ms to call on BGT DockerComposeRunAction#presentation@NavBarToolbar (com.olezelerunner.dockerruner.DockerComposeRunAction)
2026-08-21 00:41:40,503 [ 133927]   WARN - #c.i.o.a.i.ActionUpdater - 10529 ms to call on BGT DockerComposeRunAction#presentation@NavBarToolbar (com.olezelerunner.dockerruner.DockerComposeRunAction)
2026-08-21 00:41:41,464 [ 134888]   INFO - #c.j.r.f.FollowMeManager - Unregister user (name: 'lucasalmeida', clientId: Host)
2026-08-21 00:41:41,474 [ 134898]   INFO - #c.i.o.v.i.l.NativeFileWatcherImpl - Watcher terminated with exit code 0
2026-08-21 00:41:41,557 [ 134981]   INFO - #c.i.o.w.i.WindowManagerImpl - === Release(true) frame on closed project ===
2026-08-21 00:41:41,872 [ 135296]   INFO - #o.j.k.i.s.r.KotlinCompilerReferenceIndexStorage - KCRI storage is closed (didn't exist)
2026-08-21 00:41:41,880 [ 135304]   INFO - #c.i.c.b.CompilerReferenceServiceBase - backward reference index reader is closed (didn't exist)
2026-08-21 00:41:42,004 [ 135428]   INFO - #c.i.u.s.SvgCacheManager - SVG icon cache is closed
2026-08-21 00:41:42,072 [ 135496]   INFO - #o.j.i.BuiltInServer - web server stopped
2026-08-21 00:41:42,103 [ 135527]   INFO - #c.i.u.i.FileBasedIndexImpl - Index dispose started
2026-08-21 00:41:42,161 [ 135585]   INFO - #c.i.p.s.StubIndexImpl - StubIndexExtension-s were unloaded
2026-08-21 00:41:42,162 [ 135586]   INFO - #c.i.p.s.SerializationManagerImpl - Start shutting down /home/lucasalmeida/Developer/DockerRunner/.intellijPlatform/sandbox/DockerRunner/IC-2024.1/system/index/rep.names
2026-08-21 00:41:42,163 [ 135587]   INFO - #c.i.p.s.SerializationManagerImpl - Finished shutting down /home/lucasalmeida/Developer/DockerRunner/.intellijPlatform/sandbox/DockerRunner/IC-2024.1/system/index/rep.names
2026-08-21 00:41:42,165 [ 135589]   INFO - #c.i.u.i.FileBasedIndexImpl - Index dispose completed in 62ms.
2026-08-21 00:41:42,187 [ 135611]   INFO - #c.i.o.v.n.p.PersistentFSImpl - VFS dispose started
2026-08-21 00:41:42,193 [ 135617]   INFO - #c.i.o.v.n.p.FSRecordsImpl - VFS closing
2026-08-21 00:41:42,201 [ 135625]   INFO - #c.i.o.v.n.p.PersistentFSImpl - VFS dispose completed in 13 ms.
2026-08-21 00:41:42,201 [ 135625]   INFO - #c.i.o.f.i.FileTypeDetectionService - 5 auto-detected files. Detection took 617 ms
2026-08-21 00:41:42,225 [ 135649]   INFO - #c.i.p.i.b.AppStarter - ------------------------------------------------------ IDE SHUTDOWN ------------------------------------------------------
2026-08-21 00:44:24,925 [     19]   INFO - #c.i.p.i.b.AppStarter - ------------------------------------------------------ IDE STARTED ------------------------------------------------------
2026-08-21 00:44:25,007 [    101]   INFO - #c.i.i.p.PluginManager - Plugin PluginDescriptor(name=Groovy, id=org.intellij.groovy, descriptorPath=plugin.xml, path=~/.gradle/caches/9.6.0/transforms/bea1b87427568a068e547fc0eae09392/transformed/ideaIC-2024.1/plugins/Groovy, version=241.14494.240, package=org.jetbrains.plugins.groovy, isBundled=true) misses optional descriptor duplicates-groovy.xml
2026-08-21 00:44:25,014 [    108]   INFO - #c.i.i.p.PluginManager - Plugin PluginDescriptor(name=Groovy, id=org.intellij.groovy, descriptorPath=plugin.xml, path=~/.gradle/caches/9.6.0/transforms/bea1b87427568a068e547fc0eae09392/transformed/ideaIC-2024.1/plugins/Groovy, version=241.14494.240, package=org.jetbrains.plugins.groovy, isBundled=true) misses optional descriptor duplicates-detection-groovy.xml
2026-08-21 00:44:25,077 [    171]   INFO - #c.i.u.i.PageCacheUtils - File page caching params:
2026-08-21 00:44:25,082 [    176]   INFO - #c.i.u.i.PageCacheUtils - 	DEFAULT_PAGE_SIZE: 10485760
2026-08-21 00:44:25,083 [    177]   INFO - #c.i.u.i.PageCacheUtils - 	Direct memory to use, max: 2126512128
2026-08-21 00:44:25,084 [    178]   INFO - #c.i.u.i.PageCacheUtils - 	FilePageCache: regular + lock-free (LOCK_FREE_PAGE_CACHE_ENABLED:true)
2026-08-21 00:44:25,086 [    180]   INFO - #c.i.u.i.PageCacheUtils - 	NEW_PAGE_CACHE_MEMORY_FRACTION: 0.20000000298023224
2026-08-21 00:44:25,087 [    181]   INFO - #c.i.u.i.PageCacheUtils - 	Regular FilePageCache: 503316478 bytes
2026-08-21 00:44:25,088 [    182]   INFO - #c.i.u.i.PageCacheUtils - 	New     FilePageCache: 125829122 bytes (+ up to 10.0% overflow)
2026-08-21 00:44:25,089 [    183]   INFO - #c.i.u.i.PageCacheUtils - 	DirectByteBuffers pool: 104857600 bytes
2026-08-21 00:44:25,089 [    183]   INFO - #c.i.p.i.b.AppStarter - JNA library (64-bit) loaded in 68 ms
2026-08-21 00:44:25,098 [    192]   INFO - #c.i.p.i.b.AppStarter - IDE: IntelliJ IDEA (build #IC-241.14494.240, Thu, 28 Mar 2024 05:12:00 GMT)
2026-08-21 00:44:25,099 [    193]   INFO - #c.i.p.i.b.AppStarter - OS: Linux (7.1.8-200.fc44.x86_64)
2026-08-21 00:44:25,103 [    197]   INFO - #c.i.p.i.b.AppStarter - JRE: 17.0.10+8-b1207.12, amd64 (JetBrains s.r.o.)
2026-08-21 00:44:25,105 [    199]   INFO - #c.i.p.i.b.AppStarter - JVM: 17.0.10+8-b1207.12 (OpenJDK 64-Bit Server VM)
2026-08-21 00:44:25,110 [    204]   INFO - #c.i.i.p.PluginManager - Using cached broken plugins file
2026-08-21 00:44:25,114 [    208]   INFO - #c.i.p.i.b.AppStarter - PID: 89391
2026-08-21 00:44:25,115 [    209]   INFO - #c.i.p.i.b.AppStarter - desktop: KDE
2026-08-21 00:44:25,190 [    284]   INFO - #c.i.p.i.b.AppStarter - toolkit: sun.awt.X11.XToolkit
2026-08-21 00:44:25,232 [    326]   INFO - #c.i.p.i.b.AppStarter - JVM options: [-Daether.connector.resumeDownloads=false, -Dawt.lock.fair=true, -Dide.native.launcher=false, -Dide.no.platform.update=false, -Dide.show.tips.on.startup.default.value=false, -Didea.auto.reload.plugins=true, -Didea.classpath.index.enabled=false, -Didea.config.path=/home/lucasalmeida/Developer/DockerRunner/.intellijPlatform/sandbox/DockerRunner/IC-2024.1/config, -Didea.is.internal=true, -Didea.log.path=/home/lucasalmeida/Developer/DockerRunner/.intellijPlatform/sandbox/DockerRunner/IC-2024.1/log, -Didea.paths.selector=IdeaIC2024.1, -Didea.platform.prefix=Idea, -Didea.plugin.in.sandbox.mode=true, -Didea.plugins.path=/home/lucasalmeida/Developer/DockerRunner/.intellijPlatform/sandbox/DockerRunner/IC-2024.1/plugins, -Didea.required.plugins.id=com.olezelelabs.dockerrunner, -Didea.reset.classpath.from.manifest=true, -Didea.system.path=/home/lucasalmeida/Developer/DockerRunner/.intellijPlatform/sandbox/DockerRunner/IC-2024.1/system, -Didea.vendor.name=JetBrains, -Dintellij.console.log.level=warning, -Dintellij.platform.runtime.repository.path=/home/lucasalmeida/.gradle/caches/9.6.0/transforms/bea1b87427568a068e547fc0eae09392/transformed/ideaIC-2024.1/modules/module-descriptors.jar, -Djava.system.class.loader=com.intellij.util.lang.PathClassLoader, -Djbr.catch.SIGABRT=true, -Djdk.attach.allowAttachSelf=true, -Djdk.http.auth.tunneling.disabledSchemes="", -Djdk.module.illegalAccess.silent=true, -Djna.boot.library.path=/home/lucasalmeida/.gradle/caches/9.6.0/transforms/bea1b87427568a068e547fc0eae09392/transformed/ideaIC-2024.1/lib/jna/amd64, -Djna.noclasspath=true, -Djna.nosys=true, -Dplugin.path=/home/lucasalmeida/Developer/DockerRunner/.intellijPlatform/sandbox/DockerRunner/IC-2024.1/plugins/DockerRunner, -Dpty4j.preferred.native.folder=/home/lucasalmeida/.gradle/caches/9.6.0/transforms/bea1b87427568a068e547fc0eae09392/transformed/ideaIC-2024.1/lib/pty4j, -Dsplash=true, -Dsun.awt.disablegrab=true, -Dsun.io.useCanonCaches=false, -Dsun.java2d.metal=true, -Dsun.tools.attach.tmp.only=true, -XX:+HeapDumpOnOutOfMemoryError, -XX:-OmitStackTraceInFastThrow, -XX:+IgnoreUnrecognizedVMOptions, -XX:CICompilerCount=2, -XX:ReservedCodeCacheSize=512m, -XX:CompileCommand=exclude,com/intellij/openapi/vfs/impl/FilePartNodeRoot,trieDescend, -XX:SoftRefLRUPolicyMSPerMB=50, --add-opens=java.base/java.io=ALL-UNNAMED, --add-opens=java.base/java.lang=ALL-UNNAMED, --add-opens=java.base/java.lang.ref=ALL-UNNAMED, --add-opens=java.base/java.lang.reflect=ALL-UNNAMED, --add-opens=java.base/java.net=ALL-UNNAMED, --add-opens=java.base/java.nio=ALL-UNNAMED, --add-opens=java.base/java.nio.charset=ALL-UNNAMED, --add-opens=java.base/java.text=ALL-UNNAMED, --add-opens=java.base/java.time=ALL-UNNAMED, --add-opens=java.base/java.util=ALL-UNNAMED, --add-opens=java.base/java.util.concurrent=ALL-UNNAMED, --add-opens=java.base/java.util.concurrent.atomic=ALL-UNNAMED, --add-opens=java.base/java.util.concurrent.locks=ALL-UNNAMED, --add-opens=java.base/jdk.internal.vm=ALL-UNNAMED, --add-opens=java.base/sun.nio.ch=ALL-UNNAMED, --add-opens=java.base/sun.nio.fs=ALL-UNNAMED, --add-opens=java.base/sun.security.ssl=ALL-UNNAMED, --add-opens=java.base/sun.security.util=ALL-UNNAMED, --add-opens=java.base/sun.net.dns=ALL-UNNAMED, --add-opens=java.desktop/com.sun.java.swing.plaf.gtk=ALL-UNNAMED, --add-opens=java.desktop/java.awt=ALL-UNNAMED, --add-opens=java.desktop/java.awt.dnd.peer=ALL-UNNAMED, --add-opens=java.desktop/java.awt.event=ALL-UNNAMED, --add-opens=java.desktop/java.awt.image=ALL-UNNAMED, --add-opens=java.desktop/java.awt.peer=ALL-UNNAMED, --add-opens=java.desktop/java.awt.font=ALL-UNNAMED, --add-opens=java.desktop/javax.swing=ALL-UNNAMED, --add-opens=java.desktop/javax.swing.plaf.basic=ALL-UNNAMED, --add-opens=java.desktop/javax.swing.text=ALL-UNNAMED, --add-opens=java.desktop/javax.swing.text.html=ALL-UNNAMED, --add-opens=java.desktop/sun.awt.X11=ALL-UNNAMED, --add-opens=java.desktop/sun.awt.datatransfer=ALL-UNNAMED, --add-opens=java.desktop/sun.awt.image=ALL-UNNAMED, --add-opens=java.desktop/sun.awt=ALL-UNNAMED, --add-opens=java.desktop/sun.font=ALL-UNNAMED, --add-opens=java.desktop/sun.java2d=ALL-UNNAMED, --add-opens=java.desktop/sun.swing=ALL-UNNAMED, --add-opens=java.desktop/com.sun.java.swing=ALL-UNNAMED, --add-opens=jdk.attach/sun.tools.attach=ALL-UNNAMED, --add-opens=jdk.compiler/com.sun.tools.javac.api=ALL-UNNAMED, --add-opens=jdk.internal.jvmstat/sun.jvmstat.monitor=ALL-UNNAMED, --add-opens=jdk.jdi/com.sun.tools.jdi=ALL-UNNAMED, -javaagent:/home/lucasalmeida/Developer/DockerRunner/.intellijPlatform/coroutines-javaagent-legacy.jar, -Xms128m, -Xmx2048m, -Dfile.encoding=UTF-8, -Duser.country=BR, -Duser.language=pt, -Duser.variant, -ea]
2026-08-21 00:44:25,234 [    328]   INFO - #c.i.p.i.b.AppStarter - args: 
2026-08-21 00:44:25,235 [    329]   INFO - #c.i.p.i.b.AppStarter - library path: /usr/java/packages/lib:/usr/lib64:/lib64:/lib:/usr/lib
2026-08-21 00:44:25,236 [    330]   INFO - #c.i.p.i.b.AppStarter - boot library path: /home/lucasalmeida/.gradle/caches/9.6.0/transforms/bea1b87427568a068e547fc0eae09392/transformed/ideaIC-2024.1/jbr/lib
2026-08-21 00:44:25,239 [    333]   INFO - #c.i.i.p.PluginManager - PluginDescriptor(name=Docker Runner, id=com.olezelelabs.dockerrunner, descriptorPath=plugin.xml, path=~/Developer/DockerRunner/.intellijPlatform/sandbox/DockerRunner/IC-2024.1/plugins/DockerRunner, version=1.0-SNAPSHOT, package=null, isBundled=false) overrides PluginDescriptor(name=Docker Runner, id=com.olezelelabs.dockerrunner, descriptorPath=plugin.xml, path=~/Developer/DockerRunner/.intellijPlatform/sandbox/DockerRunner/IC-2024.1/plugins/DockerRunner, version=1.0-SNAPSHOT, package=null, isBundled=false)
2026-08-21 00:44:25,287 [    381]   INFO - #c.i.p.i.b.AppStarter - locale=pt_BR JNU=UTF-8 file.encoding=UTF-8
    idea.config.path=/home/lucasalmeida/Developer/DockerRunner/.intellijPlatform/sandbox/DockerRunner/IC-2024.1/config
    idea.system.path=/home/lucasalmeida/Developer/DockerRunner/.intellijPlatform/sandbox/DockerRunner/IC-2024.1/system
    idea.plugins.path=/home/lucasalmeida/Developer/DockerRunner/.intellijPlatform/sandbox/DockerRunner/IC-2024.1/plugins
    idea.log.path=/home/lucasalmeida/Developer/DockerRunner/.intellijPlatform/sandbox/DockerRunner/IC-2024.1/log
2026-08-21 00:44:25,299 [    393]   INFO - #c.i.p.i.b.AppStarter - CPU cores: 8; ForkJoinPool.commonPool: java.util.concurrent.ForkJoinPool@1c0f5028[Running, parallelism = 7, size = 0, active = 0, running = 0, steals = 0, tasks = 0, submissions = 0]; factory: com.intellij.concurrency.IdeaForkJoinWorkerThreadFactory@3c69e4af
2026-08-21 00:44:25,333 [    427]   INFO - #c.i.i.p.PluginManager - Module intellij.sh.python is not enabled because dependency intellij.python.community.impl is not available
Module intellij.groovy/ant is not enabled because dependency AntSupport is not available
Module intellij.qodana.jvm.swagger is not enabled because dependency com.intellij.swagger is not available
Module intellij.qodana.python is not enabled because dependency intellij.python is not available
Module intellij.qodana.php is not enabled because dependency com.jetbrains.php is not available
Module intellij.qodana.js is not enabled because dependency JavaScript is not available
Module intellij.qodana.inspectionKts.js is not enabled because dependency JavaScript is not available
Module intellij.qodana.go is not enabled because dependency intellij.go.coverage is not available
Module intellij.cwm.plugin.elevation is not enabled because dependency intellij.execution.process.elevation is not available
Module intellij.packageChecker.php is not enabled because dependency com.jetbrains.php is not available
Module intellij.packageChecker.python is not enabled because dependency intellij.python.community.impl is not available
Module intellij.packageChecker.javascript is not enabled because dependency JavaScript is not available
Module intellij.packageChecker.go is not enabled because dependency org.jetbrains.plugins.go is not available
2026-08-21 00:44:25,367 [    461]   INFO - #c.i.i.p.PluginManager - Loaded bundled plugins: IDEA CORE (241.14494.240), TextMate Bundles (241.14494.240), Images (241.14494.240), Copyright (241.14494.240), Emoji Picker (241.14494.240), EditorConfig (241.14494.240), IDE Services / Provisioner API (241.14494.240), Machine Learning in Search Everywhere (241.14494.240), YAML (241.14494.240), JetBrains maven model api classes (241.14494.240), JetBrains Repository Search (241.14494.240), Maven server api classes (241.14494.240), Markdown (241.14494.240), Terminal (241.14494.240), Mercurial (241.14494.240), Properties (241.14494.240), Gradle (241.14494.240), NetBeans Keymap (241.14494.240), JetBrains Marketplace Licensing (241.14494.240), com.intellij.dev (241.14494.240), Remote Execution Agent (241.14494.240), Shell Script (241.14494.240), HTML Tools (241.14494.240), Visual Studio Keymap (241.14494.240), Machine Learning Code Completion (241.14494.240), Toml (241.14494.240), WebP Support (241.14494.240), Performance Testing (241.14494.240), Grazie Lite (241.14494.240), Eclipse Keymap (241.14494.240), Perforce Helix Core (241.14494.240), GitLab (241.14494.240), IDE Features Trainer (241.14494.240), Java (241.14494.240), com.intellij.tracing.ide (241.14494.240), Java Bytecode Decompiler (241.14494.240), Java Stream Debugger (241.14494.240), Task Management (241.14494.240), GitHub (241.14494.240), JUnit (241.14494.240), Eclipse Interoperability (241.14494.240), IntelliLang (241.14494.240), Groovy (241.14494.240), JavaFX (241.14494.240), Turbo Complete (241.14494.240), Kotlin (241.14494.240-IJ), Gradle DSL API (241.14494.240), Java Internationalization (241.14494.240), UI Designer (241.14494.240), Bytecode Viewer (241.14494.240), Maven (241.14494.240), TestNG (241.14494.240), Code Coverage for Java (241.14494.240), Gradle-Java (241.14494.240), Gradle-Java-Analysis (241.14494.240), Gradle-Maven (241.14494.240), Java IDE Customization (241.14494.240), Settings Sync (241.14494.240), Git (241.14494.240), Qodana (241.14494.240), Configuration Script (241.14494.240), Shared Indexes (241.14494.240), Code With Me (241.14494.240), Subversion (241.14494.240), Package Checker (241.14494.240), Gradle Dependency Updater Implementation (241.14494.240), Async Profiler for IDE Performance Testing (241.14494.240)
2026-08-21 00:44:25,368 [    462]   INFO - #c.i.i.p.PluginManager - Loaded custom plugins: Docker Runner (1.0-SNAPSHOT)
2026-08-21 00:44:25,551 [    645]   INFO - c.i.p.i.IdeFingerprint - Calculated dependencies fingerprint in 51 ms (hash=3pmsqohoka6mx, buildTime=1711602720, appVersion=IC-241.14494.240)
2026-08-21 00:44:25,752 [    846]   INFO - #c.i.o.v.n.p.FSRecords - VFS health-check enabled: first after 600000 ms, and each following 43200000 ms, wrap in RA: true
2026-08-21 00:44:25,783 [    877]   INFO - #c.i.a.o.PathMacrosImpl - Loaded path macros: {MAVEN_REPOSITORY=/home/lucasalmeida/.m2/repository}
2026-08-21 00:44:25,853 [    947]   INFO - #c.i.o.v.n.p.PersistentFSLoader - VFS uses streamlined attributes storage (over mmapped file)
2026-08-21 00:44:25,854 [    948]   INFO - #c.i.o.v.n.p.PersistentFSLoader - VFS uses 'fast' names enumerator (over mmapped file)
2026-08-21 00:44:25,854 [    948]   INFO - #c.i.o.v.n.p.PersistentFSLoader - VFS uses content storage over memory-mapped file, with compression algo: LZ4[ > 8000b ]
2026-08-21 00:44:25,976 [   1070]   INFO - #c.i.i.p.ExpiredPluginsState - Plugins to skip: []
2026-08-21 00:44:26,030 [   1124]   INFO - #c.i.o.v.n.p.PersistentFSLoader - VFS: impl (expected) version=846397, 96044 file records, 17 content blobs
2026-08-21 00:44:26,157 [   1251]   INFO - #c.i.o.v.n.p.FSRecordsImpl - VFS initialized: 304 ms, 0 failed attempts, 0 error(s) were recovered
2026-08-21 00:44:26,259 [   1353]   INFO - #c.i.o.v.i.l.NativeFileWatcherImpl - Starting file watcher: /home/lucasalmeida/.gradle/caches/9.6.0/transforms/bea1b87427568a068e547fc0eae09392/transformed/ideaIC-2024.1/bin/fsnotifier
2026-08-21 00:44:26,372 [   1466]   INFO - #c.i.o.v.i.l.NativeFileWatcherImpl - Native file watcher is operational.
2026-08-21 00:44:26,380 [   1474]   INFO - #c.i.o.v.n.p.FSRecordsImpl - VFS scanned: file-by-name index was populated
2026-08-21 00:44:26,668 [   1762]   INFO - #c.i.o.a.i.NonBlockingReadActionImpl - OTel monitoring for NonBlockingReadAction is enabled
2026-08-21 00:44:26,706 [   1800]   INFO - #o.j.i.BuiltInServerManager - built-in server started, port 63342
2026-08-21 00:44:26,799 [   1893]   INFO - #c.i.u.n.s.CertificateManager - Default SSL context initialized
2026-08-21 00:44:27,232 [   2326]   INFO - #c.i.p.i.m.GlobalMenuLinux - Start glib main loop in thread: GlobalMenuLinux loop
2026-08-21 00:44:27,239 [   2333]   INFO - #c.i.p.i.m.GlobalMenuLinux - Closed dbus-service 'com.canonical.AppMenu.Registrar'
2026-08-21 00:44:27,610 [   2704]   INFO - #c.i.i.s.p.i.SharedIndexMainZipStorage - Shared Indexes Storage is opened and empty
2026-08-21 00:44:27,632 [   2726]   WARN - #c.i.i.s.p.i.BundledSharedIndexProvider - Bundled shared index is not found at: /home/lucasalmeida/.gradle/caches/9.6.0/transforms/bea1b87427568a068e547fc0eae09392/transformed/ideaIC-2024.1/jdk-shared-indexes
2026-08-21 00:44:28,860 [   3954]   INFO - #c.i.u.i.FileBasedIndexImpl - Indices to be built:FilenameIndex(v = 258)
2026-08-21 00:44:28,867 [   3961]   INFO - #c.i.u.i.FileBasedIndexImpl - Using nice flusher for indexes
2026-08-21 00:44:28,879 [   3973]   INFO - #c.i.u.i.IndexDataInitializer - Index data initialization done: 1620 ms. Initialized indexes: [FilenameIndex, Trigram.Index, FrameworkDetectionIndex, IdIndex, filetypes, TodoIndex, fileIncludes, RelaxSymbolIndex, DomFileIndex, XmlTagNames, html5.custom.attributes.index, XmlNamespaces, SchemaTypeInheritance, java.auto.module.name, json.file.root.values, editorconfig.index.name, yaml.keys.name, HtmlTagIdIndex, xmlProperties, java.source.module.name, java.null.method.argument, java.fun.expression, JavaFxControllerClassIndex, bytecodeAnalysis, org.jetbrains.kotlin.idea.versions.KotlinJvmMetadataVersionIndex, Stubs, org.jetbrains.kotlin.idea.versions.KotlinJsMetadataVersionIndex, javafx.id.name, javafx.custom.component, java.binary.plus.expression, org.jetbrains.kotlin.idea.vfilefinder.KotlinMetadataFilePackageIndex, org.jetbrains.kotlin.idea.vfilefinder.KotlinClassFileIndex, org.jetbrains.kotlin.idea.vfilefinder.KotlinPartialPackageNamesIndex, org.jetbrains.kotlin.idea.vfilefinder.KotlinJavaScriptMetaFileIndex, org.jetbrains.kotlin.idea.vfilefinder.KotlinMetadataFileIndex, org.jetbrains.kotlin.idea.vfilefinder.KotlinModuleMappingIndex, KotlinPackageSourcesMemberNamesIndex, org.jetbrains.kotlin.idea.vfilefinder.KotlinJvmModuleAnnotationsIndex, org.jetbrains.kotlin.idea.vfilefinder.KotlinBuiltInsMetadataIndex, org.jetbrains.kotlin.idea.vfilefinder.KotlinShortClassNameFileIndex, KotlinTopLevelClassLikeDeclarationByPackageShortNameIndex, KotlinTopLevelCallableByPackageShortNameIndex, org.jetbrains.kotlin.idea.vfilefinder.KotlinStdlibIndex, org.jetbrains.kotlin.idea.vfilefinder.KlibMetaFileIndex, com.intellij.uiDesigner.FormClassIndex, KotlinBinaryRootToPackageIndex].
2026-08-21 00:44:29,072 [   4166]   INFO - #c.i.o.a.i.ApplicationImpl - LONG VFS PROCESSING. Topic=BulkFileListener, offender=class com.intellij.history.integration.LocalHistoryEventDispatcher$LocalHistoryBulkFileListener, message=before, time=63ms
2026-08-21 00:44:29,284 [   4378]   INFO - #c.i.u.i.IndexDataInitializer - Index data initialization done: 404 ms. Initialized stub indexes: {org.jetbrains.kotlin.idea.stubindex.KotlinTopLevelTypeAliasFqNameIndex, org.jetbrains.kotlin.idea.stubindex.KotlinTopLevelClassByPackageIndex, KotlinProbablyContractedFunctionShortNameIndex, properties.index, dom.namespaceKey, gr.field.name, org.jetbrains.kotlin.idea.stubindex.KotlinClassShortNameIndex, org.jetbrains.kotlin.idea.stubindex.KotlinMultifileClassPartIndex, org.jetbrains.kotlin.idea.stubindex.KotlinFileFacadeFqNameIndex, kotlin.primeIndexKey, gr.class.fqn.s, org.jetbrains.kotlin.idea.stubindex.KotlinTypeAliasShortNameIndex, org.jetbrains.kotlin.idea.stubindex.KotlinSubclassObjectNameIndex, jvm.static.member.type, dom.elementClass, KotlinTopLevelPropertyByPackageIndex, gr.anonymous.class, java.method.parameter.types, java.unnamed.class, org.jetbrains.kotlin.idea.stubindex.KotlinInnerTypeAliasClassIdIndex, org.jetbrains.kotlin.idea.stubindex.KotlinJvmNameAnnotationIndex, org.jetbrains.kotlin.idea.stubindex.KotlinSuperClassIndex, org.jetbrains.kotlin.idea.stubindex.KotlinPropertyShortNameIndex, KotlinTopLevelExtensionsByReceiverTypeIndex, KotlinFileFacadeClassByPackageIndex, gr.method.name, java.class.extlist, java.module.name, KotlinOverridableInternalMembersShortNameIndex, KotlinTopLevelFunctionByPackageIndex, org.jetbrains.kotlin.idea.stubindex.KotlinScriptFqnIndex, org.jetbrains.kotlin.idea.stubindex.KotlinFileFacadeShortNameIndex, KotlinProbablyNothingFunctionShortNameIndex, gr.annot.members, org.jetbrains.kotlin.idea.stubindex.KotlinTopLevelPropertyFqnNameIndex, org.jetbrains.kotlin.idea.stubindex.KotlinExactPackagesIndex, jvm.static.member.name, org.jetbrains.kotlin.idea.stubindex.KotlinFunctionShortNameIndex, org.jetbrains.kotlin.idea.stubindex.KotlinTopLevelFunctionFqnNameIndex, java.field.name, org.jetbrains.kotlin.idea.stubindex.KotlinFilePartClassIndex, java.class.shortname, KotlinProbablyNothingPropertyShortNameIndex, markdown.header, KotlinTopLevelTypeAliasByPackageIndex, java.class.fqn, gr.annot.method.name, gr.script.class, org.jetbrains.kotlin.idea.stubindex.KotlinFullClassNameIndex, markdown.header.anchor, KotlinTypeAliasByExpansionShortNameIndex, KotlinExtensionsInObjectsByReceiverTypeIndex, org.jetbrains.kotlin.idea.stubindex.KotlinAnnotationsIndex, gr.class.super, java.method.name, java.anonymous.baseref, gr.script.fqn.s, java.annotations}.
2026-08-21 00:44:29,296 [   4390]   INFO - #c.i.u.i.StaleIndexesChecker - clearing stale id = 14503, path =  //home/lucasalmeida/Developer/DockerRunner/.intellijPlatform/sandbox/DockerRunner/IC-2024.1/config/workspace/3ICnp63d3eYvrnOzoHmiAnT1cH1.xml
2026-08-21 00:44:29,379 [   4473]   INFO - #c.i.o.v.n.p.d.e.DurableEnumeratorFactory - [enumerator.mmapped]: .valueHashToId (in memory) was filled (22 records)
2026-08-21 00:44:29,548 [   4642]   INFO - #c.i.p.s.StubUpdatingIndexStorage - Not updating IndexingStampInfo. inputId=14503,result=true
2026-08-21 00:44:29,787 [   4881]   WARN - #c.i.i.u.l.LafManagerImpl - VersionControl.Log.Commit.rowHeight = null in LookAndFeelThemeAdapter; it may lead to performance degradation
2026-08-21 00:44:30,229 [   5323]   INFO - #c.i.p.i.m.GlobalMenuLinux - created instance of GlobalMenuLinux for frame: com.intellij.openapi.wm.impl.IdeFrameImpl[frame0,0,0,1366x768,invalid,layout=java.awt.BorderLayout,title=,resizable,maximized,defaultCloseOperation=DO_NOTHING_ON_CLOSE,rootPane=com.intellij.openapi.wm.impl.IdeRootPane[,5,25,1356x738,invalid,layout=com.intellij.openapi.wm.impl.IdeRootPane$MyRootLayout,alignmentX=0.0,alignmentY=0.0,border=,flags=449,maximumSize=,minimumSize=,preferredSize=],rootPaneCheckingEnabled=true]
2026-08-21 00:44:30,507 [   5601]   INFO - #c.i.w.i.i.WorkspaceModelImpl - Load workspace model from cache in 418 ms
2026-08-21 00:44:30,653 [   5747]   INFO - #c.i.w.i.i.GlobalWorkspaceModel - Load global workspace model from cache in 64 ms
2026-08-21 00:44:30,803 [   5897]   INFO - #c.i.w.i.i.WorkspaceModelImpl - Project model updated silently to version 1 in 9 ms: Add module mapping
2026-08-21 00:44:31,056 [   6150]   INFO - #c.i.w.i.i.EntitiesOrphanageImpl - Update orphanage. 0 modules added
2026-08-21 00:44:31,077 [   6171]   INFO - #c.i.w.i.i.WorkspaceModelImpl - Project model updated to version 2 in 82 ms: Sync global entities with project: teste
2026-08-21 00:44:31,419 [   6513]   INFO - PerformancePlugin - Performance Plugin is in silent mode
2026-08-21 00:44:31,489 [   6583]   INFO - #c.i.p.c.ProjectCodeStyleSettingsManager - Initialized from default code style settings.
2026-08-21 00:44:31,517 [   6611]   INFO - #c.i.r.OsRegistryConfigProvider - Looking for 'enabled' value in [/etc/xdg/JetBrains/portForwarding/enabled, /etc/xdg/JetBrains/portForwarding/config.json, /home/lucasalmeida/.config/JetBrains/portForwarding/enabled, /home/lucasalmeida/.config/JetBrains/portForwarding/config.json, /home/lucasalmeida/.config/kdedefaults/JetBrains/portForwarding/enabled, /home/lucasalmeida/.config/kdedefaults/JetBrains/portForwarding/config.json, /etc/xdg/JetBrains/portForwarding/enabled, /etc/xdg/JetBrains/portForwarding/config.json, /usr/share/kde-settings/kde-profile/default/xdg/JetBrains/portForwarding/enabled, /usr/share/kde-settings/kde-profile/default/xdg/JetBrains/portForwarding/config.json]
2026-08-21 00:44:31,532 [   6626]   INFO - #c.i.r.OsRegistryConfigProvider - OS provided value for 'enabled' is not found
2026-08-21 00:44:31,596 [   6690]   INFO - #c.i.u.i.ManagedPersistentCache - created persistent map persistent-markup-teste-2473fa2c with size 3
2026-08-21 00:44:31,599 [   6693]   INFO - #c.i.u.i.ManagedPersistentCache - created persistent map persistent-folding-teste-2473fa2c with size 2
2026-08-21 00:44:31,609 [   6703]   INFO - #c.i.u.i.ManagedPersistentCache - created persistent map persistent-parameter-hints-teste-2473fa2c with size 0
2026-08-21 00:44:31,616 [   6710]   INFO - #c.i.u.i.ManagedPersistentCache - created persistent map persistent-code-vision-teste-2473fa2c with size 0
2026-08-21 00:44:31,623 [   6717]   INFO - #c.i.u.i.ManagedPersistentCache - created persistent map persistent-declarative-hints-teste-2473fa2c with size 0
2026-08-21 00:44:31,712 [   6806]   INFO - #c.j.r.f.FollowMeManager - Register new user (name: 'lucasalmeida', client id: Host)
2026-08-21 00:44:32,587 [   7681]   INFO - #c.i.o.p.MergingQueueGuiExecutor - Running task: (dumb mode task) com.intellij.openapi.project.InitialDumbTaskRequiredForSmartMode@72a77d53
2026-08-21 00:44:32,594 [   7688]   INFO - #c.i.o.p.DumbServiceMergingTaskQueue - Initializing DumbServiceMergingTaskQueue...
2026-08-21 00:44:32,599 [   7693]   INFO - #c.i.o.p.DumbServiceMergingTaskQueue - Running initialization condition: com.intellij.indexing.shared.download.SharedIndexDownloadedCondition@1450ae3a
2026-08-21 00:44:32,604 [   7698]   INFO - #c.i.o.p.DumbServiceMergingTaskQueue - Finished: com.intellij.indexing.shared.download.SharedIndexDownloadedCondition@1450ae3a
2026-08-21 00:44:32,626 [   7720]   INFO - #c.i.o.p.InitialDumbTaskRequiredForSmartMode - Running task required for smart mode: com.intellij.indexing.shared.platform.impl.OnDiskSharedIndexChunkLocator@4da0aba1
2026-08-21 00:44:32,632 [   7726]   INFO - #c.i.o.p.InitialDumbTaskRequiredForSmartMode - Finished task required for smart mode: com.intellij.indexing.shared.platform.impl.OnDiskSharedIndexChunkLocator@4da0aba1
2026-08-21 00:44:32,634 [   7728]   INFO - #c.i.o.p.InitialDumbTaskRequiredForSmartMode - Running task required for smart mode: com.intellij.util.indexing.ProjectFileBasedIndexStartupActivity@751429fc
2026-08-21 00:44:32,647 [   7741]   INFO - #c.i.u.i.p.IncrementalProjectIndexableFilesFilterHolder - IncrementalProjectIndexableFilesFilterFactory is chosen as indexable files filter factory for project: teste
2026-08-21 00:44:32,689 [   7783]   INFO - #c.i.o.p.InitialDumbTaskRequiredForSmartMode - Finished task required for smart mode: com.intellij.util.indexing.ProjectFileBasedIndexStartupActivity@751429fc
2026-08-21 00:44:32,691 [   7785]   INFO - #c.i.o.p.InitialDumbTaskRequiredForSmartMode - Running task required for smart mode: com.intellij.util.indexing.FileBasedIndexInfrastructureExtensionStartup@334251c9
2026-08-21 00:44:32,694 [   7788]   INFO - #c.i.o.p.InitialDumbTaskRequiredForSmartMode - Finished task required for smart mode: com.intellij.util.indexing.FileBasedIndexInfrastructureExtensionStartup@334251c9
2026-08-21 00:44:32,696 [   7790]   INFO - #c.i.o.p.InitialDumbTaskRequiredForSmartMode - Running task required for smart mode: com.intellij.externalDependencies.impl.CheckRequiredPluginsActivity@349f07d
2026-08-21 00:44:32,702 [   7796]   INFO - #c.i.o.p.InitialDumbTaskRequiredForSmartMode - Finished task required for smart mode: com.intellij.externalDependencies.impl.CheckRequiredPluginsActivity@349f07d
2026-08-21 00:44:32,703 [   7797]   INFO - #c.i.o.p.InitialDumbTaskRequiredForSmartMode - Running task required for smart mode: com.intellij.util.indexing.DumbModeWhileScanningSubscriber@14f9c1b3
2026-08-21 00:44:32,717 [   7811]   INFO - #c.i.o.p.InitialDumbTaskRequiredForSmartMode - Finished task required for smart mode: com.intellij.util.indexing.DumbModeWhileScanningSubscriber@14f9c1b3
2026-08-21 00:44:32,718 [   7812]   INFO - #c.i.o.p.InitialDumbTaskRequiredForSmartMode - Running task required for smart mode: com.intellij.ide.projectWizard.generators.SdkPreIndexingRequiredForSmartModeActivity@3c187492
2026-08-21 00:44:32,721 [   7815]   INFO - #c.i.o.p.InitialDumbTaskRequiredForSmartMode - Finished task required for smart mode: com.intellij.ide.projectWizard.generators.SdkPreIndexingRequiredForSmartModeActivity@3c187492
2026-08-21 00:44:32,722 [   7816]   INFO - #c.i.o.p.MergingQueueGuiExecutor - Task finished: (dumb mode task) com.intellij.openapi.project.InitialDumbTaskRequiredForSmartMode@72a77d53
2026-08-21 00:44:33,599 [   8693]   INFO - #c.i.o.a.i.ActionUpdater - 1267 ms to grab EDT for ToolWindowHeader$2#children@ToolwindowTitle (com.intellij.toolWindow.ToolWindowHeader$2)
2026-08-21 00:44:33,953 [   9047]   INFO - #c.i.o.a.i.ActionPopupMenuImpl - isPopupOrMainMenuPlace(StickyLine)==false. Use ActionPlaces.getPopupPlace.
2026-08-21 00:44:33,955 [   9049]   INFO - #c.i.o.a.i.ActionPopupMenuImpl - isPopupOrMainMenuPlace(StickyLine)==false. Use ActionPlaces.getPopupPlace.
2026-08-21 00:44:33,956 [   9050]   INFO - #c.i.o.a.i.ActionPopupMenuImpl - isPopupOrMainMenuPlace(StickyLine)==false. Use ActionPlaces.getPopupPlace.
2026-08-21 00:44:33,958 [   9052]   INFO - #c.i.o.a.i.ActionPopupMenuImpl - isPopupOrMainMenuPlace(StickyLine)==false. Use ActionPlaces.getPopupPlace.
2026-08-21 00:44:33,959 [   9053]   INFO - #c.i.o.a.i.ActionPopupMenuImpl - isPopupOrMainMenuPlace(StickyLine)==false. Use ActionPlaces.getPopupPlace.
2026-08-21 00:44:34,428 [   9522]   INFO - #c.i.o.p.MergingQueueGuiExecutor - Running task: (dumb mode task) com.intellij.util.indexing.UnindexedFilesScanner$2@1457bc8e
2026-08-21 00:44:34,435 [   9529]   INFO - #c.i.o.p.MergingQueueGuiExecutor - Running task: UnindexedFilesScanner[teste]
2026-08-21 00:44:34,437 [   9531]   INFO - #c.i.o.p.MergingQueueGuiExecutor - Task finished: (dumb mode task) com.intellij.util.indexing.UnindexedFilesScanner$2@1457bc8e
2026-08-21 00:44:34,641 [   9735]   INFO - #c.i.o.a.i.ActionUpdater - 484 ms to grab EDT for FontEditorPreview$RestorePreviewTextAction#presentation@ContextToolbar (com.intellij.application.options.colors.FontEditorPreview$RestorePreviewTextAction)
2026-08-21 00:44:34,642 [   9736]   INFO - #c.i.o.a.i.ActionUpdater - 490 ms to grab EDT for FontEditorPreview$ToggleBoldFontAction#presentation@ContextToolbar (com.intellij.application.options.colors.FontEditorPreview$ToggleBoldFontAction)
2026-08-21 00:44:34,642 [   9736]   INFO - #c.i.o.a.i.ActionUpdater - 455 ms to grab EDT for ToolWindowHeader$2#children@ToolwindowTitle (com.intellij.toolWindow.ToolWindowHeader$2)
2026-08-21 00:44:35,136 [  10230]   INFO - #c.i.o.p.DumbServiceImpl - exit dumb mode [teste]
2026-08-21 00:44:35,632 [  10726]   INFO - #c.i.u.i.UnindexedFilesScanner - Started scanning for indexing of teste. Reason: On project open
2026-08-21 00:44:35,805 [  10899]   INFO - #c.i.u.i.UnindexedFilesScanner - Performing delayed pushing properties tasks for teste took 149ms; general responsiveness: ok; EDT responsiveness: ok
2026-08-21 00:44:36,056 [  11150]   INFO - #c.i.u.i.d.AppIndexingDependenciesService - Invalidating all indexing flags. Reason: App fingerprint changed: FingerprintImpl(fingerprint=-8889738107052550146) to FingerprintImpl(fingerprint=-857703030131833831)
2026-08-21 00:44:36,151 [  11245]   INFO - #c.i.u.i.UnindexedFilesScanner - Scanning of teste uses 7 scanning threads
2026-08-21 00:44:36,865 [  11959]   WARN - #c.i.o.a.i.ActionUpdater - 1105 ms to call on BGT ExecutorRegistryImpl$ExecutorAction#presentation@NavBarToolbar (com.intellij.execution.ExecutorRegistryImpl$ExecutorAction(id=Run))
2026-08-21 00:44:39,266 [  14360]   INFO - #c.i.o.u.i.UpdateCheckerService - channel: release
2026-08-21 00:44:39,857 [  14951]   INFO - #c.i.o.e.s.p.m.ExternalProjectsDataStorage - Load external projects data in 2 millis (read time: 2)
2026-08-21 00:44:40,035 [  15129] SEVERE - #c.i.c.ComponentStoreImpl - Cannot init component state (componentName=GradleJvmSupportMatrix, componentClass=GradleJvmSupportMatrix) [Plugin: com.intellij.gradle]
com.intellij.diagnostic.PluginException: Cannot init component state (componentName=GradleJvmSupportMatrix, componentClass=GradleJvmSupportMatrix) [Plugin: com.intellij.gradle]
	at com.intellij.configurationStore.ComponentStoreImpl.initComponent(ComponentStoreImpl.kt:181)
	at com.intellij.configurationStore.ComponentStoreWithExtraComponents.initComponent(ComponentStoreWithExtraComponents.kt:44)
	at com.intellij.serviceContainer.ComponentManagerImpl.initializeService$intellij_platform_serviceContainer(ComponentManagerImpl.kt:659)
	at com.intellij.serviceContainer.ServiceInstanceInitializer.createInstance$suspendImpl(ServiceInstanceInitializer.kt:70)
	at com.intellij.serviceContainer.ServiceInstanceInitializer.createInstance(ServiceInstanceInitializer.kt)
	at com.intellij.platform.instanceContainer.internal.LazyInstanceHolder$initialize$1$1.invokeSuspend(LazyInstanceHolder.kt:162)
	at com.intellij.platform.instanceContainer.internal.LazyInstanceHolder$initialize$1$1.invoke(LazyInstanceHolder.kt)
	at com.intellij.platform.instanceContainer.internal.LazyInstanceHolder$initialize$1$1.invoke(LazyInstanceHolder.kt)
	at kotlinx.coroutines.intrinsics.UndispatchedKt.startUndispatchedOrReturn(Undispatched.kt:78)
	at kotlinx.coroutines.BuildersKt__Builders_commonKt.withContext(Builders.common.kt:167)
	at kotlinx.coroutines.BuildersKt.withContext(Unknown Source)
	at com.intellij.platform.instanceContainer.internal.LazyInstanceHolder$initialize$1.invokeSuspend(LazyInstanceHolder.kt:160)
	at com.intellij.platform.instanceContainer.internal.LazyInstanceHolder$initialize$1.invoke(LazyInstanceHolder.kt)
	at com.intellij.platform.instanceContainer.internal.LazyInstanceHolder$initialize$1.invoke(LazyInstanceHolder.kt)
	at kotlinx.coroutines.intrinsics.UndispatchedKt.startCoroutineUndispatched(Undispatched.kt:44)
	at kotlinx.coroutines.CoroutineStart.invoke(CoroutineStart.kt:112)
	at kotlinx.coroutines.AbstractCoroutine.start(AbstractCoroutine.kt:126)
	at kotlinx.coroutines.BuildersKt__Builders_commonKt.launch(Builders.common.kt:56)
	at kotlinx.coroutines.BuildersKt.launch(Unknown Source)
	at com.intellij.platform.instanceContainer.internal.LazyInstanceHolder.initialize(LazyInstanceHolder.kt:145)
	at com.intellij.platform.instanceContainer.internal.LazyInstanceHolder.access$initialize(LazyInstanceHolder.kt:13)
	at com.intellij.platform.instanceContainer.internal.LazyInstanceHolder.tryInitialize(LazyInstanceHolder.kt:135)
	at com.intellij.platform.instanceContainer.internal.LazyInstanceHolder.getInstance(LazyInstanceHolder.kt:95)
	at com.intellij.platform.instanceContainer.internal.LazyInstanceHolder.getInstanceInCallerContext$suspendImpl(LazyInstanceHolder.kt:87)
	at com.intellij.platform.instanceContainer.internal.LazyInstanceHolder.getInstanceInCallerContext(LazyInstanceHolder.kt)
	at com.intellij.serviceContainer.ComponentManagerImplKt$getOrCreateInstanceBlocking$3.invokeSuspend(ComponentManagerImpl.kt:1548)
	at kotlin.coroutines.jvm.internal.BaseContinuationImpl.resumeWith(ContinuationImpl.kt:33)
	at kotlinx.coroutines.DispatchedTask.run(DispatchedTask.kt:108)
	at kotlinx.coroutines.EventLoopImplBase.processNextEvent(EventLoop.common.kt:280)
	at kotlinx.coroutines.BlockingCoroutine.joinBlocking(Builders.kt:85)
	at kotlinx.coroutines.BuildersKt__BuildersKt.runBlocking(Builders.kt:59)
	at kotlinx.coroutines.BuildersKt.runBlocking(Unknown Source)
	at com.intellij.serviceContainer.ComponentManagerImplKt$runBlockingInitialization$1.invoke(ComponentManagerImpl.kt:1636)
	at com.intellij.serviceContainer.ComponentManagerImplKt$runBlockingInitialization$1.invoke(ComponentManagerImpl.kt:1627)
	at com.intellij.openapi.progress.ContextKt.prepareThreadContext(context.kt:80)
	at com.intellij.serviceContainer.ComponentManagerImplKt.runBlockingInitialization(ComponentManagerImpl.kt:1627)
	at com.intellij.serviceContainer.ComponentManagerImplKt.getOrCreateInstanceBlocking(ComponentManagerImpl.kt:1547)
	at com.intellij.serviceContainer.ComponentManagerImpl.doGetService(ComponentManagerImpl.kt:754)
	at com.intellij.serviceContainer.ComponentManagerImpl.getService(ComponentManagerImpl.kt:698)
	at org.jetbrains.plugins.gradle.jvmcompat.GradleJvmSupportMatrix$Companion.getInstance(GradleJvmSupportMatrix.kt:224)
	at org.jetbrains.plugins.gradle.jvmcompat.GradleCompatibilitySupportUpdater.<init>(GradleCompatibilitySupportUpdater.kt:14)
	at com.intellij.platform.instanceContainer.instantiation.InstantiateKt$instantiate$2.invoke(instantiate.kt:45)
	at com.intellij.platform.instanceContainer.instantiation.InstantiateKt$instantiate$2.invoke(instantiate.kt:42)
	at com.intellij.platform.instanceContainer.instantiation.InstantiateKt.instantiate(instantiate.kt:308)
	at com.intellij.platform.instanceContainer.instantiation.InstantiateKt.instantiate(instantiate.kt:42)
	at com.intellij.serviceContainer.ServiceInstanceInitializer.createInstance$suspendImpl(ServiceInstanceInitializer.kt:31)
	at com.intellij.serviceContainer.ServiceInstanceInitializer.createInstance(ServiceInstanceInitializer.kt)
	at com.intellij.platform.instanceContainer.internal.LazyInstanceHolder$initialize$1$1.invokeSuspend(LazyInstanceHolder.kt:162)
	at com.intellij.platform.instanceContainer.internal.LazyInstanceHolder$initialize$1$1.invoke(LazyInstanceHolder.kt)
	at com.intellij.platform.instanceContainer.internal.LazyInstanceHolder$initialize$1$1.invoke(LazyInstanceHolder.kt)
	at kotlinx.coroutines.intrinsics.UndispatchedKt.startUndispatchedOrReturn(Undispatched.kt:78)
	at kotlinx.coroutines.BuildersKt__Builders_commonKt.withContext(Builders.common.kt:167)
	at kotlinx.coroutines.BuildersKt.withContext(Unknown Source)
	at com.intellij.platform.instanceContainer.internal.LazyInstanceHolder$initialize$1.invokeSuspend(LazyInstanceHolder.kt:160)
	at com.intellij.platform.instanceContainer.internal.LazyInstanceHolder$initialize$1.invoke(LazyInstanceHolder.kt)
	at com.intellij.platform.instanceContainer.internal.LazyInstanceHolder$initialize$1.invoke(LazyInstanceHolder.kt)
	at kotlinx.coroutines.intrinsics.UndispatchedKt.startCoroutineUndispatched(Undispatched.kt:44)
	at kotlinx.coroutines.CoroutineStart.invoke(CoroutineStart.kt:112)
	at kotlinx.coroutines.AbstractCoroutine.start(AbstractCoroutine.kt:126)
	at kotlinx.coroutines.BuildersKt__Builders_commonKt.launch(Builders.common.kt:56)
	at kotlinx.coroutines.BuildersKt.launch(Unknown Source)
	at com.intellij.platform.instanceContainer.internal.LazyInstanceHolder.initialize(LazyInstanceHolder.kt:145)
	at com.intellij.platform.instanceContainer.internal.LazyInstanceHolder.access$initialize(LazyInstanceHolder.kt:13)
	at com.intellij.platform.instanceContainer.internal.LazyInstanceHolder.tryInitialize(LazyInstanceHolder.kt:135)
	at com.intellij.platform.instanceContainer.internal.LazyInstanceHolder.getInstance(LazyInstanceHolder.kt:95)
	at com.intellij.platform.instanceContainer.internal.LazyInstanceHolder.getInstance$suspendImpl(LazyInstanceHolder.kt:83)
	at com.intellij.platform.instanceContainer.internal.LazyInstanceHolder.getInstance(LazyInstanceHolder.kt)
	at com.intellij.platform.instanceContainer.internal.InstanceContainerImpl.instance(InstanceContainerImpl.kt:68)
	at com.intellij.serviceContainer.ComponentManagerImpl.getServiceAsync(ComponentManagerImpl.kt:702)
	at org.jetbrains.plugins.gradle.service.project.GradleVersionUpdateStartupActivity.execute(GradleVersionUpdateStartupActivity.kt:26)
	at com.intellij.ide.startup.impl.StartupManagerImplKt$launchActivity$1.invokeSuspend(StartupManagerImpl.kt:473)
	at kotlin.coroutines.jvm.internal.BaseContinuationImpl.resumeWith(ContinuationImpl.kt:33)
	at kotlinx.coroutines.DispatchedTask.run(DispatchedTask.kt:108)
	at kotlinx.coroutines.scheduling.CoroutineScheduler.runSafely(CoroutineScheduler.kt:584)
	at kotlinx.coroutines.scheduling.CoroutineScheduler$Worker.executeTask(CoroutineScheduler.kt:793)
	at kotlinx.coroutines.scheduling.CoroutineScheduler$Worker.runWorker(CoroutineScheduler.kt:697)
	at kotlinx.coroutines.scheduling.CoroutineScheduler$Worker.run(CoroutineScheduler.kt:684)
Caused by: java.lang.IllegalArgumentException: 25
	at com.intellij.util.lang.JavaVersion.parse(JavaVersion.java:307)
	at org.jetbrains.plugins.gradle.jvmcompat.GradleJvmSupportMatrix$getCompatibilityRanges$1$javaRange$1.invoke(GradleJvmSupportMatrix.kt:44)
	at org.jetbrains.plugins.gradle.jvmcompat.GradleJvmSupportMatrix$getCompatibilityRanges$1$javaRange$1.invoke(GradleJvmSupportMatrix.kt:44)
	at org.jetbrains.plugins.gradle.jvmcompat.IdeVersionedDataParser$Companion.parseVersion(IdeVersionedDataParser.kt:21)
	at org.jetbrains.plugins.gradle.jvmcompat.IdeVersionedDataParser$Companion.parseRange(IdeVersionedDataParser.kt:31)
	at org.jetbrains.plugins.gradle.jvmcompat.GradleJvmSupportMatrix.getCompatibilityRanges(GradleJvmSupportMatrix.kt:44)
	at org.jetbrains.plugins.gradle.jvmcompat.GradleJvmSupportMatrix.applyState(GradleJvmSupportMatrix.kt:28)
	at org.jetbrains.plugins.gradle.jvmcompat.GradleJvmSupportMatrix.onStateChanged(GradleJvmSupportMatrix.kt:50)
	at org.jetbrains.plugins.gradle.jvmcompat.GradleJvmSupportMatrix.onStateChanged(GradleJvmSupportMatrix.kt:13)
	at org.jetbrains.plugins.gradle.jvmcompat.IdeVersionedDataStorage.loadState(IdeVersionedDataStorage.kt:38)
	at org.jetbrains.plugins.gradle.jvmcompat.IdeVersionedDataStorage.loadState(IdeVersionedDataStorage.kt:7)
	at com.intellij.configurationStore.ComponentStoreImpl.doInitComponent(ComponentStoreImpl.kt:587)
	at com.intellij.configurationStore.ComponentStoreImpl.initComponent(ComponentStoreImpl.kt:487)
	at com.intellij.configurationStore.ComponentStoreImpl.initComponent(ComponentStoreImpl.kt:156)
	... 76 more
2026-08-21 00:44:40,326 [  15420] SEVERE - #c.i.c.ComponentStoreImpl - IntelliJ IDEA 2024.1  Build #IC-241.14494.240
2026-08-21 00:44:40,348 [  15442] SEVERE - #c.i.c.ComponentStoreImpl - JDK: 17.0.10; VM: OpenJDK 64-Bit Server VM; Vendor: JetBrains s.r.o.
2026-08-21 00:44:40,350 [  15444] SEVERE - #c.i.c.ComponentStoreImpl - OS: Linux
2026-08-21 00:44:40,350 [  15444] SEVERE - #c.i.c.ComponentStoreImpl - Last Action: 
2026-08-21 00:44:40,759 [  15853]   INFO - #c.i.w.i.i.j.s.JpsGlobalModelSynchronizerImpl - Loading global entities com.intellij.platform.workspace.jps.entities.SdkEntity from files
2026-08-21 00:44:40,809 [  15903]   INFO - #c.i.w.i.i.j.s.JpsGlobalModelSynchronizerImpl - Loading global entities com.intellij.platform.workspace.jps.entities.LibraryEntity from files
2026-08-21 00:44:40,962 [  16056]   INFO - #c.i.o.p.SmartModeScheduler - Post-startup activity executed. Current mode: 5
2026-08-21 00:44:40,990 [  16084]   INFO - #c.i.i.s.IdeStartupScripts - 0 startup script(s) found
2026-08-21 00:44:41,095 [  16189]   INFO - #c.i.d.PerformanceWatcherImpl - Post-startup activities under progress took 1620ms; general responsiveness: 0/14 sluggish, 14/14 very slow; EDT responsiveness: ok
2026-08-21 00:44:41,495 [  16589]   INFO - #c.i.w.i.i.EntitiesOrphanageImpl - Update orphanage. 0 modules added
2026-08-21 00:44:41,500 [  16594]   INFO - #c.i.w.i.i.WorkspaceModelImpl - Project model updated to version 3 in 9 ms: Sync global entities with project: teste
2026-08-21 00:44:41,501 [  16595]   INFO - #c.i.w.i.i.GlobalWorkspaceModel - Global model updated to version 2 in 18 ms: Sync global entities with state
2026-08-21 00:44:41,781 [  16875]   INFO - #c.i.c.CompilerWorkspaceConfiguration - Available processors: 8
2026-08-21 00:44:45,499 [  20593]   INFO - #c.i.u.i.UnindexedFilesScanner - Scanning completed for teste. Number of scanned files: 42584; number of files for indexing: 0 took 9693ms; general responsiveness: 0/18 sluggish, 15/18 very slow; EDT responsiveness: 0/5 sluggish, 1/5 very slow
2026-08-21 00:44:45,501 [  20595]   INFO - #c.i.o.p.InitialVfsRefreshService - 2473fa2c: marking roots for initial VFS refresh
2026-08-21 00:44:45,503 [  20597]   INFO - #c.i.u.i.PerProjectIndexingQueue - Finished for teste. No files to index with loading content.
2026-08-21 00:44:45,504 [  20598]   INFO - #c.i.o.p.InitialVfsRefreshService - 2473fa2c: starting initial VFS refresh of 4 roots
2026-08-21 00:44:45,522 [  20616]   INFO - #c.i.o.p.MergingQueueGuiExecutor - Task finished: UnindexedFilesScanner[teste]
2026-08-21 00:44:45,532 [  20626]   INFO - #c.i.o.p.InitialVfsRefreshService - 2473fa2c: initial VFS refresh finished in 26 ms
2026-08-21 00:44:46,184 [  21278]   INFO - #o.j.j.b.i.CompilerReferenceIndex - backward reference index version doesn't exist
2026-08-21 00:44:46,203 [  21297]   INFO - #c.i.c.b.IsUpToDateCheckStartupActivity - suitable consumer is not found
2026-08-21 00:44:46,290 [  21384]   INFO - #c.i.w.i.i.GlobalWorkspaceModel - Sync global entities with mutable entity storage
2026-08-21 00:44:46,299 [  21393]   INFO - #c.i.w.i.i.j.s.JpsProjectModelSynchronizer - Attempt 1: Apply JPS storage (iml files)
2026-08-21 00:44:48,024 [  23118]   INFO - #c.i.w.i.i.EntitiesOrphanageImpl - Update orphanage. 0 modules added
2026-08-21 00:44:48,030 [  23124]   INFO - #c.i.w.i.i.j.s.JpsProjectModelSynchronizer - Attempt 1: Changes were successfully applied
2026-08-21 00:44:48,034 [  23128]   INFO - #c.i.w.i.i.j.s.DelayedProjectSynchronizer$Util - Workspace model loaded from cache. Syncing real project state into workspace model in 1920 ms. Thread[DefaultDispatcher-worker-113 @run activity#5799,5,main]
2026-08-21 00:44:52,663 [  27757]   INFO - #c.i.w.i.i.j.s.JpsGlobalModelSynchronizerImpl - Saving global entities com.intellij.platform.workspace.jps.entities.SdkEntity to files
2026-08-21 00:44:52,694 [  27788]   INFO - #c.i.w.i.i.j.s.JpsGlobalModelSynchronizerImpl - Saving global entities com.intellij.platform.workspace.jps.entities.LibraryEntity to files
2026-08-21 00:44:53,948 [  29042]   INFO - #c.i.c.ComponentStoreImpl - Saving appFileTypeManager took 22 ms
2026-08-21 00:44:54,442 [  29536]   WARN - #c.i.u.x.Binding - No accessors for org.jetbrains.kotlin.cli.common.arguments.InternalArgument. This means that state class cannot be serialized properly. Please see https://jb.gg/ij-psoc
2026-08-21 00:44:54,496 [  29590]   INFO - #c.i.c.ComponentStoreImpl - Saving Project(name=teste, containerState=COMPONENT_CREATED, componentStore=/home/lucasalmeida/IdeaProjects/teste)DynamicElementsStorage took 25 ms, RunManager took 34 ms
2026-08-21 00:44:54,497 [  29591]   INFO - #c.i.o.c.i.s.StoreUtil - saveProjectsAndApp took 1846 ms
2026-08-21 00:45:00,737 [  35831]   INFO - #c.i.o.a.i.ActionUpdater - 2032 ms to grab EDT for EditorMarkupModelImpl$TrafficLightAction#presentation@EditorInspectionsToolbar (com.intellij.openapi.editor.impl.EditorMarkupModelImpl$TrafficLightAction)
2026-08-21 00:45:00,737 [  35831]   INFO - #c.i.o.a.i.ActionUpdater - 2033 ms to grab EDT for EditorMarkupModelImpl$1#presentation@EditorInspectionsToolbar (com.intellij.openapi.editor.impl.EditorMarkupModelImpl$1)
2026-08-21 00:45:00,745 [  35839]   INFO - #c.i.o.a.i.ActionUpdater - 2029 ms to grab EDT for DockToolWindowAction#presentation@ToolwindowTitle (com.intellij.openapi.wm.impl.DockToolWindowAction)
2026-08-21 00:45:00,755 [  35849]   INFO - #c.i.o.a.i.ActionUpdater - 2027 ms to grab EDT for ExpandAllAction#presentation@ToolwindowTitle (com.intellij.ide.actions.ExpandAllAction)
2026-08-21 00:45:00,758 [  35852]   INFO - #c.i.o.a.i.ActionUpdater - 2027 ms to grab EDT for CollapseAllAction#presentation@ToolwindowTitle (com.intellij.ide.actions.CollapseAllAction)
2026-08-21 00:45:00,769 [  35863]   WARN - #c.i.o.a.i.ActionUpdater - 4065 ms total to grab EDT 2 times to expand DefaultActionGroup@EditorInspectionsToolbar (com.intellij.openapi.actionSystem.DefaultActionGroup). Use `ActionUpdateThread.BGT`.
2026-08-21 00:45:00,771 [  35865]   WARN - #c.i.o.a.i.ActionUpdater - 6085 ms total to grab EDT 4 times to expand ToolWindowHeader$2@ToolwindowTitle (com.intellij.toolWindow.ToolWindowHeader$2). Use `ActionUpdateThread.BGT`.
2026-08-21 00:45:01,037 [  36131]   INFO - #c.i.w.i.i.j.s.JpsGlobalModelSynchronizerImpl - Saving global entities com.intellij.platform.workspace.jps.entities.SdkEntity to files
2026-08-21 00:45:01,041 [  36135]   INFO - #c.i.w.i.i.j.s.JpsGlobalModelSynchronizerImpl - Saving global entities com.intellij.platform.workspace.jps.entities.LibraryEntity to files
2026-08-21 00:45:16,208 [  51302]   INFO - #c.j.r.p.c.CodeWithMeCleanup - running activity to cleanup old thin clients... Root path is '/home/lucasalmeida/.cache/JetBrains'. JvmStartTimeMs=1787283864196
2026-08-21 00:45:16,210 [  51304]   INFO - #c.j.r.p.c.CodeWithMeCleanup - found 0 Code With Me client system folders to check
2026-08-21 00:45:16,212 [  51306]   INFO - #c.j.r.p.c.CodeWithMeCleanup - found 0 Code With Me client config folders to check
2026-08-21 00:45:16,217 [  51311]   INFO - #c.j.r.p.c.CodeWithMeCleanup - keep only [] major versions
2026-08-21 00:45:16,218 [  51312]   INFO - #c.j.r.p.c.CodeWithMeCleanup - Starting the logs folder cleanup. Path: /home/lucasalmeida/Developer/DockerRunner/.intellijPlatform/sandbox/DockerRunner/IC-2024.1/log
2026-08-21 00:45:16,219 [  51313]   INFO - #c.i.r.OsRegistryConfigProvider - Looking for 'versionManagementEnabled' value in [/etc/xdg/JetBrains/JetBrainsClient/versionManagementEnabled, /etc/xdg/JetBrains/JetBrainsClient/config.json, /home/lucasalmeida/.config/JetBrains/JetBrainsClient/versionManagementEnabled, /home/lucasalmeida/.config/JetBrains/JetBrainsClient/config.json, /home/lucasalmeida/.config/kdedefaults/JetBrains/JetBrainsClient/versionManagementEnabled, /home/lucasalmeida/.config/kdedefaults/JetBrains/JetBrainsClient/config.json, /etc/xdg/JetBrains/JetBrainsClient/versionManagementEnabled, /etc/xdg/JetBrains/JetBrainsClient/config.json, /usr/share/kde-settings/kde-profile/default/xdg/JetBrains/JetBrainsClient/versionManagementEnabled, /usr/share/kde-settings/kde-profile/default/xdg/JetBrains/JetBrainsClient/config.json]
2026-08-21 00:45:16,221 [  51315]   INFO - #c.i.r.OsRegistryConfigProvider - OS provided value for 'versionManagementEnabled' is not found
2026-08-21 00:45:25,788 [  60882]   WARN - #c.i.u.x.Binding - No accessors for com.intellij.platform.feedback.impl.state.DontShowAgainFeedbackState. This means that state class cannot be serialized properly. Please see https://jb.gg/ij-psoc
2026-08-21 00:45:25,789 [  60883]   WARN - #c.i.u.x.Binding - No accessors for com.intellij.platform.feedback.impl.state.CommonFeedbackSurveysState. This means that state class cannot be serialized properly. Please see https://jb.gg/ij-psoc
2026-08-21 00:45:26,631 [  61725]   WARN - #c.i.o.m.LanguageLevelUtil - File not found: api23.txt
2026-08-21 00:45:26,951 [  62045]   INFO - #c.i.p.m.MavenProjectDependenciesModel - Start collecting all modules
2026-08-21 00:45:26,967 [  62061]   INFO - #c.i.p.g.GradleProjectDependenciesModel - Start collecting all modules
2026-08-21 00:45:26,973 [  62067]   INFO - #c.i.p.g.GradleProjectDependenciesModel - Finish collecting all modules, count of found modules: 0
2026-08-21 00:45:26,993 [  62087]   INFO - #c.i.p.m.i.ProjectDependenciesModelImpl - Count of declared packages: null, imported packages: 0
2026-08-21 00:45:27,988 [  63082]   INFO - #c.i.p.m.ProjectDependenciesModuleAggregator - Supported models after update: [IntellijModuleProjectDependenciesModel, IntellijProjectDependenciesModel]
2026-08-21 00:45:28,001 [  63095]   INFO - #c.i.p.m.i.ProjectDependenciesModelImpl - Count of declared packages: 0, imported packages: 0
2026-08-21 00:45:31,756 [  66850]   INFO - #c.i.w.i.i.j.s.JpsGlobalModelSynchronizerImpl - Saving global entities com.intellij.platform.workspace.jps.entities.SdkEntity to files
2026-08-21 00:45:31,757 [  66851]   INFO - #c.i.w.i.i.j.s.JpsGlobalModelSynchronizerImpl - Saving global entities com.intellij.platform.workspace.jps.entities.LibraryEntity to files
2026-08-21 00:45:33,382 [  68476]   INFO - #c.i.w.i.i.j.s.JpsGlobalModelSynchronizerImpl - Saving global entities com.intellij.platform.workspace.jps.entities.SdkEntity to files
2026-08-21 00:45:33,383 [  68477]   INFO - #c.i.w.i.i.j.s.JpsGlobalModelSynchronizerImpl - Saving global entities com.intellij.platform.workspace.jps.entities.LibraryEntity to files
2026-08-21 00:45:33,425 [  68519]   INFO - #c.i.c.ComponentStoreImpl - Saving Project(name=teste, containerState=COMPONENT_CREATED, componentStore=/home/lucasalmeida/IdeaProjects/teste)KotlinCommonCompilerArguments took 16 ms
2026-08-21 00:45:35,632 [  70726]   INFO - #c.i.u.g.s.GistStorageImpl - Cleaning old huge-gists dirs from [/home/lucasalmeida/Developer/DockerRunner/.intellijPlatform/sandbox/DockerRunner/IC-2024.1/system/caches/huge-gists] ...
2026-08-21 00:45:35,633 [  70727]   INFO - #c.i.u.g.s.GistStorageImpl - Cleaning old huge-gists dirs finished
2026-08-21 00:46:30,405 [ 125499]   INFO - #c.i.w.i.i.j.s.JpsGlobalModelSynchronizerImpl - Saving global entities com.intellij.platform.workspace.jps.entities.SdkEntity to files
2026-08-21 00:46:30,410 [ 125504]   INFO - #c.i.w.i.i.j.s.JpsGlobalModelSynchronizerImpl - Saving global entities com.intellij.platform.workspace.jps.entities.LibraryEntity to files
2026-08-21 00:46:34,681 [ 129775]   INFO - #c.i.w.i.i.j.s.JpsGlobalModelSynchronizerImpl - Saving global entities com.intellij.platform.workspace.jps.entities.SdkEntity to files
2026-08-21 00:46:34,683 [ 129777]   INFO - #c.i.w.i.i.j.s.JpsGlobalModelSynchronizerImpl - Saving global entities com.intellij.platform.workspace.jps.entities.LibraryEntity to files
2026-08-21 00:46:41,543 [ 136637]   INFO - #c.i.w.i.i.j.s.JpsGlobalModelSynchronizerImpl - Saving global entities com.intellij.platform.workspace.jps.entities.SdkEntity to files
2026-08-21 00:46:41,545 [ 136639]   INFO - #c.i.w.i.i.j.s.JpsGlobalModelSynchronizerImpl - Saving global entities com.intellij.platform.workspace.jps.entities.LibraryEntity to files
2026-08-21 00:47:02,043 [ 157137]   INFO - #c.i.w.i.i.j.s.JpsGlobalModelSynchronizerImpl - Saving global entities com.intellij.platform.workspace.jps.entities.SdkEntity to files
2026-08-21 00:47:02,044 [ 157138]   INFO - #c.i.w.i.i.j.s.JpsGlobalModelSynchronizerImpl - Saving global entities com.intellij.platform.workspace.jps.entities.LibraryEntity to files
2026-08-21 00:47:02,099 [ 157193]   INFO - #c.i.c.ComponentStoreImpl - Saving Project(name=teste, containerState=COMPONENT_CREATED, componentStore=/home/lucasalmeida/IdeaProjects/teste)Kotlin2JvmCompilerArguments took 13 ms
2026-08-21 00:47:07,080 [ 162174]   INFO - #c.i.w.i.i.j.s.JpsGlobalModelSynchronizerImpl - Saving global entities com.intellij.platform.workspace.jps.entities.SdkEntity to files
2026-08-21 00:47:07,082 [ 162176]   INFO - #c.i.w.i.i.j.s.JpsGlobalModelSynchronizerImpl - Saving global entities com.intellij.platform.workspace.jps.entities.LibraryEntity to files
2026-08-21 00:48:36,944 [ 252038]   INFO - #c.i.w.i.i.j.s.JpsGlobalModelSynchronizerImpl - Saving global entities com.intellij.platform.workspace.jps.entities.SdkEntity to files
2026-08-21 00:48:36,946 [ 252040]   INFO - #c.i.w.i.i.j.s.JpsGlobalModelSynchronizerImpl - Saving global entities com.intellij.platform.workspace.jps.entities.LibraryEntity to files
2026-08-21 00:48:41,304 [ 256398]   INFO - #c.i.x.Html5SchemaProvider - HTML5_SCHEMA_LOCATION = /home/lucasalmeida/.gradle/caches/9.6.0/transforms/bea1b87427568a068e547fc0eae09392/transformed/ideaIC-2024.1/lib/app.jar!/resources/html5-schema/html5.rnc
2026-08-21 00:48:41,376 [ 256470]   INFO - #c.i.w.i.i.j.s.JpsGlobalModelSynchronizerImpl - Saving global entities com.intellij.platform.workspace.jps.entities.SdkEntity to files
2026-08-21 00:48:41,377 [ 256471]   INFO - #c.i.w.i.i.j.s.JpsGlobalModelSynchronizerImpl - Saving global entities com.intellij.platform.workspace.jps.entities.LibraryEntity to files
2026-08-21 00:48:41,423 [ 256517]   INFO - #c.i.a.o.PathMacrosImpl - Saved path macros: {MAVEN_REPOSITORY=/home/lucasalmeida/.m2/repository}
2026-08-21 00:48:41,488 [ 256582]   WARN - #c.i.u.x.Binding - No accessors for org.jetbrains.security.package.Package. This means that state class cannot be serialized properly. Please see https://jb.gg/ij-psoc
2026-08-21 00:48:41,729 [ 256823]   INFO - #c.i.o.p.DumbServiceImpl - enter dumb mode [teste]
2026-08-21 00:48:41,759 [ 256853]   INFO - #c.i.o.p.MergingQueueGuiExecutor - Running task: (dumb mode task) com.intellij.openapi.roots.impl.PushedFilePropertiesUpdaterImpl$MyDumbModeTask@542c0b61 (reason: Push on VFS changes)
2026-08-21 00:48:41,786 [ 256880]   INFO - #c.i.o.p.MergingQueueGuiExecutor - Task finished: (dumb mode task) com.intellij.openapi.roots.impl.PushedFilePropertiesUpdaterImpl$MyDumbModeTask@542c0b61 (reason: Push on VFS changes)
2026-08-21 00:48:41,797 [ 256891]   INFO - #c.i.o.p.DumbServiceImpl - exit dumb mode [teste]
2026-08-21 00:48:42,134 [ 257228]   INFO - #c.i.w.i.i.j.s.JpsGlobalModelSynchronizerImpl - Saving global entities com.intellij.platform.workspace.jps.entities.SdkEntity to files
2026-08-21 00:48:42,135 [ 257229]   INFO - #c.i.w.i.i.j.s.JpsGlobalModelSynchronizerImpl - Saving global entities com.intellij.platform.workspace.jps.entities.LibraryEntity to files
2026-08-21 00:48:52,590 [ 267684]   INFO - #c.i.w.i.i.j.s.JpsGlobalModelSynchronizerImpl - Saving global entities com.intellij.platform.workspace.jps.entities.SdkEntity to files
2026-08-21 00:48:52,591 [ 267685]   INFO - #c.i.w.i.i.j.s.JpsGlobalModelSynchronizerImpl - Saving global entities com.intellij.platform.workspace.jps.entities.LibraryEntity to files
2026-08-21 00:49:01,424 [ 276518]   INFO - #c.i.w.i.i.j.s.JpsGlobalModelSynchronizerImpl - Saving global entities com.intellij.platform.workspace.jps.entities.SdkEntity to files
2026-08-21 00:49:01,425 [ 276519]   INFO - #c.i.w.i.i.j.s.JpsGlobalModelSynchronizerImpl - Saving global entities com.intellij.platform.workspace.jps.entities.LibraryEntity to files
2026-08-21 00:49:06,285 [ 281379]   INFO - #c.i.w.i.i.j.s.JpsGlobalModelSynchronizerImpl - Saving global entities com.intellij.platform.workspace.jps.entities.SdkEntity to files
2026-08-21 00:49:06,287 [ 281381]   INFO - #c.i.w.i.i.j.s.JpsGlobalModelSynchronizerImpl - Saving global entities com.intellij.platform.workspace.jps.entities.LibraryEntity to files
2026-08-21 00:49:09,974 [ 285068]   INFO - #c.i.w.i.i.j.s.JpsGlobalModelSynchronizerImpl - Saving global entities com.intellij.platform.workspace.jps.entities.SdkEntity to files
2026-08-21 00:49:09,975 [ 285069]   INFO - #c.i.w.i.i.j.s.JpsGlobalModelSynchronizerImpl - Saving global entities com.intellij.platform.workspace.jps.entities.LibraryEntity to files
2026-08-21 00:49:32,816 [ 307910]   INFO - #c.i.u.i.p.ProjectIndexableFilesFilterHealthCheck - Following files are NOT indexable but they were found in filter. Errors count: 2. Examples:
file id=183 path=null
file id=14095 path=null
2026-08-21 00:49:40,769 [ 315863]   INFO - #c.i.w.i.i.j.s.JpsGlobalModelSynchronizerImpl - Saving global entities com.intellij.platform.workspace.jps.entities.SdkEntity to files
2026-08-21 00:49:40,771 [ 315865]   INFO - #c.i.w.i.i.j.s.JpsGlobalModelSynchronizerImpl - Saving global entities com.intellij.platform.workspace.jps.entities.LibraryEntity to files
2026-08-21 00:49:40,787 [ 315881]   INFO - #c.i.a.o.PathMacrosImpl - Saved path macros: {MAVEN_REPOSITORY=/home/lucasalmeida/.m2/repository}
2026-08-21 00:49:41,054 [ 316148]   INFO - #c.j.r.f.FollowMeManager - Unregister user (name: 'lucasalmeida', clientId: Host)
2026-08-21 00:49:41,054 [ 316148]   INFO - #c.i.o.v.i.l.NativeFileWatcherImpl - Watcher terminated with exit code 0
2026-08-21 00:49:41,058 [ 316152]   INFO - #c.i.o.w.i.WindowManagerImpl - === Release(true) frame on closed project ===
2026-08-21 00:49:41,145 [ 316239]   INFO - #o.j.k.i.s.r.KotlinCompilerReferenceIndexStorage - KCRI storage is closed (didn't exist)
2026-08-21 00:49:41,146 [ 316240]   INFO - #c.i.c.b.CompilerReferenceServiceBase - backward reference index reader is closed (didn't exist)
2026-08-21 00:49:41,170 [ 316264]   INFO - #c.i.u.s.SvgCacheManager - SVG icon cache is closed
2026-08-21 00:49:41,197 [ 316291]   INFO - #o.j.i.BuiltInServer - web server stopped
2026-08-21 00:49:41,212 [ 316306]   INFO - #c.i.u.i.FileBasedIndexImpl - Index dispose started
2026-08-21 00:49:41,298 [ 316392]   INFO - #c.i.p.s.StubIndexImpl - StubIndexExtension-s were unloaded
2026-08-21 00:49:41,299 [ 316393]   INFO - #c.i.p.s.SerializationManagerImpl - Start shutting down /home/lucasalmeida/Developer/DockerRunner/.intellijPlatform/sandbox/DockerRunner/IC-2024.1/system/index/rep.names
2026-08-21 00:49:41,299 [ 316393]   INFO - #c.i.p.s.SerializationManagerImpl - Finished shutting down /home/lucasalmeida/Developer/DockerRunner/.intellijPlatform/sandbox/DockerRunner/IC-2024.1/system/index/rep.names
2026-08-21 00:49:41,303 [ 316397]   INFO - #c.i.u.i.FileBasedIndexImpl - Index dispose completed in 89ms.
2026-08-21 00:49:41,323 [ 316417]   INFO - #c.i.o.v.n.p.PersistentFSImpl - VFS dispose started
2026-08-21 00:49:41,330 [ 316424]   INFO - #c.i.o.v.n.p.FSRecordsImpl - VFS closing
2026-08-21 00:49:41,335 [ 316429]   INFO - #c.i.o.v.n.p.PersistentFSImpl - VFS dispose completed in 11 ms.
2026-08-21 00:49:41,336 [ 316430]   INFO - #c.i.o.f.i.FileTypeDetectionService - 10 auto-detected files. Detection took 488 ms
2026-08-21 00:49:41,347 [ 316441]   INFO - #c.i.p.i.b.AppStarter - ------------------------------------------------------ IDE SHUTDOWN ------------------------------------------------------
2026-08-21 01:04:48,108 [     47]   INFO - #c.i.p.i.b.AppStarter - ------------------------------------------------------ IDE STARTED ------------------------------------------------------
2026-08-21 01:04:48,303 [    242]   INFO - #c.i.i.p.PluginManager - Plugin PluginDescriptor(name=Groovy, id=org.intellij.groovy, descriptorPath=plugin.xml, path=~/.gradle/caches/9.6.0/transforms/bea1b87427568a068e547fc0eae09392/transformed/ideaIC-2024.1/plugins/Groovy, version=241.14494.240, package=org.jetbrains.plugins.groovy, isBundled=true) misses optional descriptor duplicates-groovy.xml
2026-08-21 01:04:48,304 [    243]   INFO - #c.i.i.p.PluginManager - Plugin PluginDescriptor(name=Groovy, id=org.intellij.groovy, descriptorPath=plugin.xml, path=~/.gradle/caches/9.6.0/transforms/bea1b87427568a068e547fc0eae09392/transformed/ideaIC-2024.1/plugins/Groovy, version=241.14494.240, package=org.jetbrains.plugins.groovy, isBundled=true) misses optional descriptor duplicates-detection-groovy.xml
2026-08-21 01:04:48,330 [    269]   INFO - #c.i.p.i.b.AppStarter - JNA library (64-bit) loaded in 160 ms
2026-08-21 01:04:48,333 [    272]   INFO - #c.i.u.i.PageCacheUtils - File page caching params:
2026-08-21 01:04:48,334 [    273]   INFO - #c.i.u.i.PageCacheUtils - 	DEFAULT_PAGE_SIZE: 10485760
2026-08-21 01:04:48,343 [    282]   INFO - #c.i.u.i.PageCacheUtils - 	Direct memory to use, max: 2126512128
2026-08-21 01:04:48,344 [    283]   INFO - #c.i.u.i.PageCacheUtils - 	FilePageCache: regular + lock-free (LOCK_FREE_PAGE_CACHE_ENABLED:true)
2026-08-21 01:04:48,335 [    274]   INFO - #c.i.p.i.b.AppStarter - IDE: IntelliJ IDEA (build #IC-241.14494.240, Thu, 28 Mar 2024 05:12:00 GMT)
2026-08-21 01:04:48,358 [    297]   INFO - #c.i.p.i.b.AppStarter - OS: Linux (7.1.8-200.fc44.x86_64)
2026-08-21 01:04:48,362 [    301]   INFO - #c.i.i.p.PluginManager - Using cached broken plugins file
2026-08-21 01:04:48,361 [    300]   INFO - #c.i.u.i.PageCacheUtils - 	NEW_PAGE_CACHE_MEMORY_FRACTION: 0.20000000298023224
2026-08-21 01:04:48,363 [    302]   INFO - #c.i.u.i.PageCacheUtils - 	Regular FilePageCache: 503316478 bytes
2026-08-21 01:04:48,365 [    304]   INFO - #c.i.u.i.PageCacheUtils - 	New     FilePageCache: 125829122 bytes (+ up to 10.0% overflow)
2026-08-21 01:04:48,365 [    304]   INFO - #c.i.u.i.PageCacheUtils - 	DirectByteBuffers pool: 104857600 bytes
2026-08-21 01:04:48,368 [    307]   INFO - #c.i.p.i.b.AppStarter - JRE: 17.0.10+8-b1207.12, amd64 (JetBrains s.r.o.)
2026-08-21 01:04:48,371 [    310]   INFO - #c.i.p.i.b.AppStarter - JVM: 17.0.10+8-b1207.12 (OpenJDK 64-Bit Server VM)
2026-08-21 01:04:48,380 [    319]   INFO - #c.i.p.i.b.AppStarter - PID: 99851
2026-08-21 01:04:48,385 [    324]   INFO - #c.i.p.i.b.AppStarter - desktop: KDE
2026-08-21 01:04:48,474 [    413]   INFO - #c.i.p.i.b.AppStarter - toolkit: sun.awt.X11.XToolkit
2026-08-21 01:04:48,516 [    455]   INFO - #c.i.p.i.b.AppStarter - JVM options: [-Daether.connector.resumeDownloads=false, -Dawt.lock.fair=true, -Dide.native.launcher=false, -Dide.no.platform.update=false, -Dide.show.tips.on.startup.default.value=false, -Didea.auto.reload.plugins=true, -Didea.classpath.index.enabled=false, -Didea.config.path=/home/lucasalmeida/Developer/DockerRunner/.intellijPlatform/sandbox/DockerRunner/IC-2024.1/config, -Didea.is.internal=true, -Didea.log.path=/home/lucasalmeida/Developer/DockerRunner/.intellijPlatform/sandbox/DockerRunner/IC-2024.1/log, -Didea.paths.selector=IdeaIC2024.1, -Didea.platform.prefix=Idea, -Didea.plugin.in.sandbox.mode=true, -Didea.plugins.path=/home/lucasalmeida/Developer/DockerRunner/.intellijPlatform/sandbox/DockerRunner/IC-2024.1/plugins, -Didea.required.plugins.id=com.olezelelabs.dockerrunner, -Didea.reset.classpath.from.manifest=true, -Didea.system.path=/home/lucasalmeida/Developer/DockerRunner/.intellijPlatform/sandbox/DockerRunner/IC-2024.1/system, -Didea.vendor.name=JetBrains, -Dintellij.console.log.level=warning, -Dintellij.platform.runtime.repository.path=/home/lucasalmeida/.gradle/caches/9.6.0/transforms/bea1b87427568a068e547fc0eae09392/transformed/ideaIC-2024.1/modules/module-descriptors.jar, -Djava.system.class.loader=com.intellij.util.lang.PathClassLoader, -Djbr.catch.SIGABRT=true, -Djdk.attach.allowAttachSelf=true, -Djdk.http.auth.tunneling.disabledSchemes="", -Djdk.module.illegalAccess.silent=true, -Djna.boot.library.path=/home/lucasalmeida/.gradle/caches/9.6.0/transforms/bea1b87427568a068e547fc0eae09392/transformed/ideaIC-2024.1/lib/jna/amd64, -Djna.noclasspath=true, -Djna.nosys=true, -Dplugin.path=/home/lucasalmeida/Developer/DockerRunner/.intellijPlatform/sandbox/DockerRunner/IC-2024.1/plugins/DockerRunner, -Dpty4j.preferred.native.folder=/home/lucasalmeida/.gradle/caches/9.6.0/transforms/bea1b87427568a068e547fc0eae09392/transformed/ideaIC-2024.1/lib/pty4j, -Dsplash=true, -Dsun.awt.disablegrab=true, -Dsun.io.useCanonCaches=false, -Dsun.java2d.metal=true, -Dsun.tools.attach.tmp.only=true, -XX:+HeapDumpOnOutOfMemoryError, -XX:-OmitStackTraceInFastThrow, -XX:+IgnoreUnrecognizedVMOptions, -XX:CICompilerCount=2, -XX:ReservedCodeCacheSize=512m, -XX:CompileCommand=exclude,com/intellij/openapi/vfs/impl/FilePartNodeRoot,trieDescend, -XX:SoftRefLRUPolicyMSPerMB=50, --add-opens=java.base/java.io=ALL-UNNAMED, --add-opens=java.base/java.lang=ALL-UNNAMED, --add-opens=java.base/java.lang.ref=ALL-UNNAMED, --add-opens=java.base/java.lang.reflect=ALL-UNNAMED, --add-opens=java.base/java.net=ALL-UNNAMED, --add-opens=java.base/java.nio=ALL-UNNAMED, --add-opens=java.base/java.nio.charset=ALL-UNNAMED, --add-opens=java.base/java.text=ALL-UNNAMED, --add-opens=java.base/java.time=ALL-UNNAMED, --add-opens=java.base/java.util=ALL-UNNAMED, --add-opens=java.base/java.util.concurrent=ALL-UNNAMED, --add-opens=java.base/java.util.concurrent.atomic=ALL-UNNAMED, --add-opens=java.base/java.util.concurrent.locks=ALL-UNNAMED, --add-opens=java.base/jdk.internal.vm=ALL-UNNAMED, --add-opens=java.base/sun.nio.ch=ALL-UNNAMED, --add-opens=java.base/sun.nio.fs=ALL-UNNAMED, --add-opens=java.base/sun.security.ssl=ALL-UNNAMED, --add-opens=java.base/sun.security.util=ALL-UNNAMED, --add-opens=java.base/sun.net.dns=ALL-UNNAMED, --add-opens=java.desktop/com.sun.java.swing.plaf.gtk=ALL-UNNAMED, --add-opens=java.desktop/java.awt=ALL-UNNAMED, --add-opens=java.desktop/java.awt.dnd.peer=ALL-UNNAMED, --add-opens=java.desktop/java.awt.event=ALL-UNNAMED, --add-opens=java.desktop/java.awt.image=ALL-UNNAMED, --add-opens=java.desktop/java.awt.peer=ALL-UNNAMED, --add-opens=java.desktop/java.awt.font=ALL-UNNAMED, --add-opens=java.desktop/javax.swing=ALL-UNNAMED, --add-opens=java.desktop/javax.swing.plaf.basic=ALL-UNNAMED, --add-opens=java.desktop/javax.swing.text=ALL-UNNAMED, --add-opens=java.desktop/javax.swing.text.html=ALL-UNNAMED, --add-opens=java.desktop/sun.awt.X11=ALL-UNNAMED, --add-opens=java.desktop/sun.awt.datatransfer=ALL-UNNAMED, --add-opens=java.desktop/sun.awt.image=ALL-UNNAMED, --add-opens=java.desktop/sun.awt=ALL-UNNAMED, --add-opens=java.desktop/sun.font=ALL-UNNAMED, --add-opens=java.desktop/sun.java2d=ALL-UNNAMED, --add-opens=java.desktop/sun.swing=ALL-UNNAMED, --add-opens=java.desktop/com.sun.java.swing=ALL-UNNAMED, --add-opens=jdk.attach/sun.tools.attach=ALL-UNNAMED, --add-opens=jdk.compiler/com.sun.tools.javac.api=ALL-UNNAMED, --add-opens=jdk.internal.jvmstat/sun.jvmstat.monitor=ALL-UNNAMED, --add-opens=jdk.jdi/com.sun.tools.jdi=ALL-UNNAMED, -javaagent:/home/lucasalmeida/Developer/DockerRunner/.intellijPlatform/coroutines-javaagent-legacy.jar, -Xms128m, -Xmx2048m, -Dfile.encoding=UTF-8, -Duser.country=BR, -Duser.language=pt, -Duser.variant, -ea]
2026-08-21 01:04:48,521 [    460]   INFO - #c.i.p.i.b.AppStarter - args: 
2026-08-21 01:04:48,523 [    462]   INFO - #c.i.p.i.b.AppStarter - library path: /usr/java/packages/lib:/usr/lib64:/lib64:/lib:/usr/lib
2026-08-21 01:04:48,524 [    463]   INFO - #c.i.p.i.b.AppStarter - boot library path: /home/lucasalmeida/.gradle/caches/9.6.0/transforms/bea1b87427568a068e547fc0eae09392/transformed/ideaIC-2024.1/jbr/lib
2026-08-21 01:04:48,527 [    466]   INFO - #c.i.i.p.PluginManager - PluginDescriptor(name=Docker Runner (Alpha), id=com.olezelelabs.dockerrunner, descriptorPath=plugin.xml, path=~/Developer/DockerRunner/.intellijPlatform/sandbox/DockerRunner/IC-2024.1/plugins/DockerRunner, version=1.0-SNAPSHOT, package=null, isBundled=false) overrides PluginDescriptor(name=Docker Runner (Alpha), id=com.olezelelabs.dockerrunner, descriptorPath=plugin.xml, path=~/Developer/DockerRunner/.intellijPlatform/sandbox/DockerRunner/IC-2024.1/plugins/DockerRunner, version=1.0-SNAPSHOT, package=null, isBundled=false)
2026-08-21 01:04:48,555 [    494]   INFO - #c.i.p.i.b.AppStarter - locale=pt_BR JNU=UTF-8 file.encoding=UTF-8
    idea.config.path=/home/lucasalmeida/Developer/DockerRunner/.intellijPlatform/sandbox/DockerRunner/IC-2024.1/config
    idea.system.path=/home/lucasalmeida/Developer/DockerRunner/.intellijPlatform/sandbox/DockerRunner/IC-2024.1/system
    idea.plugins.path=/home/lucasalmeida/Developer/DockerRunner/.intellijPlatform/sandbox/DockerRunner/IC-2024.1/plugins
    idea.log.path=/home/lucasalmeida/Developer/DockerRunner/.intellijPlatform/sandbox/DockerRunner/IC-2024.1/log
2026-08-21 01:04:48,574 [    513]   INFO - #c.i.p.i.b.AppStarter - CPU cores: 8; ForkJoinPool.commonPool: java.util.concurrent.ForkJoinPool@75664cac[Running, parallelism = 7, size = 0, active = 0, running = 0, steals = 0, tasks = 0, submissions = 0]; factory: com.intellij.concurrency.IdeaForkJoinWorkerThreadFactory@2c8b19df
2026-08-21 01:04:48,605 [    544]   INFO - #c.i.i.p.PluginManager - Module intellij.sh.python is not enabled because dependency intellij.python.community.impl is not available
Module intellij.groovy/ant is not enabled because dependency AntSupport is not available
Module intellij.qodana.jvm.swagger is not enabled because dependency com.intellij.swagger is not available
Module intellij.qodana.python is not enabled because dependency intellij.python is not available
Module intellij.qodana.php is not enabled because dependency com.jetbrains.php is not available
Module intellij.qodana.js is not enabled because dependency JavaScript is not available
Module intellij.qodana.inspectionKts.js is not enabled because dependency JavaScript is not available
Module intellij.qodana.go is not enabled because dependency intellij.go.coverage is not available
Module intellij.cwm.plugin.elevation is not enabled because dependency intellij.execution.process.elevation is not available
Module intellij.packageChecker.php is not enabled because dependency com.jetbrains.php is not available
Module intellij.packageChecker.python is not enabled because dependency intellij.python.community.impl is not available
Module intellij.packageChecker.javascript is not enabled because dependency JavaScript is not available
Module intellij.packageChecker.go is not enabled because dependency org.jetbrains.plugins.go is not available
2026-08-21 01:04:48,653 [    592]   INFO - #c.i.i.p.PluginManager - Loaded bundled plugins: IDEA CORE (241.14494.240), TextMate Bundles (241.14494.240), Images (241.14494.240), Copyright (241.14494.240), Emoji Picker (241.14494.240), EditorConfig (241.14494.240), IDE Services / Provisioner API (241.14494.240), Machine Learning in Search Everywhere (241.14494.240), YAML (241.14494.240), JetBrains maven model api classes (241.14494.240), JetBrains Repository Search (241.14494.240), Maven server api classes (241.14494.240), Markdown (241.14494.240), Terminal (241.14494.240), Mercurial (241.14494.240), Properties (241.14494.240), Gradle (241.14494.240), NetBeans Keymap (241.14494.240), JetBrains Marketplace Licensing (241.14494.240), com.intellij.dev (241.14494.240), Remote Execution Agent (241.14494.240), Shell Script (241.14494.240), HTML Tools (241.14494.240), Visual Studio Keymap (241.14494.240), Machine Learning Code Completion (241.14494.240), Toml (241.14494.240), WebP Support (241.14494.240), Performance Testing (241.14494.240), Grazie Lite (241.14494.240), Eclipse Keymap (241.14494.240), Perforce Helix Core (241.14494.240), GitLab (241.14494.240), IDE Features Trainer (241.14494.240), Java (241.14494.240), com.intellij.tracing.ide (241.14494.240), Java Bytecode Decompiler (241.14494.240), Java Stream Debugger (241.14494.240), Task Management (241.14494.240), GitHub (241.14494.240), JUnit (241.14494.240), Eclipse Interoperability (241.14494.240), IntelliLang (241.14494.240), Groovy (241.14494.240), JavaFX (241.14494.240), Turbo Complete (241.14494.240), Kotlin (241.14494.240-IJ), Gradle DSL API (241.14494.240), Java Internationalization (241.14494.240), UI Designer (241.14494.240), Bytecode Viewer (241.14494.240), Maven (241.14494.240), TestNG (241.14494.240), Code Coverage for Java (241.14494.240), Gradle-Java (241.14494.240), Gradle-Java-Analysis (241.14494.240), Gradle-Maven (241.14494.240), Java IDE Customization (241.14494.240), Settings Sync (241.14494.240), Git (241.14494.240), Qodana (241.14494.240), Configuration Script (241.14494.240), Shared Indexes (241.14494.240), Code With Me (241.14494.240), Subversion (241.14494.240), Package Checker (241.14494.240), Gradle Dependency Updater Implementation (241.14494.240), Async Profiler for IDE Performance Testing (241.14494.240)
2026-08-21 01:04:48,654 [    593]   INFO - #c.i.i.p.PluginManager - Loaded custom plugins: Docker Runner (Alpha) (1.0-SNAPSHOT)
2026-08-21 01:04:48,830 [    769]   INFO - c.i.p.i.IdeFingerprint - Calculated dependencies fingerprint in 51 ms (hash=nn6uu3idkaux, buildTime=1711602720, appVersion=IC-241.14494.240)
2026-08-21 01:04:49,067 [   1006]   INFO - #c.i.o.v.n.p.FSRecords - VFS health-check enabled: first after 600000 ms, and each following 43200000 ms, wrap in RA: true
2026-08-21 01:04:49,117 [   1056]   INFO - #c.i.a.o.PathMacrosImpl - Loaded path macros: {MAVEN_REPOSITORY=/home/lucasalmeida/.m2/repository}
2026-08-21 01:04:49,201 [   1140]   INFO - #c.i.o.v.n.p.PersistentFSLoader - VFS uses 'fast' names enumerator (over mmapped file)
2026-08-21 01:04:49,210 [   1149]   INFO - #c.i.o.v.n.p.PersistentFSLoader - VFS uses streamlined attributes storage (over mmapped file)
2026-08-21 01:04:49,215 [   1154]   INFO - #c.i.o.v.n.p.PersistentFSLoader - VFS uses content storage over memory-mapped file, with compression algo: LZ4[ > 8000b ]
2026-08-21 01:04:49,310 [   1249]   INFO - #c.i.i.p.ExpiredPluginsState - Plugins to skip: []
2026-08-21 01:04:49,373 [   1312]   INFO - #c.i.o.v.n.p.PersistentFSLoader - VFS: impl (expected) version=846397, 96047 file records, 23 content blobs
2026-08-21 01:04:49,438 [   1377]   INFO - #c.i.o.v.n.p.FSRecordsImpl - VFS initialized: 243 ms, 0 failed attempts, 0 error(s) were recovered
2026-08-21 01:04:49,525 [   1464]   INFO - #c.i.o.v.i.l.NativeFileWatcherImpl - Starting file watcher: /home/lucasalmeida/.gradle/caches/9.6.0/transforms/bea1b87427568a068e547fc0eae09392/transformed/ideaIC-2024.1/bin/fsnotifier
2026-08-21 01:04:49,602 [   1541]   INFO - #c.i.o.v.n.p.FSRecordsImpl - VFS scanned: file-by-name index was populated
2026-08-21 01:04:49,622 [   1561]   INFO - #c.i.o.v.i.l.NativeFileWatcherImpl - Native file watcher is operational.
2026-08-21 01:04:49,957 [   1896]   INFO - #c.i.o.a.i.NonBlockingReadActionImpl - OTel monitoring for NonBlockingReadAction is enabled
2026-08-21 01:04:49,995 [   1934]   INFO - #o.j.i.BuiltInServerManager - built-in server started, port 63342
2026-08-21 01:04:50,068 [   2007]   INFO - #c.i.u.n.s.CertificateManager - Default SSL context initialized
2026-08-21 01:04:50,569 [   2508]   INFO - #c.i.p.i.m.GlobalMenuLinux - Start glib main loop in thread: GlobalMenuLinux loop
2026-08-21 01:04:50,614 [   2553]   INFO - #c.i.p.i.m.GlobalMenuLinux - Closed dbus-service 'com.canonical.AppMenu.Registrar'
2026-08-21 01:04:50,744 [   2683]   INFO - #c.i.i.s.p.i.SharedIndexMainZipStorage - Shared Indexes Storage is opened and empty
2026-08-21 01:04:50,751 [   2690]   WARN - #c.i.i.s.p.i.BundledSharedIndexProvider - Bundled shared index is not found at: /home/lucasalmeida/.gradle/caches/9.6.0/transforms/bea1b87427568a068e547fc0eae09392/transformed/ideaIC-2024.1/jdk-shared-indexes
2026-08-21 01:04:51,256 [   3195]   INFO - #c.i.u.i.FileBasedIndexImpl - Indices to be built:FilenameIndex(v = 258)
2026-08-21 01:04:51,262 [   3201]   INFO - #c.i.u.i.FileBasedIndexImpl - Using nice flusher for indexes
2026-08-21 01:04:51,273 [   3212]   INFO - #c.i.u.i.IndexDataInitializer - Index data initialization done: 757 ms. Initialized indexes: [FilenameIndex, Trigram.Index, filetypes, TodoIndex, FrameworkDetectionIndex, fileIncludes, IdIndex, RelaxSymbolIndex, DomFileIndex, XmlNamespaces, XmlTagNames, editorconfig.index.name, yaml.keys.name, html5.custom.attributes.index, xmlProperties, SchemaTypeInheritance, json.file.root.values, java.auto.module.name, HtmlTagIdIndex, java.source.module.name, java.binary.plus.expression, bytecodeAnalysis, Stubs, java.null.method.argument, javafx.id.name, JavaFxControllerClassIndex, java.fun.expression, javafx.custom.component, org.jetbrains.kotlin.idea.vfilefinder.KotlinMetadataFileIndex, org.jetbrains.kotlin.idea.versions.KotlinJvmMetadataVersionIndex, org.jetbrains.kotlin.idea.vfilefinder.KotlinMetadataFilePackageIndex, org.jetbrains.kotlin.idea.versions.KotlinJsMetadataVersionIndex, org.jetbrains.kotlin.idea.vfilefinder.KotlinClassFileIndex, org.jetbrains.kotlin.idea.vfilefinder.KotlinPartialPackageNamesIndex, org.jetbrains.kotlin.idea.vfilefinder.KotlinJavaScriptMetaFileIndex, org.jetbrains.kotlin.idea.vfilefinder.KotlinModuleMappingIndex, org.jetbrains.kotlin.idea.vfilefinder.KotlinBuiltInsMetadataIndex, org.jetbrains.kotlin.idea.vfilefinder.KotlinJvmModuleAnnotationsIndex, KotlinTopLevelCallableByPackageShortNameIndex, org.jetbrains.kotlin.idea.vfilefinder.KotlinStdlibIndex, KotlinPackageSourcesMemberNamesIndex, org.jetbrains.kotlin.idea.vfilefinder.KotlinShortClassNameFileIndex, KotlinTopLevelClassLikeDeclarationByPackageShortNameIndex, com.intellij.uiDesigner.FormClassIndex, KotlinBinaryRootToPackageIndex, org.jetbrains.kotlin.idea.vfilefinder.KlibMetaFileIndex].
2026-08-21 01:04:51,471 [   3410]   INFO - #c.i.o.a.i.ApplicationImpl - LONG VFS PROCESSING. Topic=BulkFileListener, offender=class com.intellij.history.integration.LocalHistoryEventDispatcher$LocalHistoryBulkFileListener, message=before, time=61ms
2026-08-21 01:04:51,554 [   3493]   INFO - #c.i.u.i.IndexDataInitializer - Index data initialization done: 280 ms. Initialized stub indexes: {org.jetbrains.kotlin.idea.stubindex.KotlinSubclassObjectNameIndex, gr.script.class, gr.field.name, org.jetbrains.kotlin.idea.stubindex.KotlinFunctionShortNameIndex, org.jetbrains.kotlin.idea.stubindex.KotlinTopLevelTypeAliasFqNameIndex, gr.script.fqn.s, java.unnamed.class, java.method.name, KotlinExtensionsInObjectsByReceiverTypeIndex, jvm.static.member.name, gr.method.name, org.jetbrains.kotlin.idea.stubindex.KotlinFilePartClassIndex, org.jetbrains.kotlin.idea.stubindex.KotlinFileFacadeShortNameIndex, org.jetbrains.kotlin.idea.stubindex.KotlinClassShortNameIndex, org.jetbrains.kotlin.idea.stubindex.KotlinFileFacadeFqNameIndex, gr.anonymous.class, org.jetbrains.kotlin.idea.stubindex.KotlinTopLevelClassByPackageIndex, java.class.shortname, jvm.static.member.type, org.jetbrains.kotlin.idea.stubindex.KotlinTypeAliasShortNameIndex, KotlinTopLevelTypeAliasByPackageIndex, org.jetbrains.kotlin.idea.stubindex.KotlinSuperClassIndex, org.jetbrains.kotlin.idea.stubindex.KotlinScriptFqnIndex, properties.index, KotlinTopLevelFunctionByPackageIndex, org.jetbrains.kotlin.idea.stubindex.KotlinTopLevelFunctionFqnNameIndex, KotlinProbablyContractedFunctionShortNameIndex, KotlinOverridableInternalMembersShortNameIndex, org.jetbrains.kotlin.idea.stubindex.KotlinMultifileClassPartIndex, KotlinProbablyNothingPropertyShortNameIndex, org.jetbrains.kotlin.idea.stubindex.KotlinJvmNameAnnotationIndex, org.jetbrains.kotlin.idea.stubindex.KotlinExactPackagesIndex, gr.annot.members, java.class.fqn, java.anonymous.baseref, org.jetbrains.kotlin.idea.stubindex.KotlinPropertyShortNameIndex, java.annotations, org.jetbrains.kotlin.idea.stubindex.KotlinFullClassNameIndex, KotlinTopLevelPropertyByPackageIndex, kotlin.primeIndexKey, org.jetbrains.kotlin.idea.stubindex.KotlinInnerTypeAliasClassIdIndex, KotlinTopLevelExtensionsByReceiverTypeIndex, KotlinProbablyNothingFunctionShortNameIndex, gr.class.fqn.s, dom.elementClass, java.class.extlist, markdown.header, org.jetbrains.kotlin.idea.stubindex.KotlinTopLevelPropertyFqnNameIndex, org.jetbrains.kotlin.idea.stubindex.KotlinAnnotationsIndex, gr.class.super, KotlinTypeAliasByExpansionShortNameIndex, java.field.name, markdown.header.anchor, KotlinFileFacadeClassByPackageIndex, dom.namespaceKey, gr.annot.method.name, java.method.parameter.types, java.module.name}.
2026-08-21 01:04:51,562 [   3501]   INFO - #c.i.u.i.StaleIndexesChecker - clearing stale id = 14503, path =  //home/lucasalmeida/Developer/DockerRunner/.intellijPlatform/sandbox/DockerRunner/IC-2024.1/config/workspace/3ICnp63d3eYvrnOzoHmiAnT1cH1.xml
2026-08-21 01:04:51,631 [   3570]   INFO - #c.i.o.v.n.p.d.e.DurableEnumeratorFactory - [enumerator.mmapped]: .valueHashToId (in memory) was filled (24 records)
2026-08-21 01:04:51,710 [   3649]   INFO - #c.i.p.s.StubUpdatingIndexStorage - Not updating IndexingStampInfo. inputId=14503,result=true
2026-08-21 01:04:52,010 [   3949]   WARN - #c.i.i.u.l.LafManagerImpl - VersionControl.Log.Commit.rowHeight = null in LookAndFeelThemeAdapter; it may lead to performance degradation
2026-08-21 01:04:52,804 [   4743]   INFO - #c.i.p.i.m.GlobalMenuLinux - created instance of GlobalMenuLinux for frame: com.intellij.openapi.wm.impl.IdeFrameImpl[frame0,0,0,1366x768,invalid,layout=java.awt.BorderLayout,title=,resizable,maximized,defaultCloseOperation=DO_NOTHING_ON_CLOSE,rootPane=com.intellij.openapi.wm.impl.IdeRootPane[,5,25,1356x738,invalid,layout=com.intellij.openapi.wm.impl.IdeRootPane$MyRootLayout,alignmentX=0.0,alignmentY=0.0,border=,flags=449,maximumSize=,minimumSize=,preferredSize=],rootPaneCheckingEnabled=true]
2026-08-21 01:04:52,981 [   4920]   INFO - #c.i.w.i.i.WorkspaceModelImpl - Load workspace model from cache in 327 ms
2026-08-21 01:04:53,195 [   5134]   INFO - #c.i.w.i.i.WorkspaceModelImpl - Project model updated silently to version 1 in 7 ms: Add module mapping
2026-08-21 01:04:53,253 [   5192]   INFO - #c.i.w.i.i.GlobalWorkspaceModel - Load global workspace model from cache in 41 ms
2026-08-21 01:04:53,455 [   5394]   INFO - #c.i.w.i.i.EntitiesOrphanageImpl - Update orphanage. 0 modules added
2026-08-21 01:04:53,475 [   5414]   INFO - #c.i.w.i.i.WorkspaceModelImpl - Project model updated to version 2 in 97 ms: Sync global entities with project: teste
2026-08-21 01:04:53,817 [   5756]   INFO - PerformancePlugin - Performance Plugin is in silent mode
2026-08-21 01:04:53,913 [   5852]   INFO - #c.i.p.c.ProjectCodeStyleSettingsManager - Initialized from default code style settings.
2026-08-21 01:04:53,970 [   5909]   INFO - #c.i.r.OsRegistryConfigProvider - Looking for 'enabled' value in [/etc/xdg/JetBrains/portForwarding/enabled, /etc/xdg/JetBrains/portForwarding/config.json, /home/lucasalmeida/.config/JetBrains/portForwarding/enabled, /home/lucasalmeida/.config/JetBrains/portForwarding/config.json, /home/lucasalmeida/.config/kdedefaults/JetBrains/portForwarding/enabled, /home/lucasalmeida/.config/kdedefaults/JetBrains/portForwarding/config.json, /etc/xdg/JetBrains/portForwarding/enabled, /etc/xdg/JetBrains/portForwarding/config.json, /usr/share/kde-settings/kde-profile/default/xdg/JetBrains/portForwarding/enabled, /usr/share/kde-settings/kde-profile/default/xdg/JetBrains/portForwarding/config.json]
2026-08-21 01:04:53,972 [   5911]   INFO - #c.i.r.OsRegistryConfigProvider - OS provided value for 'enabled' is not found
2026-08-21 01:04:54,037 [   5976]   INFO - #c.i.u.i.ManagedPersistentCache - created persistent map persistent-markup-teste-2473fa2c with size 3
2026-08-21 01:04:54,068 [   6007]   INFO - #c.i.u.i.ManagedPersistentCache - created persistent map persistent-code-vision-teste-2473fa2c with size 0
2026-08-21 01:04:54,075 [   6014]   INFO - #c.i.u.i.ManagedPersistentCache - created persistent map persistent-folding-teste-2473fa2c with size 2
2026-08-21 01:04:54,080 [   6019]   INFO - #c.i.u.i.ManagedPersistentCache - created persistent map persistent-declarative-hints-teste-2473fa2c with size 0
2026-08-21 01:04:54,093 [   6032]   INFO - #c.i.u.i.ManagedPersistentCache - created persistent map persistent-parameter-hints-teste-2473fa2c with size 0
2026-08-21 01:04:54,281 [   6220]   INFO - #c.j.r.f.FollowMeManager - Register new user (name: 'lucasalmeida', client id: Host)
2026-08-21 01:04:56,135 [   8074]   INFO - #c.i.o.p.MergingQueueGuiExecutor - Running task: (dumb mode task) com.intellij.openapi.project.InitialDumbTaskRequiredForSmartMode@37dcde78
2026-08-21 01:04:56,140 [   8079]   INFO - #c.i.o.p.DumbServiceMergingTaskQueue - Initializing DumbServiceMergingTaskQueue...
2026-08-21 01:04:56,144 [   8083]   INFO - #c.i.o.p.DumbServiceMergingTaskQueue - Running initialization condition: com.intellij.indexing.shared.download.SharedIndexDownloadedCondition@479439be
2026-08-21 01:04:56,152 [   8091]   INFO - #c.i.o.p.DumbServiceMergingTaskQueue - Finished: com.intellij.indexing.shared.download.SharedIndexDownloadedCondition@479439be
2026-08-21 01:04:56,188 [   8127]   INFO - #c.i.o.p.InitialDumbTaskRequiredForSmartMode - Running task required for smart mode: com.intellij.indexing.shared.platform.impl.OnDiskSharedIndexChunkLocator@31d28e2e
2026-08-21 01:04:56,199 [   8138]   INFO - #c.i.o.p.InitialDumbTaskRequiredForSmartMode - Finished task required for smart mode: com.intellij.indexing.shared.platform.impl.OnDiskSharedIndexChunkLocator@31d28e2e
2026-08-21 01:04:56,201 [   8140]   INFO - #c.i.o.p.InitialDumbTaskRequiredForSmartMode - Running task required for smart mode: com.intellij.util.indexing.ProjectFileBasedIndexStartupActivity@775ff258
2026-08-21 01:04:56,246 [   8185]   INFO - #c.i.u.i.p.IncrementalProjectIndexableFilesFilterHolder - IncrementalProjectIndexableFilesFilterFactory is chosen as indexable files filter factory for project: teste
2026-08-21 01:04:56,305 [   8244]   INFO - #c.i.o.p.InitialDumbTaskRequiredForSmartMode - Finished task required for smart mode: com.intellij.util.indexing.ProjectFileBasedIndexStartupActivity@775ff258
2026-08-21 01:04:56,307 [   8246]   INFO - #c.i.o.p.InitialDumbTaskRequiredForSmartMode - Running task required for smart mode: com.intellij.util.indexing.FileBasedIndexInfrastructureExtensionStartup@21e36660
2026-08-21 01:04:56,321 [   8260]   INFO - #c.i.o.p.InitialDumbTaskRequiredForSmartMode - Finished task required for smart mode: com.intellij.util.indexing.FileBasedIndexInfrastructureExtensionStartup@21e36660
2026-08-21 01:04:56,322 [   8261]   INFO - #c.i.o.p.InitialDumbTaskRequiredForSmartMode - Running task required for smart mode: com.intellij.externalDependencies.impl.CheckRequiredPluginsActivity@7e34a028
2026-08-21 01:04:56,335 [   8274]   INFO - #c.i.o.p.InitialDumbTaskRequiredForSmartMode - Finished task required for smart mode: com.intellij.externalDependencies.impl.CheckRequiredPluginsActivity@7e34a028
2026-08-21 01:04:56,341 [   8280]   INFO - #c.i.o.p.InitialDumbTaskRequiredForSmartMode - Running task required for smart mode: com.intellij.util.indexing.DumbModeWhileScanningSubscriber@5b93ee0d
2026-08-21 01:04:56,366 [   8305]   INFO - #c.i.o.p.InitialDumbTaskRequiredForSmartMode - Finished task required for smart mode: com.intellij.util.indexing.DumbModeWhileScanningSubscriber@5b93ee0d
2026-08-21 01:04:56,369 [   8308]   INFO - #c.i.o.p.InitialDumbTaskRequiredForSmartMode - Running task required for smart mode: com.intellij.ide.projectWizard.generators.SdkPreIndexingRequiredForSmartModeActivity@7c7c6868
2026-08-21 01:04:56,373 [   8312]   INFO - #c.i.o.p.InitialDumbTaskRequiredForSmartMode - Finished task required for smart mode: com.intellij.ide.projectWizard.generators.SdkPreIndexingRequiredForSmartModeActivity@7c7c6868
2026-08-21 01:04:56,374 [   8313]   INFO - #c.i.o.p.MergingQueueGuiExecutor - Task finished: (dumb mode task) com.intellij.openapi.project.InitialDumbTaskRequiredForSmartMode@37dcde78
2026-08-21 01:04:57,244 [   9183]   INFO - #c.i.o.a.i.ActionUpdater - 1743 ms to grab EDT for ToolWindowHeader$2#children@ToolwindowTitle (com.intellij.toolWindow.ToolWindowHeader$2)
2026-08-21 01:04:57,828 [   9767]   INFO - #c.i.o.a.i.ActionUpdater - 567 ms to grab EDT for DockToolWindowAction#presentation@ToolwindowTitle (com.intellij.openapi.wm.impl.DockToolWindowAction)
2026-08-21 01:04:57,861 [   9800]   INFO - #c.i.o.a.i.ActionUpdater - 584 ms to grab EDT for ExpandAllAction#presentation@ToolwindowTitle (com.intellij.ide.actions.ExpandAllAction)
2026-08-21 01:04:57,862 [   9801]   INFO - #c.i.o.a.i.ActionUpdater - 584 ms to grab EDT for CollapseAllAction#presentation@ToolwindowTitle (com.intellij.ide.actions.CollapseAllAction)
2026-08-21 01:04:58,079 [  10018]   INFO - #c.i.o.p.MergingQueueGuiExecutor - Running task: (dumb mode task) com.intellij.util.indexing.UnindexedFilesScanner$2@7e5b240d
2026-08-21 01:04:58,085 [  10024]   INFO - #c.i.o.p.MergingQueueGuiExecutor - Task finished: (dumb mode task) com.intellij.util.indexing.UnindexedFilesScanner$2@7e5b240d
2026-08-21 01:04:58,085 [  10024]   INFO - #c.i.o.p.MergingQueueGuiExecutor - Running task: UnindexedFilesScanner[teste]
2026-08-21 01:04:58,137 [  10076]   WARN - #c.i.o.a.i.ActionUpdater - 3479 ms total to grab EDT 4 times to expand ToolWindowHeader$2@ToolwindowTitle (com.intellij.toolWindow.ToolWindowHeader$2). Use `ActionUpdateThread.BGT`.
2026-08-21 01:04:58,445 [  10384]   INFO - #c.i.u.i.UnindexedFilesScanner - Started scanning for indexing of teste. Reason: On project open
2026-08-21 01:04:58,463 [  10402]   INFO - #c.i.u.i.UnindexedFilesScanner - Performing delayed pushing properties tasks for teste took 7ms; general responsiveness: ok; EDT responsiveness: ok
2026-08-21 01:04:58,527 [  10466]   INFO - #c.i.u.i.d.AppIndexingDependenciesService - Invalidating all indexing flags. Reason: App fingerprint changed: FingerprintImpl(fingerprint=-857703030131833831) to FingerprintImpl(fingerprint=3112087184097270009)
2026-08-21 01:04:58,603 [  10542]   INFO - #c.i.o.u.i.UpdateCheckerService - channel: release
2026-08-21 01:04:58,665 [  10604]   INFO - #c.i.u.i.UnindexedFilesScanner - Scanning of teste uses 7 scanning threads
2026-08-21 01:04:58,955 [  10894]   INFO - #c.i.o.p.DumbServiceImpl - exit dumb mode [teste]
2026-08-21 01:04:59,439 [  11378]   INFO - #c.i.o.a.i.ActionUpdater - 1294 ms to grab EDT for ToolWindowHeader$2#children@ToolwindowTitle (com.intellij.toolWindow.ToolWindowHeader$2)
2026-08-21 01:05:00,128 [  12067]   INFO - #c.i.o.e.s.p.m.ExternalProjectsDataStorage - Load external projects data in 12 millis (read time: 1)
2026-08-21 01:05:00,539 [  12478] SEVERE - #c.i.c.ComponentStoreImpl - Cannot init component state (componentName=GradleJvmSupportMatrix, componentClass=GradleJvmSupportMatrix) [Plugin: com.intellij.gradle]
com.intellij.diagnostic.PluginException: Cannot init component state (componentName=GradleJvmSupportMatrix, componentClass=GradleJvmSupportMatrix) [Plugin: com.intellij.gradle]
	at com.intellij.configurationStore.ComponentStoreImpl.initComponent(ComponentStoreImpl.kt:181)
	at com.intellij.configurationStore.ComponentStoreWithExtraComponents.initComponent(ComponentStoreWithExtraComponents.kt:44)
	at com.intellij.serviceContainer.ComponentManagerImpl.initializeService$intellij_platform_serviceContainer(ComponentManagerImpl.kt:659)
	at com.intellij.serviceContainer.ServiceInstanceInitializer.createInstance$suspendImpl(ServiceInstanceInitializer.kt:70)
	at com.intellij.serviceContainer.ServiceInstanceInitializer.createInstance(ServiceInstanceInitializer.kt)
	at com.intellij.platform.instanceContainer.internal.LazyInstanceHolder$initialize$1$1.invokeSuspend(LazyInstanceHolder.kt:162)
	at com.intellij.platform.instanceContainer.internal.LazyInstanceHolder$initialize$1$1.invoke(LazyInstanceHolder.kt)
	at com.intellij.platform.instanceContainer.internal.LazyInstanceHolder$initialize$1$1.invoke(LazyInstanceHolder.kt)
	at kotlinx.coroutines.intrinsics.UndispatchedKt.startUndispatchedOrReturn(Undispatched.kt:78)
	at kotlinx.coroutines.BuildersKt__Builders_commonKt.withContext(Builders.common.kt:167)
	at kotlinx.coroutines.BuildersKt.withContext(Unknown Source)
	at com.intellij.platform.instanceContainer.internal.LazyInstanceHolder$initialize$1.invokeSuspend(LazyInstanceHolder.kt:160)
	at com.intellij.platform.instanceContainer.internal.LazyInstanceHolder$initialize$1.invoke(LazyInstanceHolder.kt)
	at com.intellij.platform.instanceContainer.internal.LazyInstanceHolder$initialize$1.invoke(LazyInstanceHolder.kt)
	at kotlinx.coroutines.intrinsics.UndispatchedKt.startCoroutineUndispatched(Undispatched.kt:44)
	at kotlinx.coroutines.CoroutineStart.invoke(CoroutineStart.kt:112)
	at kotlinx.coroutines.AbstractCoroutine.start(AbstractCoroutine.kt:126)
	at kotlinx.coroutines.BuildersKt__Builders_commonKt.launch(Builders.common.kt:56)
	at kotlinx.coroutines.BuildersKt.launch(Unknown Source)
	at com.intellij.platform.instanceContainer.internal.LazyInstanceHolder.initialize(LazyInstanceHolder.kt:145)
	at com.intellij.platform.instanceContainer.internal.LazyInstanceHolder.access$initialize(LazyInstanceHolder.kt:13)
	at com.intellij.platform.instanceContainer.internal.LazyInstanceHolder.tryInitialize(LazyInstanceHolder.kt:135)
	at com.intellij.platform.instanceContainer.internal.LazyInstanceHolder.getInstance(LazyInstanceHolder.kt:95)
	at com.intellij.platform.instanceContainer.internal.LazyInstanceHolder.getInstanceInCallerContext$suspendImpl(LazyInstanceHolder.kt:87)
	at com.intellij.platform.instanceContainer.internal.LazyInstanceHolder.getInstanceInCallerContext(LazyInstanceHolder.kt)
	at com.intellij.serviceContainer.ComponentManagerImplKt$getOrCreateInstanceBlocking$3.invokeSuspend(ComponentManagerImpl.kt:1548)
	at kotlin.coroutines.jvm.internal.BaseContinuationImpl.resumeWith(ContinuationImpl.kt:33)
	at kotlinx.coroutines.DispatchedTask.run(DispatchedTask.kt:108)
	at kotlinx.coroutines.EventLoopImplBase.processNextEvent(EventLoop.common.kt:280)
	at kotlinx.coroutines.BlockingCoroutine.joinBlocking(Builders.kt:85)
	at kotlinx.coroutines.BuildersKt__BuildersKt.runBlocking(Builders.kt:59)
	at kotlinx.coroutines.BuildersKt.runBlocking(Unknown Source)
	at com.intellij.serviceContainer.ComponentManagerImplKt$runBlockingInitialization$1.invoke(ComponentManagerImpl.kt:1636)
	at com.intellij.serviceContainer.ComponentManagerImplKt$runBlockingInitialization$1.invoke(ComponentManagerImpl.kt:1627)
	at com.intellij.openapi.progress.ContextKt.prepareThreadContext(context.kt:80)
	at com.intellij.serviceContainer.ComponentManagerImplKt.runBlockingInitialization(ComponentManagerImpl.kt:1627)
	at com.intellij.serviceContainer.ComponentManagerImplKt.getOrCreateInstanceBlocking(ComponentManagerImpl.kt:1547)
	at com.intellij.serviceContainer.ComponentManagerImpl.doGetService(ComponentManagerImpl.kt:754)
	at com.intellij.serviceContainer.ComponentManagerImpl.getService(ComponentManagerImpl.kt:698)
	at org.jetbrains.plugins.gradle.jvmcompat.GradleJvmSupportMatrix$Companion.getInstance(GradleJvmSupportMatrix.kt:224)
	at org.jetbrains.plugins.gradle.jvmcompat.GradleCompatibilitySupportUpdater.<init>(GradleCompatibilitySupportUpdater.kt:14)
	at com.intellij.platform.instanceContainer.instantiation.InstantiateKt$instantiate$2.invoke(instantiate.kt:45)
	at com.intellij.platform.instanceContainer.instantiation.InstantiateKt$instantiate$2.invoke(instantiate.kt:42)
	at com.intellij.platform.instanceContainer.instantiation.InstantiateKt.instantiate(instantiate.kt:308)
	at com.intellij.platform.instanceContainer.instantiation.InstantiateKt.instantiate(instantiate.kt:42)
	at com.intellij.serviceContainer.ServiceInstanceInitializer.createInstance$suspendImpl(ServiceInstanceInitializer.kt:31)
	at com.intellij.serviceContainer.ServiceInstanceInitializer.createInstance(ServiceInstanceInitializer.kt)
	at com.intellij.platform.instanceContainer.internal.LazyInstanceHolder$initialize$1$1.invokeSuspend(LazyInstanceHolder.kt:162)
	at com.intellij.platform.instanceContainer.internal.LazyInstanceHolder$initialize$1$1.invoke(LazyInstanceHolder.kt)
	at com.intellij.platform.instanceContainer.internal.LazyInstanceHolder$initialize$1$1.invoke(LazyInstanceHolder.kt)
	at kotlinx.coroutines.intrinsics.UndispatchedKt.startUndispatchedOrReturn(Undispatched.kt:78)
	at kotlinx.coroutines.BuildersKt__Builders_commonKt.withContext(Builders.common.kt:167)
	at kotlinx.coroutines.BuildersKt.withContext(Unknown Source)
	at com.intellij.platform.instanceContainer.internal.LazyInstanceHolder$initialize$1.invokeSuspend(LazyInstanceHolder.kt:160)
	at com.intellij.platform.instanceContainer.internal.LazyInstanceHolder$initialize$1.invoke(LazyInstanceHolder.kt)
	at com.intellij.platform.instanceContainer.internal.LazyInstanceHolder$initialize$1.invoke(LazyInstanceHolder.kt)
	at kotlinx.coroutines.intrinsics.UndispatchedKt.startCoroutineUndispatched(Undispatched.kt:44)
	at kotlinx.coroutines.CoroutineStart.invoke(CoroutineStart.kt:112)
	at kotlinx.coroutines.AbstractCoroutine.start(AbstractCoroutine.kt:126)
	at kotlinx.coroutines.BuildersKt__Builders_commonKt.launch(Builders.common.kt:56)
	at kotlinx.coroutines.BuildersKt.launch(Unknown Source)
	at com.intellij.platform.instanceContainer.internal.LazyInstanceHolder.initialize(LazyInstanceHolder.kt:145)
	at com.intellij.platform.instanceContainer.internal.LazyInstanceHolder.access$initialize(LazyInstanceHolder.kt:13)
	at com.intellij.platform.instanceContainer.internal.LazyInstanceHolder.tryInitialize(LazyInstanceHolder.kt:135)
	at com.intellij.platform.instanceContainer.internal.LazyInstanceHolder.getInstance(LazyInstanceHolder.kt:95)
	at com.intellij.platform.instanceContainer.internal.LazyInstanceHolder.getInstance$suspendImpl(LazyInstanceHolder.kt:83)
	at com.intellij.platform.instanceContainer.internal.LazyInstanceHolder.getInstance(LazyInstanceHolder.kt)
	at com.intellij.platform.instanceContainer.internal.InstanceContainerImpl.instance(InstanceContainerImpl.kt:68)
	at com.intellij.serviceContainer.ComponentManagerImpl.getServiceAsync(ComponentManagerImpl.kt:702)
	at org.jetbrains.plugins.gradle.service.project.GradleVersionUpdateStartupActivity.execute(GradleVersionUpdateStartupActivity.kt:26)
	at com.intellij.ide.startup.impl.StartupManagerImplKt$launchActivity$1.invokeSuspend(StartupManagerImpl.kt:473)
	at kotlin.coroutines.jvm.internal.BaseContinuationImpl.resumeWith(ContinuationImpl.kt:33)
	at kotlinx.coroutines.DispatchedTask.run(DispatchedTask.kt:108)
	at kotlinx.coroutines.scheduling.CoroutineScheduler.runSafely(CoroutineScheduler.kt:584)
	at kotlinx.coroutines.scheduling.CoroutineScheduler$Worker.executeTask(CoroutineScheduler.kt:793)
	at kotlinx.coroutines.scheduling.CoroutineScheduler$Worker.runWorker(CoroutineScheduler.kt:697)
	at kotlinx.coroutines.scheduling.CoroutineScheduler$Worker.run(CoroutineScheduler.kt:684)
Caused by: java.lang.IllegalArgumentException: 25
	at com.intellij.util.lang.JavaVersion.parse(JavaVersion.java:307)
	at org.jetbrains.plugins.gradle.jvmcompat.GradleJvmSupportMatrix$getCompatibilityRanges$1$javaRange$1.invoke(GradleJvmSupportMatrix.kt:44)
	at org.jetbrains.plugins.gradle.jvmcompat.GradleJvmSupportMatrix$getCompatibilityRanges$1$javaRange$1.invoke(GradleJvmSupportMatrix.kt:44)
	at org.jetbrains.plugins.gradle.jvmcompat.IdeVersionedDataParser$Companion.parseVersion(IdeVersionedDataParser.kt:21)
	at org.jetbrains.plugins.gradle.jvmcompat.IdeVersionedDataParser$Companion.parseRange(IdeVersionedDataParser.kt:31)
	at org.jetbrains.plugins.gradle.jvmcompat.GradleJvmSupportMatrix.getCompatibilityRanges(GradleJvmSupportMatrix.kt:44)
	at org.jetbrains.plugins.gradle.jvmcompat.GradleJvmSupportMatrix.applyState(GradleJvmSupportMatrix.kt:28)
	at org.jetbrains.plugins.gradle.jvmcompat.GradleJvmSupportMatrix.onStateChanged(GradleJvmSupportMatrix.kt:50)
	at org.jetbrains.plugins.gradle.jvmcompat.GradleJvmSupportMatrix.onStateChanged(GradleJvmSupportMatrix.kt:13)
	at org.jetbrains.plugins.gradle.jvmcompat.IdeVersionedDataStorage.loadState(IdeVersionedDataStorage.kt:38)
	at org.jetbrains.plugins.gradle.jvmcompat.IdeVersionedDataStorage.loadState(IdeVersionedDataStorage.kt:7)
	at com.intellij.configurationStore.ComponentStoreImpl.doInitComponent(ComponentStoreImpl.kt:587)
	at com.intellij.configurationStore.ComponentStoreImpl.initComponent(ComponentStoreImpl.kt:487)
	at com.intellij.configurationStore.ComponentStoreImpl.initComponent(ComponentStoreImpl.kt:156)
	... 76 more
2026-08-21 01:05:00,744 [  12683]   INFO - #c.i.c.CompilerWorkspaceConfiguration - Available processors: 8
2026-08-21 01:05:00,827 [  12766] SEVERE - #c.i.c.ComponentStoreImpl - IntelliJ IDEA 2024.1  Build #IC-241.14494.240
2026-08-21 01:05:00,830 [  12769] SEVERE - #c.i.c.ComponentStoreImpl - JDK: 17.0.10; VM: OpenJDK 64-Bit Server VM; Vendor: JetBrains s.r.o.
2026-08-21 01:05:00,831 [  12770] SEVERE - #c.i.c.ComponentStoreImpl - OS: Linux
2026-08-21 01:05:00,833 [  12772] SEVERE - #c.i.c.ComponentStoreImpl - Last Action: 
2026-08-21 01:05:01,155 [  13094]   INFO - #c.i.o.p.SmartModeScheduler - Post-startup activity executed. Current mode: 5
2026-08-21 01:05:01,259 [  13198]   INFO - #c.i.i.s.IdeStartupScripts - 0 startup script(s) found
2026-08-21 01:05:01,322 [  13261]   INFO - #c.i.d.PerformanceWatcherImpl - Post-startup activities under progress took 1428ms; general responsiveness: 0/1 sluggish, 1/1 very slow; EDT responsiveness: 0/1 sluggish, 1/1 very slow
2026-08-21 01:05:01,788 [  13727]   INFO - #c.i.x.Html5SchemaProvider - HTML5_SCHEMA_LOCATION = /home/lucasalmeida/.gradle/caches/9.6.0/transforms/bea1b87427568a068e547fc0eae09392/transformed/ideaIC-2024.1/lib/app.jar!/resources/html5-schema/html5.rnc
2026-08-21 01:05:01,888 [  13827]   INFO - #c.i.u.i.UnindexedFilesScanner - Scanning completed for teste. Number of scanned files: 228; number of files for indexing: 0 took 3424ms; general responsiveness: 0/11 sluggish, 11/11 very slow; EDT responsiveness: 0/1 sluggish, 1/1 very slow
2026-08-21 01:05:01,890 [  13829]   INFO - #c.i.o.p.InitialVfsRefreshService - 2473fa2c: marking roots for initial VFS refresh
2026-08-21 01:05:01,890 [  13829]   INFO - #c.i.u.i.PerProjectIndexingQueue - Finished for teste. No files to index with loading content.
2026-08-21 01:05:01,892 [  13831]   INFO - #c.i.o.p.InitialVfsRefreshService - 2473fa2c: starting initial VFS refresh of 1 roots
2026-08-21 01:05:01,950 [  13889]   WARN - #c.i.o.a.i.ActionUpdater - 2437 ms to call on BGT ExecutorRegistryImpl$ExecutorAction#presentation@NavBarToolbar (com.intellij.execution.ExecutorRegistryImpl$ExecutorAction(id=Run))
2026-08-21 01:05:01,955 [  13894]   WARN - #c.i.o.a.i.ActionUpdater - 1988 ms to call on BGT ExecutorRegistryImpl$ExecutorAction#presentation@NavBarToolbar (com.intellij.execution.ExecutorRegistryImpl$ExecutorAction(id=Debug))
2026-08-21 01:05:01,965 [  13904]   INFO - #c.i.o.p.MergingQueueGuiExecutor - Task finished: UnindexedFilesScanner[teste]
2026-08-21 01:05:02,543 [  14482]   INFO - #c.i.o.p.InitialVfsRefreshService - 2473fa2c: initial VFS refresh finished in 646 ms
2026-08-21 01:05:03,361 [  15300]   INFO - #c.i.w.i.i.j.s.JpsGlobalModelSynchronizerImpl - Loading global entities com.intellij.platform.workspace.jps.entities.SdkEntity from files
2026-08-21 01:05:03,388 [  15327]   INFO - #c.i.w.i.i.j.s.JpsGlobalModelSynchronizerImpl - Loading global entities com.intellij.platform.workspace.jps.entities.LibraryEntity from files
2026-08-21 01:05:03,691 [  15630]   INFO - #c.i.w.i.i.EntitiesOrphanageImpl - Update orphanage. 0 modules added
2026-08-21 01:05:03,700 [  15639]   INFO - #c.i.w.i.i.WorkspaceModelImpl - Project model updated to version 3 in 14 ms: Sync global entities with project: teste
2026-08-21 01:05:03,703 [  15642]   INFO - #c.i.w.i.i.GlobalWorkspaceModel - Global model updated to version 2 in 29 ms: Sync global entities with state
2026-08-21 01:05:06,500 [  18439]   INFO - #c.i.w.i.i.GlobalWorkspaceModel - Sync global entities with mutable entity storage
2026-08-21 01:05:06,514 [  18453]   INFO - #o.j.j.b.i.CompilerReferenceIndex - backward reference index version doesn't exist
2026-08-21 01:05:06,533 [  18472]   INFO - #c.i.c.b.IsUpToDateCheckStartupActivity - suitable consumer is not found
2026-08-21 01:05:06,539 [  18478]   INFO - #c.i.w.i.i.j.s.JpsProjectModelSynchronizer - Attempt 1: Apply JPS storage (iml files)
2026-08-21 01:05:06,801 [  18740]   INFO - #c.i.w.i.i.EntitiesOrphanageImpl - Update orphanage. 0 modules added
2026-08-21 01:05:06,815 [  18754]   INFO - #c.i.w.i.i.j.s.JpsProjectModelSynchronizer - Attempt 1: Changes were successfully applied
2026-08-21 01:05:06,824 [  18763]   INFO - #c.i.w.i.i.j.s.DelayedProjectSynchronizer$Util - Workspace model loaded from cache. Syncing real project state into workspace model in 463 ms. Thread[DefaultDispatcher-worker-96 @run activity#4591,5,main]
2026-08-21 01:05:09,894 [  21833]   INFO - #c.i.w.i.i.j.s.JpsGlobalModelSynchronizerImpl - Saving global entities com.intellij.platform.workspace.jps.entities.SdkEntity to files
2026-08-21 01:05:09,920 [  21859]   INFO - #c.i.w.i.i.j.s.JpsGlobalModelSynchronizerImpl - Saving global entities com.intellij.platform.workspace.jps.entities.LibraryEntity to files
2026-08-21 01:05:11,602 [  23541]   INFO - #c.i.c.ComponentStoreImpl - Saving appFileTypeManager took 28 ms
2026-08-21 01:05:12,188 [  24127]   WARN - #c.i.u.x.Binding - No accessors for org.jetbrains.kotlin.cli.common.arguments.InternalArgument. This means that state class cannot be serialized properly. Please see https://jb.gg/ij-psoc
2026-08-21 01:05:12,241 [  24180]   INFO - #c.i.c.ComponentStoreImpl - Saving Project(name=teste, containerState=COMPONENT_CREATED, componentStore=/home/lucasalmeida/IdeaProjects/teste)DynamicElementsStorage took 21 ms, RunManager took 37 ms
2026-08-21 01:05:12,312 [  24251]   INFO - #c.i.o.c.i.s.StoreUtil - saveProjectsAndApp took 2426 ms
2026-08-21 01:05:22,839 [  34778]   INFO - #c.i.w.i.i.j.s.JpsGlobalModelSynchronizerImpl - Saving global entities com.intellij.platform.workspace.jps.entities.SdkEntity to files
2026-08-21 01:05:22,842 [  34781]   INFO - #c.i.w.i.i.j.s.JpsGlobalModelSynchronizerImpl - Saving global entities com.intellij.platform.workspace.jps.entities.LibraryEntity to files
2026-08-21 01:05:22,908 [  34847]   INFO - #c.i.a.o.PathMacrosImpl - Saved path macros: {MAVEN_REPOSITORY=/home/lucasalmeida/.m2/repository}
2026-08-21 01:05:22,930 [  34869]   INFO - #c.i.c.ComponentStoreImpl - Saving appExtensionsRootType took 16 ms
2026-08-21 01:05:23,125 [  35064]   INFO - #c.i.c.ComponentStoreImpl - Saving Project(name=teste, containerState=COMPONENT_CREATED, componentStore=/home/lucasalmeida/IdeaProjects/teste)XDebuggerManager took 36 ms
2026-08-21 01:05:23,401 [  35340]   INFO - #c.j.r.f.FollowMeManager - Unregister user (name: 'lucasalmeida', clientId: Host)
2026-08-21 01:05:23,404 [  35343]   INFO - #c.i.o.v.i.l.NativeFileWatcherImpl - Watcher terminated with exit code 0
2026-08-21 01:05:23,415 [  35354]   INFO - #c.i.o.w.i.WindowManagerImpl - === Release(true) frame on closed project ===
2026-08-21 01:05:23,595 [  35534]   INFO - #o.j.k.i.s.r.KotlinCompilerReferenceIndexStorage - KCRI storage is closed (didn't exist)
2026-08-21 01:05:23,612 [  35551]   INFO - #c.i.c.b.CompilerReferenceServiceBase - backward reference index reader is closed (didn't exist)
2026-08-21 01:05:23,671 [  35610]   INFO - #c.i.u.s.SvgCacheManager - SVG icon cache is closed
2026-08-21 01:05:23,718 [  35657]   INFO - #o.j.i.BuiltInServer - web server stopped
2026-08-21 01:05:23,772 [  35711]   INFO - #c.i.u.i.FileBasedIndexImpl - Index dispose started
2026-08-21 01:05:23,959 [  35898]   INFO - #c.i.p.s.StubIndexImpl - StubIndexExtension-s were unloaded
2026-08-21 01:05:23,959 [  35898]   INFO - #c.i.p.s.SerializationManagerImpl - Start shutting down /home/lucasalmeida/Developer/DockerRunner/.intellijPlatform/sandbox/DockerRunner/IC-2024.1/system/index/rep.names
2026-08-21 01:05:23,961 [  35900]   INFO - #c.i.p.s.SerializationManagerImpl - Finished shutting down /home/lucasalmeida/Developer/DockerRunner/.intellijPlatform/sandbox/DockerRunner/IC-2024.1/system/index/rep.names
2026-08-21 01:05:23,964 [  35903]   INFO - #c.i.u.i.FileBasedIndexImpl - Index dispose completed in 192ms.
2026-08-21 01:05:24,129 [  36068]   INFO - #c.i.o.v.n.p.PersistentFSImpl - VFS dispose started
2026-08-21 01:05:24,131 [  36070]   INFO - #c.i.o.v.n.p.FSRecordsImpl - VFS closing
2026-08-21 01:05:24,136 [  36075]   INFO - #c.i.o.v.n.p.PersistentFSImpl - VFS dispose completed in 6 ms.
2026-08-21 01:05:24,137 [  36076]   INFO - #c.i.o.f.i.FileTypeDetectionService - 1 auto-detected files. Detection took 26 ms
2026-08-21 01:05:24,256 [  36195]   INFO - #c.i.p.i.b.AppStarter - ------------------------------------------------------ IDE SHUTDOWN ------------------------------------------------------
