# OpenTelemetry Metrics report: .csv, 4 fields: 
# <metric name>, <period start, nanoseconds>, <period end, nanoseconds>, <metric value>
# See CsvMetricsExporter for details.
# 
# NAME, PERIOD_START_NANOS, PERIOD_END_NANOS, VALUE
FilePageCacheLockFree.totalPageAllocationsWaited,1787277545587000000,1787277605720000000,0
FilePageCacheLockFree.totalHeapBytesAllocated,1787277545587000000,1787277605720000000,0
DirectByteBufferAllocator.hits,1787277545587000000,1787277605720000000,5
StorageLockContext.competingThreads.max,1787277545587000000,1787277605720000000,4
FilePageCache.maxCacheSizeInBytes,1787277545587000000,1787277605720000000,205537280
FilePageCache.pageLoadsAboveSizeThreshold,1787277545587000000,1787277605720000000,0
FilePageCacheLockFree.totalBytesRequested,1787277545587000000,1787277605720000000,0
MappedFileStorage.storages,1787277545587000000,1787277605720000000,10
DirectByteBufferAllocator.reclaimed,1787277545587000000,1787277605720000000,5
FilePageCache.totalPageLoadsUs,1787277545587000000,1787277605720000000,2084350
FilePageCacheLockFree.totalPagesWritten,1787277545587000000,1787277605720000000,0
FilePageCacheLockFree.totalHeapBytesReclaimed,1787277545587000000,1787277605720000000,0
FileChannelInterruptsRetryer.totalRetriedAttempts,1787277545587000000,1787277605720000000,0
FilePageCacheLockFree.totalPagesReclaimed,1787277545587000000,1787277605720000000,0
FilePageCacheLockFree.housekeeperTurnsSkipped,1787277545587000000,1787277605720000000,0
FilePageCacheLockFree.totalNativeBytesAllocated,1787277545587000000,1787277605720000000,0
MappedFileStorage.totalTimeSpentOnMappingUs,1787277545587000000,1787277605720000000,7586579
FilePageCacheLockFree.totalBytesRead,1787277545587000000,1787277605720000000,0
DirectByteBufferAllocator.totalSizeOfBuffersAllocatedInBytes,1787277545587000000,1787277605720000000,205537280
StreamlinedBlobStorage.totalLiveRecordsCapacityBytes,1787277545587000000,1787277605720000000,19240
FilePageCacheLockFree.heapBytesInUse,1787277545587000000,1787277605720000000,0
StreamlinedBlobStorage.recordsAllocated,1787277545587000000,1787277605720000000,253
FilePageCacheLockFree.totalPagesRequestsMs,1787277545587000000,1787277605720000000,0
StreamlinedBlobStorage.recordsDeleted,1787277545587000000,1787277605720000000,0
FilePageCacheLockFree.housekeeperTimeSpentMs,1787277545587000000,1787277605720000000,0
DirectByteBufferAllocator.disposed,1787277545587000000,1787277605720000000,0
FilePageCacheLockFree.totalPagesRequested,1787277545587000000,1787277605720000000,0
FilePageCache.capacityInBytes,1787277545587000000,1787277605720000000,503316478
FilePageCache.disposedBuffers,1787277545587000000,1787277605720000000,5
FilePageCacheLockFree.totalPagesWriteMs,1787277545587000000,1787277605720000000,0
DirectByteBufferAllocator.misses,1787277545587000000,1787277605720000000,198
FilePageCacheLockFree.totalPagesAllocated,1787277545587000000,1787277605720000000,0
FilePageCache.pageFastCacheHits,1787277545587000000,1787277605720000000,14235
FilePageCache.totalPageDisposalsUs,1787277545587000000,1787277605720000000,16977
FilePageCache.maxRegisteredFiles,1787277545587000000,1787277605720000000,545
StreamlinedBlobStorage.recordsRelocated,1787277545587000000,1787277605720000000,0
StreamlinedBlobStorage.totalLiveRecordsPayloadBytes,1787277545587000000,1787277605720000000,5201
FilePageCacheLockFree.housekeeperTurnsDone,1787277545587000000,1787277605720000000,0
FilePageCache.pageLoads,1787277545587000000,1787277605720000000,203
MappedFileStorage.totalBytesMapped,1787277545587000000,1787277605720000000,177471488
FilePageCacheLockFree.totalNativeBytesReclaimed,1787277545587000000,1787277605720000000,0
MappedFileStorage.totalPagesMapped,1787277545587000000,1787277605720000000,10
StorageLockContext.competingThreads.avg,1787277545587000000,1787277605720000000,0.11304347826086956
DirectByteBufferAllocator.totalSizeOfBuffersCachedInBytes,1787277545587000000,1787277605720000000,0
FilePageCache.uncachedFileAccess,1787277545587000000,1787277605720000000,342
FilePageCache.pageHits,1787277545587000000,1787277605720000000,0
StorageLockContext.competingThreads.90P,1787277545587000000,1787277605720000000,0
FilePageCacheLockFree.totalBytesWritten,1787277545587000000,1787277605720000000,0
FilePageCacheLockFree.totalPagesHandedOver,1787277545587000000,1787277605720000000,0
FilePageCacheLockFree.nativeBytesInUse,1787277545587000000,1787277605720000000,0
FilePageCacheLockFree.totalPagesReadMs,1787277545587000000,1787277605720000000,0
FilePageCacheLockFree.totalClosedStoragesReclaimed,1787277545587000000,1787277605720000000,0
FlushQueue.executionTimeMaxNs,1787277545587000000,1787277605720000000,1476395007
ReadAction.executionsCount,1787277545587000000,1787277605720000000,1799
AWTEventQueue.dispatchTimeTotalNS,1787277545587000000,1787277605720000000,10001988330
FlushQueue.queueSizeAvg,1787277545587000000,1787277605720000000,24.259515570934255
FlushQueue.tasksExecuted,1787277545587000000,1787277605720000000,289
AWTEventQueue.dispatchTimeMaxNs,1787277545587000000,1787277605720000000,1895825407
AWTEventQueue.dispatchTime90PNs,1787277545587000000,1787277605720000000,10420223
FlushQueue.waitingTimeMaxNs,1787277545587000000,1787277605720000000,3472883711
WriteAction.executionsCount,1787277545587000000,1787277605720000000,17
NonBlockingReadAction.failedExecutionsCount,1787277545587000000,1787277605720000000,2
FlushQueue.executionTimeAvgNs,1787277545587000000,1787277605720000000,2.100566488581315E7
NonBlockingReadAction.failedExecutionTimeUs,1787277545587000000,1787277605720000000,189619
FlushQueue.waitingTimeAvgNs,1787277545587000000,1787277605720000000,5.002578690657439E8
NonBlockingReadAction.finalizedExecutionTimeUs,1787277545587000000,1787277605720000000,971321
AWTEventQueue.eventsDispatched,1787277545587000000,1787277605720000000,1153
NonBlockingReadAction.finalizedExecutionsCount,1787277545587000000,1787277605720000000,19
FlushQueue.queueSizeMax,1787277545587000000,1787277605720000000,100
FlushQueue.executionTime90PNs,1787277545587000000,1787277605720000000,23986175
AWTEventQueue.dispatchTimeAvgNs,1787277545587000000,1787277605720000000,8672074.102341717
FlushQueue.waitingTime90PNs,1787277545587000000,1787277605720000000,1535115263
FlushQueue.queueSize90P,1787277545587000000,1787277605720000000,84
cacheStateStorage.get.counter,1787277545587000000,1787277605720000000,13
cacheStateStorage.set.duration,1787277545587000000,1787277605720000000,163
cacheStateStorage.set.counter,1787277545587000000,1787277605720000000,1
cacheStateStorage.get.duration,1787277545587000000,1787277605720000000,0
workspaceModel.mutableEntityStorage.modify.entity.ms,1787277545587000000,1787277605720000000,2
jps.modifiable.module.model.bridge.new.module.ms,1787277545587000000,1787277605720000000,187
jps.project.serializers.save.ms,1787277545587000000,1787277605720000000,0
jps.artifact.entities.serializer.save.entities.ms,1787277545587000000,1787277605720000000,0
jps.global.initialize.library.bridges.ms,1787277545587000000,1787277605720000000,2
workspaceModel.mutableEntityStorage.mutable.ext.mapping.ms,1787277545587000000,1787277605720000000,4
jps.load.initial.state.ms,1787277545587000000,1787277605720000000,46
workspaceModel.global.updates.ms,1787277545587000000,1787277605720000000,64
jps.reload.project.entities.ms,1787277545587000000,1787277605720000000,0
workspaceModel.mutableEntityStorage.entities.ms,1787277545587000000,1787277605720000000,4
jps.global.handle.changed.events.ms,1787277545587000000,1787277605720000000,0
jps.app.storage.content.reader.load.component.ms,1787277545587000000,1787277605720000000,4
workspaceModel.load.cache.from.file.ms,1787277545587000000,1787277605720000000,2
jps.global.initialize.library.bridges.after.loading.ms,1787277545587000000,1787277605720000000,5
workspaceModel.mutableEntityStorage.apply.changes.from.ms,1787277545587000000,1787277605720000000,19
workspaceModel.load.cache.metadata.from.file.ms,1787277545587000000,1787277605720000000,0
workspaceModel.mutableEntityStorage.remove.entity.ms,1787277545587000000,1787277605720000000,0
workspaceModel.mutableEntityStorage.referrers.ms,1787277545587000000,1787277605720000000,0
jps.global.get.library.ms,1787277545587000000,1787277605720000000,0
workspaceModel.mutableEntityStorage.add.entity.ms,1787277545587000000,1787277605720000000,77
workspaceModel.global.apply.state.to.project.builder.ms,1787277545587000000,1787277605720000000,22
workspaceModel.mutableEntityStorage.to.snapshot.ms,1787277545587000000,1787277605720000000,9
jps.facet.change.listener.process.change.events.ms,1787277545587000000,1787277605720000000,1
workspaceModel.orphan.listener.update.ms,1787277545587000000,1787277605720000000,7
jps.global.get.library.by.name.ms,1787277545587000000,1787277605720000000,0
workspaceModel.moduleManagerBridge.newModule.ms,1787277545587000000,1787277605720000000,0
jps.facet.change.listener.init.bridge.ms,1787277545587000000,1787277605720000000,1
workspaceModel.moduleManagerBridge.build.module.graph.ms,1787277545587000000,1787277605720000000,6
workspaceModel.do.save.caches.ms,1787277545587000000,1787277605720000000,133
jps.save.changed.project.entities.ms,1787277545587000000,1787277605720000000,0
jps.app.storage.content.writer.save.component.ms,1787277545587000000,1787277605720000000,80
workspaceModel.mutableEntityStorage.replace.by.source.ms,1787277545587000000,1787277605720000000,21
workspaceModel.moduleManagerBridge.new.nonPersistent.module.ms,1787277545587000000,1787277605720000000,0
workspaceModel.moduleManagerBridge.get.modules.ms,1787277545587000000,1787277605720000000,0
workspaceModel.global.apply.state.to.project.ms,1787277545587000000,1787277605720000000,0
jps.modifiable.module.model.bridge.renaming.ms,1787277545587000000,1787277605720000000,0
workspaceModel.save.cache.to.file.ms,1787277545587000000,1787277605720000000,298
workspaceModel.moduleManagerBridge.load.module.ms,1787277545587000000,1787277605720000000,0
workspaceModel.mutableEntityStorage.collect.changes.ms,1787277545587000000,1787277605720000000,7
workspaceModel.sync.entities.ms,1787277545587000000,1787277605720000000,15
jps.project.serializers.load.ms,1787277545587000000,1787277605720000000,5
workspaceModel.mutableEntityStorage.has.same.entities.ms,1787277545587000000,1787277605720000000,0
workspaceModel.mutableEntityStorage.resolve.ms,1787277545587000000,1787277605720000000,0
workspaceModel.moduleBridge.facet.initialization.ms,1787277545587000000,1787277605720000000,0
jps.load.project.to.empty.storage.ms,1787277545587000000,1787277605720000000,76
jps.global.handle.before.change.events.ms,1787277545587000000,1787277605720000000,0
workspaceModel.moduleBridge.before.changed.ms,1787277545587000000,1787277605720000000,0
jps.modifiable.module.model.bridge.disposing.ms,1787277545587000000,1787277605720000000,0
workspaceModel.moduleManagerBridge.set.unloadedModules.ms,1787277545587000000,1787277605720000000,0
jps.library.entities.serializer.save.entities.ms,1787277545587000000,1787277605720000000,0
jps.library.entities.serializer.load.entities.ms,1787277545587000000,1787277605720000000,1
jps.save.global.entities.ms,1787277545587000000,1787277605720000000,363
jps.global.get.libraries.ms,1787277545587000000,1787277605720000000,3
jps.modifiable.module.model.bridge.load.module.ms,1787277545587000000,1787277605720000000,0
workspaceModel.mutableEntityStorage.instances.count,1787277545587000000,1787277605720000000,26
workspaceModel.moduleManagerBridge.create.module.instance.ms,1787277545587000000,1787277605720000000,164
workspaceModel.moduleBridgeLoader.loading.modules.ms,1787277545587000000,1787277605720000000,492
workspaceModel.moduleManagerBridge.load.all.modules.ms,1787277545587000000,1787277605720000000,5
workspaceModel.mutableEntityStorage.mutable.vfurl.index.ms,1787277545587000000,1787277605720000000,0
jps.artifact.entities.serializer.load.entities.ms,1787277545587000000,1787277605720000000,0
workspaceModel.mutableEntityStorage.entities.by.source.ms,1787277545587000000,1787277605720000000,0
workspaceModel.mutableEntityStorage.put.entity.ms,1787277545587000000,1787277605720000000,42
jps.apply.loaded.storage.ms,1787277545587000000,1787277605720000000,215
jps.facet.change.listener.before.change.events.ms,1787277545587000000,1787277605720000000,0
workspaceModel.moduleBridge.update.option.ms,1787277545587000000,1787277605720000000,0
jps.storage.jps.conf.reader.load.component.ms,1787277545587000000,1787277605720000000,4
workspaceModel.global.updates.count,1787277545587000000,1787277605720000000,2
compiler.ArtifactManagerBridge.commit.ms,1787277545587000000,1787277605720000000,0
compiler.ArtifactManagerBridge.getArtifactsByType.ms,1787277545587000000,1787277605720000000,6
compiler.ArtifactManagerBridge.getArtifacts.ms,1787277545587000000,1787277605720000000,0
compiler.ArtifactManagerBridge.dropMappings.ms,1787277545587000000,1787277605720000000,0
compiler.ArtifactManagerBridge.initBridges.ms,1787277545587000000,1787277605720000000,5
compiler.ArtifactManagerBridge.findArtifact.ms,1787277545587000000,1787277605720000000,0
compiler.ArtifactManagerBridge.addArtifact.ms,1787277545587000000,1787277605720000000,0
writeAction.max.wait.ms,1787277545587000000,1787277605720000000,58
writeAction.count,1787277545587000000,1787277605720000000,18
writeAction.wait.ms,1787277545587000000,1787277605720000000,60
writeAction.median.wait.ms,1787277545587000000,1787277605720000000,0
workspaceModel.cachedValueWithParameters.total.get.ms,1787277545587000000,1787277605720000000,0
workspaceModel.workspaceFileIndexData.visitFileSets.ms,1787277545587000000,1787277605720000000,34
workspaceModel.cachedValueWithParameters.from.cache.ms,1787277545587000000,1787277605720000000,0
workspaceModel.entityStorageSnapshotImpl.instances.count,1787277545587000000,1787277605720000000,23
workspaceModel.loading.from.cache.ms,1787277545587000000,1787277605720000000,4
workspaceModel.update.unloaded.entities.ms,1787277545587000000,1787277605720000000,0
workspaceModel.cachedValue.from.cache.ms,1787277545587000000,1787277605720000000,0
workspaceModel.cachedValue.calculated.ms,1787277545587000000,1787277605720000000,27
workspaceModel.workspaceFileIndexContributor.registerFileSets.ms,1787277545587000000,1787277605720000000,24
workspaceModel.workspaceFileIndexData.updateDirtyEntities.ms,1787277545587000000,1787277605720000000,0
workspaceModel.workspaceFileIndexData.getPackageName.ms,1787277545587000000,1787277605720000000,0
workspaceModel.cachedValueWithParameters.calculated.ms,1787277545587000000,1787277605720000000,0
workspaceModel.workspaceFileIndexData.processFileSets.ms,1787277545587000000,1787277605720000000,0
workspaceModel.updates.precise.ms,1787277545587000000,1787277605720000000,3
workspaceModel.to.snapshot.ms,1787277545587000000,1787277605720000000,0
workspaceModel.cachedValue.clear.ms,1787277545587000000,1787277605720000000,0
workspaceModel.check.recursive.update.ms,1787277545587000000,1787277605720000000,12
workspaceModel.workspaceFileIndexData.init.ms,1787277545587000000,1787277605720000000,10
workspaceModel.collect.changes.ms,1787277545587000000,1787277605720000000,1
workspaceModel.full.replace.project.model.ms,1787277545587000000,1787277605720000000,203
workspaceModel.workspaceFileIndexData.instances.count,1787277545587000000,1787277605720000000,1
workspaceModel.workspaceFileIndexData.getFileInfo.ms,1787277545587000000,1787277605720000000,136
workspaceModel.updates.count,1787277545587000000,1787277605720000000,2
workspaceModel.cachedValue.total.get.ms,1787277545587000000,1787277605720000000,27
workspaceModel.pre.handlers.ms,1787277545587000000,1787277605720000000,2
workspaceModel.workspaceFileIndexData.onEntitiesChanged.ms,1787277545587000000,1787277605720000000,23
workspaceModel.updates.ms,1787277545587000000,1787277605720000000,278
workspaceModel.workspaceFileIndexData.markDirty.ms,1787277545587000000,1787277605720000000,0
workspaceModel.initializing.ms,1787277545587000000,1787277605720000000,0
workspaceModel.workspaceFileIndexData.getDirectoriesByPackageName.ms,1787277545587000000,1787277605720000000,0
workspaceModel.loading.total.ms,1787277545587000000,1787277605720000000,22
workspaceModel.cachedValueWithParameters.clear.ms,1787277545587000000,1787277605720000000,0
workspaceModel.replace.project.model.ms,1787277545587000000,1787277605720000000,0
workspaceModel.init.bridges.ms,1787277545587000000,1787277605720000000,6
Indexes.entries.lookupDurationAvgMs,1787277545587000000,1787277605720000000,37.875
Indexes.allKeys.lookupDurationAvgMs,1787277545587000000,1787277605720000000,0.0
Indexes.entries.lookups,1787277545587000000,1787277605720000000,8.0
Indexes.allKeys.lookups,1787277545587000000,1787277605720000000,0.0
Indexes.entries.lookupDurationMaxMs,1787277545587000000,1787277605720000000,96.0
Indexes.allKeys.lookupDuration90PMs,1787277545587000000,1787277605720000000,0.0
Indexes.stubs.lookupDurationAvgMs,1787277545587000000,1787277605720000000,0.0
Indexes.allKeys.lookupDurationMaxMs,1787277545587000000,1787277605720000000,0.0
Indexes.stubs.lookupDuration90PMs,1787277545587000000,1787277605720000000,0.0
IndexesFlusher.totalFlushes,1787277545587000000,1787277605720000000,94
IndexesFlusher.totalFlushingTimeUs,1787277545587000000,1787277605720000000,1243429
Indexes.entries.lookupDuration90PMs,1787277545587000000,1787277605720000000,96.0
IndexesFlusher.totalFlushesRetried,1787277545587000000,1787277605720000000,2
Indexes.stubs.lookupDurationMaxMs,1787277545587000000,1787277605720000000,0.0
IndexesFlusher.totalContentionQuotaSpent,1787277545587000000,1787277605720000000,52
Indexes.stubs.lookups,1787277545587000000,1787277605720000000,0.0
VFS.fileChildByName,1787277545587000000,1787277605720000000,1970
FileNameCache.queries,1787277545587000000,1787277605720000000,250304
VFS.invertedFileNameIndex.requests,1787277545587000000,1787277605720000000,0
VFS.fileByIdCache.hits,1787277545587000000,1787277605720000000,0
VFS.fileByIdCache.misses,1787277545587000000,1787277605720000000,0
FileNameCache.totalMisses,1787277545587000000,1787277605720000000,0
FilePageCacheLockFree.totalPageAllocationsWaited,1787277605720000000,1787277665715000000,0
FilePageCacheLockFree.totalHeapBytesAllocated,1787277605720000000,1787277665715000000,0
DirectByteBufferAllocator.hits,1787277605720000000,1787277665715000000,0
StorageLockContext.competingThreads.max,1787277605720000000,1787277665715000000,1
FilePageCache.maxCacheSizeInBytes,1787277605720000000,1787277665715000000,330317824
FilePageCache.pageLoadsAboveSizeThreshold,1787277605720000000,1787277665715000000,0
FilePageCacheLockFree.totalBytesRequested,1787277605720000000,1787277665715000000,0
MappedFileStorage.storages,1787277605720000000,1787277665715000000,14
DirectByteBufferAllocator.reclaimed,1787277605720000000,1787277665715000000,0
FilePageCache.totalPageLoadsUs,1787277605720000000,1787277665715000000,251020
FilePageCacheLockFree.totalPagesWritten,1787277605720000000,1787277665715000000,0
FilePageCacheLockFree.totalHeapBytesReclaimed,1787277605720000000,1787277665715000000,0
FileChannelInterruptsRetryer.totalRetriedAttempts,1787277605720000000,1787277665715000000,0
FilePageCacheLockFree.totalPagesReclaimed,1787277605720000000,1787277665715000000,0
FilePageCacheLockFree.housekeeperTurnsSkipped,1787277605720000000,1787277665715000000,0
FilePageCacheLockFree.totalNativeBytesAllocated,1787277605720000000,1787277665715000000,0
MappedFileStorage.totalTimeSpentOnMappingUs,1787277605720000000,1787277665715000000,7808484
FilePageCacheLockFree.totalBytesRead,1787277605720000000,1787277665715000000,0
DirectByteBufferAllocator.totalSizeOfBuffersAllocatedInBytes,1787277605720000000,1787277665715000000,330317824
StreamlinedBlobStorage.totalLiveRecordsCapacityBytes,1787277605720000000,1787277665715000000,2000820
FilePageCacheLockFree.heapBytesInUse,1787277605720000000,1787277665715000000,0
StreamlinedBlobStorage.recordsAllocated,1787277605720000000,1787277665715000000,27910
FilePageCacheLockFree.totalPagesRequestsMs,1787277605720000000,1787277665715000000,0
StreamlinedBlobStorage.recordsDeleted,1787277605720000000,1787277665715000000,22
FilePageCacheLockFree.housekeeperTimeSpentMs,1787277605720000000,1787277665715000000,0
DirectByteBufferAllocator.disposed,1787277605720000000,1787277665715000000,0
FilePageCacheLockFree.totalPagesRequested,1787277605720000000,1787277665715000000,0
FilePageCache.capacityInBytes,1787277605720000000,1787277665715000000,503316478
FilePageCache.disposedBuffers,1787277605720000000,1787277665715000000,0
FilePageCacheLockFree.totalPagesWriteMs,1787277605720000000,1787277665715000000,0
DirectByteBufferAllocator.misses,1787277605720000000,1787277665715000000,119
FilePageCacheLockFree.totalPagesAllocated,1787277605720000000,1787277665715000000,0
FilePageCache.pageFastCacheHits,1787277605720000000,1787277665715000000,5952712
FilePageCache.totalPageDisposalsUs,1787277605720000000,1787277665715000000,461
FilePageCache.maxRegisteredFiles,1787277605720000000,1787277665715000000,555
StreamlinedBlobStorage.recordsRelocated,1787277605720000000,1787277665715000000,0
StreamlinedBlobStorage.totalLiveRecordsPayloadBytes,1787277605720000000,1787277665715000000,402164
FilePageCacheLockFree.housekeeperTurnsDone,1787277605720000000,1787277665715000000,0
FilePageCache.pageLoads,1787277605720000000,1787277665715000000,119
MappedFileStorage.totalBytesMapped,1787277605720000000,1787277665715000000,194248704
FilePageCacheLockFree.totalNativeBytesReclaimed,1787277605720000000,1787277665715000000,0
MappedFileStorage.totalPagesMapped,1787277605720000000,1787277665715000000,14
StorageLockContext.competingThreads.avg,1787277605720000000,1787277665715000000,0.03333333333333333
DirectByteBufferAllocator.totalSizeOfBuffersCachedInBytes,1787277605720000000,1787277665715000000,0
FilePageCache.uncachedFileAccess,1787277605720000000,1787277665715000000,271
FilePageCache.pageHits,1787277605720000000,1787277665715000000,258170
StorageLockContext.competingThreads.90P,1787277605720000000,1787277665715000000,0
FilePageCacheLockFree.totalBytesWritten,1787277605720000000,1787277665715000000,0
FilePageCacheLockFree.totalPagesHandedOver,1787277605720000000,1787277665715000000,0
FilePageCacheLockFree.nativeBytesInUse,1787277605720000000,1787277665715000000,0
FilePageCacheLockFree.totalPagesReadMs,1787277605720000000,1787277665715000000,0
FilePageCacheLockFree.totalClosedStoragesReclaimed,1787277605720000000,1787277665715000000,0
FlushQueue.executionTimeMaxNs,1787277605720000000,1787277665715000000,4831838207
ReadAction.executionsCount,1787277605720000000,1787277665715000000,212741
AWTEventQueue.dispatchTimeTotalNS,1787277605720000000,1787277665715000000,12582722283
FlushQueue.queueSizeAvg,1787277605720000000,1787277665715000000,13.620651369356032
FlushQueue.tasksExecuted,1787277605720000000,1787277665715000000,2702
AWTEventQueue.dispatchTimeMaxNs,1787277605720000000,1787277665715000000,1560281087
AWTEventQueue.dispatchTime90PNs,1787277605720000000,1787277665715000000,2605055
FlushQueue.waitingTimeMaxNs,1787277605720000000,1787277665715000000,3103784959
WriteAction.executionsCount,1787277605720000000,1787277665715000000,12
NonBlockingReadAction.failedExecutionsCount,1787277605720000000,1787277665715000000,2
FlushQueue.executionTimeAvgNs,1787277605720000000,1787277665715000000,3506109.646188009
NonBlockingReadAction.failedExecutionTimeUs,1787277605720000000,1787277665715000000,25049
FlushQueue.waitingTimeAvgNs,1787277605720000000,1787277665715000000,7.19854113042191E7
NonBlockingReadAction.finalizedExecutionTimeUs,1787277605720000000,1787277665715000000,69298978
AWTEventQueue.eventsDispatched,1787277605720000000,1787277665715000000,6049
NonBlockingReadAction.finalizedExecutionsCount,1787277605720000000,1787277665715000000,38387
FlushQueue.queueSizeMax,1787277605720000000,1787277665715000000,138
FlushQueue.executionTime90PNs,1787277605720000000,1787277665715000000,835583
AWTEventQueue.dispatchTimeAvgNs,1787277605720000000,1787277665715000000,2079738.3078194743
FlushQueue.waitingTime90PNs,1787277605720000000,1787277665715000000,398458879
FlushQueue.queueSize90P,1787277605720000000,1787277665715000000,82
cacheStateStorage.get.counter,1787277605720000000,1787277665715000000,14
cacheStateStorage.set.duration,1787277605720000000,1787277665715000000,124
cacheStateStorage.set.counter,1787277605720000000,1787277665715000000,6
cacheStateStorage.get.duration,1787277605720000000,1787277665715000000,158
workspaceModel.mutableEntityStorage.modify.entity.ms,1787277605720000000,1787277665715000000,0
jps.modifiable.module.model.bridge.new.module.ms,1787277605720000000,1787277665715000000,0
jps.project.serializers.save.ms,1787277605720000000,1787277665715000000,175
jps.artifact.entities.serializer.save.entities.ms,1787277605720000000,1787277665715000000,0
jps.global.initialize.library.bridges.ms,1787277605720000000,1787277665715000000,0
workspaceModel.mutableEntityStorage.mutable.ext.mapping.ms,1787277605720000000,1787277665715000000,0
jps.load.initial.state.ms,1787277605720000000,1787277665715000000,0
workspaceModel.global.updates.ms,1787277605720000000,1787277665715000000,0
jps.reload.project.entities.ms,1787277605720000000,1787277665715000000,2
jps.module.iml.entities.serializer.load.entities.ms,1787277605720000000,1787277665715000000,0
workspaceModel.mutableEntityStorage.entities.ms,1787277605720000000,1787277665715000000,0
jps.global.handle.changed.events.ms,1787277605720000000,1787277665715000000,0
jps.app.storage.content.reader.load.component.ms,1787277605720000000,1787277665715000000,0
workspaceModel.load.cache.from.file.ms,1787277605720000000,1787277665715000000,0
jps.global.initialize.library.bridges.after.loading.ms,1787277605720000000,1787277665715000000,0
workspaceModel.mutableEntityStorage.apply.changes.from.ms,1787277605720000000,1787277665715000000,0
workspaceModel.load.cache.metadata.from.file.ms,1787277605720000000,1787277665715000000,0
workspaceModel.mutableEntityStorage.remove.entity.ms,1787277605720000000,1787277665715000000,0
workspaceModel.mutableEntityStorage.referrers.ms,1787277605720000000,1787277665715000000,0
jps.global.get.library.ms,1787277605720000000,1787277665715000000,0
workspaceModel.mutableEntityStorage.add.entity.ms,1787277605720000000,1787277665715000000,0
workspaceModel.global.apply.state.to.project.builder.ms,1787277605720000000,1787277665715000000,0
workspaceModel.mutableEntityStorage.to.snapshot.ms,1787277605720000000,1787277665715000000,0
jps.facet.change.listener.process.change.events.ms,1787277605720000000,1787277665715000000,0
workspaceModel.orphan.listener.update.ms,1787277605720000000,1787277665715000000,0
jps.global.get.library.by.name.ms,1787277605720000000,1787277665715000000,0
workspaceModel.moduleManagerBridge.newModule.ms,1787277605720000000,1787277665715000000,0
jps.facet.change.listener.init.bridge.ms,1787277605720000000,1787277665715000000,0
workspaceModel.moduleManagerBridge.build.module.graph.ms,1787277605720000000,1787277665715000000,0
workspaceModel.do.save.caches.ms,1787277605720000000,1787277665715000000,0
jps.save.changed.project.entities.ms,1787277605720000000,1787277665715000000,175
jps.app.storage.content.writer.save.component.ms,1787277605720000000,1787277665715000000,3
workspaceModel.mutableEntityStorage.replace.by.source.ms,1787277605720000000,1787277665715000000,0
workspaceModel.moduleManagerBridge.new.nonPersistent.module.ms,1787277605720000000,1787277665715000000,0
workspaceModel.moduleManagerBridge.get.modules.ms,1787277605720000000,1787277665715000000,0
workspaceModel.global.apply.state.to.project.ms,1787277605720000000,1787277665715000000,0
jps.modifiable.module.model.bridge.renaming.ms,1787277605720000000,1787277665715000000,0
workspaceModel.save.cache.to.file.ms,1787277605720000000,1787277665715000000,0
workspaceModel.moduleManagerBridge.load.module.ms,1787277605720000000,1787277665715000000,0
workspaceModel.mutableEntityStorage.collect.changes.ms,1787277605720000000,1787277665715000000,0
workspaceModel.sync.entities.ms,1787277605720000000,1787277665715000000,0
jps.project.serializers.load.ms,1787277605720000000,1787277665715000000,0
workspaceModel.mutableEntityStorage.has.same.entities.ms,1787277605720000000,1787277665715000000,0
workspaceModel.mutableEntityStorage.resolve.ms,1787277605720000000,1787277665715000000,0
workspaceModel.moduleBridge.facet.initialization.ms,1787277605720000000,1787277665715000000,0
jps.load.project.to.empty.storage.ms,1787277605720000000,1787277665715000000,0
jps.global.handle.before.change.events.ms,1787277605720000000,1787277665715000000,0
workspaceModel.moduleBridge.before.changed.ms,1787277605720000000,1787277665715000000,0
jps.modifiable.module.model.bridge.disposing.ms,1787277605720000000,1787277665715000000,0
workspaceModel.moduleManagerBridge.set.unloadedModules.ms,1787277605720000000,1787277665715000000,0
jps.library.entities.serializer.save.entities.ms,1787277605720000000,1787277665715000000,0
jps.library.entities.serializer.load.entities.ms,1787277605720000000,1787277665715000000,0
jps.save.global.entities.ms,1787277605720000000,1787277665715000000,9
jps.global.get.libraries.ms,1787277605720000000,1787277665715000000,0
jps.modifiable.module.model.bridge.load.module.ms,1787277605720000000,1787277665715000000,0
workspaceModel.mutableEntityStorage.instances.count,1787277605720000000,1787277665715000000,3
workspaceModel.moduleManagerBridge.create.module.instance.ms,1787277605720000000,1787277665715000000,0
workspaceModel.moduleBridgeLoader.loading.modules.ms,1787277605720000000,1787277665715000000,0
workspaceModel.moduleManagerBridge.load.all.modules.ms,1787277605720000000,1787277665715000000,0
workspaceModel.mutableEntityStorage.mutable.vfurl.index.ms,1787277605720000000,1787277665715000000,0
jps.artifact.entities.serializer.load.entities.ms,1787277605720000000,1787277665715000000,0
workspaceModel.mutableEntityStorage.entities.by.source.ms,1787277605720000000,1787277665715000000,0
workspaceModel.mutableEntityStorage.put.entity.ms,1787277605720000000,1787277665715000000,0
jps.apply.loaded.storage.ms,1787277605720000000,1787277665715000000,0
jps.module.iml.entities.serializer.save.entities.ms,1787277605720000000,1787277665715000000,100
jps.facet.change.listener.before.change.events.ms,1787277605720000000,1787277665715000000,0
workspaceModel.moduleBridge.update.option.ms,1787277605720000000,1787277665715000000,0
jps.storage.jps.conf.reader.load.component.ms,1787277605720000000,1787277665715000000,0
workspaceModel.delayed.project.synchronizer.sync.ms,1787277605720000000,1787277665715000000,0
workspaceModel.global.updates.count,1787277605720000000,1787277665715000000,0
compiler.ArtifactManagerBridge.commit.ms,1787277605720000000,1787277665715000000,0
compiler.ArtifactManagerBridge.getArtifactsByType.ms,1787277605720000000,1787277665715000000,0
compiler.ArtifactVirtualFileListener.filePathChanged.ms,1787277605720000000,1787277665715000000,0
compiler.ArtifactManagerBridge.getArtifacts.ms,1787277605720000000,1787277665715000000,0
compiler.ArtifactManagerBridge.dropMappings.ms,1787277605720000000,1787277665715000000,0
compiler.ArtifactManagerBridge.initBridges.ms,1787277605720000000,1787277665715000000,0
compiler.ArtifactManagerBridge.findArtifact.ms,1787277605720000000,1787277665715000000,0
compiler.ArtifactVirtualFileListener.propertyChanged.ms,1787277605720000000,1787277665715000000,0
compiler.ArtifactManagerBridge.addArtifact.ms,1787277605720000000,1787277665715000000,0
parser.IgnoreLang.time.ns,1787277605720000000,1787277665715000000,1835626
lexer.JAVA.size.bytes,1787277605720000000,1787277665715000000,778
parser.IgnoreLang.size.bytes,1787277605720000000,1787277665715000000,0
lexer.JAVA.time.ns,1787277605720000000,1787277665715000000,3915004
parser.JAVA.time.ns,1787277605720000000,1787277665715000000,84442880
parser.JAVA.size.bytes,1787277605720000000,1787277665715000000,778
lexer.IgnoreLang.time.ns,1787277605720000000,1787277665715000000,27850
writeAction.max.wait.ms,1787277605720000000,1787277665715000000,58
writeAction.count,1787277605720000000,1787277665715000000,11
lexer.IgnoreLang.size.bytes,1787277605720000000,1787277665715000000,0
writeAction.wait.ms,1787277605720000000,1787277665715000000,35
writeAction.median.wait.ms,1787277605720000000,1787277665715000000,0
workspaceModel.cachedValueWithParameters.total.get.ms,1787277605720000000,1787277665715000000,0
workspaceModel.workspaceFileIndexData.visitFileSets.ms,1787277605720000000,1787277665715000000,0
workspaceModel.cachedValueWithParameters.from.cache.ms,1787277605720000000,1787277665715000000,0
workspaceModel.entityStorageSnapshotImpl.instances.count,1787277605720000000,1787277665715000000,0
workspaceModel.loading.from.cache.ms,1787277605720000000,1787277665715000000,0
workspaceModel.update.unloaded.entities.ms,1787277605720000000,1787277665715000000,0
workspaceModel.cachedValue.from.cache.ms,1787277605720000000,1787277665715000000,2
workspaceModel.cachedValue.calculated.ms,1787277605720000000,1787277665715000000,0
workspaceModel.workspaceFileIndexContributor.registerFileSets.ms,1787277605720000000,1787277665715000000,0
workspaceModel.workspaceFileIndexData.updateDirtyEntities.ms,1787277605720000000,1787277665715000000,0
workspaceModel.workspaceFileIndexData.getPackageName.ms,1787277605720000000,1787277665715000000,18
workspaceModel.cachedValueWithParameters.calculated.ms,1787277605720000000,1787277665715000000,0
workspaceModel.workspaceFileIndexData.processFileSets.ms,1787277605720000000,1787277665715000000,0
workspaceModel.updates.precise.ms,1787277605720000000,1787277665715000000,0
workspaceModel.to.snapshot.ms,1787277605720000000,1787277665715000000,0
workspaceModel.cachedValue.clear.ms,1787277605720000000,1787277665715000000,0
workspaceModel.check.recursive.update.ms,1787277605720000000,1787277665715000000,0
workspaceModel.workspaceFileIndexData.init.ms,1787277605720000000,1787277665715000000,0
workspaceModel.collect.changes.ms,1787277605720000000,1787277665715000000,0
workspaceModel.full.replace.project.model.ms,1787277605720000000,1787277665715000000,0
workspaceModel.workspaceFileIndexData.instances.count,1787277605720000000,1787277665715000000,0
workspaceModel.workspaceFileIndexData.getFileInfo.ms,1787277605720000000,1787277665715000000,211
workspaceModel.updates.count,1787277605720000000,1787277665715000000,0
workspaceModel.cachedValue.total.get.ms,1787277605720000000,1787277665715000000,2
workspaceModel.pre.handlers.ms,1787277605720000000,1787277665715000000,0
workspaceModel.workspaceFileIndexData.onEntitiesChanged.ms,1787277605720000000,1787277665715000000,0
workspaceModel.updates.ms,1787277605720000000,1787277665715000000,0
workspaceModel.workspaceFileIndexData.markDirty.ms,1787277605720000000,1787277665715000000,0
workspaceModel.initializing.ms,1787277605720000000,1787277665715000000,0
workspaceModel.workspaceFileIndexData.getDirectoriesByPackageName.ms,1787277605720000000,1787277665715000000,552
workspaceModel.loading.total.ms,1787277605720000000,1787277665715000000,0
workspaceModel.cachedValueWithParameters.clear.ms,1787277605720000000,1787277665715000000,0
workspaceModel.replace.project.model.ms,1787277605720000000,1787277665715000000,0
workspaceModel.init.bridges.ms,1787277605720000000,1787277665715000000,0
JVM.usedHeapBytes,1787277605720000000,1787277665715000000,915887104
JVM.maxHeapBytes,1787277605720000000,1787277665715000000,2147483648
JVM.totalBytesAllocated,1787277605720000000,1787277665715000000,18303287280
JVM.usedNativeBytes,1787277605720000000,1787277665715000000,357886608
JVM.maxThreadCount,1787277605720000000,1787277665715000000,120
JVM.threadCount,1787277605720000000,1787277665715000000,91
JVM.newThreadsCount,1787277605720000000,1787277665715000000,157
JVM.GC.collections,1787277605720000000,1787277665715000000,55
OS.loadAverage,1787277605720000000,1787277665715000000,11.7060546875
JVM.GC.collectionTimesMs,1787277605720000000,1787277665715000000,1694
JVM.totalDirectByteBuffersBytes,1787277605720000000,1787277665715000000,331102237
JVM.totalCpuTimeMs,1787277605720000000,1787277665715000000,365200
Indexes.entries.lookupDurationAvgMs,1787277605720000000,1787277665715000000,0.0
Indexes.allKeys.lookupDurationAvgMs,1787277605720000000,1787277665715000000,0.0
Indexes.entries.lookups,1787277605720000000,1787277665715000000,0.0
Indexes.allKeys.lookups,1787277605720000000,1787277665715000000,0.0
Indexes.entries.lookupDurationMaxMs,1787277605720000000,1787277665715000000,0.0
Indexes.allKeys.lookupDuration90PMs,1787277605720000000,1787277665715000000,0.0
Indexes.stubs.lookupDurationAvgMs,1787277605720000000,1787277665715000000,91.0
Indexes.allKeys.lookupDurationMaxMs,1787277605720000000,1787277665715000000,0.0
Indexes.stubs.lookupDuration90PMs,1787277605720000000,1787277665715000000,361.0
IndexesFlusher.totalFlushes,1787277605720000000,1787277665715000000,101
IndexesFlusher.totalFlushingTimeUs,1787277605720000000,1787277665715000000,1050671
Indexes.entries.lookupDuration90PMs,1787277605720000000,1787277665715000000,0.0
IndexesFlusher.totalFlushesRetried,1787277605720000000,1787277665715000000,82
Indexes.stubs.lookupDurationMaxMs,1787277605720000000,1787277665715000000,361.0
IndexesFlusher.totalContentionQuotaSpent,1787277605720000000,1787277665715000000,84
Indexes.stubs.lookups,1787277605720000000,1787277665715000000,4.0
VFS.fileChildByName,1787277605720000000,1787277665715000000,16103
FileNameCache.queries,1787277605720000000,1787277665715000000,17257856
VFS.invertedFileNameIndex.requests,1787277605720000000,1787277665715000000,0
VFS.fileByIdCache.hits,1787277605720000000,1787277665715000000,5
VFS.fileByIdCache.misses,1787277605720000000,1787277665715000000,0
FileNameCache.totalMisses,1787277605720000000,1787277665715000000,332864
FilePageCacheLockFree.totalPageAllocationsWaited,1787277665715000000,1787277725715000000,0
FilePageCacheLockFree.totalHeapBytesAllocated,1787277665715000000,1787277725715000000,0
DirectByteBufferAllocator.hits,1787277665715000000,1787277725715000000,0
StorageLockContext.competingThreads.max,1787277665715000000,1787277725715000000,1
FilePageCache.maxCacheSizeInBytes,1787277665715000000,1787277725715000000,346046464
FilePageCache.pageLoadsAboveSizeThreshold,1787277665715000000,1787277725715000000,0
FilePageCacheLockFree.totalBytesRequested,1787277665715000000,1787277725715000000,0
MappedFileStorage.storages,1787277665715000000,1787277725715000000,15
DirectByteBufferAllocator.reclaimed,1787277665715000000,1787277725715000000,0
FilePageCache.totalPageLoadsUs,1787277665715000000,1787277725715000000,96648
FilePageCacheLockFree.totalPagesWritten,1787277665715000000,1787277725715000000,0
FilePageCacheLockFree.totalHeapBytesReclaimed,1787277665715000000,1787277725715000000,0
FileChannelInterruptsRetryer.totalRetriedAttempts,1787277665715000000,1787277725715000000,0
FilePageCacheLockFree.totalPagesReclaimed,1787277665715000000,1787277725715000000,0
FilePageCacheLockFree.housekeeperTurnsSkipped,1787277665715000000,1787277725715000000,0
FilePageCacheLockFree.totalNativeBytesAllocated,1787277665715000000,1787277725715000000,0
MappedFileStorage.totalTimeSpentOnMappingUs,1787277665715000000,1787277725715000000,7859062
FilePageCacheLockFree.totalBytesRead,1787277665715000000,1787277725715000000,0
DirectByteBufferAllocator.totalSizeOfBuffersAllocatedInBytes,1787277665715000000,1787277725715000000,346046464
StreamlinedBlobStorage.totalLiveRecordsCapacityBytes,1787277665715000000,1787277725715000000,270900
FilePageCacheLockFree.heapBytesInUse,1787277665715000000,1787277725715000000,0
StreamlinedBlobStorage.recordsAllocated,1787277665715000000,1787277725715000000,3870
FilePageCacheLockFree.totalPagesRequestsMs,1787277665715000000,1787277725715000000,0
StreamlinedBlobStorage.recordsDeleted,1787277665715000000,1787277725715000000,0
FilePageCacheLockFree.housekeeperTimeSpentMs,1787277665715000000,1787277725715000000,0
DirectByteBufferAllocator.disposed,1787277665715000000,1787277725715000000,0
FilePageCacheLockFree.totalPagesRequested,1787277665715000000,1787277725715000000,0
FilePageCache.capacityInBytes,1787277665715000000,1787277725715000000,503316478
FilePageCache.disposedBuffers,1787277665715000000,1787277725715000000,0
FilePageCacheLockFree.totalPagesWriteMs,1787277665715000000,1787277725715000000,0
DirectByteBufferAllocator.misses,1787277665715000000,1787277725715000000,15
FilePageCacheLockFree.totalPagesAllocated,1787277665715000000,1787277725715000000,0
FilePageCache.pageFastCacheHits,1787277665715000000,1787277725715000000,560907
FilePageCache.totalPageDisposalsUs,1787277665715000000,1787277725715000000,7
FilePageCache.maxRegisteredFiles,1787277665715000000,1787277725715000000,558
StreamlinedBlobStorage.recordsRelocated,1787277665715000000,1787277725715000000,0
StreamlinedBlobStorage.totalLiveRecordsPayloadBytes,1787277665715000000,1787277725715000000,46445
FilePageCacheLockFree.housekeeperTurnsDone,1787277665715000000,1787277725715000000,0
FilePageCache.pageLoads,1787277665715000000,1787277725715000000,15
MappedFileStorage.totalBytesMapped,1787277665715000000,1787277725715000000,198443008
FilePageCacheLockFree.totalNativeBytesReclaimed,1787277665715000000,1787277725715000000,0
MappedFileStorage.totalPagesMapped,1787277665715000000,1787277725715000000,15
StorageLockContext.competingThreads.avg,1787277665715000000,1787277725715000000,0.008333333333333333
DirectByteBufferAllocator.totalSizeOfBuffersCachedInBytes,1787277665715000000,1787277725715000000,0
FilePageCache.uncachedFileAccess,1787277665715000000,1787277725715000000,113
FilePageCache.pageHits,1787277665715000000,1787277725715000000,19227
StorageLockContext.competingThreads.90P,1787277665715000000,1787277725715000000,0
FilePageCacheLockFree.totalBytesWritten,1787277665715000000,1787277725715000000,0
FilePageCacheLockFree.totalPagesHandedOver,1787277665715000000,1787277725715000000,0
FilePageCacheLockFree.nativeBytesInUse,1787277665715000000,1787277725715000000,0
FilePageCacheLockFree.totalPagesReadMs,1787277665715000000,1787277725715000000,0
FilePageCacheLockFree.totalClosedStoragesReclaimed,1787277665715000000,1787277725715000000,0
FlushQueue.executionTimeMaxNs,1787277665715000000,1787277725715000000,97517567
ReadAction.executionsCount,1787277665715000000,1787277725715000000,23013
AWTEventQueue.dispatchTimeTotalNS,1787277665715000000,1787277725715000000,1971320824
FlushQueue.queueSizeAvg,1787277665715000000,1787277725715000000,3.5365638766519822
FlushQueue.tasksExecuted,1787277665715000000,1787277725715000000,1135
AWTEventQueue.dispatchTimeMaxNs,1787277665715000000,1787277725715000000,98041855
AWTEventQueue.dispatchTime90PNs,1787277665715000000,1787277725715000000,1990655
FlushQueue.waitingTimeMaxNs,1787277665715000000,1787277725715000000,257949695
WriteAction.executionsCount,1787277665715000000,1787277725715000000,4
NonBlockingReadAction.failedExecutionsCount,1787277665715000000,1787277725715000000,0
FlushQueue.executionTimeAvgNs,1787277665715000000,1787277725715000000,643116.0105726873
NonBlockingReadAction.failedExecutionTimeUs,1787277665715000000,1787277725715000000,0
FlushQueue.waitingTimeAvgNs,1787277665715000000,1787277725715000000,6369891.066079295
NonBlockingReadAction.finalizedExecutionTimeUs,1787277665715000000,1787277725715000000,3381685
AWTEventQueue.eventsDispatched,1787277665715000000,1787277725715000000,1405
NonBlockingReadAction.finalizedExecutionsCount,1787277665715000000,1787277725715000000,3918
FlushQueue.queueSizeMax,1787277665715000000,1787277725715000000,44
FlushQueue.executionTime90PNs,1787277665715000000,1787277725715000000,622591
AWTEventQueue.dispatchTimeAvgNs,1787277665715000000,1787277725715000000,1403108.122419929
FlushQueue.waitingTime90PNs,1787277665715000000,1787277725715000000,17170431
FlushQueue.queueSize90P,1787277665715000000,1787277725715000000,9
cacheStateStorage.get.counter,1787277665715000000,1787277725715000000,4
cacheStateStorage.set.duration,1787277665715000000,1787277725715000000,0
cacheStateStorage.set.counter,1787277665715000000,1787277725715000000,0
cacheStateStorage.get.duration,1787277665715000000,1787277725715000000,105
workspaceModel.mutableEntityStorage.modify.entity.ms,1787277665715000000,1787277725715000000,0
jps.modifiable.module.model.bridge.new.module.ms,1787277665715000000,1787277725715000000,0
jps.project.serializers.save.ms,1787277665715000000,1787277725715000000,0
jps.artifact.entities.serializer.save.entities.ms,1787277665715000000,1787277725715000000,0
jps.global.initialize.library.bridges.ms,1787277665715000000,1787277725715000000,0
workspaceModel.mutableEntityStorage.mutable.ext.mapping.ms,1787277665715000000,1787277725715000000,0
jps.load.initial.state.ms,1787277665715000000,1787277725715000000,0
workspaceModel.global.updates.ms,1787277665715000000,1787277725715000000,0
jps.reload.project.entities.ms,1787277665715000000,1787277725715000000,0
jps.module.iml.entities.serializer.load.entities.ms,1787277665715000000,1787277725715000000,0
workspaceModel.mutableEntityStorage.entities.ms,1787277665715000000,1787277725715000000,0
jps.global.handle.changed.events.ms,1787277665715000000,1787277725715000000,0
jps.app.storage.content.reader.load.component.ms,1787277665715000000,1787277725715000000,0
workspaceModel.load.cache.from.file.ms,1787277665715000000,1787277725715000000,0
jps.global.initialize.library.bridges.after.loading.ms,1787277665715000000,1787277725715000000,0
workspaceModel.mutableEntityStorage.apply.changes.from.ms,1787277665715000000,1787277725715000000,0
workspaceModel.load.cache.metadata.from.file.ms,1787277665715000000,1787277725715000000,0
workspaceModel.mutableEntityStorage.remove.entity.ms,1787277665715000000,1787277725715000000,0
workspaceModel.mutableEntityStorage.referrers.ms,1787277665715000000,1787277725715000000,0
jps.global.get.library.ms,1787277665715000000,1787277725715000000,0
workspaceModel.mutableEntityStorage.add.entity.ms,1787277665715000000,1787277725715000000,0
workspaceModel.global.apply.state.to.project.builder.ms,1787277665715000000,1787277725715000000,0
workspaceModel.mutableEntityStorage.to.snapshot.ms,1787277665715000000,1787277725715000000,0
jps.facet.change.listener.process.change.events.ms,1787277665715000000,1787277725715000000,0
workspaceModel.orphan.listener.update.ms,1787277665715000000,1787277725715000000,0
jps.global.get.library.by.name.ms,1787277665715000000,1787277725715000000,0
workspaceModel.moduleManagerBridge.newModule.ms,1787277665715000000,1787277725715000000,0
jps.facet.change.listener.init.bridge.ms,1787277665715000000,1787277725715000000,0
workspaceModel.moduleManagerBridge.build.module.graph.ms,1787277665715000000,1787277725715000000,0
workspaceModel.do.save.caches.ms,1787277665715000000,1787277725715000000,0
jps.save.changed.project.entities.ms,1787277665715000000,1787277725715000000,0
jps.app.storage.content.writer.save.component.ms,1787277665715000000,1787277725715000000,0
workspaceModel.mutableEntityStorage.replace.by.source.ms,1787277665715000000,1787277725715000000,0
workspaceModel.moduleManagerBridge.new.nonPersistent.module.ms,1787277665715000000,1787277725715000000,0
workspaceModel.moduleManagerBridge.get.modules.ms,1787277665715000000,1787277725715000000,0
workspaceModel.global.apply.state.to.project.ms,1787277665715000000,1787277725715000000,0
jps.modifiable.module.model.bridge.renaming.ms,1787277665715000000,1787277725715000000,0
workspaceModel.save.cache.to.file.ms,1787277665715000000,1787277725715000000,0
workspaceModel.moduleManagerBridge.load.module.ms,1787277665715000000,1787277725715000000,0
workspaceModel.mutableEntityStorage.collect.changes.ms,1787277665715000000,1787277725715000000,0
workspaceModel.sync.entities.ms,1787277665715000000,1787277725715000000,0
jps.project.serializers.load.ms,1787277665715000000,1787277725715000000,0
workspaceModel.mutableEntityStorage.has.same.entities.ms,1787277665715000000,1787277725715000000,0
workspaceModel.mutableEntityStorage.resolve.ms,1787277665715000000,1787277725715000000,0
workspaceModel.moduleBridge.facet.initialization.ms,1787277665715000000,1787277725715000000,0
jps.load.project.to.empty.storage.ms,1787277665715000000,1787277725715000000,0
jps.global.handle.before.change.events.ms,1787277665715000000,1787277725715000000,0
workspaceModel.moduleBridge.before.changed.ms,1787277665715000000,1787277725715000000,0
jps.modifiable.module.model.bridge.disposing.ms,1787277665715000000,1787277725715000000,0
workspaceModel.moduleManagerBridge.set.unloadedModules.ms,1787277665715000000,1787277725715000000,0
jps.library.entities.serializer.save.entities.ms,1787277665715000000,1787277725715000000,0
jps.library.entities.serializer.load.entities.ms,1787277665715000000,1787277725715000000,0
jps.save.global.entities.ms,1787277665715000000,1787277725715000000,0
jps.global.get.libraries.ms,1787277665715000000,1787277725715000000,0
jps.modifiable.module.model.bridge.load.module.ms,1787277665715000000,1787277725715000000,0
workspaceModel.mutableEntityStorage.instances.count,1787277665715000000,1787277725715000000,0
workspaceModel.moduleManagerBridge.create.module.instance.ms,1787277665715000000,1787277725715000000,0
workspaceModel.moduleBridgeLoader.loading.modules.ms,1787277665715000000,1787277725715000000,0
workspaceModel.moduleManagerBridge.load.all.modules.ms,1787277665715000000,1787277725715000000,0
workspaceModel.mutableEntityStorage.mutable.vfurl.index.ms,1787277665715000000,1787277725715000000,0
jps.artifact.entities.serializer.load.entities.ms,1787277665715000000,1787277725715000000,0
workspaceModel.mutableEntityStorage.entities.by.source.ms,1787277665715000000,1787277725715000000,0
workspaceModel.mutableEntityStorage.put.entity.ms,1787277665715000000,1787277725715000000,0
jps.apply.loaded.storage.ms,1787277665715000000,1787277725715000000,0
jps.module.iml.entities.serializer.save.entities.ms,1787277665715000000,1787277725715000000,0
jps.facet.change.listener.before.change.events.ms,1787277665715000000,1787277725715000000,0
workspaceModel.moduleBridge.update.option.ms,1787277665715000000,1787277725715000000,0
jps.storage.jps.conf.reader.load.component.ms,1787277665715000000,1787277725715000000,0
workspaceModel.delayed.project.synchronizer.sync.ms,1787277665715000000,1787277725715000000,0
workspaceModel.global.updates.count,1787277665715000000,1787277725715000000,0
compiler.ArtifactManagerBridge.commit.ms,1787277665715000000,1787277725715000000,0
compiler.ArtifactManagerBridge.getArtifactsByType.ms,1787277665715000000,1787277725715000000,0
compiler.ArtifactVirtualFileListener.filePathChanged.ms,1787277665715000000,1787277725715000000,0
compiler.ArtifactManagerBridge.getArtifacts.ms,1787277665715000000,1787277725715000000,0
compiler.ArtifactManagerBridge.dropMappings.ms,1787277665715000000,1787277725715000000,0
compiler.ArtifactManagerBridge.initBridges.ms,1787277665715000000,1787277725715000000,0
compiler.ArtifactManagerBridge.findArtifact.ms,1787277665715000000,1787277725715000000,0
compiler.ArtifactVirtualFileListener.propertyChanged.ms,1787277665715000000,1787277725715000000,0
compiler.ArtifactManagerBridge.addArtifact.ms,1787277665715000000,1787277725715000000,0
lexer.JAVA.size.bytes,1787277665715000000,1787277725715000000,6575
parser.textmate.time.ns,1787277665715000000,1787277725715000000,95470
parser.JAVA.time.ns,1787277665715000000,1787277725715000000,51783046
parser.JAVA.size.bytes,1787277665715000000,1787277725715000000,6575
writeAction.wait.ms,1787277665715000000,1787277725715000000,0
writeAction.median.wait.ms,1787277665715000000,1787277725715000000,0
lexer.textmate.time.ns,1787277665715000000,1787277725715000000,14870
lexer.textmate.size.bytes,1787277665715000000,1787277725715000000,0
lexer.JAVA.time.ns,1787277665715000000,1787277725715000000,4174263
parser.textmate.size.bytes,1787277665715000000,1787277725715000000,0
writeAction.max.wait.ms,1787277665715000000,1787277725715000000,58
writeAction.count,1787277665715000000,1787277725715000000,4
workspaceModel.cachedValueWithParameters.total.get.ms,1787277665715000000,1787277725715000000,0
workspaceModel.workspaceFileIndexData.visitFileSets.ms,1787277665715000000,1787277725715000000,0
workspaceModel.cachedValueWithParameters.from.cache.ms,1787277665715000000,1787277725715000000,0
workspaceModel.entityStorageSnapshotImpl.instances.count,1787277665715000000,1787277725715000000,0
workspaceModel.loading.from.cache.ms,1787277665715000000,1787277725715000000,0
workspaceModel.update.unloaded.entities.ms,1787277665715000000,1787277725715000000,0
workspaceModel.cachedValue.from.cache.ms,1787277665715000000,1787277725715000000,1
workspaceModel.cachedValue.calculated.ms,1787277665715000000,1787277725715000000,0
workspaceModel.workspaceFileIndexContributor.registerFileSets.ms,1787277665715000000,1787277725715000000,0
workspaceModel.workspaceFileIndexData.updateDirtyEntities.ms,1787277665715000000,1787277725715000000,0
workspaceModel.workspaceFileIndexData.getPackageName.ms,1787277665715000000,1787277725715000000,5
workspaceModel.cachedValueWithParameters.calculated.ms,1787277665715000000,1787277725715000000,0
workspaceModel.workspaceFileIndexData.processFileSets.ms,1787277665715000000,1787277725715000000,0
workspaceModel.updates.precise.ms,1787277665715000000,1787277725715000000,0
workspaceModel.to.snapshot.ms,1787277665715000000,1787277725715000000,0
workspaceModel.cachedValue.clear.ms,1787277665715000000,1787277725715000000,0
workspaceModel.check.recursive.update.ms,1787277665715000000,1787277725715000000,0
workspaceModel.workspaceFileIndexData.init.ms,1787277665715000000,1787277725715000000,0
workspaceModel.collect.changes.ms,1787277665715000000,1787277725715000000,0
workspaceModel.full.replace.project.model.ms,1787277665715000000,1787277725715000000,0
workspaceModel.workspaceFileIndexData.instances.count,1787277665715000000,1787277725715000000,0
workspaceModel.workspaceFileIndexData.getFileInfo.ms,1787277665715000000,1787277725715000000,24
workspaceModel.updates.count,1787277665715000000,1787277725715000000,0
workspaceModel.cachedValue.total.get.ms,1787277665715000000,1787277725715000000,1
workspaceModel.pre.handlers.ms,1787277665715000000,1787277725715000000,0
workspaceModel.workspaceFileIndexData.onEntitiesChanged.ms,1787277665715000000,1787277725715000000,0
workspaceModel.updates.ms,1787277665715000000,1787277725715000000,0
workspaceModel.workspaceFileIndexData.markDirty.ms,1787277665715000000,1787277725715000000,0
workspaceModel.initializing.ms,1787277665715000000,1787277725715000000,0
workspaceModel.workspaceFileIndexData.getDirectoriesByPackageName.ms,1787277665715000000,1787277725715000000,2
workspaceModel.loading.total.ms,1787277665715000000,1787277725715000000,0
workspaceModel.cachedValueWithParameters.clear.ms,1787277665715000000,1787277725715000000,0
workspaceModel.replace.project.model.ms,1787277665715000000,1787277725715000000,0
workspaceModel.init.bridges.ms,1787277665715000000,1787277725715000000,0
JVM.usedHeapBytes,1787277665715000000,1787277725715000000,783242240
JVM.maxHeapBytes,1787277665715000000,1787277725715000000,2147483648
JVM.totalBytesAllocated,1787277665715000000,1787277725715000000,1394329000
JVM.usedNativeBytes,1787277665715000000,1787277725715000000,409240840
JVM.maxThreadCount,1787277665715000000,1787277725715000000,120
JVM.threadCount,1787277665715000000,1787277725715000000,66
JVM.newThreadsCount,1787277665715000000,1787277725715000000,2
JVM.GC.collections,1787277665715000000,1787277725715000000,3
OS.loadAverage,1787277665715000000,1787277725715000000,6.8759765625
JVM.GC.collectionTimesMs,1787277665715000000,1787277725715000000,93
JVM.totalDirectByteBuffersBytes,1787277665715000000,1787277725715000000,346631790
JVM.totalCpuTimeMs,1787277665715000000,1787277725715000000,42490
Indexes.entries.lookupDurationAvgMs,1787277665715000000,1787277725715000000,2.2083333333333335
Indexes.allKeys.lookupDurationAvgMs,1787277665715000000,1787277725715000000,0.0
Indexes.entries.lookups,1787277665715000000,1787277725715000000,24.0
Indexes.allKeys.lookups,1787277665715000000,1787277725715000000,0.0
Indexes.entries.lookupDurationMaxMs,1787277665715000000,1787277725715000000,11.0
Indexes.allKeys.lookupDuration90PMs,1787277665715000000,1787277725715000000,0.0
Indexes.stubs.lookupDurationAvgMs,1787277665715000000,1787277725715000000,2.165562913907285
Indexes.allKeys.lookupDurationMaxMs,1787277665715000000,1787277725715000000,0.0
Indexes.stubs.lookupDuration90PMs,1787277665715000000,1787277725715000000,3.0
IndexesFlusher.totalFlushes,1787277665715000000,1787277725715000000,168
IndexesFlusher.totalFlushingTimeUs,1787277665715000000,1787277725715000000,2052163
Indexes.entries.lookupDuration90PMs,1787277665715000000,1787277725715000000,9.0
IndexesFlusher.totalFlushesRetried,1787277665715000000,1787277725715000000,0
Indexes.stubs.lookupDurationMaxMs,1787277665715000000,1787277725715000000,66.0
IndexesFlusher.totalContentionQuotaSpent,1787277665715000000,1787277725715000000,0
Indexes.stubs.lookups,1787277665715000000,1787277725715000000,453.0
VFS.fileChildByName,1787277665715000000,1787277725715000000,2853
FileNameCache.queries,1787277665715000000,1787277725715000000,613184
VFS.invertedFileNameIndex.requests,1787277665715000000,1787277725715000000,0
VFS.fileByIdCache.hits,1787277665715000000,1787277725715000000,0
VFS.fileByIdCache.misses,1787277665715000000,1787277725715000000,130
FileNameCache.totalMisses,1787277665715000000,1787277725715000000,10048
FilePageCacheLockFree.totalPageAllocationsWaited,1787277725715000000,1787277785715000000,0
FilePageCacheLockFree.totalHeapBytesAllocated,1787277725715000000,1787277785715000000,0
DirectByteBufferAllocator.hits,1787277725715000000,1787277785715000000,0
StorageLockContext.competingThreads.max,1787277725715000000,1787277785715000000,0
FilePageCache.maxCacheSizeInBytes,1787277725715000000,1787277785715000000,346046464
FilePageCache.pageLoadsAboveSizeThreshold,1787277725715000000,1787277785715000000,0
FilePageCacheLockFree.totalBytesRequested,1787277725715000000,1787277785715000000,0
MappedFileStorage.storages,1787277725715000000,1787277785715000000,15
DirectByteBufferAllocator.reclaimed,1787277725715000000,1787277785715000000,0
FilePageCache.totalPageLoadsUs,1787277725715000000,1787277785715000000,0
FilePageCacheLockFree.totalPagesWritten,1787277725715000000,1787277785715000000,0
FilePageCacheLockFree.totalHeapBytesReclaimed,1787277725715000000,1787277785715000000,0
FileChannelInterruptsRetryer.totalRetriedAttempts,1787277725715000000,1787277785715000000,0
FilePageCacheLockFree.totalPagesReclaimed,1787277725715000000,1787277785715000000,0
FilePageCacheLockFree.housekeeperTurnsSkipped,1787277725715000000,1787277785715000000,0
FilePageCacheLockFree.totalNativeBytesAllocated,1787277725715000000,1787277785715000000,0
MappedFileStorage.totalTimeSpentOnMappingUs,1787277725715000000,1787277785715000000,7859062
FilePageCacheLockFree.totalBytesRead,1787277725715000000,1787277785715000000,0
DirectByteBufferAllocator.totalSizeOfBuffersAllocatedInBytes,1787277725715000000,1787277785715000000,346046464
StreamlinedBlobStorage.totalLiveRecordsCapacityBytes,1787277725715000000,1787277785715000000,0
FilePageCacheLockFree.heapBytesInUse,1787277725715000000,1787277785715000000,0
StreamlinedBlobStorage.recordsAllocated,1787277725715000000,1787277785715000000,0
FilePageCacheLockFree.totalPagesRequestsMs,1787277725715000000,1787277785715000000,0
StreamlinedBlobStorage.recordsDeleted,1787277725715000000,1787277785715000000,0
FilePageCacheLockFree.housekeeperTimeSpentMs,1787277725715000000,1787277785715000000,0
DirectByteBufferAllocator.disposed,1787277725715000000,1787277785715000000,0
FilePageCacheLockFree.totalPagesRequested,1787277725715000000,1787277785715000000,0
FilePageCache.capacityInBytes,1787277725715000000,1787277785715000000,503316478
FilePageCache.disposedBuffers,1787277725715000000,1787277785715000000,0
FilePageCacheLockFree.totalPagesWriteMs,1787277725715000000,1787277785715000000,0
DirectByteBufferAllocator.misses,1787277725715000000,1787277785715000000,0
FilePageCacheLockFree.totalPagesAllocated,1787277725715000000,1787277785715000000,0
FilePageCache.pageFastCacheHits,1787277725715000000,1787277785715000000,4
FilePageCache.totalPageDisposalsUs,1787277725715000000,1787277785715000000,0
FilePageCache.maxRegisteredFiles,1787277725715000000,1787277785715000000,558
StreamlinedBlobStorage.recordsRelocated,1787277725715000000,1787277785715000000,0
StreamlinedBlobStorage.totalLiveRecordsPayloadBytes,1787277725715000000,1787277785715000000,0
FilePageCacheLockFree.housekeeperTurnsDone,1787277725715000000,1787277785715000000,0
FilePageCache.pageLoads,1787277725715000000,1787277785715000000,0
MappedFileStorage.totalBytesMapped,1787277725715000000,1787277785715000000,198443008
FilePageCacheLockFree.totalNativeBytesReclaimed,1787277725715000000,1787277785715000000,0
MappedFileStorage.totalPagesMapped,1787277725715000000,1787277785715000000,15
StorageLockContext.competingThreads.avg,1787277725715000000,1787277785715000000,0.0
DirectByteBufferAllocator.totalSizeOfBuffersCachedInBytes,1787277725715000000,1787277785715000000,0
FilePageCache.uncachedFileAccess,1787277725715000000,1787277785715000000,0
FilePageCache.pageHits,1787277725715000000,1787277785715000000,0
StorageLockContext.competingThreads.90P,1787277725715000000,1787277785715000000,0
FilePageCacheLockFree.totalBytesWritten,1787277725715000000,1787277785715000000,0
FilePageCacheLockFree.totalPagesHandedOver,1787277725715000000,1787277785715000000,0
FilePageCacheLockFree.nativeBytesInUse,1787277725715000000,1787277785715000000,0
FilePageCacheLockFree.totalPagesReadMs,1787277725715000000,1787277785715000000,0
FilePageCacheLockFree.totalClosedStoragesReclaimed,1787277725715000000,1787277785715000000,0
FlushQueue.executionTimeMaxNs,1787277725715000000,1787277785715000000,47448063
ReadAction.executionsCount,1787277725715000000,1787277785715000000,1798
AWTEventQueue.dispatchTimeTotalNS,1787277725715000000,1787277785715000000,382649818
FlushQueue.queueSizeAvg,1787277725715000000,1787277785715000000,0.23648648648648649
FlushQueue.tasksExecuted,1787277725715000000,1787277785715000000,296
AWTEventQueue.dispatchTimeMaxNs,1787277725715000000,1787277785715000000,48234495
AWTEventQueue.dispatchTime90PNs,1787277725715000000,1787277785715000000,1359871
FlushQueue.waitingTimeMaxNs,1787277725715000000,1787277785715000000,47448063
WriteAction.executionsCount,1787277725715000000,1787277785715000000,1
NonBlockingReadAction.failedExecutionsCount,1787277725715000000,1787277785715000000,0
FlushQueue.executionTimeAvgNs,1787277725715000000,1787277785715000000,411576.4324324324
NonBlockingReadAction.failedExecutionTimeUs,1787277725715000000,1787277785715000000,0
FlushQueue.waitingTimeAvgNs,1787277725715000000,1787277785715000000,545238.1621621621
NonBlockingReadAction.finalizedExecutionTimeUs,1787277725715000000,1787277785715000000,0
AWTEventQueue.eventsDispatched,1787277725715000000,1787277785715000000,515
NonBlockingReadAction.finalizedExecutionsCount,1787277725715000000,1787277785715000000,0
FlushQueue.queueSizeMax,1787277725715000000,1787277785715000000,7
FlushQueue.executionTime90PNs,1787277725715000000,1787277785715000000,245759
AWTEventQueue.dispatchTimeAvgNs,1787277725715000000,1787277785715000000,743001.972815534
FlushQueue.waitingTime90PNs,1787277725715000000,1787277785715000000,509951
FlushQueue.queueSize90P,1787277725715000000,1787277785715000000,1
cacheStateStorage.get.counter,1787277725715000000,1787277785715000000,0
cacheStateStorage.set.duration,1787277725715000000,1787277785715000000,0
cacheStateStorage.set.counter,1787277725715000000,1787277785715000000,0
cacheStateStorage.get.duration,1787277725715000000,1787277785715000000,0
workspaceModel.mutableEntityStorage.modify.entity.ms,1787277725715000000,1787277785715000000,0
jps.modifiable.module.model.bridge.new.module.ms,1787277725715000000,1787277785715000000,0
jps.project.serializers.save.ms,1787277725715000000,1787277785715000000,0
jps.artifact.entities.serializer.save.entities.ms,1787277725715000000,1787277785715000000,0
jps.global.initialize.library.bridges.ms,1787277725715000000,1787277785715000000,0
workspaceModel.mutableEntityStorage.mutable.ext.mapping.ms,1787277725715000000,1787277785715000000,0
jps.load.initial.state.ms,1787277725715000000,1787277785715000000,0
workspaceModel.global.updates.ms,1787277725715000000,1787277785715000000,0
jps.reload.project.entities.ms,1787277725715000000,1787277785715000000,0
jps.module.iml.entities.serializer.load.entities.ms,1787277725715000000,1787277785715000000,0
workspaceModel.mutableEntityStorage.entities.ms,1787277725715000000,1787277785715000000,0
jps.global.handle.changed.events.ms,1787277725715000000,1787277785715000000,0
jps.app.storage.content.reader.load.component.ms,1787277725715000000,1787277785715000000,0
workspaceModel.load.cache.from.file.ms,1787277725715000000,1787277785715000000,0
jps.global.initialize.library.bridges.after.loading.ms,1787277725715000000,1787277785715000000,0
workspaceModel.mutableEntityStorage.apply.changes.from.ms,1787277725715000000,1787277785715000000,0
workspaceModel.load.cache.metadata.from.file.ms,1787277725715000000,1787277785715000000,0
workspaceModel.mutableEntityStorage.remove.entity.ms,1787277725715000000,1787277785715000000,0
workspaceModel.mutableEntityStorage.referrers.ms,1787277725715000000,1787277785715000000,0
jps.global.get.library.ms,1787277725715000000,1787277785715000000,0
workspaceModel.mutableEntityStorage.add.entity.ms,1787277725715000000,1787277785715000000,0
workspaceModel.global.apply.state.to.project.builder.ms,1787277725715000000,1787277785715000000,0
workspaceModel.mutableEntityStorage.to.snapshot.ms,1787277725715000000,1787277785715000000,0
jps.facet.change.listener.process.change.events.ms,1787277725715000000,1787277785715000000,0
workspaceModel.orphan.listener.update.ms,1787277725715000000,1787277785715000000,0
jps.global.get.library.by.name.ms,1787277725715000000,1787277785715000000,0
workspaceModel.moduleManagerBridge.newModule.ms,1787277725715000000,1787277785715000000,0
jps.facet.change.listener.init.bridge.ms,1787277725715000000,1787277785715000000,0
workspaceModel.moduleManagerBridge.build.module.graph.ms,1787277725715000000,1787277785715000000,0
workspaceModel.do.save.caches.ms,1787277725715000000,1787277785715000000,0
jps.save.changed.project.entities.ms,1787277725715000000,1787277785715000000,0
jps.app.storage.content.writer.save.component.ms,1787277725715000000,1787277785715000000,0
workspaceModel.mutableEntityStorage.replace.by.source.ms,1787277725715000000,1787277785715000000,0
workspaceModel.moduleManagerBridge.new.nonPersistent.module.ms,1787277725715000000,1787277785715000000,0
workspaceModel.moduleManagerBridge.get.modules.ms,1787277725715000000,1787277785715000000,0
workspaceModel.global.apply.state.to.project.ms,1787277725715000000,1787277785715000000,0
jps.modifiable.module.model.bridge.renaming.ms,1787277725715000000,1787277785715000000,0
workspaceModel.save.cache.to.file.ms,1787277725715000000,1787277785715000000,0
workspaceModel.moduleManagerBridge.load.module.ms,1787277725715000000,1787277785715000000,0
workspaceModel.mutableEntityStorage.collect.changes.ms,1787277725715000000,1787277785715000000,0
workspaceModel.sync.entities.ms,1787277725715000000,1787277785715000000,0
jps.project.serializers.load.ms,1787277725715000000,1787277785715000000,0
workspaceModel.mutableEntityStorage.has.same.entities.ms,1787277725715000000,1787277785715000000,0
workspaceModel.mutableEntityStorage.resolve.ms,1787277725715000000,1787277785715000000,0
workspaceModel.moduleBridge.facet.initialization.ms,1787277725715000000,1787277785715000000,0
jps.load.project.to.empty.storage.ms,1787277725715000000,1787277785715000000,0
jps.global.handle.before.change.events.ms,1787277725715000000,1787277785715000000,0
workspaceModel.moduleBridge.before.changed.ms,1787277725715000000,1787277785715000000,0
jps.modifiable.module.model.bridge.disposing.ms,1787277725715000000,1787277785715000000,0
workspaceModel.moduleManagerBridge.set.unloadedModules.ms,1787277725715000000,1787277785715000000,0
jps.library.entities.serializer.save.entities.ms,1787277725715000000,1787277785715000000,0
jps.library.entities.serializer.load.entities.ms,1787277725715000000,1787277785715000000,0
jps.save.global.entities.ms,1787277725715000000,1787277785715000000,0
jps.global.get.libraries.ms,1787277725715000000,1787277785715000000,0
jps.modifiable.module.model.bridge.load.module.ms,1787277725715000000,1787277785715000000,0
workspaceModel.mutableEntityStorage.instances.count,1787277725715000000,1787277785715000000,0
workspaceModel.moduleManagerBridge.create.module.instance.ms,1787277725715000000,1787277785715000000,0
workspaceModel.moduleBridgeLoader.loading.modules.ms,1787277725715000000,1787277785715000000,0
workspaceModel.moduleManagerBridge.load.all.modules.ms,1787277725715000000,1787277785715000000,0
workspaceModel.mutableEntityStorage.mutable.vfurl.index.ms,1787277725715000000,1787277785715000000,0
jps.artifact.entities.serializer.load.entities.ms,1787277725715000000,1787277785715000000,0
workspaceModel.mutableEntityStorage.entities.by.source.ms,1787277725715000000,1787277785715000000,0
workspaceModel.mutableEntityStorage.put.entity.ms,1787277725715000000,1787277785715000000,0
jps.apply.loaded.storage.ms,1787277725715000000,1787277785715000000,0
jps.module.iml.entities.serializer.save.entities.ms,1787277725715000000,1787277785715000000,0
jps.facet.change.listener.before.change.events.ms,1787277725715000000,1787277785715000000,0
workspaceModel.moduleBridge.update.option.ms,1787277725715000000,1787277785715000000,0
jps.storage.jps.conf.reader.load.component.ms,1787277725715000000,1787277785715000000,0
workspaceModel.delayed.project.synchronizer.sync.ms,1787277725715000000,1787277785715000000,0
workspaceModel.global.updates.count,1787277725715000000,1787277785715000000,0
compiler.ArtifactManagerBridge.commit.ms,1787277725715000000,1787277785715000000,0
compiler.ArtifactManagerBridge.getArtifactsByType.ms,1787277725715000000,1787277785715000000,0
compiler.ArtifactVirtualFileListener.filePathChanged.ms,1787277725715000000,1787277785715000000,0
compiler.ArtifactManagerBridge.getArtifacts.ms,1787277725715000000,1787277785715000000,0
compiler.ArtifactManagerBridge.dropMappings.ms,1787277725715000000,1787277785715000000,0
compiler.ArtifactManagerBridge.initBridges.ms,1787277725715000000,1787277785715000000,0
compiler.ArtifactManagerBridge.findArtifact.ms,1787277725715000000,1787277785715000000,0
compiler.ArtifactVirtualFileListener.propertyChanged.ms,1787277725715000000,1787277785715000000,0
compiler.ArtifactManagerBridge.addArtifact.ms,1787277725715000000,1787277785715000000,0
writeAction.wait.ms,1787277725715000000,1787277785715000000,0
writeAction.median.wait.ms,1787277725715000000,1787277785715000000,0
writeAction.max.wait.ms,1787277725715000000,1787277785715000000,58
writeAction.count,1787277725715000000,1787277785715000000,1
workspaceModel.cachedValueWithParameters.total.get.ms,1787277725715000000,1787277785715000000,0
workspaceModel.workspaceFileIndexData.visitFileSets.ms,1787277725715000000,1787277785715000000,0
workspaceModel.cachedValueWithParameters.from.cache.ms,1787277725715000000,1787277785715000000,0
workspaceModel.entityStorageSnapshotImpl.instances.count,1787277725715000000,1787277785715000000,0
workspaceModel.loading.from.cache.ms,1787277725715000000,1787277785715000000,0
workspaceModel.update.unloaded.entities.ms,1787277725715000000,1787277785715000000,0
workspaceModel.cachedValue.from.cache.ms,1787277725715000000,1787277785715000000,0
workspaceModel.cachedValue.calculated.ms,1787277725715000000,1787277785715000000,0
workspaceModel.workspaceFileIndexContributor.registerFileSets.ms,1787277725715000000,1787277785715000000,0
workspaceModel.workspaceFileIndexData.updateDirtyEntities.ms,1787277725715000000,1787277785715000000,0
workspaceModel.workspaceFileIndexData.getPackageName.ms,1787277725715000000,1787277785715000000,0
workspaceModel.cachedValueWithParameters.calculated.ms,1787277725715000000,1787277785715000000,0
workspaceModel.workspaceFileIndexData.processFileSets.ms,1787277725715000000,1787277785715000000,0
workspaceModel.updates.precise.ms,1787277725715000000,1787277785715000000,0
workspaceModel.to.snapshot.ms,1787277725715000000,1787277785715000000,0
workspaceModel.cachedValue.clear.ms,1787277725715000000,1787277785715000000,0
workspaceModel.check.recursive.update.ms,1787277725715000000,1787277785715000000,0
workspaceModel.workspaceFileIndexData.init.ms,1787277725715000000,1787277785715000000,0
workspaceModel.collect.changes.ms,1787277725715000000,1787277785715000000,0
workspaceModel.full.replace.project.model.ms,1787277725715000000,1787277785715000000,0
workspaceModel.workspaceFileIndexData.instances.count,1787277725715000000,1787277785715000000,0
workspaceModel.workspaceFileIndexData.getFileInfo.ms,1787277725715000000,1787277785715000000,0
workspaceModel.updates.count,1787277725715000000,1787277785715000000,0
workspaceModel.cachedValue.total.get.ms,1787277725715000000,1787277785715000000,0
workspaceModel.pre.handlers.ms,1787277725715000000,1787277785715000000,0
workspaceModel.workspaceFileIndexData.onEntitiesChanged.ms,1787277725715000000,1787277785715000000,0
workspaceModel.updates.ms,1787277725715000000,1787277785715000000,0
workspaceModel.workspaceFileIndexData.markDirty.ms,1787277725715000000,1787277785715000000,0
workspaceModel.initializing.ms,1787277725715000000,1787277785715000000,0
workspaceModel.workspaceFileIndexData.getDirectoriesByPackageName.ms,1787277725715000000,1787277785715000000,0
workspaceModel.loading.total.ms,1787277725715000000,1787277785715000000,0
workspaceModel.cachedValueWithParameters.clear.ms,1787277725715000000,1787277785715000000,0
workspaceModel.replace.project.model.ms,1787277725715000000,1787277785715000000,0
workspaceModel.init.bridges.ms,1787277725715000000,1787277785715000000,0
JVM.usedHeapBytes,1787277725715000000,1787277785715000000,805262336
JVM.maxHeapBytes,1787277725715000000,1787277785715000000,2147483648
JVM.totalBytesAllocated,1787277725715000000,1787277785715000000,19666408
JVM.usedNativeBytes,1787277725715000000,1787277785715000000,409579632
JVM.maxThreadCount,1787277725715000000,1787277785715000000,120
JVM.threadCount,1787277725715000000,1787277785715000000,44
JVM.newThreadsCount,1787277725715000000,1787277785715000000,1
JVM.GC.collections,1787277725715000000,1787277785715000000,0
OS.loadAverage,1787277725715000000,1787277785715000000,3.65869140625
JVM.GC.collectionTimesMs,1787277725715000000,1787277785715000000,0
JVM.totalDirectByteBuffersBytes,1787277725715000000,1787277785715000000,346361752
JVM.totalCpuTimeMs,1787277725715000000,1787277785715000000,4610
Indexes.entries.lookupDurationAvgMs,1787277725715000000,1787277785715000000,0.0
Indexes.allKeys.lookupDurationAvgMs,1787277725715000000,1787277785715000000,0.0
Indexes.entries.lookups,1787277725715000000,1787277785715000000,0.0
Indexes.allKeys.lookups,1787277725715000000,1787277785715000000,0.0
Indexes.entries.lookupDurationMaxMs,1787277725715000000,1787277785715000000,0.0
Indexes.allKeys.lookupDuration90PMs,1787277725715000000,1787277785715000000,0.0
Indexes.stubs.lookupDurationAvgMs,1787277725715000000,1787277785715000000,0.0
Indexes.allKeys.lookupDurationMaxMs,1787277725715000000,1787277785715000000,0.0
Indexes.stubs.lookupDuration90PMs,1787277725715000000,1787277785715000000,0.0
IndexesFlusher.totalFlushes,1787277725715000000,1787277785715000000,179
IndexesFlusher.totalFlushingTimeUs,1787277725715000000,1787277785715000000,328991
Indexes.entries.lookupDuration90PMs,1787277725715000000,1787277785715000000,0.0
IndexesFlusher.totalFlushesRetried,1787277725715000000,1787277785715000000,0
Indexes.stubs.lookupDurationMaxMs,1787277725715000000,1787277785715000000,0.0
IndexesFlusher.totalContentionQuotaSpent,1787277725715000000,1787277785715000000,0
Indexes.stubs.lookups,1787277725715000000,1787277785715000000,0.0
VFS.fileChildByName,1787277725715000000,1787277785715000000,13
FileNameCache.queries,1787277725715000000,1787277785715000000,0
VFS.invertedFileNameIndex.requests,1787277725715000000,1787277785715000000,0
VFS.fileByIdCache.hits,1787277725715000000,1787277785715000000,0
VFS.fileByIdCache.misses,1787277725715000000,1787277785715000000,0
FileNameCache.totalMisses,1787277725715000000,1787277785715000000,0
FilePageCacheLockFree.totalPageAllocationsWaited,1787277785715000000,1787277845715000000,0
FilePageCacheLockFree.totalHeapBytesAllocated,1787277785715000000,1787277845715000000,0
DirectByteBufferAllocator.hits,1787277785715000000,1787277845715000000,0
StorageLockContext.competingThreads.max,1787277785715000000,1787277845715000000,0
FilePageCache.maxCacheSizeInBytes,1787277785715000000,1787277845715000000,346046464
FilePageCache.pageLoadsAboveSizeThreshold,1787277785715000000,1787277845715000000,0
FilePageCacheLockFree.totalBytesRequested,1787277785715000000,1787277845715000000,0
MappedFileStorage.storages,1787277785715000000,1787277845715000000,15
DirectByteBufferAllocator.reclaimed,1787277785715000000,1787277845715000000,0
FilePageCache.totalPageLoadsUs,1787277785715000000,1787277845715000000,0
FilePageCacheLockFree.totalPagesWritten,1787277785715000000,1787277845715000000,0
FilePageCacheLockFree.totalHeapBytesReclaimed,1787277785715000000,1787277845715000000,0
FileChannelInterruptsRetryer.totalRetriedAttempts,1787277785715000000,1787277845715000000,0
FilePageCacheLockFree.totalPagesReclaimed,1787277785715000000,1787277845715000000,0
FilePageCacheLockFree.housekeeperTurnsSkipped,1787277785715000000,1787277845715000000,0
FilePageCacheLockFree.totalNativeBytesAllocated,1787277785715000000,1787277845715000000,0
MappedFileStorage.totalTimeSpentOnMappingUs,1787277785715000000,1787277845715000000,7859062
FilePageCacheLockFree.totalBytesRead,1787277785715000000,1787277845715000000,0
DirectByteBufferAllocator.totalSizeOfBuffersAllocatedInBytes,1787277785715000000,1787277845715000000,346046464
StreamlinedBlobStorage.totalLiveRecordsCapacityBytes,1787277785715000000,1787277845715000000,0
FilePageCacheLockFree.heapBytesInUse,1787277785715000000,1787277845715000000,0
StreamlinedBlobStorage.recordsAllocated,1787277785715000000,1787277845715000000,0
FilePageCacheLockFree.totalPagesRequestsMs,1787277785715000000,1787277845715000000,0
StreamlinedBlobStorage.recordsDeleted,1787277785715000000,1787277845715000000,0
FilePageCacheLockFree.housekeeperTimeSpentMs,1787277785715000000,1787277845715000000,0
DirectByteBufferAllocator.disposed,1787277785715000000,1787277845715000000,0
FilePageCacheLockFree.totalPagesRequested,1787277785715000000,1787277845715000000,0
FilePageCache.capacityInBytes,1787277785715000000,1787277845715000000,503316478
FilePageCache.disposedBuffers,1787277785715000000,1787277845715000000,0
FilePageCacheLockFree.totalPagesWriteMs,1787277785715000000,1787277845715000000,0
DirectByteBufferAllocator.misses,1787277785715000000,1787277845715000000,0
FilePageCacheLockFree.totalPagesAllocated,1787277785715000000,1787277845715000000,0
FilePageCache.pageFastCacheHits,1787277785715000000,1787277845715000000,0
FilePageCache.totalPageDisposalsUs,1787277785715000000,1787277845715000000,0
FilePageCache.maxRegisteredFiles,1787277785715000000,1787277845715000000,558
StreamlinedBlobStorage.recordsRelocated,1787277785715000000,1787277845715000000,0
StreamlinedBlobStorage.totalLiveRecordsPayloadBytes,1787277785715000000,1787277845715000000,0
FilePageCacheLockFree.housekeeperTurnsDone,1787277785715000000,1787277845715000000,0
FilePageCache.pageLoads,1787277785715000000,1787277845715000000,0
MappedFileStorage.totalBytesMapped,1787277785715000000,1787277845715000000,198443008
FilePageCacheLockFree.totalNativeBytesReclaimed,1787277785715000000,1787277845715000000,0
MappedFileStorage.totalPagesMapped,1787277785715000000,1787277845715000000,15
StorageLockContext.competingThreads.avg,1787277785715000000,1787277845715000000,0.0
DirectByteBufferAllocator.totalSizeOfBuffersCachedInBytes,1787277785715000000,1787277845715000000,0
FilePageCache.uncachedFileAccess,1787277785715000000,1787277845715000000,0
FilePageCache.pageHits,1787277785715000000,1787277845715000000,0
StorageLockContext.competingThreads.90P,1787277785715000000,1787277845715000000,0
FilePageCacheLockFree.totalBytesWritten,1787277785715000000,1787277845715000000,0
FilePageCacheLockFree.totalPagesHandedOver,1787277785715000000,1787277845715000000,0
FilePageCacheLockFree.nativeBytesInUse,1787277785715000000,1787277845715000000,0
FilePageCacheLockFree.totalPagesReadMs,1787277785715000000,1787277845715000000,0
FilePageCacheLockFree.totalClosedStoragesReclaimed,1787277785715000000,1787277845715000000,0
FlushQueue.executionTimeMaxNs,1787277785715000000,1787277845715000000,262143
ReadAction.executionsCount,1787277785715000000,1787277845715000000,1547
AWTEventQueue.dispatchTimeTotalNS,1787277785715000000,1787277845715000000,208740086
FlushQueue.queueSizeAvg,1787277785715000000,1787277845715000000,0.0
FlushQueue.tasksExecuted,1787277785715000000,1787277845715000000,239
AWTEventQueue.dispatchTimeMaxNs,1787277785715000000,1787277845715000000,1605631
AWTEventQueue.dispatchTime90PNs,1787277785715000000,1787277845715000000,1114111
FlushQueue.waitingTimeMaxNs,1787277785715000000,1787277845715000000,1441791
WriteAction.executionsCount,1787277785715000000,1787277845715000000,0
NonBlockingReadAction.failedExecutionsCount,1787277785715000000,1787277845715000000,0
FlushQueue.executionTimeAvgNs,1787277785715000000,1787277845715000000,93560.50209205021
NonBlockingReadAction.failedExecutionTimeUs,1787277785715000000,1787277845715000000,0
FlushQueue.waitingTimeAvgNs,1787277785715000000,1787277845715000000,254335.46443514645
NonBlockingReadAction.finalizedExecutionTimeUs,1787277785715000000,1787277845715000000,0
AWTEventQueue.eventsDispatched,1787277785715000000,1787277845715000000,478
NonBlockingReadAction.finalizedExecutionsCount,1787277785715000000,1787277845715000000,0
FlushQueue.queueSizeMax,1787277785715000000,1787277845715000000,0
FlushQueue.executionTime90PNs,1787277785715000000,1787277845715000000,138239
AWTEventQueue.dispatchTimeAvgNs,1787277785715000000,1787277845715000000,436065.4728033473
FlushQueue.waitingTime90PNs,1787277785715000000,1787277845715000000,299007
FlushQueue.queueSize90P,1787277785715000000,1787277845715000000,0
cacheStateStorage.get.counter,1787277785715000000,1787277845715000000,0
cacheStateStorage.set.duration,1787277785715000000,1787277845715000000,0
cacheStateStorage.set.counter,1787277785715000000,1787277845715000000,0
cacheStateStorage.get.duration,1787277785715000000,1787277845715000000,0
workspaceModel.mutableEntityStorage.modify.entity.ms,1787277785715000000,1787277845715000000,0
jps.modifiable.module.model.bridge.new.module.ms,1787277785715000000,1787277845715000000,0
jps.project.serializers.save.ms,1787277785715000000,1787277845715000000,0
jps.artifact.entities.serializer.save.entities.ms,1787277785715000000,1787277845715000000,0
jps.global.initialize.library.bridges.ms,1787277785715000000,1787277845715000000,0
workspaceModel.mutableEntityStorage.mutable.ext.mapping.ms,1787277785715000000,1787277845715000000,0
jps.load.initial.state.ms,1787277785715000000,1787277845715000000,0
workspaceModel.global.updates.ms,1787277785715000000,1787277845715000000,0
jps.reload.project.entities.ms,1787277785715000000,1787277845715000000,0
jps.module.iml.entities.serializer.load.entities.ms,1787277785715000000,1787277845715000000,0
workspaceModel.mutableEntityStorage.entities.ms,1787277785715000000,1787277845715000000,0
jps.global.handle.changed.events.ms,1787277785715000000,1787277845715000000,0
jps.app.storage.content.reader.load.component.ms,1787277785715000000,1787277845715000000,0
workspaceModel.load.cache.from.file.ms,1787277785715000000,1787277845715000000,0
jps.global.initialize.library.bridges.after.loading.ms,1787277785715000000,1787277845715000000,0
workspaceModel.mutableEntityStorage.apply.changes.from.ms,1787277785715000000,1787277845715000000,0
workspaceModel.load.cache.metadata.from.file.ms,1787277785715000000,1787277845715000000,0
workspaceModel.mutableEntityStorage.remove.entity.ms,1787277785715000000,1787277845715000000,0
workspaceModel.mutableEntityStorage.referrers.ms,1787277785715000000,1787277845715000000,0
jps.global.get.library.ms,1787277785715000000,1787277845715000000,0
workspaceModel.mutableEntityStorage.add.entity.ms,1787277785715000000,1787277845715000000,0
workspaceModel.global.apply.state.to.project.builder.ms,1787277785715000000,1787277845715000000,0
workspaceModel.mutableEntityStorage.to.snapshot.ms,1787277785715000000,1787277845715000000,0
jps.facet.change.listener.process.change.events.ms,1787277785715000000,1787277845715000000,0
workspaceModel.orphan.listener.update.ms,1787277785715000000,1787277845715000000,0
jps.global.get.library.by.name.ms,1787277785715000000,1787277845715000000,0
workspaceModel.moduleManagerBridge.newModule.ms,1787277785715000000,1787277845715000000,0
jps.facet.change.listener.init.bridge.ms,1787277785715000000,1787277845715000000,0
workspaceModel.moduleManagerBridge.build.module.graph.ms,1787277785715000000,1787277845715000000,0
workspaceModel.do.save.caches.ms,1787277785715000000,1787277845715000000,0
jps.save.changed.project.entities.ms,1787277785715000000,1787277845715000000,0
jps.app.storage.content.writer.save.component.ms,1787277785715000000,1787277845715000000,0
workspaceModel.mutableEntityStorage.replace.by.source.ms,1787277785715000000,1787277845715000000,0
workspaceModel.moduleManagerBridge.new.nonPersistent.module.ms,1787277785715000000,1787277845715000000,0
workspaceModel.moduleManagerBridge.get.modules.ms,1787277785715000000,1787277845715000000,0
workspaceModel.global.apply.state.to.project.ms,1787277785715000000,1787277845715000000,0
jps.modifiable.module.model.bridge.renaming.ms,1787277785715000000,1787277845715000000,0
workspaceModel.save.cache.to.file.ms,1787277785715000000,1787277845715000000,0
workspaceModel.moduleManagerBridge.load.module.ms,1787277785715000000,1787277845715000000,0
workspaceModel.mutableEntityStorage.collect.changes.ms,1787277785715000000,1787277845715000000,0
workspaceModel.sync.entities.ms,1787277785715000000,1787277845715000000,0
jps.project.serializers.load.ms,1787277785715000000,1787277845715000000,0
workspaceModel.mutableEntityStorage.has.same.entities.ms,1787277785715000000,1787277845715000000,0
workspaceModel.mutableEntityStorage.resolve.ms,1787277785715000000,1787277845715000000,0
workspaceModel.moduleBridge.facet.initialization.ms,1787277785715000000,1787277845715000000,0
jps.load.project.to.empty.storage.ms,1787277785715000000,1787277845715000000,0
jps.global.handle.before.change.events.ms,1787277785715000000,1787277845715000000,0
workspaceModel.moduleBridge.before.changed.ms,1787277785715000000,1787277845715000000,0
jps.modifiable.module.model.bridge.disposing.ms,1787277785715000000,1787277845715000000,0
workspaceModel.moduleManagerBridge.set.unloadedModules.ms,1787277785715000000,1787277845715000000,0
jps.library.entities.serializer.save.entities.ms,1787277785715000000,1787277845715000000,0
jps.library.entities.serializer.load.entities.ms,1787277785715000000,1787277845715000000,0
jps.save.global.entities.ms,1787277785715000000,1787277845715000000,0
jps.global.get.libraries.ms,1787277785715000000,1787277845715000000,0
jps.modifiable.module.model.bridge.load.module.ms,1787277785715000000,1787277845715000000,0
workspaceModel.mutableEntityStorage.instances.count,1787277785715000000,1787277845715000000,0
workspaceModel.moduleManagerBridge.create.module.instance.ms,1787277785715000000,1787277845715000000,0
workspaceModel.moduleBridgeLoader.loading.modules.ms,1787277785715000000,1787277845715000000,0
workspaceModel.moduleManagerBridge.load.all.modules.ms,1787277785715000000,1787277845715000000,0
workspaceModel.mutableEntityStorage.mutable.vfurl.index.ms,1787277785715000000,1787277845715000000,0
jps.artifact.entities.serializer.load.entities.ms,1787277785715000000,1787277845715000000,0
workspaceModel.mutableEntityStorage.entities.by.source.ms,1787277785715000000,1787277845715000000,0
workspaceModel.mutableEntityStorage.put.entity.ms,1787277785715000000,1787277845715000000,0
jps.apply.loaded.storage.ms,1787277785715000000,1787277845715000000,0
jps.module.iml.entities.serializer.save.entities.ms,1787277785715000000,1787277845715000000,0
jps.facet.change.listener.before.change.events.ms,1787277785715000000,1787277845715000000,0
workspaceModel.moduleBridge.update.option.ms,1787277785715000000,1787277845715000000,0
jps.storage.jps.conf.reader.load.component.ms,1787277785715000000,1787277845715000000,0
workspaceModel.delayed.project.synchronizer.sync.ms,1787277785715000000,1787277845715000000,0
workspaceModel.global.updates.count,1787277785715000000,1787277845715000000,0
compiler.ArtifactManagerBridge.commit.ms,1787277785715000000,1787277845715000000,0
compiler.ArtifactManagerBridge.getArtifactsByType.ms,1787277785715000000,1787277845715000000,0
compiler.ArtifactVirtualFileListener.filePathChanged.ms,1787277785715000000,1787277845715000000,0
compiler.ArtifactManagerBridge.getArtifacts.ms,1787277785715000000,1787277845715000000,0
compiler.ArtifactManagerBridge.dropMappings.ms,1787277785715000000,1787277845715000000,0
compiler.ArtifactManagerBridge.initBridges.ms,1787277785715000000,1787277845715000000,0
compiler.ArtifactManagerBridge.findArtifact.ms,1787277785715000000,1787277845715000000,0
compiler.ArtifactVirtualFileListener.propertyChanged.ms,1787277785715000000,1787277845715000000,0
compiler.ArtifactManagerBridge.addArtifact.ms,1787277785715000000,1787277845715000000,0
writeAction.wait.ms,1787277785715000000,1787277845715000000,0
writeAction.median.wait.ms,1787277785715000000,1787277845715000000,0
writeAction.max.wait.ms,1787277785715000000,1787277845715000000,58
writeAction.count,1787277785715000000,1787277845715000000,0
workspaceModel.cachedValueWithParameters.total.get.ms,1787277785715000000,1787277845715000000,0
workspaceModel.workspaceFileIndexData.visitFileSets.ms,1787277785715000000,1787277845715000000,0
workspaceModel.cachedValueWithParameters.from.cache.ms,1787277785715000000,1787277845715000000,0
workspaceModel.entityStorageSnapshotImpl.instances.count,1787277785715000000,1787277845715000000,0
workspaceModel.loading.from.cache.ms,1787277785715000000,1787277845715000000,0
workspaceModel.update.unloaded.entities.ms,1787277785715000000,1787277845715000000,0
workspaceModel.cachedValue.from.cache.ms,1787277785715000000,1787277845715000000,0
workspaceModel.cachedValue.calculated.ms,1787277785715000000,1787277845715000000,0
workspaceModel.workspaceFileIndexContributor.registerFileSets.ms,1787277785715000000,1787277845715000000,0
workspaceModel.workspaceFileIndexData.updateDirtyEntities.ms,1787277785715000000,1787277845715000000,0
workspaceModel.workspaceFileIndexData.getPackageName.ms,1787277785715000000,1787277845715000000,0
workspaceModel.cachedValueWithParameters.calculated.ms,1787277785715000000,1787277845715000000,0
workspaceModel.workspaceFileIndexData.processFileSets.ms,1787277785715000000,1787277845715000000,0
workspaceModel.updates.precise.ms,1787277785715000000,1787277845715000000,0
workspaceModel.to.snapshot.ms,1787277785715000000,1787277845715000000,0
workspaceModel.cachedValue.clear.ms,1787277785715000000,1787277845715000000,0
workspaceModel.check.recursive.update.ms,1787277785715000000,1787277845715000000,0
workspaceModel.workspaceFileIndexData.init.ms,1787277785715000000,1787277845715000000,0
workspaceModel.collect.changes.ms,1787277785715000000,1787277845715000000,0
workspaceModel.full.replace.project.model.ms,1787277785715000000,1787277845715000000,0
workspaceModel.workspaceFileIndexData.instances.count,1787277785715000000,1787277845715000000,0
workspaceModel.workspaceFileIndexData.getFileInfo.ms,1787277785715000000,1787277845715000000,0
workspaceModel.updates.count,1787277785715000000,1787277845715000000,0
workspaceModel.cachedValue.total.get.ms,1787277785715000000,1787277845715000000,0
workspaceModel.pre.handlers.ms,1787277785715000000,1787277845715000000,0
workspaceModel.workspaceFileIndexData.onEntitiesChanged.ms,1787277785715000000,1787277845715000000,0
workspaceModel.updates.ms,1787277785715000000,1787277845715000000,0
workspaceModel.workspaceFileIndexData.markDirty.ms,1787277785715000000,1787277845715000000,0
workspaceModel.initializing.ms,1787277785715000000,1787277845715000000,0
workspaceModel.workspaceFileIndexData.getDirectoriesByPackageName.ms,1787277785715000000,1787277845715000000,0
workspaceModel.loading.total.ms,1787277785715000000,1787277845715000000,0
workspaceModel.cachedValueWithParameters.clear.ms,1787277785715000000,1787277845715000000,0
workspaceModel.replace.project.model.ms,1787277785715000000,1787277845715000000,0
workspaceModel.init.bridges.ms,1787277785715000000,1787277845715000000,0
JVM.usedHeapBytes,1787277785715000000,1787277845715000000,822039552
JVM.maxHeapBytes,1787277785715000000,1787277845715000000,2147483648
JVM.totalBytesAllocated,1787277785715000000,1787277845715000000,15913744
JVM.usedNativeBytes,1787277785715000000,1787277845715000000,410280624
JVM.maxThreadCount,1787277785715000000,1787277845715000000,120
JVM.threadCount,1787277785715000000,1787277845715000000,43
JVM.newThreadsCount,1787277785715000000,1787277845715000000,0
JVM.GC.collections,1787277785715000000,1787277845715000000,0
OS.loadAverage,1787277785715000000,1787277845715000000,2.416015625
JVM.GC.collectionTimesMs,1787277785715000000,1787277845715000000,0
JVM.totalDirectByteBuffersBytes,1787277785715000000,1787277845715000000,346353560
JVM.totalCpuTimeMs,1787277785715000000,1787277845715000000,1960
Indexes.entries.lookupDurationAvgMs,1787277785715000000,1787277845715000000,0.0
Indexes.allKeys.lookupDurationAvgMs,1787277785715000000,1787277845715000000,0.0
Indexes.entries.lookups,1787277785715000000,1787277845715000000,0.0
Indexes.allKeys.lookups,1787277785715000000,1787277845715000000,0.0
Indexes.entries.lookupDurationMaxMs,1787277785715000000,1787277845715000000,0.0
Indexes.allKeys.lookupDuration90PMs,1787277785715000000,1787277845715000000,0.0
Indexes.stubs.lookupDurationAvgMs,1787277785715000000,1787277845715000000,0.0
Indexes.allKeys.lookupDurationMaxMs,1787277785715000000,1787277845715000000,0.0
Indexes.stubs.lookupDuration90PMs,1787277785715000000,1787277845715000000,0.0
IndexesFlusher.totalFlushes,1787277785715000000,1787277845715000000,179
IndexesFlusher.totalFlushingTimeUs,1787277785715000000,1787277845715000000,288703
Indexes.entries.lookupDuration90PMs,1787277785715000000,1787277845715000000,0.0
IndexesFlusher.totalFlushesRetried,1787277785715000000,1787277845715000000,0
Indexes.stubs.lookupDurationMaxMs,1787277785715000000,1787277845715000000,0.0
IndexesFlusher.totalContentionQuotaSpent,1787277785715000000,1787277845715000000,0
Indexes.stubs.lookups,1787277785715000000,1787277845715000000,0.0
VFS.fileChildByName,1787277785715000000,1787277845715000000,0
FileNameCache.queries,1787277785715000000,1787277845715000000,0
VFS.invertedFileNameIndex.requests,1787277785715000000,1787277845715000000,0
VFS.fileByIdCache.hits,1787277785715000000,1787277845715000000,0
VFS.fileByIdCache.misses,1787277785715000000,1787277845715000000,0
FileNameCache.totalMisses,1787277785715000000,1787277845715000000,0
FilePageCacheLockFree.totalPageAllocationsWaited,1787277845715000000,1787277905715000000,0
FilePageCacheLockFree.totalHeapBytesAllocated,1787277845715000000,1787277905715000000,0
DirectByteBufferAllocator.hits,1787277845715000000,1787277905715000000,0
StorageLockContext.competingThreads.max,1787277845715000000,1787277905715000000,0
FilePageCache.maxCacheSizeInBytes,1787277845715000000,1787277905715000000,346046464
FilePageCache.pageLoadsAboveSizeThreshold,1787277845715000000,1787277905715000000,0
FilePageCacheLockFree.totalBytesRequested,1787277845715000000,1787277905715000000,0
MappedFileStorage.storages,1787277845715000000,1787277905715000000,15
DirectByteBufferAllocator.reclaimed,1787277845715000000,1787277905715000000,0
FilePageCache.totalPageLoadsUs,1787277845715000000,1787277905715000000,0
FilePageCacheLockFree.totalPagesWritten,1787277845715000000,1787277905715000000,0
FilePageCacheLockFree.totalHeapBytesReclaimed,1787277845715000000,1787277905715000000,0
FileChannelInterruptsRetryer.totalRetriedAttempts,1787277845715000000,1787277905715000000,0
FilePageCacheLockFree.totalPagesReclaimed,1787277845715000000,1787277905715000000,0
FilePageCacheLockFree.housekeeperTurnsSkipped,1787277845715000000,1787277905715000000,0
FilePageCacheLockFree.totalNativeBytesAllocated,1787277845715000000,1787277905715000000,0
MappedFileStorage.totalTimeSpentOnMappingUs,1787277845715000000,1787277905715000000,7859062
FilePageCacheLockFree.totalBytesRead,1787277845715000000,1787277905715000000,0
DirectByteBufferAllocator.totalSizeOfBuffersAllocatedInBytes,1787277845715000000,1787277905715000000,346046464
StreamlinedBlobStorage.totalLiveRecordsCapacityBytes,1787277845715000000,1787277905715000000,0
FilePageCacheLockFree.heapBytesInUse,1787277845715000000,1787277905715000000,0
StreamlinedBlobStorage.recordsAllocated,1787277845715000000,1787277905715000000,0
FilePageCacheLockFree.totalPagesRequestsMs,1787277845715000000,1787277905715000000,0
StreamlinedBlobStorage.recordsDeleted,1787277845715000000,1787277905715000000,0
FilePageCacheLockFree.housekeeperTimeSpentMs,1787277845715000000,1787277905715000000,0
DirectByteBufferAllocator.disposed,1787277845715000000,1787277905715000000,0
FilePageCacheLockFree.totalPagesRequested,1787277845715000000,1787277905715000000,0
FilePageCache.capacityInBytes,1787277845715000000,1787277905715000000,503316478
FilePageCache.disposedBuffers,1787277845715000000,1787277905715000000,0
FilePageCacheLockFree.totalPagesWriteMs,1787277845715000000,1787277905715000000,0
DirectByteBufferAllocator.misses,1787277845715000000,1787277905715000000,0
FilePageCacheLockFree.totalPagesAllocated,1787277845715000000,1787277905715000000,0
FilePageCache.pageFastCacheHits,1787277845715000000,1787277905715000000,0
FilePageCache.totalPageDisposalsUs,1787277845715000000,1787277905715000000,0
FilePageCache.maxRegisteredFiles,1787277845715000000,1787277905715000000,558
StreamlinedBlobStorage.recordsRelocated,1787277845715000000,1787277905715000000,0
StreamlinedBlobStorage.totalLiveRecordsPayloadBytes,1787277845715000000,1787277905715000000,0
FilePageCacheLockFree.housekeeperTurnsDone,1787277845715000000,1787277905715000000,0
FilePageCache.pageLoads,1787277845715000000,1787277905715000000,0
MappedFileStorage.totalBytesMapped,1787277845715000000,1787277905715000000,198443008
FilePageCacheLockFree.totalNativeBytesReclaimed,1787277845715000000,1787277905715000000,0
MappedFileStorage.totalPagesMapped,1787277845715000000,1787277905715000000,15
StorageLockContext.competingThreads.avg,1787277845715000000,1787277905715000000,0.0
DirectByteBufferAllocator.totalSizeOfBuffersCachedInBytes,1787277845715000000,1787277905715000000,0
FilePageCache.uncachedFileAccess,1787277845715000000,1787277905715000000,0
FilePageCache.pageHits,1787277845715000000,1787277905715000000,0
StorageLockContext.competingThreads.90P,1787277845715000000,1787277905715000000,0
FilePageCacheLockFree.totalBytesWritten,1787277845715000000,1787277905715000000,0
FilePageCacheLockFree.totalPagesHandedOver,1787277845715000000,1787277905715000000,0
FilePageCacheLockFree.nativeBytesInUse,1787277845715000000,1787277905715000000,0
FilePageCacheLockFree.totalPagesReadMs,1787277845715000000,1787277905715000000,0
FilePageCacheLockFree.totalClosedStoragesReclaimed,1787277845715000000,1787277905715000000,0
FlushQueue.executionTimeMaxNs,1787277845715000000,1787277905715000000,286719
ReadAction.executionsCount,1787277845715000000,1787277905715000000,46447
AWTEventQueue.dispatchTimeTotalNS,1787277845715000000,1787277905715000000,217421098
FlushQueue.queueSizeAvg,1787277845715000000,1787277905715000000,0.0
FlushQueue.tasksExecuted,1787277845715000000,1787277905715000000,239
AWTEventQueue.dispatchTimeMaxNs,1787277845715000000,1787277905715000000,2867199
AWTEventQueue.dispatchTime90PNs,1787277845715000000,1787277905715000000,1196031
FlushQueue.waitingTimeMaxNs,1787277845715000000,1787277905715000000,1130495
WriteAction.executionsCount,1787277845715000000,1787277905715000000,0
NonBlockingReadAction.failedExecutionsCount,1787277845715000000,1787277905715000000,0
FlushQueue.executionTimeAvgNs,1787277845715000000,1787277905715000000,84129.2050209205
NonBlockingReadAction.failedExecutionTimeUs,1787277845715000000,1787277905715000000,0
FlushQueue.waitingTimeAvgNs,1787277845715000000,1787277905715000000,241850.37656903765
NonBlockingReadAction.finalizedExecutionTimeUs,1787277845715000000,1787277905715000000,199252
AWTEventQueue.eventsDispatched,1787277845715000000,1787277905715000000,478
NonBlockingReadAction.finalizedExecutionsCount,1787277845715000000,1787277905715000000,3
FlushQueue.queueSizeMax,1787277845715000000,1787277905715000000,0
FlushQueue.executionTime90PNs,1787277845715000000,1787277905715000000,123391
AWTEventQueue.dispatchTimeAvgNs,1787277845715000000,1787277905715000000,452524.9874476987
FlushQueue.waitingTime90PNs,1787277845715000000,1787277905715000000,305151
FlushQueue.queueSize90P,1787277845715000000,1787277905715000000,0
cacheStateStorage.get.counter,1787277845715000000,1787277905715000000,0
cacheStateStorage.set.duration,1787277845715000000,1787277905715000000,0
cacheStateStorage.set.counter,1787277845715000000,1787277905715000000,0
cacheStateStorage.get.duration,1787277845715000000,1787277905715000000,0
workspaceModel.mutableEntityStorage.modify.entity.ms,1787277845715000000,1787277905715000000,0
jps.modifiable.module.model.bridge.new.module.ms,1787277845715000000,1787277905715000000,0
jps.project.serializers.save.ms,1787277845715000000,1787277905715000000,0
jps.artifact.entities.serializer.save.entities.ms,1787277845715000000,1787277905715000000,0
jps.global.initialize.library.bridges.ms,1787277845715000000,1787277905715000000,0
workspaceModel.mutableEntityStorage.mutable.ext.mapping.ms,1787277845715000000,1787277905715000000,0
jps.load.initial.state.ms,1787277845715000000,1787277905715000000,0
workspaceModel.global.updates.ms,1787277845715000000,1787277905715000000,0
jps.reload.project.entities.ms,1787277845715000000,1787277905715000000,0
jps.module.iml.entities.serializer.load.entities.ms,1787277845715000000,1787277905715000000,0
workspaceModel.mutableEntityStorage.entities.ms,1787277845715000000,1787277905715000000,0
jps.global.handle.changed.events.ms,1787277845715000000,1787277905715000000,0
jps.app.storage.content.reader.load.component.ms,1787277845715000000,1787277905715000000,0
workspaceModel.load.cache.from.file.ms,1787277845715000000,1787277905715000000,0
jps.global.initialize.library.bridges.after.loading.ms,1787277845715000000,1787277905715000000,0
workspaceModel.mutableEntityStorage.apply.changes.from.ms,1787277845715000000,1787277905715000000,0
workspaceModel.load.cache.metadata.from.file.ms,1787277845715000000,1787277905715000000,0
workspaceModel.mutableEntityStorage.remove.entity.ms,1787277845715000000,1787277905715000000,0
workspaceModel.mutableEntityStorage.referrers.ms,1787277845715000000,1787277905715000000,0
jps.global.get.library.ms,1787277845715000000,1787277905715000000,0
workspaceModel.mutableEntityStorage.add.entity.ms,1787277845715000000,1787277905715000000,0
workspaceModel.global.apply.state.to.project.builder.ms,1787277845715000000,1787277905715000000,0
workspaceModel.mutableEntityStorage.to.snapshot.ms,1787277845715000000,1787277905715000000,0
jps.facet.change.listener.process.change.events.ms,1787277845715000000,1787277905715000000,0
workspaceModel.orphan.listener.update.ms,1787277845715000000,1787277905715000000,0
jps.global.get.library.by.name.ms,1787277845715000000,1787277905715000000,0
workspaceModel.moduleManagerBridge.newModule.ms,1787277845715000000,1787277905715000000,0
jps.facet.change.listener.init.bridge.ms,1787277845715000000,1787277905715000000,0
workspaceModel.moduleManagerBridge.build.module.graph.ms,1787277845715000000,1787277905715000000,0
workspaceModel.do.save.caches.ms,1787277845715000000,1787277905715000000,0
jps.save.changed.project.entities.ms,1787277845715000000,1787277905715000000,0
jps.app.storage.content.writer.save.component.ms,1787277845715000000,1787277905715000000,0
workspaceModel.mutableEntityStorage.replace.by.source.ms,1787277845715000000,1787277905715000000,0
workspaceModel.moduleManagerBridge.new.nonPersistent.module.ms,1787277845715000000,1787277905715000000,0
workspaceModel.moduleManagerBridge.get.modules.ms,1787277845715000000,1787277905715000000,0
workspaceModel.global.apply.state.to.project.ms,1787277845715000000,1787277905715000000,0
jps.modifiable.module.model.bridge.renaming.ms,1787277845715000000,1787277905715000000,0
workspaceModel.save.cache.to.file.ms,1787277845715000000,1787277905715000000,0
workspaceModel.moduleManagerBridge.load.module.ms,1787277845715000000,1787277905715000000,0
workspaceModel.mutableEntityStorage.collect.changes.ms,1787277845715000000,1787277905715000000,0
workspaceModel.sync.entities.ms,1787277845715000000,1787277905715000000,0
jps.project.serializers.load.ms,1787277845715000000,1787277905715000000,0
workspaceModel.mutableEntityStorage.has.same.entities.ms,1787277845715000000,1787277905715000000,0
workspaceModel.mutableEntityStorage.resolve.ms,1787277845715000000,1787277905715000000,0
workspaceModel.moduleBridge.facet.initialization.ms,1787277845715000000,1787277905715000000,0
jps.load.project.to.empty.storage.ms,1787277845715000000,1787277905715000000,0
jps.global.handle.before.change.events.ms,1787277845715000000,1787277905715000000,0
workspaceModel.moduleBridge.before.changed.ms,1787277845715000000,1787277905715000000,0
jps.modifiable.module.model.bridge.disposing.ms,1787277845715000000,1787277905715000000,0
workspaceModel.moduleManagerBridge.set.unloadedModules.ms,1787277845715000000,1787277905715000000,0
jps.library.entities.serializer.save.entities.ms,1787277845715000000,1787277905715000000,0
jps.library.entities.serializer.load.entities.ms,1787277845715000000,1787277905715000000,0
jps.save.global.entities.ms,1787277845715000000,1787277905715000000,0
jps.global.get.libraries.ms,1787277845715000000,1787277905715000000,0
jps.modifiable.module.model.bridge.load.module.ms,1787277845715000000,1787277905715000000,0
workspaceModel.mutableEntityStorage.instances.count,1787277845715000000,1787277905715000000,0
workspaceModel.moduleManagerBridge.create.module.instance.ms,1787277845715000000,1787277905715000000,0
workspaceModel.moduleBridgeLoader.loading.modules.ms,1787277845715000000,1787277905715000000,0
workspaceModel.moduleManagerBridge.load.all.modules.ms,1787277845715000000,1787277905715000000,0
workspaceModel.mutableEntityStorage.mutable.vfurl.index.ms,1787277845715000000,1787277905715000000,0
jps.artifact.entities.serializer.load.entities.ms,1787277845715000000,1787277905715000000,0
workspaceModel.mutableEntityStorage.entities.by.source.ms,1787277845715000000,1787277905715000000,0
workspaceModel.mutableEntityStorage.put.entity.ms,1787277845715000000,1787277905715000000,0
jps.apply.loaded.storage.ms,1787277845715000000,1787277905715000000,0
jps.module.iml.entities.serializer.save.entities.ms,1787277845715000000,1787277905715000000,0
jps.facet.change.listener.before.change.events.ms,1787277845715000000,1787277905715000000,0
workspaceModel.moduleBridge.update.option.ms,1787277845715000000,1787277905715000000,0
jps.storage.jps.conf.reader.load.component.ms,1787277845715000000,1787277905715000000,0
workspaceModel.delayed.project.synchronizer.sync.ms,1787277845715000000,1787277905715000000,0
workspaceModel.global.updates.count,1787277845715000000,1787277905715000000,0
compiler.ArtifactManagerBridge.commit.ms,1787277845715000000,1787277905715000000,0
compiler.ArtifactManagerBridge.getArtifactsByType.ms,1787277845715000000,1787277905715000000,0
compiler.ArtifactVirtualFileListener.filePathChanged.ms,1787277845715000000,1787277905715000000,0
compiler.ArtifactManagerBridge.getArtifacts.ms,1787277845715000000,1787277905715000000,0
compiler.ArtifactManagerBridge.dropMappings.ms,1787277845715000000,1787277905715000000,0
compiler.ArtifactManagerBridge.initBridges.ms,1787277845715000000,1787277905715000000,0
compiler.ArtifactManagerBridge.findArtifact.ms,1787277845715000000,1787277905715000000,0
compiler.ArtifactVirtualFileListener.propertyChanged.ms,1787277845715000000,1787277905715000000,0
compiler.ArtifactManagerBridge.addArtifact.ms,1787277845715000000,1787277905715000000,0
writeAction.wait.ms,1787277845715000000,1787277905715000000,0
writeAction.median.wait.ms,1787277845715000000,1787277905715000000,0
writeAction.max.wait.ms,1787277845715000000,1787277905715000000,58
writeAction.count,1787277845715000000,1787277905715000000,0
workspaceModel.cachedValueWithParameters.total.get.ms,1787277845715000000,1787277905715000000,0
workspaceModel.workspaceFileIndexData.visitFileSets.ms,1787277845715000000,1787277905715000000,0
workspaceModel.cachedValueWithParameters.from.cache.ms,1787277845715000000,1787277905715000000,0
workspaceModel.entityStorageSnapshotImpl.instances.count,1787277845715000000,1787277905715000000,0
workspaceModel.loading.from.cache.ms,1787277845715000000,1787277905715000000,0
workspaceModel.update.unloaded.entities.ms,1787277845715000000,1787277905715000000,0
workspaceModel.cachedValue.from.cache.ms,1787277845715000000,1787277905715000000,0
workspaceModel.cachedValue.calculated.ms,1787277845715000000,1787277905715000000,0
workspaceModel.workspaceFileIndexContributor.registerFileSets.ms,1787277845715000000,1787277905715000000,0
workspaceModel.workspaceFileIndexData.updateDirtyEntities.ms,1787277845715000000,1787277905715000000,0
workspaceModel.workspaceFileIndexData.getPackageName.ms,1787277845715000000,1787277905715000000,0
workspaceModel.cachedValueWithParameters.calculated.ms,1787277845715000000,1787277905715000000,0
workspaceModel.workspaceFileIndexData.processFileSets.ms,1787277845715000000,1787277905715000000,0
workspaceModel.updates.precise.ms,1787277845715000000,1787277905715000000,0
workspaceModel.to.snapshot.ms,1787277845715000000,1787277905715000000,0
workspaceModel.cachedValue.clear.ms,1787277845715000000,1787277905715000000,0
workspaceModel.check.recursive.update.ms,1787277845715000000,1787277905715000000,0
workspaceModel.workspaceFileIndexData.init.ms,1787277845715000000,1787277905715000000,0
workspaceModel.collect.changes.ms,1787277845715000000,1787277905715000000,0
workspaceModel.full.replace.project.model.ms,1787277845715000000,1787277905715000000,0
workspaceModel.workspaceFileIndexData.instances.count,1787277845715000000,1787277905715000000,0
workspaceModel.workspaceFileIndexData.getFileInfo.ms,1787277845715000000,1787277905715000000,29
workspaceModel.updates.count,1787277845715000000,1787277905715000000,0
workspaceModel.cachedValue.total.get.ms,1787277845715000000,1787277905715000000,0
workspaceModel.pre.handlers.ms,1787277845715000000,1787277905715000000,0
workspaceModel.workspaceFileIndexData.onEntitiesChanged.ms,1787277845715000000,1787277905715000000,0
workspaceModel.updates.ms,1787277845715000000,1787277905715000000,0
workspaceModel.workspaceFileIndexData.markDirty.ms,1787277845715000000,1787277905715000000,0
workspaceModel.initializing.ms,1787277845715000000,1787277905715000000,0
workspaceModel.workspaceFileIndexData.getDirectoriesByPackageName.ms,1787277845715000000,1787277905715000000,0
workspaceModel.loading.total.ms,1787277845715000000,1787277905715000000,0
workspaceModel.cachedValueWithParameters.clear.ms,1787277845715000000,1787277905715000000,0
workspaceModel.replace.project.model.ms,1787277845715000000,1787277905715000000,0
workspaceModel.init.bridges.ms,1787277845715000000,1787277905715000000,0
JVM.usedHeapBytes,1787277845715000000,1787277905715000000,855593984
JVM.maxHeapBytes,1787277845715000000,1787277905715000000,2147483648
JVM.totalBytesAllocated,1787277845715000000,1787277905715000000,33998240
JVM.usedNativeBytes,1787277845715000000,1787277905715000000,415232264
JVM.maxThreadCount,1787277845715000000,1787277905715000000,120
JVM.threadCount,1787277845715000000,1787277905715000000,42
JVM.newThreadsCount,1787277845715000000,1787277905715000000,0
JVM.GC.collections,1787277845715000000,1787277905715000000,0
OS.loadAverage,1787277845715000000,1787277905715000000,2.4189453125
JVM.GC.collectionTimesMs,1787277845715000000,1787277905715000000,0
JVM.totalDirectByteBuffersBytes,1787277845715000000,1787277905715000000,346334832
JVM.totalCpuTimeMs,1787277845715000000,1787277905715000000,3470
Indexes.entries.lookupDurationAvgMs,1787277845715000000,1787277905715000000,0.0
Indexes.allKeys.lookupDurationAvgMs,1787277845715000000,1787277905715000000,0.0
Indexes.entries.lookups,1787277845715000000,1787277905715000000,0.0
Indexes.allKeys.lookups,1787277845715000000,1787277905715000000,0.0
Indexes.entries.lookupDurationMaxMs,1787277845715000000,1787277905715000000,0.0
Indexes.allKeys.lookupDuration90PMs,1787277845715000000,1787277905715000000,0.0
Indexes.stubs.lookupDurationAvgMs,1787277845715000000,1787277905715000000,0.0
Indexes.allKeys.lookupDurationMaxMs,1787277845715000000,1787277905715000000,0.0
Indexes.stubs.lookupDuration90PMs,1787277845715000000,1787277905715000000,0.0
IndexesFlusher.totalFlushes,1787277845715000000,1787277905715000000,179
IndexesFlusher.totalFlushingTimeUs,1787277845715000000,1787277905715000000,301864
Indexes.entries.lookupDuration90PMs,1787277845715000000,1787277905715000000,0.0
IndexesFlusher.totalFlushesRetried,1787277845715000000,1787277905715000000,0
Indexes.stubs.lookupDurationMaxMs,1787277845715000000,1787277905715000000,0.0
IndexesFlusher.totalContentionQuotaSpent,1787277845715000000,1787277905715000000,0
Indexes.stubs.lookups,1787277845715000000,1787277905715000000,0.0
VFS.fileChildByName,1787277845715000000,1787277905715000000,236
FileNameCache.queries,1787277845715000000,1787277905715000000,4544
VFS.invertedFileNameIndex.requests,1787277845715000000,1787277905715000000,0
VFS.fileByIdCache.hits,1787277845715000000,1787277905715000000,0
VFS.fileByIdCache.misses,1787277845715000000,1787277905715000000,0
FileNameCache.totalMisses,1787277845715000000,1787277905715000000,64
FilePageCacheLockFree.totalPageAllocationsWaited,1787277905715000000,1787277965715000000,0
FilePageCacheLockFree.totalHeapBytesAllocated,1787277905715000000,1787277965715000000,0
DirectByteBufferAllocator.hits,1787277905715000000,1787277965715000000,0
StorageLockContext.competingThreads.max,1787277905715000000,1787277965715000000,0
FilePageCache.maxCacheSizeInBytes,1787277905715000000,1787277965715000000,346046464
FilePageCache.pageLoadsAboveSizeThreshold,1787277905715000000,1787277965715000000,0
FilePageCacheLockFree.totalBytesRequested,1787277905715000000,1787277965715000000,0
MappedFileStorage.storages,1787277905715000000,1787277965715000000,15
DirectByteBufferAllocator.reclaimed,1787277905715000000,1787277965715000000,0
FilePageCache.totalPageLoadsUs,1787277905715000000,1787277965715000000,0
FilePageCacheLockFree.totalPagesWritten,1787277905715000000,1787277965715000000,0
FilePageCacheLockFree.totalHeapBytesReclaimed,1787277905715000000,1787277965715000000,0
FileChannelInterruptsRetryer.totalRetriedAttempts,1787277905715000000,1787277965715000000,0
FilePageCacheLockFree.totalPagesReclaimed,1787277905715000000,1787277965715000000,0
FilePageCacheLockFree.housekeeperTurnsSkipped,1787277905715000000,1787277965715000000,0
FilePageCacheLockFree.totalNativeBytesAllocated,1787277905715000000,1787277965715000000,0
MappedFileStorage.totalTimeSpentOnMappingUs,1787277905715000000,1787277965715000000,7859062
FilePageCacheLockFree.totalBytesRead,1787277905715000000,1787277965715000000,0
DirectByteBufferAllocator.totalSizeOfBuffersAllocatedInBytes,1787277905715000000,1787277965715000000,346046464
StreamlinedBlobStorage.totalLiveRecordsCapacityBytes,1787277905715000000,1787277965715000000,0
FilePageCacheLockFree.heapBytesInUse,1787277905715000000,1787277965715000000,0
StreamlinedBlobStorage.recordsAllocated,1787277905715000000,1787277965715000000,0
FilePageCacheLockFree.totalPagesRequestsMs,1787277905715000000,1787277965715000000,0
StreamlinedBlobStorage.recordsDeleted,1787277905715000000,1787277965715000000,0
FilePageCacheLockFree.housekeeperTimeSpentMs,1787277905715000000,1787277965715000000,0
DirectByteBufferAllocator.disposed,1787277905715000000,1787277965715000000,0
FilePageCacheLockFree.totalPagesRequested,1787277905715000000,1787277965715000000,0
FilePageCache.capacityInBytes,1787277905715000000,1787277965715000000,503316478
FilePageCache.disposedBuffers,1787277905715000000,1787277965715000000,0
FilePageCacheLockFree.totalPagesWriteMs,1787277905715000000,1787277965715000000,0
DirectByteBufferAllocator.misses,1787277905715000000,1787277965715000000,0
FilePageCacheLockFree.totalPagesAllocated,1787277905715000000,1787277965715000000,0
FilePageCache.pageFastCacheHits,1787277905715000000,1787277965715000000,0
FilePageCache.totalPageDisposalsUs,1787277905715000000,1787277965715000000,0
FilePageCache.maxRegisteredFiles,1787277905715000000,1787277965715000000,558
StreamlinedBlobStorage.recordsRelocated,1787277905715000000,1787277965715000000,0
StreamlinedBlobStorage.totalLiveRecordsPayloadBytes,1787277905715000000,1787277965715000000,0
FilePageCacheLockFree.housekeeperTurnsDone,1787277905715000000,1787277965715000000,0
FilePageCache.pageLoads,1787277905715000000,1787277965715000000,0
MappedFileStorage.totalBytesMapped,1787277905715000000,1787277965715000000,198443008
FilePageCacheLockFree.totalNativeBytesReclaimed,1787277905715000000,1787277965715000000,0
MappedFileStorage.totalPagesMapped,1787277905715000000,1787277965715000000,15
StorageLockContext.competingThreads.avg,1787277905715000000,1787277965715000000,0.0
DirectByteBufferAllocator.totalSizeOfBuffersCachedInBytes,1787277905715000000,1787277965715000000,0
FilePageCache.uncachedFileAccess,1787277905715000000,1787277965715000000,0
FilePageCache.pageHits,1787277905715000000,1787277965715000000,0
StorageLockContext.competingThreads.90P,1787277905715000000,1787277965715000000,0
FilePageCacheLockFree.totalBytesWritten,1787277905715000000,1787277965715000000,0
FilePageCacheLockFree.totalPagesHandedOver,1787277905715000000,1787277965715000000,0
FilePageCacheLockFree.nativeBytesInUse,1787277905715000000,1787277965715000000,0
FilePageCacheLockFree.totalPagesReadMs,1787277905715000000,1787277965715000000,0
FilePageCacheLockFree.totalClosedStoragesReclaimed,1787277905715000000,1787277965715000000,0
FlushQueue.executionTimeMaxNs,1787277905715000000,1787277965715000000,168959
ReadAction.executionsCount,1787277905715000000,1787277965715000000,1560
AWTEventQueue.dispatchTimeTotalNS,1787277905715000000,1787277965715000000,195339815
FlushQueue.queueSizeAvg,1787277905715000000,1787277965715000000,0.0
FlushQueue.tasksExecuted,1787277905715000000,1787277965715000000,240
AWTEventQueue.dispatchTimeMaxNs,1787277905715000000,1787277965715000000,1859583
AWTEventQueue.dispatchTime90PNs,1787277905715000000,1787277965715000000,1048575
FlushQueue.waitingTimeMaxNs,1787277905715000000,1787277965715000000,704511
WriteAction.executionsCount,1787277905715000000,1787277965715000000,0
NonBlockingReadAction.failedExecutionsCount,1787277905715000000,1787277965715000000,0
FlushQueue.executionTimeAvgNs,1787277905715000000,1787277965715000000,75899.73333333334
NonBlockingReadAction.failedExecutionTimeUs,1787277905715000000,1787277965715000000,0
FlushQueue.waitingTimeAvgNs,1787277905715000000,1787277965715000000,218067.2
NonBlockingReadAction.finalizedExecutionTimeUs,1787277905715000000,1787277965715000000,0
AWTEventQueue.eventsDispatched,1787277905715000000,1787277965715000000,479
NonBlockingReadAction.finalizedExecutionsCount,1787277905715000000,1787277965715000000,0
FlushQueue.queueSizeMax,1787277905715000000,1787277965715000000,0
FlushQueue.executionTime90PNs,1787277905715000000,1787277965715000000,106495
AWTEventQueue.dispatchTimeAvgNs,1787277905715000000,1787277965715000000,407777.00208768266
FlushQueue.waitingTime90PNs,1787277905715000000,1787277965715000000,257023
FlushQueue.queueSize90P,1787277905715000000,1787277965715000000,0
cacheStateStorage.get.counter,1787277905715000000,1787277965715000000,0
cacheStateStorage.set.duration,1787277905715000000,1787277965715000000,0
cacheStateStorage.set.counter,1787277905715000000,1787277965715000000,0
cacheStateStorage.get.duration,1787277905715000000,1787277965715000000,0
workspaceModel.mutableEntityStorage.modify.entity.ms,1787277905715000000,1787277965715000000,0
jps.modifiable.module.model.bridge.new.module.ms,1787277905715000000,1787277965715000000,0
jps.project.serializers.save.ms,1787277905715000000,1787277965715000000,0
jps.artifact.entities.serializer.save.entities.ms,1787277905715000000,1787277965715000000,0
jps.global.initialize.library.bridges.ms,1787277905715000000,1787277965715000000,0
workspaceModel.mutableEntityStorage.mutable.ext.mapping.ms,1787277905715000000,1787277965715000000,0
jps.load.initial.state.ms,1787277905715000000,1787277965715000000,0
workspaceModel.global.updates.ms,1787277905715000000,1787277965715000000,0
jps.reload.project.entities.ms,1787277905715000000,1787277965715000000,0
jps.module.iml.entities.serializer.load.entities.ms,1787277905715000000,1787277965715000000,0
workspaceModel.mutableEntityStorage.entities.ms,1787277905715000000,1787277965715000000,0
jps.global.handle.changed.events.ms,1787277905715000000,1787277965715000000,0
jps.app.storage.content.reader.load.component.ms,1787277905715000000,1787277965715000000,0
workspaceModel.load.cache.from.file.ms,1787277905715000000,1787277965715000000,0
jps.global.initialize.library.bridges.after.loading.ms,1787277905715000000,1787277965715000000,0
workspaceModel.mutableEntityStorage.apply.changes.from.ms,1787277905715000000,1787277965715000000,0
workspaceModel.load.cache.metadata.from.file.ms,1787277905715000000,1787277965715000000,0
workspaceModel.mutableEntityStorage.remove.entity.ms,1787277905715000000,1787277965715000000,0
workspaceModel.mutableEntityStorage.referrers.ms,1787277905715000000,1787277965715000000,0
jps.global.get.library.ms,1787277905715000000,1787277965715000000,0
workspaceModel.mutableEntityStorage.add.entity.ms,1787277905715000000,1787277965715000000,0
workspaceModel.global.apply.state.to.project.builder.ms,1787277905715000000,1787277965715000000,0
workspaceModel.mutableEntityStorage.to.snapshot.ms,1787277905715000000,1787277965715000000,0
jps.facet.change.listener.process.change.events.ms,1787277905715000000,1787277965715000000,0
workspaceModel.orphan.listener.update.ms,1787277905715000000,1787277965715000000,0
jps.global.get.library.by.name.ms,1787277905715000000,1787277965715000000,0
workspaceModel.moduleManagerBridge.newModule.ms,1787277905715000000,1787277965715000000,0
jps.facet.change.listener.init.bridge.ms,1787277905715000000,1787277965715000000,0
workspaceModel.moduleManagerBridge.build.module.graph.ms,1787277905715000000,1787277965715000000,0
workspaceModel.do.save.caches.ms,1787277905715000000,1787277965715000000,0
jps.save.changed.project.entities.ms,1787277905715000000,1787277965715000000,0
jps.app.storage.content.writer.save.component.ms,1787277905715000000,1787277965715000000,0
workspaceModel.mutableEntityStorage.replace.by.source.ms,1787277905715000000,1787277965715000000,0
workspaceModel.moduleManagerBridge.new.nonPersistent.module.ms,1787277905715000000,1787277965715000000,0
workspaceModel.moduleManagerBridge.get.modules.ms,1787277905715000000,1787277965715000000,0
workspaceModel.global.apply.state.to.project.ms,1787277905715000000,1787277965715000000,0
jps.modifiable.module.model.bridge.renaming.ms,1787277905715000000,1787277965715000000,0
workspaceModel.save.cache.to.file.ms,1787277905715000000,1787277965715000000,0
workspaceModel.moduleManagerBridge.load.module.ms,1787277905715000000,1787277965715000000,0
workspaceModel.mutableEntityStorage.collect.changes.ms,1787277905715000000,1787277965715000000,0
workspaceModel.sync.entities.ms,1787277905715000000,1787277965715000000,0
jps.project.serializers.load.ms,1787277905715000000,1787277965715000000,0
workspaceModel.mutableEntityStorage.has.same.entities.ms,1787277905715000000,1787277965715000000,0
workspaceModel.mutableEntityStorage.resolve.ms,1787277905715000000,1787277965715000000,0
workspaceModel.moduleBridge.facet.initialization.ms,1787277905715000000,1787277965715000000,0
jps.load.project.to.empty.storage.ms,1787277905715000000,1787277965715000000,0
jps.global.handle.before.change.events.ms,1787277905715000000,1787277965715000000,0
workspaceModel.moduleBridge.before.changed.ms,1787277905715000000,1787277965715000000,0
jps.modifiable.module.model.bridge.disposing.ms,1787277905715000000,1787277965715000000,0
workspaceModel.moduleManagerBridge.set.unloadedModules.ms,1787277905715000000,1787277965715000000,0
jps.library.entities.serializer.save.entities.ms,1787277905715000000,1787277965715000000,0
jps.library.entities.serializer.load.entities.ms,1787277905715000000,1787277965715000000,0
jps.save.global.entities.ms,1787277905715000000,1787277965715000000,0
jps.global.get.libraries.ms,1787277905715000000,1787277965715000000,0
jps.modifiable.module.model.bridge.load.module.ms,1787277905715000000,1787277965715000000,0
workspaceModel.mutableEntityStorage.instances.count,1787277905715000000,1787277965715000000,0
workspaceModel.moduleManagerBridge.create.module.instance.ms,1787277905715000000,1787277965715000000,0
workspaceModel.moduleBridgeLoader.loading.modules.ms,1787277905715000000,1787277965715000000,0
workspaceModel.moduleManagerBridge.load.all.modules.ms,1787277905715000000,1787277965715000000,0
workspaceModel.mutableEntityStorage.mutable.vfurl.index.ms,1787277905715000000,1787277965715000000,0
jps.artifact.entities.serializer.load.entities.ms,1787277905715000000,1787277965715000000,0
workspaceModel.mutableEntityStorage.entities.by.source.ms,1787277905715000000,1787277965715000000,0
workspaceModel.mutableEntityStorage.put.entity.ms,1787277905715000000,1787277965715000000,0
jps.apply.loaded.storage.ms,1787277905715000000,1787277965715000000,0
jps.module.iml.entities.serializer.save.entities.ms,1787277905715000000,1787277965715000000,0
jps.facet.change.listener.before.change.events.ms,1787277905715000000,1787277965715000000,0
workspaceModel.moduleBridge.update.option.ms,1787277905715000000,1787277965715000000,0
jps.storage.jps.conf.reader.load.component.ms,1787277905715000000,1787277965715000000,0
workspaceModel.delayed.project.synchronizer.sync.ms,1787277905715000000,1787277965715000000,0
workspaceModel.global.updates.count,1787277905715000000,1787277965715000000,0
compiler.ArtifactManagerBridge.commit.ms,1787277905715000000,1787277965715000000,0
compiler.ArtifactManagerBridge.getArtifactsByType.ms,1787277905715000000,1787277965715000000,0
compiler.ArtifactVirtualFileListener.filePathChanged.ms,1787277905715000000,1787277965715000000,0
compiler.ArtifactManagerBridge.getArtifacts.ms,1787277905715000000,1787277965715000000,0
compiler.ArtifactManagerBridge.dropMappings.ms,1787277905715000000,1787277965715000000,0
compiler.ArtifactManagerBridge.initBridges.ms,1787277905715000000,1787277965715000000,0
compiler.ArtifactManagerBridge.findArtifact.ms,1787277905715000000,1787277965715000000,0
compiler.ArtifactVirtualFileListener.propertyChanged.ms,1787277905715000000,1787277965715000000,0
compiler.ArtifactManagerBridge.addArtifact.ms,1787277905715000000,1787277965715000000,0
writeAction.wait.ms,1787277905715000000,1787277965715000000,0
writeAction.median.wait.ms,1787277905715000000,1787277965715000000,0
writeAction.max.wait.ms,1787277905715000000,1787277965715000000,58
writeAction.count,1787277905715000000,1787277965715000000,0
workspaceModel.cachedValueWithParameters.total.get.ms,1787277905715000000,1787277965715000000,0
workspaceModel.workspaceFileIndexData.visitFileSets.ms,1787277905715000000,1787277965715000000,0
workspaceModel.cachedValueWithParameters.from.cache.ms,1787277905715000000,1787277965715000000,0
workspaceModel.entityStorageSnapshotImpl.instances.count,1787277905715000000,1787277965715000000,0
workspaceModel.loading.from.cache.ms,1787277905715000000,1787277965715000000,0
workspaceModel.update.unloaded.entities.ms,1787277905715000000,1787277965715000000,0
workspaceModel.cachedValue.from.cache.ms,1787277905715000000,1787277965715000000,0
workspaceModel.cachedValue.calculated.ms,1787277905715000000,1787277965715000000,0
workspaceModel.workspaceFileIndexContributor.registerFileSets.ms,1787277905715000000,1787277965715000000,0
workspaceModel.workspaceFileIndexData.updateDirtyEntities.ms,1787277905715000000,1787277965715000000,0
workspaceModel.workspaceFileIndexData.getPackageName.ms,1787277905715000000,1787277965715000000,0
workspaceModel.cachedValueWithParameters.calculated.ms,1787277905715000000,1787277965715000000,0
workspaceModel.workspaceFileIndexData.processFileSets.ms,1787277905715000000,1787277965715000000,0
workspaceModel.updates.precise.ms,1787277905715000000,1787277965715000000,0
workspaceModel.to.snapshot.ms,1787277905715000000,1787277965715000000,0
workspaceModel.cachedValue.clear.ms,1787277905715000000,1787277965715000000,0
workspaceModel.check.recursive.update.ms,1787277905715000000,1787277965715000000,0
workspaceModel.workspaceFileIndexData.init.ms,1787277905715000000,1787277965715000000,0
workspaceModel.collect.changes.ms,1787277905715000000,1787277965715000000,0
workspaceModel.full.replace.project.model.ms,1787277905715000000,1787277965715000000,0
workspaceModel.workspaceFileIndexData.instances.count,1787277905715000000,1787277965715000000,0
workspaceModel.workspaceFileIndexData.getFileInfo.ms,1787277905715000000,1787277965715000000,0
workspaceModel.updates.count,1787277905715000000,1787277965715000000,0
workspaceModel.cachedValue.total.get.ms,1787277905715000000,1787277965715000000,0
workspaceModel.pre.handlers.ms,1787277905715000000,1787277965715000000,0
workspaceModel.workspaceFileIndexData.onEntitiesChanged.ms,1787277905715000000,1787277965715000000,0
workspaceModel.updates.ms,1787277905715000000,1787277965715000000,0
workspaceModel.workspaceFileIndexData.markDirty.ms,1787277905715000000,1787277965715000000,0
workspaceModel.initializing.ms,1787277905715000000,1787277965715000000,0
workspaceModel.workspaceFileIndexData.getDirectoriesByPackageName.ms,1787277905715000000,1787277965715000000,0
workspaceModel.loading.total.ms,1787277905715000000,1787277965715000000,0
workspaceModel.cachedValueWithParameters.clear.ms,1787277905715000000,1787277965715000000,0
workspaceModel.replace.project.model.ms,1787277905715000000,1787277965715000000,0
workspaceModel.init.bridges.ms,1787277905715000000,1787277965715000000,0
JVM.usedHeapBytes,1787277905715000000,1787277965715000000,871322624
JVM.maxHeapBytes,1787277905715000000,1787277965715000000,2147483648
JVM.totalBytesAllocated,1787277905715000000,1787277965715000000,15843696
JVM.usedNativeBytes,1787277905715000000,1787277965715000000,415812744
JVM.maxThreadCount,1787277905715000000,1787277965715000000,120
JVM.threadCount,1787277905715000000,1787277965715000000,41
JVM.newThreadsCount,1787277905715000000,1787277965715000000,0
JVM.GC.collections,1787277905715000000,1787277965715000000,0
OS.loadAverage,1787277905715000000,1787277965715000000,1.71728515625
JVM.GC.collectionTimesMs,1787277905715000000,1787277965715000000,0
JVM.totalDirectByteBuffersBytes,1787277905715000000,1787277965715000000,346334832
JVM.totalCpuTimeMs,1787277905715000000,1787277965715000000,1640
Indexes.entries.lookupDurationAvgMs,1787277905715000000,1787277965715000000,0.0
Indexes.allKeys.lookupDurationAvgMs,1787277905715000000,1787277965715000000,0.0
Indexes.entries.lookups,1787277905715000000,1787277965715000000,0.0
Indexes.allKeys.lookups,1787277905715000000,1787277965715000000,0.0
Indexes.entries.lookupDurationMaxMs,1787277905715000000,1787277965715000000,0.0
Indexes.allKeys.lookupDuration90PMs,1787277905715000000,1787277965715000000,0.0
Indexes.stubs.lookupDurationAvgMs,1787277905715000000,1787277965715000000,0.0
Indexes.allKeys.lookupDurationMaxMs,1787277905715000000,1787277965715000000,0.0
Indexes.stubs.lookupDuration90PMs,1787277905715000000,1787277965715000000,0.0
IndexesFlusher.totalFlushes,1787277905715000000,1787277965715000000,179
IndexesFlusher.totalFlushingTimeUs,1787277905715000000,1787277965715000000,281818
Indexes.entries.lookupDuration90PMs,1787277905715000000,1787277965715000000,0.0
IndexesFlusher.totalFlushesRetried,1787277905715000000,1787277965715000000,0
Indexes.stubs.lookupDurationMaxMs,1787277905715000000,1787277965715000000,0.0
IndexesFlusher.totalContentionQuotaSpent,1787277905715000000,1787277965715000000,0
Indexes.stubs.lookups,1787277905715000000,1787277965715000000,0.0
VFS.fileChildByName,1787277905715000000,1787277965715000000,0
FileNameCache.queries,1787277905715000000,1787277965715000000,0
VFS.invertedFileNameIndex.requests,1787277905715000000,1787277965715000000,0
VFS.fileByIdCache.hits,1787277905715000000,1787277965715000000,0
VFS.fileByIdCache.misses,1787277905715000000,1787277965715000000,0
FileNameCache.totalMisses,1787277905715000000,1787277965715000000,0
FilePageCacheLockFree.totalPageAllocationsWaited,1787277965715000000,1787278025715000000,0
FilePageCacheLockFree.totalHeapBytesAllocated,1787277965715000000,1787278025715000000,0
DirectByteBufferAllocator.hits,1787277965715000000,1787278025715000000,0
StorageLockContext.competingThreads.max,1787277965715000000,1787278025715000000,0
FilePageCache.maxCacheSizeInBytes,1787277965715000000,1787278025715000000,346046464
FilePageCache.pageLoadsAboveSizeThreshold,1787277965715000000,1787278025715000000,0
FilePageCacheLockFree.totalBytesRequested,1787277965715000000,1787278025715000000,0
MappedFileStorage.storages,1787277965715000000,1787278025715000000,15
DirectByteBufferAllocator.reclaimed,1787277965715000000,1787278025715000000,0
FilePageCache.totalPageLoadsUs,1787277965715000000,1787278025715000000,0
FilePageCacheLockFree.totalPagesWritten,1787277965715000000,1787278025715000000,0
FilePageCacheLockFree.totalHeapBytesReclaimed,1787277965715000000,1787278025715000000,0
FileChannelInterruptsRetryer.totalRetriedAttempts,1787277965715000000,1787278025715000000,0
FilePageCacheLockFree.totalPagesReclaimed,1787277965715000000,1787278025715000000,0
FilePageCacheLockFree.housekeeperTurnsSkipped,1787277965715000000,1787278025715000000,0
FilePageCacheLockFree.totalNativeBytesAllocated,1787277965715000000,1787278025715000000,0
MappedFileStorage.totalTimeSpentOnMappingUs,1787277965715000000,1787278025715000000,7859062
FilePageCacheLockFree.totalBytesRead,1787277965715000000,1787278025715000000,0
DirectByteBufferAllocator.totalSizeOfBuffersAllocatedInBytes,1787277965715000000,1787278025715000000,346046464
StreamlinedBlobStorage.totalLiveRecordsCapacityBytes,1787277965715000000,1787278025715000000,0
FilePageCacheLockFree.heapBytesInUse,1787277965715000000,1787278025715000000,0
StreamlinedBlobStorage.recordsAllocated,1787277965715000000,1787278025715000000,0
FilePageCacheLockFree.totalPagesRequestsMs,1787277965715000000,1787278025715000000,0
StreamlinedBlobStorage.recordsDeleted,1787277965715000000,1787278025715000000,0
FilePageCacheLockFree.housekeeperTimeSpentMs,1787277965715000000,1787278025715000000,0
DirectByteBufferAllocator.disposed,1787277965715000000,1787278025715000000,0
FilePageCacheLockFree.totalPagesRequested,1787277965715000000,1787278025715000000,0
FilePageCache.capacityInBytes,1787277965715000000,1787278025715000000,503316478
FilePageCache.disposedBuffers,1787277965715000000,1787278025715000000,0
FilePageCacheLockFree.totalPagesWriteMs,1787277965715000000,1787278025715000000,0
DirectByteBufferAllocator.misses,1787277965715000000,1787278025715000000,0
FilePageCacheLockFree.totalPagesAllocated,1787277965715000000,1787278025715000000,0
FilePageCache.pageFastCacheHits,1787277965715000000,1787278025715000000,0
FilePageCache.totalPageDisposalsUs,1787277965715000000,1787278025715000000,0
FilePageCache.maxRegisteredFiles,1787277965715000000,1787278025715000000,558
StreamlinedBlobStorage.recordsRelocated,1787277965715000000,1787278025715000000,0
StreamlinedBlobStorage.totalLiveRecordsPayloadBytes,1787277965715000000,1787278025715000000,0
FilePageCacheLockFree.housekeeperTurnsDone,1787277965715000000,1787278025715000000,0
FilePageCache.pageLoads,1787277965715000000,1787278025715000000,0
MappedFileStorage.totalBytesMapped,1787277965715000000,1787278025715000000,198443008
FilePageCacheLockFree.totalNativeBytesReclaimed,1787277965715000000,1787278025715000000,0
MappedFileStorage.totalPagesMapped,1787277965715000000,1787278025715000000,15
StorageLockContext.competingThreads.avg,1787277965715000000,1787278025715000000,0.0
DirectByteBufferAllocator.totalSizeOfBuffersCachedInBytes,1787277965715000000,1787278025715000000,0
FilePageCache.uncachedFileAccess,1787277965715000000,1787278025715000000,0
FilePageCache.pageHits,1787277965715000000,1787278025715000000,0
StorageLockContext.competingThreads.90P,1787277965715000000,1787278025715000000,0
FilePageCacheLockFree.totalBytesWritten,1787277965715000000,1787278025715000000,0
FilePageCacheLockFree.totalPagesHandedOver,1787277965715000000,1787278025715000000,0
FilePageCacheLockFree.nativeBytesInUse,1787277965715000000,1787278025715000000,0
FilePageCacheLockFree.totalPagesReadMs,1787277965715000000,1787278025715000000,0
FilePageCacheLockFree.totalClosedStoragesReclaimed,1787277965715000000,1787278025715000000,0
FlushQueue.executionTimeMaxNs,1787277965715000000,1787278025715000000,175103
ReadAction.executionsCount,1787277965715000000,1787278025715000000,46481
AWTEventQueue.dispatchTimeTotalNS,1787277965715000000,1787278025715000000,183021988
FlushQueue.queueSizeAvg,1787277965715000000,1787278025715000000,0.037815126050420166
FlushQueue.tasksExecuted,1787277965715000000,1787278025715000000,238
AWTEventQueue.dispatchTimeMaxNs,1787277965715000000,1787278025715000000,6324223
AWTEventQueue.dispatchTime90PNs,1787277965715000000,1787278025715000000,901119
FlushQueue.waitingTimeMaxNs,1787277965715000000,1787278025715000000,7208959
WriteAction.executionsCount,1787277965715000000,1787278025715000000,0
NonBlockingReadAction.failedExecutionsCount,1787277965715000000,1787278025715000000,0
FlushQueue.executionTimeAvgNs,1787277965715000000,1787278025715000000,71158.3193277311
NonBlockingReadAction.failedExecutionTimeUs,1787277965715000000,1787278025715000000,0
FlushQueue.waitingTimeAvgNs,1787277965715000000,1787278025715000000,256836.03361344538
NonBlockingReadAction.finalizedExecutionTimeUs,1787277965715000000,1787278025715000000,5311
AWTEventQueue.eventsDispatched,1787277965715000000,1787278025715000000,478
NonBlockingReadAction.finalizedExecutionsCount,1787277965715000000,1787278025715000000,3
FlushQueue.queueSizeMax,1787277965715000000,1787278025715000000,1
FlushQueue.executionTime90PNs,1787277965715000000,1787278025715000000,108031
AWTEventQueue.dispatchTimeAvgNs,1787277965715000000,1787278025715000000,382848.0
FlushQueue.waitingTime90PNs,1787277965715000000,1787278025715000000,244735
FlushQueue.queueSize90P,1787277965715000000,1787278025715000000,0
cacheStateStorage.get.counter,1787277965715000000,1787278025715000000,0
cacheStateStorage.set.duration,1787277965715000000,1787278025715000000,0
cacheStateStorage.set.counter,1787277965715000000,1787278025715000000,0
cacheStateStorage.get.duration,1787277965715000000,1787278025715000000,0
workspaceModel.mutableEntityStorage.modify.entity.ms,1787277965715000000,1787278025715000000,0
jps.modifiable.module.model.bridge.new.module.ms,1787277965715000000,1787278025715000000,0
jps.project.serializers.save.ms,1787277965715000000,1787278025715000000,0
jps.artifact.entities.serializer.save.entities.ms,1787277965715000000,1787278025715000000,0
jps.global.initialize.library.bridges.ms,1787277965715000000,1787278025715000000,0
workspaceModel.mutableEntityStorage.mutable.ext.mapping.ms,1787277965715000000,1787278025715000000,0
jps.load.initial.state.ms,1787277965715000000,1787278025715000000,0
workspaceModel.global.updates.ms,1787277965715000000,1787278025715000000,0
jps.reload.project.entities.ms,1787277965715000000,1787278025715000000,0
jps.module.iml.entities.serializer.load.entities.ms,1787277965715000000,1787278025715000000,0
workspaceModel.mutableEntityStorage.entities.ms,1787277965715000000,1787278025715000000,0
jps.global.handle.changed.events.ms,1787277965715000000,1787278025715000000,0
jps.app.storage.content.reader.load.component.ms,1787277965715000000,1787278025715000000,0
workspaceModel.load.cache.from.file.ms,1787277965715000000,1787278025715000000,0
jps.global.initialize.library.bridges.after.loading.ms,1787277965715000000,1787278025715000000,0
workspaceModel.mutableEntityStorage.apply.changes.from.ms,1787277965715000000,1787278025715000000,0
workspaceModel.load.cache.metadata.from.file.ms,1787277965715000000,1787278025715000000,0
workspaceModel.mutableEntityStorage.remove.entity.ms,1787277965715000000,1787278025715000000,0
workspaceModel.mutableEntityStorage.referrers.ms,1787277965715000000,1787278025715000000,0
jps.global.get.library.ms,1787277965715000000,1787278025715000000,0
workspaceModel.mutableEntityStorage.add.entity.ms,1787277965715000000,1787278025715000000,0
workspaceModel.global.apply.state.to.project.builder.ms,1787277965715000000,1787278025715000000,0
workspaceModel.mutableEntityStorage.to.snapshot.ms,1787277965715000000,1787278025715000000,0
jps.facet.change.listener.process.change.events.ms,1787277965715000000,1787278025715000000,0
workspaceModel.orphan.listener.update.ms,1787277965715000000,1787278025715000000,0
jps.global.get.library.by.name.ms,1787277965715000000,1787278025715000000,0
workspaceModel.moduleManagerBridge.newModule.ms,1787277965715000000,1787278025715000000,0
jps.facet.change.listener.init.bridge.ms,1787277965715000000,1787278025715000000,0
workspaceModel.moduleManagerBridge.build.module.graph.ms,1787277965715000000,1787278025715000000,1
workspaceModel.do.save.caches.ms,1787277965715000000,1787278025715000000,0
jps.save.changed.project.entities.ms,1787277965715000000,1787278025715000000,0
jps.app.storage.content.writer.save.component.ms,1787277965715000000,1787278025715000000,0
workspaceModel.mutableEntityStorage.replace.by.source.ms,1787277965715000000,1787278025715000000,0
workspaceModel.moduleManagerBridge.new.nonPersistent.module.ms,1787277965715000000,1787278025715000000,0
workspaceModel.moduleManagerBridge.get.modules.ms,1787277965715000000,1787278025715000000,0
workspaceModel.global.apply.state.to.project.ms,1787277965715000000,1787278025715000000,0
jps.modifiable.module.model.bridge.renaming.ms,1787277965715000000,1787278025715000000,0
workspaceModel.save.cache.to.file.ms,1787277965715000000,1787278025715000000,0
workspaceModel.moduleManagerBridge.load.module.ms,1787277965715000000,1787278025715000000,0
workspaceModel.mutableEntityStorage.collect.changes.ms,1787277965715000000,1787278025715000000,0
workspaceModel.sync.entities.ms,1787277965715000000,1787278025715000000,0
jps.project.serializers.load.ms,1787277965715000000,1787278025715000000,0
workspaceModel.mutableEntityStorage.has.same.entities.ms,1787277965715000000,1787278025715000000,0
workspaceModel.mutableEntityStorage.resolve.ms,1787277965715000000,1787278025715000000,0
workspaceModel.moduleBridge.facet.initialization.ms,1787277965715000000,1787278025715000000,0
jps.load.project.to.empty.storage.ms,1787277965715000000,1787278025715000000,0
jps.global.handle.before.change.events.ms,1787277965715000000,1787278025715000000,0
workspaceModel.moduleBridge.before.changed.ms,1787277965715000000,1787278025715000000,0
jps.modifiable.module.model.bridge.disposing.ms,1787277965715000000,1787278025715000000,0
workspaceModel.moduleManagerBridge.set.unloadedModules.ms,1787277965715000000,1787278025715000000,0
jps.library.entities.serializer.save.entities.ms,1787277965715000000,1787278025715000000,0
jps.library.entities.serializer.load.entities.ms,1787277965715000000,1787278025715000000,0
jps.save.global.entities.ms,1787277965715000000,1787278025715000000,0
jps.global.get.libraries.ms,1787277965715000000,1787278025715000000,0
jps.modifiable.module.model.bridge.load.module.ms,1787277965715000000,1787278025715000000,0
workspaceModel.mutableEntityStorage.instances.count,1787277965715000000,1787278025715000000,0
workspaceModel.moduleManagerBridge.create.module.instance.ms,1787277965715000000,1787278025715000000,0
workspaceModel.moduleBridgeLoader.loading.modules.ms,1787277965715000000,1787278025715000000,0
workspaceModel.moduleManagerBridge.load.all.modules.ms,1787277965715000000,1787278025715000000,0
workspaceModel.mutableEntityStorage.mutable.vfurl.index.ms,1787277965715000000,1787278025715000000,0
jps.artifact.entities.serializer.load.entities.ms,1787277965715000000,1787278025715000000,0
workspaceModel.mutableEntityStorage.entities.by.source.ms,1787277965715000000,1787278025715000000,0
workspaceModel.mutableEntityStorage.put.entity.ms,1787277965715000000,1787278025715000000,0
jps.apply.loaded.storage.ms,1787277965715000000,1787278025715000000,0
jps.module.iml.entities.serializer.save.entities.ms,1787277965715000000,1787278025715000000,0
jps.facet.change.listener.before.change.events.ms,1787277965715000000,1787278025715000000,0
workspaceModel.moduleBridge.update.option.ms,1787277965715000000,1787278025715000000,0
jps.storage.jps.conf.reader.load.component.ms,1787277965715000000,1787278025715000000,0
workspaceModel.delayed.project.synchronizer.sync.ms,1787277965715000000,1787278025715000000,0
workspaceModel.global.updates.count,1787277965715000000,1787278025715000000,0
compiler.ArtifactManagerBridge.commit.ms,1787277965715000000,1787278025715000000,0
compiler.ArtifactManagerBridge.getArtifactsByType.ms,1787277965715000000,1787278025715000000,0
compiler.ArtifactVirtualFileListener.filePathChanged.ms,1787277965715000000,1787278025715000000,0
compiler.ArtifactManagerBridge.getArtifacts.ms,1787277965715000000,1787278025715000000,0
compiler.ArtifactManagerBridge.dropMappings.ms,1787277965715000000,1787278025715000000,0
compiler.ArtifactManagerBridge.initBridges.ms,1787277965715000000,1787278025715000000,0
compiler.ArtifactManagerBridge.findArtifact.ms,1787277965715000000,1787278025715000000,0
compiler.ArtifactVirtualFileListener.propertyChanged.ms,1787277965715000000,1787278025715000000,0
compiler.ArtifactManagerBridge.addArtifact.ms,1787277965715000000,1787278025715000000,0
writeAction.wait.ms,1787277965715000000,1787278025715000000,0
writeAction.median.wait.ms,1787277965715000000,1787278025715000000,0
writeAction.max.wait.ms,1787277965715000000,1787278025715000000,58
writeAction.count,1787277965715000000,1787278025715000000,0
workspaceModel.cachedValueWithParameters.total.get.ms,1787277965715000000,1787278025715000000,0
workspaceModel.workspaceFileIndexData.visitFileSets.ms,1787277965715000000,1787278025715000000,1
workspaceModel.cachedValueWithParameters.from.cache.ms,1787277965715000000,1787278025715000000,0
workspaceModel.entityStorageSnapshotImpl.instances.count,1787277965715000000,1787278025715000000,0
workspaceModel.loading.from.cache.ms,1787277965715000000,1787278025715000000,0
workspaceModel.update.unloaded.entities.ms,1787277965715000000,1787278025715000000,0
workspaceModel.cachedValue.from.cache.ms,1787277965715000000,1787278025715000000,0
workspaceModel.cachedValue.calculated.ms,1787277965715000000,1787278025715000000,1
workspaceModel.workspaceFileIndexContributor.registerFileSets.ms,1787277965715000000,1787278025715000000,0
workspaceModel.workspaceFileIndexData.updateDirtyEntities.ms,1787277965715000000,1787278025715000000,0
workspaceModel.workspaceFileIndexData.getPackageName.ms,1787277965715000000,1787278025715000000,0
workspaceModel.cachedValueWithParameters.calculated.ms,1787277965715000000,1787278025715000000,0
workspaceModel.workspaceFileIndexData.processFileSets.ms,1787277965715000000,1787278025715000000,0
workspaceModel.updates.precise.ms,1787277965715000000,1787278025715000000,0
workspaceModel.to.snapshot.ms,1787277965715000000,1787278025715000000,0
workspaceModel.cachedValue.clear.ms,1787277965715000000,1787278025715000000,0
workspaceModel.check.recursive.update.ms,1787277965715000000,1787278025715000000,0
workspaceModel.workspaceFileIndexData.init.ms,1787277965715000000,1787278025715000000,0
workspaceModel.collect.changes.ms,1787277965715000000,1787278025715000000,0
workspaceModel.full.replace.project.model.ms,1787277965715000000,1787278025715000000,0
workspaceModel.workspaceFileIndexData.instances.count,1787277965715000000,1787278025715000000,0
workspaceModel.workspaceFileIndexData.getFileInfo.ms,1787277965715000000,1787278025715000000,589
workspaceModel.updates.count,1787277965715000000,1787278025715000000,0
workspaceModel.cachedValue.total.get.ms,1787277965715000000,1787278025715000000,1
workspaceModel.pre.handlers.ms,1787277965715000000,1787278025715000000,0
workspaceModel.workspaceFileIndexData.onEntitiesChanged.ms,1787277965715000000,1787278025715000000,0
workspaceModel.updates.ms,1787277965715000000,1787278025715000000,0
workspaceModel.workspaceFileIndexData.markDirty.ms,1787277965715000000,1787278025715000000,0
workspaceModel.initializing.ms,1787277965715000000,1787278025715000000,0
workspaceModel.workspaceFileIndexData.getDirectoriesByPackageName.ms,1787277965715000000,1787278025715000000,0
workspaceModel.loading.total.ms,1787277965715000000,1787278025715000000,0
workspaceModel.cachedValueWithParameters.clear.ms,1787277965715000000,1787278025715000000,0
workspaceModel.replace.project.model.ms,1787277965715000000,1787278025715000000,0
workspaceModel.init.bridges.ms,1787277965715000000,1787278025715000000,0
JVM.usedHeapBytes,1787277965715000000,1787278025715000000,450636800
JVM.maxHeapBytes,1787277965715000000,1787278025715000000,2147483648
JVM.totalBytesAllocated,1787277965715000000,1787278025715000000,43228320
JVM.usedNativeBytes,1787277965715000000,1787278025715000000,419282040
JVM.maxThreadCount,1787277965715000000,1787278025715000000,120
JVM.threadCount,1787277965715000000,1787278025715000000,46
JVM.newThreadsCount,1787277965715000000,1787278025715000000,6
JVM.GC.collections,1787277965715000000,1787278025715000000,1
OS.loadAverage,1787277965715000000,1787278025715000000,0.89306640625
JVM.GC.collectionTimesMs,1787277965715000000,1787278025715000000,441
JVM.totalDirectByteBuffersBytes,1787277965715000000,1787278025715000000,346334926
JVM.totalCpuTimeMs,1787277965715000000,1787278025715000000,8270
Indexes.entries.lookupDurationAvgMs,1787277965715000000,1787278025715000000,1.0
Indexes.allKeys.lookupDurationAvgMs,1787277965715000000,1787278025715000000,0.0
Indexes.entries.lookups,1787277965715000000,1787278025715000000,1.0
Indexes.allKeys.lookups,1787277965715000000,1787278025715000000,0.0
Indexes.entries.lookupDurationMaxMs,1787277965715000000,1787278025715000000,1.0
Indexes.allKeys.lookupDuration90PMs,1787277965715000000,1787278025715000000,0.0
Indexes.stubs.lookupDurationAvgMs,1787277965715000000,1787278025715000000,0.0
Indexes.allKeys.lookupDurationMaxMs,1787277965715000000,1787278025715000000,0.0
Indexes.stubs.lookupDuration90PMs,1787277965715000000,1787278025715000000,0.0
IndexesFlusher.totalFlushes,1787277965715000000,1787278025715000000,121
IndexesFlusher.totalFlushingTimeUs,1787277965715000000,1787278025715000000,241547
Indexes.entries.lookupDuration90PMs,1787277965715000000,1787278025715000000,1.0
IndexesFlusher.totalFlushesRetried,1787277965715000000,1787278025715000000,0
Indexes.stubs.lookupDurationMaxMs,1787277965715000000,1787278025715000000,0.0
IndexesFlusher.totalContentionQuotaSpent,1787277965715000000,1787278025715000000,0
Indexes.stubs.lookups,1787277965715000000,1787278025715000000,0.0
VFS.fileChildByName,1787277965715000000,1787278025715000000,43
FileNameCache.queries,1787277965715000000,1787278025715000000,1344
VFS.invertedFileNameIndex.requests,1787277965715000000,1787278025715000000,1
VFS.fileByIdCache.hits,1787277965715000000,1787278025715000000,2
VFS.fileByIdCache.misses,1787277965715000000,1787278025715000000,0
FileNameCache.totalMisses,1787277965715000000,1787278025715000000,448
FilePageCacheLockFree.totalPageAllocationsWaited,1787278025715000000,1787278085715000000,0
FilePageCacheLockFree.totalHeapBytesAllocated,1787278025715000000,1787278085715000000,0
DirectByteBufferAllocator.hits,1787278025715000000,1787278085715000000,0
StorageLockContext.competingThreads.max,1787278025715000000,1787278085715000000,0
FilePageCache.maxCacheSizeInBytes,1787278025715000000,1787278085715000000,346046464
FilePageCache.pageLoadsAboveSizeThreshold,1787278025715000000,1787278085715000000,0
FilePageCacheLockFree.totalBytesRequested,1787278025715000000,1787278085715000000,0
MappedFileStorage.storages,1787278025715000000,1787278085715000000,15
DirectByteBufferAllocator.reclaimed,1787278025715000000,1787278085715000000,0
FilePageCache.totalPageLoadsUs,1787278025715000000,1787278085715000000,0
FilePageCacheLockFree.totalPagesWritten,1787278025715000000,1787278085715000000,0
FilePageCacheLockFree.totalHeapBytesReclaimed,1787278025715000000,1787278085715000000,0
FileChannelInterruptsRetryer.totalRetriedAttempts,1787278025715000000,1787278085715000000,0
FilePageCacheLockFree.totalPagesReclaimed,1787278025715000000,1787278085715000000,0
FilePageCacheLockFree.housekeeperTurnsSkipped,1787278025715000000,1787278085715000000,0
FilePageCacheLockFree.totalNativeBytesAllocated,1787278025715000000,1787278085715000000,0
MappedFileStorage.totalTimeSpentOnMappingUs,1787278025715000000,1787278085715000000,7859062
FilePageCacheLockFree.totalBytesRead,1787278025715000000,1787278085715000000,0
DirectByteBufferAllocator.totalSizeOfBuffersAllocatedInBytes,1787278025715000000,1787278085715000000,346046464
StreamlinedBlobStorage.totalLiveRecordsCapacityBytes,1787278025715000000,1787278085715000000,0
FilePageCacheLockFree.heapBytesInUse,1787278025715000000,1787278085715000000,0
StreamlinedBlobStorage.recordsAllocated,1787278025715000000,1787278085715000000,0
FilePageCacheLockFree.totalPagesRequestsMs,1787278025715000000,1787278085715000000,0
StreamlinedBlobStorage.recordsDeleted,1787278025715000000,1787278085715000000,0
FilePageCacheLockFree.housekeeperTimeSpentMs,1787278025715000000,1787278085715000000,0
DirectByteBufferAllocator.disposed,1787278025715000000,1787278085715000000,0
FilePageCacheLockFree.totalPagesRequested,1787278025715000000,1787278085715000000,0
FilePageCache.capacityInBytes,1787278025715000000,1787278085715000000,503316478
FilePageCache.disposedBuffers,1787278025715000000,1787278085715000000,0
FilePageCacheLockFree.totalPagesWriteMs,1787278025715000000,1787278085715000000,0
DirectByteBufferAllocator.misses,1787278025715000000,1787278085715000000,0
FilePageCacheLockFree.totalPagesAllocated,1787278025715000000,1787278085715000000,0
FilePageCache.pageFastCacheHits,1787278025715000000,1787278085715000000,0
FilePageCache.totalPageDisposalsUs,1787278025715000000,1787278085715000000,0
FilePageCache.maxRegisteredFiles,1787278025715000000,1787278085715000000,558
StreamlinedBlobStorage.recordsRelocated,1787278025715000000,1787278085715000000,0
StreamlinedBlobStorage.totalLiveRecordsPayloadBytes,1787278025715000000,1787278085715000000,0
FilePageCacheLockFree.housekeeperTurnsDone,1787278025715000000,1787278085715000000,0
FilePageCache.pageLoads,1787278025715000000,1787278085715000000,0
MappedFileStorage.totalBytesMapped,1787278025715000000,1787278085715000000,198443008
FilePageCacheLockFree.totalNativeBytesReclaimed,1787278025715000000,1787278085715000000,0
MappedFileStorage.totalPagesMapped,1787278025715000000,1787278085715000000,15
StorageLockContext.competingThreads.avg,1787278025715000000,1787278085715000000,0.0
DirectByteBufferAllocator.totalSizeOfBuffersCachedInBytes,1787278025715000000,1787278085715000000,0
FilePageCache.uncachedFileAccess,1787278025715000000,1787278085715000000,0
FilePageCache.pageHits,1787278025715000000,1787278085715000000,0
StorageLockContext.competingThreads.90P,1787278025715000000,1787278085715000000,0
FilePageCacheLockFree.totalBytesWritten,1787278025715000000,1787278085715000000,0
FilePageCacheLockFree.totalPagesHandedOver,1787278025715000000,1787278085715000000,0
FilePageCacheLockFree.nativeBytesInUse,1787278025715000000,1787278085715000000,0
FilePageCacheLockFree.totalPagesReadMs,1787278025715000000,1787278085715000000,0
FilePageCacheLockFree.totalClosedStoragesReclaimed,1787278025715000000,1787278085715000000,0
FlushQueue.executionTimeMaxNs,1787278025715000000,1787278085715000000,815103
ReadAction.executionsCount,1787278025715000000,1787278085715000000,1560
AWTEventQueue.dispatchTimeTotalNS,1787278025715000000,1787278085715000000,158177558
FlushQueue.queueSizeAvg,1787278025715000000,1787278085715000000,0.0
FlushQueue.tasksExecuted,1787278025715000000,1787278085715000000,240
AWTEventQueue.dispatchTimeMaxNs,1787278025715000000,1787278085715000000,1368063
AWTEventQueue.dispatchTime90PNs,1787278025715000000,1787278085715000000,774143
FlushQueue.waitingTimeMaxNs,1787278025715000000,1787278085715000000,577535
WriteAction.executionsCount,1787278025715000000,1787278085715000000,0
NonBlockingReadAction.failedExecutionsCount,1787278025715000000,1787278085715000000,0
FlushQueue.executionTimeAvgNs,1787278025715000000,1787278085715000000,73603.46666666666
NonBlockingReadAction.failedExecutionTimeUs,1787278025715000000,1787278085715000000,0
FlushQueue.waitingTimeAvgNs,1787278025715000000,1787278085715000000,198956.8
NonBlockingReadAction.finalizedExecutionTimeUs,1787278025715000000,1787278085715000000,0
AWTEventQueue.eventsDispatched,1787278025715000000,1787278085715000000,480
NonBlockingReadAction.finalizedExecutionsCount,1787278025715000000,1787278085715000000,0
FlushQueue.queueSizeMax,1787278025715000000,1787278085715000000,0
FlushQueue.executionTime90PNs,1787278025715000000,1787278085715000000,109055
AWTEventQueue.dispatchTimeAvgNs,1787278025715000000,1787278085715000000,329538.13333333336
FlushQueue.waitingTime90PNs,1787278025715000000,1787278085715000000,227327
FlushQueue.queueSize90P,1787278025715000000,1787278085715000000,0
cacheStateStorage.get.counter,1787278025715000000,1787278085715000000,0
cacheStateStorage.set.duration,1787278025715000000,1787278085715000000,0
cacheStateStorage.set.counter,1787278025715000000,1787278085715000000,0
cacheStateStorage.get.duration,1787278025715000000,1787278085715000000,0
workspaceModel.mutableEntityStorage.modify.entity.ms,1787278025715000000,1787278085715000000,0
jps.modifiable.module.model.bridge.new.module.ms,1787278025715000000,1787278085715000000,0
jps.project.serializers.save.ms,1787278025715000000,1787278085715000000,0
jps.artifact.entities.serializer.save.entities.ms,1787278025715000000,1787278085715000000,0
jps.global.initialize.library.bridges.ms,1787278025715000000,1787278085715000000,0
workspaceModel.mutableEntityStorage.mutable.ext.mapping.ms,1787278025715000000,1787278085715000000,0
jps.load.initial.state.ms,1787278025715000000,1787278085715000000,0
workspaceModel.global.updates.ms,1787278025715000000,1787278085715000000,0
jps.reload.project.entities.ms,1787278025715000000,1787278085715000000,0
jps.module.iml.entities.serializer.load.entities.ms,1787278025715000000,1787278085715000000,0
workspaceModel.mutableEntityStorage.entities.ms,1787278025715000000,1787278085715000000,0
jps.global.handle.changed.events.ms,1787278025715000000,1787278085715000000,0
jps.app.storage.content.reader.load.component.ms,1787278025715000000,1787278085715000000,0
workspaceModel.load.cache.from.file.ms,1787278025715000000,1787278085715000000,0
jps.global.initialize.library.bridges.after.loading.ms,1787278025715000000,1787278085715000000,0
workspaceModel.mutableEntityStorage.apply.changes.from.ms,1787278025715000000,1787278085715000000,0
workspaceModel.load.cache.metadata.from.file.ms,1787278025715000000,1787278085715000000,0
workspaceModel.mutableEntityStorage.remove.entity.ms,1787278025715000000,1787278085715000000,0
workspaceModel.mutableEntityStorage.referrers.ms,1787278025715000000,1787278085715000000,0
jps.global.get.library.ms,1787278025715000000,1787278085715000000,0
workspaceModel.mutableEntityStorage.add.entity.ms,1787278025715000000,1787278085715000000,0
workspaceModel.global.apply.state.to.project.builder.ms,1787278025715000000,1787278085715000000,0
workspaceModel.mutableEntityStorage.to.snapshot.ms,1787278025715000000,1787278085715000000,0
jps.facet.change.listener.process.change.events.ms,1787278025715000000,1787278085715000000,0
workspaceModel.orphan.listener.update.ms,1787278025715000000,1787278085715000000,0
jps.global.get.library.by.name.ms,1787278025715000000,1787278085715000000,0
workspaceModel.moduleManagerBridge.newModule.ms,1787278025715000000,1787278085715000000,0
jps.facet.change.listener.init.bridge.ms,1787278025715000000,1787278085715000000,0
workspaceModel.moduleManagerBridge.build.module.graph.ms,1787278025715000000,1787278085715000000,0
workspaceModel.do.save.caches.ms,1787278025715000000,1787278085715000000,0
jps.save.changed.project.entities.ms,1787278025715000000,1787278085715000000,0
jps.app.storage.content.writer.save.component.ms,1787278025715000000,1787278085715000000,0
workspaceModel.mutableEntityStorage.replace.by.source.ms,1787278025715000000,1787278085715000000,0
workspaceModel.moduleManagerBridge.new.nonPersistent.module.ms,1787278025715000000,1787278085715000000,0
workspaceModel.moduleManagerBridge.get.modules.ms,1787278025715000000,1787278085715000000,0
workspaceModel.global.apply.state.to.project.ms,1787278025715000000,1787278085715000000,0
jps.modifiable.module.model.bridge.renaming.ms,1787278025715000000,1787278085715000000,0
workspaceModel.save.cache.to.file.ms,1787278025715000000,1787278085715000000,0
workspaceModel.moduleManagerBridge.load.module.ms,1787278025715000000,1787278085715000000,0
workspaceModel.mutableEntityStorage.collect.changes.ms,1787278025715000000,1787278085715000000,0
workspaceModel.sync.entities.ms,1787278025715000000,1787278085715000000,0
jps.project.serializers.load.ms,1787278025715000000,1787278085715000000,0
workspaceModel.mutableEntityStorage.has.same.entities.ms,1787278025715000000,1787278085715000000,0
workspaceModel.mutableEntityStorage.resolve.ms,1787278025715000000,1787278085715000000,0
workspaceModel.moduleBridge.facet.initialization.ms,1787278025715000000,1787278085715000000,0
jps.load.project.to.empty.storage.ms,1787278025715000000,1787278085715000000,0
jps.global.handle.before.change.events.ms,1787278025715000000,1787278085715000000,0
workspaceModel.moduleBridge.before.changed.ms,1787278025715000000,1787278085715000000,0
jps.modifiable.module.model.bridge.disposing.ms,1787278025715000000,1787278085715000000,0
workspaceModel.moduleManagerBridge.set.unloadedModules.ms,1787278025715000000,1787278085715000000,0
jps.library.entities.serializer.save.entities.ms,1787278025715000000,1787278085715000000,0
jps.library.entities.serializer.load.entities.ms,1787278025715000000,1787278085715000000,0
jps.save.global.entities.ms,1787278025715000000,1787278085715000000,0
jps.global.get.libraries.ms,1787278025715000000,1787278085715000000,0
jps.modifiable.module.model.bridge.load.module.ms,1787278025715000000,1787278085715000000,0
workspaceModel.mutableEntityStorage.instances.count,1787278025715000000,1787278085715000000,0
workspaceModel.moduleManagerBridge.create.module.instance.ms,1787278025715000000,1787278085715000000,0
workspaceModel.moduleBridgeLoader.loading.modules.ms,1787278025715000000,1787278085715000000,0
workspaceModel.moduleManagerBridge.load.all.modules.ms,1787278025715000000,1787278085715000000,0
workspaceModel.mutableEntityStorage.mutable.vfurl.index.ms,1787278025715000000,1787278085715000000,0
jps.artifact.entities.serializer.load.entities.ms,1787278025715000000,1787278085715000000,0
workspaceModel.mutableEntityStorage.entities.by.source.ms,1787278025715000000,1787278085715000000,0
workspaceModel.mutableEntityStorage.put.entity.ms,1787278025715000000,1787278085715000000,0
jps.apply.loaded.storage.ms,1787278025715000000,1787278085715000000,0
jps.module.iml.entities.serializer.save.entities.ms,1787278025715000000,1787278085715000000,0
jps.facet.change.listener.before.change.events.ms,1787278025715000000,1787278085715000000,0
workspaceModel.moduleBridge.update.option.ms,1787278025715000000,1787278085715000000,0
jps.storage.jps.conf.reader.load.component.ms,1787278025715000000,1787278085715000000,0
workspaceModel.delayed.project.synchronizer.sync.ms,1787278025715000000,1787278085715000000,0
workspaceModel.global.updates.count,1787278025715000000,1787278085715000000,0
compiler.ArtifactManagerBridge.commit.ms,1787278025715000000,1787278085715000000,0
compiler.ArtifactManagerBridge.getArtifactsByType.ms,1787278025715000000,1787278085715000000,0
compiler.ArtifactVirtualFileListener.filePathChanged.ms,1787278025715000000,1787278085715000000,0
compiler.ArtifactManagerBridge.getArtifacts.ms,1787278025715000000,1787278085715000000,0
compiler.ArtifactManagerBridge.dropMappings.ms,1787278025715000000,1787278085715000000,0
compiler.ArtifactManagerBridge.initBridges.ms,1787278025715000000,1787278085715000000,0
compiler.ArtifactManagerBridge.findArtifact.ms,1787278025715000000,1787278085715000000,0
compiler.ArtifactVirtualFileListener.propertyChanged.ms,1787278025715000000,1787278085715000000,0
compiler.ArtifactManagerBridge.addArtifact.ms,1787278025715000000,1787278085715000000,0
writeAction.wait.ms,1787278025715000000,1787278085715000000,0
writeAction.median.wait.ms,1787278025715000000,1787278085715000000,0
writeAction.max.wait.ms,1787278025715000000,1787278085715000000,58
writeAction.count,1787278025715000000,1787278085715000000,0
workspaceModel.cachedValueWithParameters.total.get.ms,1787278025715000000,1787278085715000000,0
workspaceModel.workspaceFileIndexData.visitFileSets.ms,1787278025715000000,1787278085715000000,0
workspaceModel.cachedValueWithParameters.from.cache.ms,1787278025715000000,1787278085715000000,0
workspaceModel.entityStorageSnapshotImpl.instances.count,1787278025715000000,1787278085715000000,0
workspaceModel.loading.from.cache.ms,1787278025715000000,1787278085715000000,0
workspaceModel.update.unloaded.entities.ms,1787278025715000000,1787278085715000000,0
workspaceModel.cachedValue.from.cache.ms,1787278025715000000,1787278085715000000,0
workspaceModel.cachedValue.calculated.ms,1787278025715000000,1787278085715000000,0
workspaceModel.workspaceFileIndexContributor.registerFileSets.ms,1787278025715000000,1787278085715000000,0
workspaceModel.workspaceFileIndexData.updateDirtyEntities.ms,1787278025715000000,1787278085715000000,0
workspaceModel.workspaceFileIndexData.getPackageName.ms,1787278025715000000,1787278085715000000,0
workspaceModel.cachedValueWithParameters.calculated.ms,1787278025715000000,1787278085715000000,0
workspaceModel.workspaceFileIndexData.processFileSets.ms,1787278025715000000,1787278085715000000,0
workspaceModel.updates.precise.ms,1787278025715000000,1787278085715000000,0
workspaceModel.to.snapshot.ms,1787278025715000000,1787278085715000000,0
workspaceModel.cachedValue.clear.ms,1787278025715000000,1787278085715000000,0
workspaceModel.check.recursive.update.ms,1787278025715000000,1787278085715000000,0
workspaceModel.workspaceFileIndexData.init.ms,1787278025715000000,1787278085715000000,0
workspaceModel.collect.changes.ms,1787278025715000000,1787278085715000000,0
workspaceModel.full.replace.project.model.ms,1787278025715000000,1787278085715000000,0
workspaceModel.workspaceFileIndexData.instances.count,1787278025715000000,1787278085715000000,0
workspaceModel.workspaceFileIndexData.getFileInfo.ms,1787278025715000000,1787278085715000000,0
workspaceModel.updates.count,1787278025715000000,1787278085715000000,0
workspaceModel.cachedValue.total.get.ms,1787278025715000000,1787278085715000000,0
workspaceModel.pre.handlers.ms,1787278025715000000,1787278085715000000,0
workspaceModel.workspaceFileIndexData.onEntitiesChanged.ms,1787278025715000000,1787278085715000000,0
workspaceModel.updates.ms,1787278025715000000,1787278085715000000,0
workspaceModel.workspaceFileIndexData.markDirty.ms,1787278025715000000,1787278085715000000,0
workspaceModel.initializing.ms,1787278025715000000,1787278085715000000,0
workspaceModel.workspaceFileIndexData.getDirectoriesByPackageName.ms,1787278025715000000,1787278085715000000,0
workspaceModel.loading.total.ms,1787278025715000000,1787278085715000000,0
workspaceModel.cachedValueWithParameters.clear.ms,1787278025715000000,1787278085715000000,0
workspaceModel.replace.project.model.ms,1787278025715000000,1787278085715000000,0
workspaceModel.init.bridges.ms,1787278025715000000,1787278085715000000,0
JVM.usedHeapBytes,1787278025715000000,1787278085715000000,467414016
JVM.maxHeapBytes,1787278025715000000,1787278085715000000,2147483648
JVM.totalBytesAllocated,1787278025715000000,1787278085715000000,16178968
JVM.usedNativeBytes,1787278025715000000,1787278085715000000,419651064
JVM.maxThreadCount,1787278025715000000,1787278085715000000,120
JVM.threadCount,1787278025715000000,1787278085715000000,39
JVM.newThreadsCount,1787278025715000000,1787278085715000000,0
JVM.GC.collections,1787278025715000000,1787278085715000000,0
OS.loadAverage,1787278025715000000,1787278085715000000,1.14794921875
JVM.GC.collectionTimesMs,1787278025715000000,1787278085715000000,0
JVM.totalDirectByteBuffersBytes,1787278025715000000,1787278085715000000,346273102
JVM.totalCpuTimeMs,1787278025715000000,1787278085715000000,1610
Indexes.entries.lookupDurationAvgMs,1787278025715000000,1787278085715000000,0.0
Indexes.allKeys.lookupDurationAvgMs,1787278025715000000,1787278085715000000,0.0
Indexes.entries.lookups,1787278025715000000,1787278085715000000,0.0
Indexes.allKeys.lookups,1787278025715000000,1787278085715000000,0.0
Indexes.entries.lookupDurationMaxMs,1787278025715000000,1787278085715000000,0.0
Indexes.allKeys.lookupDuration90PMs,1787278025715000000,1787278085715000000,0.0
Indexes.stubs.lookupDurationAvgMs,1787278025715000000,1787278085715000000,0.0
Indexes.allKeys.lookupDurationMaxMs,1787278025715000000,1787278085715000000,0.0
Indexes.stubs.lookupDuration90PMs,1787278025715000000,1787278085715000000,0.0
IndexesFlusher.totalFlushes,1787278025715000000,1787278085715000000,119
IndexesFlusher.totalFlushingTimeUs,1787278025715000000,1787278085715000000,249948
Indexes.entries.lookupDuration90PMs,1787278025715000000,1787278085715000000,0.0
IndexesFlusher.totalFlushesRetried,1787278025715000000,1787278085715000000,0
Indexes.stubs.lookupDurationMaxMs,1787278025715000000,1787278085715000000,0.0
IndexesFlusher.totalContentionQuotaSpent,1787278025715000000,1787278085715000000,0
Indexes.stubs.lookups,1787278025715000000,1787278085715000000,0.0
VFS.fileChildByName,1787278025715000000,1787278085715000000,0
FileNameCache.queries,1787278025715000000,1787278085715000000,0
VFS.invertedFileNameIndex.requests,1787278025715000000,1787278085715000000,0
VFS.fileByIdCache.hits,1787278025715000000,1787278085715000000,0
VFS.fileByIdCache.misses,1787278025715000000,1787278085715000000,0
FileNameCache.totalMisses,1787278025715000000,1787278085715000000,0
FilePageCacheLockFree.totalPageAllocationsWaited,1787278085715000000,1787278145715000000,0
FilePageCacheLockFree.totalHeapBytesAllocated,1787278085715000000,1787278145715000000,0
DirectByteBufferAllocator.hits,1787278085715000000,1787278145715000000,0
StorageLockContext.competingThreads.max,1787278085715000000,1787278145715000000,0
FilePageCache.maxCacheSizeInBytes,1787278085715000000,1787278145715000000,346046464
FilePageCache.pageLoadsAboveSizeThreshold,1787278085715000000,1787278145715000000,0
FilePageCacheLockFree.totalBytesRequested,1787278085715000000,1787278145715000000,0
MappedFileStorage.storages,1787278085715000000,1787278145715000000,15
DirectByteBufferAllocator.reclaimed,1787278085715000000,1787278145715000000,0
FilePageCache.totalPageLoadsUs,1787278085715000000,1787278145715000000,0
FilePageCacheLockFree.totalPagesWritten,1787278085715000000,1787278145715000000,0
FilePageCacheLockFree.totalHeapBytesReclaimed,1787278085715000000,1787278145715000000,0
FileChannelInterruptsRetryer.totalRetriedAttempts,1787278085715000000,1787278145715000000,0
FilePageCacheLockFree.totalPagesReclaimed,1787278085715000000,1787278145715000000,0
FilePageCacheLockFree.housekeeperTurnsSkipped,1787278085715000000,1787278145715000000,0
FilePageCacheLockFree.totalNativeBytesAllocated,1787278085715000000,1787278145715000000,0
MappedFileStorage.totalTimeSpentOnMappingUs,1787278085715000000,1787278145715000000,7859062
FilePageCacheLockFree.totalBytesRead,1787278085715000000,1787278145715000000,0
DirectByteBufferAllocator.totalSizeOfBuffersAllocatedInBytes,1787278085715000000,1787278145715000000,346046464
StreamlinedBlobStorage.totalLiveRecordsCapacityBytes,1787278085715000000,1787278145715000000,0
FilePageCacheLockFree.heapBytesInUse,1787278085715000000,1787278145715000000,0
StreamlinedBlobStorage.recordsAllocated,1787278085715000000,1787278145715000000,0
FilePageCacheLockFree.totalPagesRequestsMs,1787278085715000000,1787278145715000000,0
StreamlinedBlobStorage.recordsDeleted,1787278085715000000,1787278145715000000,0
FilePageCacheLockFree.housekeeperTimeSpentMs,1787278085715000000,1787278145715000000,0
DirectByteBufferAllocator.disposed,1787278085715000000,1787278145715000000,0
FilePageCacheLockFree.totalPagesRequested,1787278085715000000,1787278145715000000,0
FilePageCache.capacityInBytes,1787278085715000000,1787278145715000000,503316478
FilePageCache.disposedBuffers,1787278085715000000,1787278145715000000,0
FilePageCacheLockFree.totalPagesWriteMs,1787278085715000000,1787278145715000000,0
DirectByteBufferAllocator.misses,1787278085715000000,1787278145715000000,0
FilePageCacheLockFree.totalPagesAllocated,1787278085715000000,1787278145715000000,0
FilePageCache.pageFastCacheHits,1787278085715000000,1787278145715000000,0
FilePageCache.totalPageDisposalsUs,1787278085715000000,1787278145715000000,0
FilePageCache.maxRegisteredFiles,1787278085715000000,1787278145715000000,558
StreamlinedBlobStorage.recordsRelocated,1787278085715000000,1787278145715000000,0
StreamlinedBlobStorage.totalLiveRecordsPayloadBytes,1787278085715000000,1787278145715000000,0
FilePageCacheLockFree.housekeeperTurnsDone,1787278085715000000,1787278145715000000,0
FilePageCache.pageLoads,1787278085715000000,1787278145715000000,0
MappedFileStorage.totalBytesMapped,1787278085715000000,1787278145715000000,198443008
FilePageCacheLockFree.totalNativeBytesReclaimed,1787278085715000000,1787278145715000000,0
MappedFileStorage.totalPagesMapped,1787278085715000000,1787278145715000000,15
StorageLockContext.competingThreads.avg,1787278085715000000,1787278145715000000,0.0
DirectByteBufferAllocator.totalSizeOfBuffersCachedInBytes,1787278085715000000,1787278145715000000,0
FilePageCache.uncachedFileAccess,1787278085715000000,1787278145715000000,0
FilePageCache.pageHits,1787278085715000000,1787278145715000000,0
StorageLockContext.competingThreads.90P,1787278085715000000,1787278145715000000,0
FilePageCacheLockFree.totalBytesWritten,1787278085715000000,1787278145715000000,0
FilePageCacheLockFree.totalPagesHandedOver,1787278085715000000,1787278145715000000,0
FilePageCacheLockFree.nativeBytesInUse,1787278085715000000,1787278145715000000,0
FilePageCacheLockFree.totalPagesReadMs,1787278085715000000,1787278145715000000,0
FilePageCacheLockFree.totalClosedStoragesReclaimed,1787278085715000000,1787278145715000000,0
FlushQueue.executionTimeMaxNs,1787278085715000000,1787278145715000000,143359
ReadAction.executionsCount,1787278085715000000,1787278145715000000,1560
AWTEventQueue.dispatchTimeTotalNS,1787278085715000000,1787278145715000000,158233912
FlushQueue.queueSizeAvg,1787278085715000000,1787278145715000000,0.0
FlushQueue.tasksExecuted,1787278085715000000,1787278145715000000,240
AWTEventQueue.dispatchTimeMaxNs,1787278085715000000,1787278145715000000,10223615
AWTEventQueue.dispatchTime90PNs,1787278085715000000,1787278145715000000,745471
FlushQueue.waitingTimeMaxNs,1787278085715000000,1787278145715000000,329727
WriteAction.executionsCount,1787278085715000000,1787278145715000000,0
NonBlockingReadAction.failedExecutionsCount,1787278085715000000,1787278145715000000,0
FlushQueue.executionTimeAvgNs,1787278085715000000,1787278145715000000,67551.2
NonBlockingReadAction.failedExecutionTimeUs,1787278085715000000,1787278145715000000,0
FlushQueue.waitingTimeAvgNs,1787278085715000000,1787278145715000000,187018.66666666666
NonBlockingReadAction.finalizedExecutionTimeUs,1787278085715000000,1787278145715000000,0
AWTEventQueue.eventsDispatched,1787278085715000000,1787278145715000000,480
NonBlockingReadAction.finalizedExecutionsCount,1787278085715000000,1787278145715000000,0
FlushQueue.queueSizeMax,1787278085715000000,1787278145715000000,0
FlushQueue.executionTime90PNs,1787278085715000000,1787278145715000000,100351
AWTEventQueue.dispatchTimeAvgNs,1787278085715000000,1787278145715000000,329600.5333333333
FlushQueue.waitingTime90PNs,1787278085715000000,1787278145715000000,221183
FlushQueue.queueSize90P,1787278085715000000,1787278145715000000,0
cacheStateStorage.get.counter,1787278085715000000,1787278145715000000,0
cacheStateStorage.set.duration,1787278085715000000,1787278145715000000,0
cacheStateStorage.set.counter,1787278085715000000,1787278145715000000,0
cacheStateStorage.get.duration,1787278085715000000,1787278145715000000,0
workspaceModel.mutableEntityStorage.modify.entity.ms,1787278085715000000,1787278145715000000,0
jps.modifiable.module.model.bridge.new.module.ms,1787278085715000000,1787278145715000000,0
jps.project.serializers.save.ms,1787278085715000000,1787278145715000000,0
jps.artifact.entities.serializer.save.entities.ms,1787278085715000000,1787278145715000000,0
jps.global.initialize.library.bridges.ms,1787278085715000000,1787278145715000000,0
workspaceModel.mutableEntityStorage.mutable.ext.mapping.ms,1787278085715000000,1787278145715000000,0
jps.load.initial.state.ms,1787278085715000000,1787278145715000000,0
workspaceModel.global.updates.ms,1787278085715000000,1787278145715000000,0
jps.reload.project.entities.ms,1787278085715000000,1787278145715000000,0
jps.module.iml.entities.serializer.load.entities.ms,1787278085715000000,1787278145715000000,0
workspaceModel.mutableEntityStorage.entities.ms,1787278085715000000,1787278145715000000,0
jps.global.handle.changed.events.ms,1787278085715000000,1787278145715000000,0
jps.app.storage.content.reader.load.component.ms,1787278085715000000,1787278145715000000,0
workspaceModel.load.cache.from.file.ms,1787278085715000000,1787278145715000000,0
jps.global.initialize.library.bridges.after.loading.ms,1787278085715000000,1787278145715000000,0
workspaceModel.mutableEntityStorage.apply.changes.from.ms,1787278085715000000,1787278145715000000,0
workspaceModel.load.cache.metadata.from.file.ms,1787278085715000000,1787278145715000000,0
workspaceModel.mutableEntityStorage.remove.entity.ms,1787278085715000000,1787278145715000000,0
workspaceModel.mutableEntityStorage.referrers.ms,1787278085715000000,1787278145715000000,0
jps.global.get.library.ms,1787278085715000000,1787278145715000000,0
workspaceModel.mutableEntityStorage.add.entity.ms,1787278085715000000,1787278145715000000,0
workspaceModel.global.apply.state.to.project.builder.ms,1787278085715000000,1787278145715000000,0
workspaceModel.mutableEntityStorage.to.snapshot.ms,1787278085715000000,1787278145715000000,0
jps.facet.change.listener.process.change.events.ms,1787278085715000000,1787278145715000000,0
workspaceModel.orphan.listener.update.ms,1787278085715000000,1787278145715000000,0
jps.global.get.library.by.name.ms,1787278085715000000,1787278145715000000,0
workspaceModel.moduleManagerBridge.newModule.ms,1787278085715000000,1787278145715000000,0
jps.facet.change.listener.init.bridge.ms,1787278085715000000,1787278145715000000,0
workspaceModel.moduleManagerBridge.build.module.graph.ms,1787278085715000000,1787278145715000000,0
workspaceModel.do.save.caches.ms,1787278085715000000,1787278145715000000,0
jps.save.changed.project.entities.ms,1787278085715000000,1787278145715000000,0
jps.app.storage.content.writer.save.component.ms,1787278085715000000,1787278145715000000,0
workspaceModel.mutableEntityStorage.replace.by.source.ms,1787278085715000000,1787278145715000000,0
workspaceModel.moduleManagerBridge.new.nonPersistent.module.ms,1787278085715000000,1787278145715000000,0
workspaceModel.moduleManagerBridge.get.modules.ms,1787278085715000000,1787278145715000000,0
workspaceModel.global.apply.state.to.project.ms,1787278085715000000,1787278145715000000,0
jps.modifiable.module.model.bridge.renaming.ms,1787278085715000000,1787278145715000000,0
workspaceModel.save.cache.to.file.ms,1787278085715000000,1787278145715000000,0
workspaceModel.moduleManagerBridge.load.module.ms,1787278085715000000,1787278145715000000,0
workspaceModel.mutableEntityStorage.collect.changes.ms,1787278085715000000,1787278145715000000,0
workspaceModel.sync.entities.ms,1787278085715000000,1787278145715000000,0
jps.project.serializers.load.ms,1787278085715000000,1787278145715000000,0
workspaceModel.mutableEntityStorage.has.same.entities.ms,1787278085715000000,1787278145715000000,0
workspaceModel.mutableEntityStorage.resolve.ms,1787278085715000000,1787278145715000000,0
workspaceModel.moduleBridge.facet.initialization.ms,1787278085715000000,1787278145715000000,0
jps.load.project.to.empty.storage.ms,1787278085715000000,1787278145715000000,0
jps.global.handle.before.change.events.ms,1787278085715000000,1787278145715000000,0
workspaceModel.moduleBridge.before.changed.ms,1787278085715000000,1787278145715000000,0
jps.modifiable.module.model.bridge.disposing.ms,1787278085715000000,1787278145715000000,0
workspaceModel.moduleManagerBridge.set.unloadedModules.ms,1787278085715000000,1787278145715000000,0
jps.library.entities.serializer.save.entities.ms,1787278085715000000,1787278145715000000,0
jps.library.entities.serializer.load.entities.ms,1787278085715000000,1787278145715000000,0
jps.save.global.entities.ms,1787278085715000000,1787278145715000000,0
jps.global.get.libraries.ms,1787278085715000000,1787278145715000000,0
jps.modifiable.module.model.bridge.load.module.ms,1787278085715000000,1787278145715000000,0
workspaceModel.mutableEntityStorage.instances.count,1787278085715000000,1787278145715000000,0
workspaceModel.moduleManagerBridge.create.module.instance.ms,1787278085715000000,1787278145715000000,0
workspaceModel.moduleBridgeLoader.loading.modules.ms,1787278085715000000,1787278145715000000,0
workspaceModel.moduleManagerBridge.load.all.modules.ms,1787278085715000000,1787278145715000000,0
workspaceModel.mutableEntityStorage.mutable.vfurl.index.ms,1787278085715000000,1787278145715000000,0
jps.artifact.entities.serializer.load.entities.ms,1787278085715000000,1787278145715000000,0
workspaceModel.mutableEntityStorage.entities.by.source.ms,1787278085715000000,1787278145715000000,0
workspaceModel.mutableEntityStorage.put.entity.ms,1787278085715000000,1787278145715000000,0
jps.apply.loaded.storage.ms,1787278085715000000,1787278145715000000,0
jps.module.iml.entities.serializer.save.entities.ms,1787278085715000000,1787278145715000000,0
jps.facet.change.listener.before.change.events.ms,1787278085715000000,1787278145715000000,0
workspaceModel.moduleBridge.update.option.ms,1787278085715000000,1787278145715000000,0
jps.storage.jps.conf.reader.load.component.ms,1787278085715000000,1787278145715000000,0
workspaceModel.delayed.project.synchronizer.sync.ms,1787278085715000000,1787278145715000000,0
workspaceModel.global.updates.count,1787278085715000000,1787278145715000000,0
compiler.ArtifactManagerBridge.commit.ms,1787278085715000000,1787278145715000000,0
compiler.ArtifactManagerBridge.getArtifactsByType.ms,1787278085715000000,1787278145715000000,0
compiler.ArtifactVirtualFileListener.filePathChanged.ms,1787278085715000000,1787278145715000000,0
compiler.ArtifactManagerBridge.getArtifacts.ms,1787278085715000000,1787278145715000000,0
compiler.ArtifactManagerBridge.dropMappings.ms,1787278085715000000,1787278145715000000,0
compiler.ArtifactManagerBridge.initBridges.ms,1787278085715000000,1787278145715000000,0
compiler.ArtifactManagerBridge.findArtifact.ms,1787278085715000000,1787278145715000000,0
compiler.ArtifactVirtualFileListener.propertyChanged.ms,1787278085715000000,1787278145715000000,0
compiler.ArtifactManagerBridge.addArtifact.ms,1787278085715000000,1787278145715000000,0
writeAction.wait.ms,1787278085715000000,1787278145715000000,0
writeAction.median.wait.ms,1787278085715000000,1787278145715000000,0
writeAction.max.wait.ms,1787278085715000000,1787278145715000000,58
writeAction.count,1787278085715000000,1787278145715000000,0
workspaceModel.cachedValueWithParameters.total.get.ms,1787278085715000000,1787278145715000000,0
workspaceModel.workspaceFileIndexData.visitFileSets.ms,1787278085715000000,1787278145715000000,0
workspaceModel.cachedValueWithParameters.from.cache.ms,1787278085715000000,1787278145715000000,0
workspaceModel.entityStorageSnapshotImpl.instances.count,1787278085715000000,1787278145715000000,0
workspaceModel.loading.from.cache.ms,1787278085715000000,1787278145715000000,0
workspaceModel.update.unloaded.entities.ms,1787278085715000000,1787278145715000000,0
workspaceModel.cachedValue.from.cache.ms,1787278085715000000,1787278145715000000,0
workspaceModel.cachedValue.calculated.ms,1787278085715000000,1787278145715000000,0
workspaceModel.workspaceFileIndexContributor.registerFileSets.ms,1787278085715000000,1787278145715000000,0
workspaceModel.workspaceFileIndexData.updateDirtyEntities.ms,1787278085715000000,1787278145715000000,0
workspaceModel.workspaceFileIndexData.getPackageName.ms,1787278085715000000,1787278145715000000,0
workspaceModel.cachedValueWithParameters.calculated.ms,1787278085715000000,1787278145715000000,0
workspaceModel.workspaceFileIndexData.processFileSets.ms,1787278085715000000,1787278145715000000,0
workspaceModel.updates.precise.ms,1787278085715000000,1787278145715000000,0
workspaceModel.to.snapshot.ms,1787278085715000000,1787278145715000000,0
workspaceModel.cachedValue.clear.ms,1787278085715000000,1787278145715000000,0
workspaceModel.check.recursive.update.ms,1787278085715000000,1787278145715000000,0
workspaceModel.workspaceFileIndexData.init.ms,1787278085715000000,1787278145715000000,0
workspaceModel.collect.changes.ms,1787278085715000000,1787278145715000000,0
workspaceModel.full.replace.project.model.ms,1787278085715000000,1787278145715000000,0
workspaceModel.workspaceFileIndexData.instances.count,1787278085715000000,1787278145715000000,0
workspaceModel.workspaceFileIndexData.getFileInfo.ms,1787278085715000000,1787278145715000000,0
workspaceModel.updates.count,1787278085715000000,1787278145715000000,0
workspaceModel.cachedValue.total.get.ms,1787278085715000000,1787278145715000000,0
workspaceModel.pre.handlers.ms,1787278085715000000,1787278145715000000,0
workspaceModel.workspaceFileIndexData.onEntitiesChanged.ms,1787278085715000000,1787278145715000000,0
workspaceModel.updates.ms,1787278085715000000,1787278145715000000,0
workspaceModel.workspaceFileIndexData.markDirty.ms,1787278085715000000,1787278145715000000,0
workspaceModel.initializing.ms,1787278085715000000,1787278145715000000,0
workspaceModel.workspaceFileIndexData.getDirectoriesByPackageName.ms,1787278085715000000,1787278145715000000,0
workspaceModel.loading.total.ms,1787278085715000000,1787278145715000000,0
workspaceModel.cachedValueWithParameters.clear.ms,1787278085715000000,1787278145715000000,0
workspaceModel.replace.project.model.ms,1787278085715000000,1787278145715000000,0
workspaceModel.init.bridges.ms,1787278085715000000,1787278145715000000,0
JVM.usedHeapBytes,1787278085715000000,1787278145715000000,483142656
JVM.maxHeapBytes,1787278085715000000,1787278145715000000,2147483648
JVM.totalBytesAllocated,1787278085715000000,1787278145715000000,15742048
JVM.usedNativeBytes,1787278085715000000,1787278145715000000,419777000
JVM.maxThreadCount,1787278085715000000,1787278145715000000,120
JVM.threadCount,1787278085715000000,1787278145715000000,38
JVM.newThreadsCount,1787278085715000000,1787278145715000000,0
JVM.GC.collections,1787278085715000000,1787278145715000000,0
OS.loadAverage,1787278085715000000,1787278145715000000,0.80615234375
JVM.GC.collectionTimesMs,1787278085715000000,1787278145715000000,0
JVM.totalDirectByteBuffersBytes,1787278085715000000,1787278145715000000,346254140
JVM.totalCpuTimeMs,1787278085715000000,1787278145715000000,1020
Indexes.entries.lookupDurationAvgMs,1787278085715000000,1787278145715000000,0.0
Indexes.allKeys.lookupDurationAvgMs,1787278085715000000,1787278145715000000,0.0
Indexes.entries.lookups,1787278085715000000,1787278145715000000,0.0
Indexes.allKeys.lookups,1787278085715000000,1787278145715000000,0.0
Indexes.entries.lookupDurationMaxMs,1787278085715000000,1787278145715000000,0.0
Indexes.allKeys.lookupDuration90PMs,1787278085715000000,1787278145715000000,0.0
Indexes.stubs.lookupDurationAvgMs,1787278085715000000,1787278145715000000,0.0
Indexes.allKeys.lookupDurationMaxMs,1787278085715000000,1787278145715000000,0.0
Indexes.stubs.lookupDuration90PMs,1787278085715000000,1787278145715000000,0.0
IndexesFlusher.totalFlushes,1787278085715000000,1787278145715000000,119
IndexesFlusher.totalFlushingTimeUs,1787278085715000000,1787278145715000000,243991
Indexes.entries.lookupDuration90PMs,1787278085715000000,1787278145715000000,0.0
IndexesFlusher.totalFlushesRetried,1787278085715000000,1787278145715000000,0
Indexes.stubs.lookupDurationMaxMs,1787278085715000000,1787278145715000000,0.0
IndexesFlusher.totalContentionQuotaSpent,1787278085715000000,1787278145715000000,0
Indexes.stubs.lookups,1787278085715000000,1787278145715000000,0.0
VFS.fileChildByName,1787278085715000000,1787278145715000000,0
FileNameCache.queries,1787278085715000000,1787278145715000000,0
VFS.invertedFileNameIndex.requests,1787278085715000000,1787278145715000000,0
VFS.fileByIdCache.hits,1787278085715000000,1787278145715000000,0
VFS.fileByIdCache.misses,1787278085715000000,1787278145715000000,0
FileNameCache.totalMisses,1787278085715000000,1787278145715000000,0
FilePageCacheLockFree.totalPageAllocationsWaited,1787278145715000000,1787278205715000000,0
FilePageCacheLockFree.totalHeapBytesAllocated,1787278145715000000,1787278205715000000,0
DirectByteBufferAllocator.hits,1787278145715000000,1787278205715000000,0
StorageLockContext.competingThreads.max,1787278145715000000,1787278205715000000,0
FilePageCache.maxCacheSizeInBytes,1787278145715000000,1787278205715000000,347095040
FilePageCache.pageLoadsAboveSizeThreshold,1787278145715000000,1787278205715000000,0
FilePageCacheLockFree.totalBytesRequested,1787278145715000000,1787278205715000000,0
MappedFileStorage.storages,1787278145715000000,1787278205715000000,15
DirectByteBufferAllocator.reclaimed,1787278145715000000,1787278205715000000,0
FilePageCache.totalPageLoadsUs,1787278145715000000,1787278205715000000,2053
FilePageCacheLockFree.totalPagesWritten,1787278145715000000,1787278205715000000,0
FilePageCacheLockFree.totalHeapBytesReclaimed,1787278145715000000,1787278205715000000,0
FileChannelInterruptsRetryer.totalRetriedAttempts,1787278145715000000,1787278205715000000,0
FilePageCacheLockFree.totalPagesReclaimed,1787278145715000000,1787278205715000000,0
FilePageCacheLockFree.housekeeperTurnsSkipped,1787278145715000000,1787278205715000000,0
FilePageCacheLockFree.totalNativeBytesAllocated,1787278145715000000,1787278205715000000,0
MappedFileStorage.totalTimeSpentOnMappingUs,1787278145715000000,1787278205715000000,7859062
FilePageCacheLockFree.totalBytesRead,1787278145715000000,1787278205715000000,0
DirectByteBufferAllocator.totalSizeOfBuffersAllocatedInBytes,1787278145715000000,1787278205715000000,347095040
StreamlinedBlobStorage.totalLiveRecordsCapacityBytes,1787278145715000000,1787278205715000000,0
FilePageCacheLockFree.heapBytesInUse,1787278145715000000,1787278205715000000,0
StreamlinedBlobStorage.recordsAllocated,1787278145715000000,1787278205715000000,0
FilePageCacheLockFree.totalPagesRequestsMs,1787278145715000000,1787278205715000000,0
StreamlinedBlobStorage.recordsDeleted,1787278145715000000,1787278205715000000,0
FilePageCacheLockFree.housekeeperTimeSpentMs,1787278145715000000,1787278205715000000,0
DirectByteBufferAllocator.disposed,1787278145715000000,1787278205715000000,0
FilePageCacheLockFree.totalPagesRequested,1787278145715000000,1787278205715000000,0
FilePageCache.capacityInBytes,1787278145715000000,1787278205715000000,503316478
FilePageCache.disposedBuffers,1787278145715000000,1787278205715000000,0
FilePageCacheLockFree.totalPagesWriteMs,1787278145715000000,1787278205715000000,0
DirectByteBufferAllocator.misses,1787278145715000000,1787278205715000000,1
FilePageCacheLockFree.totalPagesAllocated,1787278145715000000,1787278205715000000,0
FilePageCache.pageFastCacheHits,1787278145715000000,1787278205715000000,36
FilePageCache.totalPageDisposalsUs,1787278145715000000,1787278205715000000,0
FilePageCache.maxRegisteredFiles,1787278145715000000,1787278205715000000,558
StreamlinedBlobStorage.recordsRelocated,1787278145715000000,1787278205715000000,0
StreamlinedBlobStorage.totalLiveRecordsPayloadBytes,1787278145715000000,1787278205715000000,0
FilePageCacheLockFree.housekeeperTurnsDone,1787278145715000000,1787278205715000000,0
FilePageCache.pageLoads,1787278145715000000,1787278205715000000,1
MappedFileStorage.totalBytesMapped,1787278145715000000,1787278205715000000,198443008
FilePageCacheLockFree.totalNativeBytesReclaimed,1787278145715000000,1787278205715000000,0
MappedFileStorage.totalPagesMapped,1787278145715000000,1787278205715000000,15
StorageLockContext.competingThreads.avg,1787278145715000000,1787278205715000000,0.0
DirectByteBufferAllocator.totalSizeOfBuffersCachedInBytes,1787278145715000000,1787278205715000000,0
FilePageCache.uncachedFileAccess,1787278145715000000,1787278205715000000,0
FilePageCache.pageHits,1787278145715000000,1787278205715000000,0
StorageLockContext.competingThreads.90P,1787278145715000000,1787278205715000000,0
FilePageCacheLockFree.totalBytesWritten,1787278145715000000,1787278205715000000,0
FilePageCacheLockFree.totalPagesHandedOver,1787278145715000000,1787278205715000000,0
FilePageCacheLockFree.nativeBytesInUse,1787278145715000000,1787278205715000000,0
FilePageCacheLockFree.totalPagesReadMs,1787278145715000000,1787278205715000000,0
FilePageCacheLockFree.totalClosedStoragesReclaimed,1787278145715000000,1787278205715000000,0
FlushQueue.executionTimeMaxNs,1787278145715000000,1787278205715000000,206847
ReadAction.executionsCount,1787278145715000000,1787278205715000000,46447
AWTEventQueue.dispatchTimeTotalNS,1787278145715000000,1787278205715000000,153948756
FlushQueue.queueSizeAvg,1787278145715000000,1787278205715000000,0.0
FlushQueue.tasksExecuted,1787278145715000000,1787278205715000000,240
AWTEventQueue.dispatchTimeMaxNs,1787278145715000000,1787278205715000000,1019903
AWTEventQueue.dispatchTime90PNs,1787278145715000000,1787278205715000000,741375
FlushQueue.waitingTimeMaxNs,1787278145715000000,1787278205715000000,462847
WriteAction.executionsCount,1787278145715000000,1787278205715000000,0
NonBlockingReadAction.failedExecutionsCount,1787278145715000000,1787278205715000000,0
FlushQueue.executionTimeAvgNs,1787278145715000000,1787278205715000000,70620.0
NonBlockingReadAction.failedExecutionTimeUs,1787278145715000000,1787278205715000000,0
FlushQueue.waitingTimeAvgNs,1787278145715000000,1787278205715000000,201853.86666666667
NonBlockingReadAction.finalizedExecutionTimeUs,1787278145715000000,1787278205715000000,77298
AWTEventQueue.eventsDispatched,1787278145715000000,1787278205715000000,480
NonBlockingReadAction.finalizedExecutionsCount,1787278145715000000,1787278205715000000,3
FlushQueue.queueSizeMax,1787278145715000000,1787278205715000000,0
FlushQueue.executionTime90PNs,1787278145715000000,1787278205715000000,105471
AWTEventQueue.dispatchTimeAvgNs,1787278145715000000,1787278205715000000,320750.93333333335
FlushQueue.waitingTime90PNs,1787278145715000000,1787278205715000000,232447
FlushQueue.queueSize90P,1787278145715000000,1787278205715000000,0
cacheStateStorage.get.counter,1787278145715000000,1787278205715000000,1
cacheStateStorage.set.duration,1787278145715000000,1787278205715000000,1
cacheStateStorage.set.counter,1787278145715000000,1787278205715000000,1
cacheStateStorage.get.duration,1787278145715000000,1787278205715000000,0
workspaceModel.mutableEntityStorage.modify.entity.ms,1787278145715000000,1787278205715000000,0
jps.modifiable.module.model.bridge.new.module.ms,1787278145715000000,1787278205715000000,0
jps.project.serializers.save.ms,1787278145715000000,1787278205715000000,0
jps.artifact.entities.serializer.save.entities.ms,1787278145715000000,1787278205715000000,0
jps.global.initialize.library.bridges.ms,1787278145715000000,1787278205715000000,0
workspaceModel.mutableEntityStorage.mutable.ext.mapping.ms,1787278145715000000,1787278205715000000,0
jps.load.initial.state.ms,1787278145715000000,1787278205715000000,0
workspaceModel.global.updates.ms,1787278145715000000,1787278205715000000,0
jps.reload.project.entities.ms,1787278145715000000,1787278205715000000,0
jps.module.iml.entities.serializer.load.entities.ms,1787278145715000000,1787278205715000000,0
workspaceModel.mutableEntityStorage.entities.ms,1787278145715000000,1787278205715000000,0
jps.global.handle.changed.events.ms,1787278145715000000,1787278205715000000,0
jps.app.storage.content.reader.load.component.ms,1787278145715000000,1787278205715000000,0
workspaceModel.load.cache.from.file.ms,1787278145715000000,1787278205715000000,0
jps.global.initialize.library.bridges.after.loading.ms,1787278145715000000,1787278205715000000,0
workspaceModel.mutableEntityStorage.apply.changes.from.ms,1787278145715000000,1787278205715000000,0
workspaceModel.load.cache.metadata.from.file.ms,1787278145715000000,1787278205715000000,0
workspaceModel.mutableEntityStorage.remove.entity.ms,1787278145715000000,1787278205715000000,0
workspaceModel.mutableEntityStorage.referrers.ms,1787278145715000000,1787278205715000000,0
jps.global.get.library.ms,1787278145715000000,1787278205715000000,0
workspaceModel.mutableEntityStorage.add.entity.ms,1787278145715000000,1787278205715000000,0
workspaceModel.global.apply.state.to.project.builder.ms,1787278145715000000,1787278205715000000,0
workspaceModel.mutableEntityStorage.to.snapshot.ms,1787278145715000000,1787278205715000000,0
jps.facet.change.listener.process.change.events.ms,1787278145715000000,1787278205715000000,0
workspaceModel.orphan.listener.update.ms,1787278145715000000,1787278205715000000,0
jps.global.get.library.by.name.ms,1787278145715000000,1787278205715000000,0
workspaceModel.moduleManagerBridge.newModule.ms,1787278145715000000,1787278205715000000,0
jps.facet.change.listener.init.bridge.ms,1787278145715000000,1787278205715000000,0
workspaceModel.moduleManagerBridge.build.module.graph.ms,1787278145715000000,1787278205715000000,0
workspaceModel.do.save.caches.ms,1787278145715000000,1787278205715000000,0
jps.save.changed.project.entities.ms,1787278145715000000,1787278205715000000,0
jps.app.storage.content.writer.save.component.ms,1787278145715000000,1787278205715000000,0
workspaceModel.mutableEntityStorage.replace.by.source.ms,1787278145715000000,1787278205715000000,0
workspaceModel.moduleManagerBridge.new.nonPersistent.module.ms,1787278145715000000,1787278205715000000,0
workspaceModel.moduleManagerBridge.get.modules.ms,1787278145715000000,1787278205715000000,0
workspaceModel.global.apply.state.to.project.ms,1787278145715000000,1787278205715000000,0
jps.modifiable.module.model.bridge.renaming.ms,1787278145715000000,1787278205715000000,0
workspaceModel.save.cache.to.file.ms,1787278145715000000,1787278205715000000,0
workspaceModel.moduleManagerBridge.load.module.ms,1787278145715000000,1787278205715000000,0
workspaceModel.mutableEntityStorage.collect.changes.ms,1787278145715000000,1787278205715000000,0
workspaceModel.sync.entities.ms,1787278145715000000,1787278205715000000,0
jps.project.serializers.load.ms,1787278145715000000,1787278205715000000,0
workspaceModel.mutableEntityStorage.has.same.entities.ms,1787278145715000000,1787278205715000000,0
workspaceModel.mutableEntityStorage.resolve.ms,1787278145715000000,1787278205715000000,0
workspaceModel.moduleBridge.facet.initialization.ms,1787278145715000000,1787278205715000000,0
jps.load.project.to.empty.storage.ms,1787278145715000000,1787278205715000000,0
jps.global.handle.before.change.events.ms,1787278145715000000,1787278205715000000,0
workspaceModel.moduleBridge.before.changed.ms,1787278145715000000,1787278205715000000,0
jps.modifiable.module.model.bridge.disposing.ms,1787278145715000000,1787278205715000000,0
workspaceModel.moduleManagerBridge.set.unloadedModules.ms,1787278145715000000,1787278205715000000,0
jps.library.entities.serializer.save.entities.ms,1787278145715000000,1787278205715000000,0
jps.library.entities.serializer.load.entities.ms,1787278145715000000,1787278205715000000,0
jps.save.global.entities.ms,1787278145715000000,1787278205715000000,0
jps.global.get.libraries.ms,1787278145715000000,1787278205715000000,0
jps.modifiable.module.model.bridge.load.module.ms,1787278145715000000,1787278205715000000,0
workspaceModel.mutableEntityStorage.instances.count,1787278145715000000,1787278205715000000,0
workspaceModel.moduleManagerBridge.create.module.instance.ms,1787278145715000000,1787278205715000000,0
workspaceModel.moduleBridgeLoader.loading.modules.ms,1787278145715000000,1787278205715000000,0
workspaceModel.moduleManagerBridge.load.all.modules.ms,1787278145715000000,1787278205715000000,0
workspaceModel.mutableEntityStorage.mutable.vfurl.index.ms,1787278145715000000,1787278205715000000,0
jps.artifact.entities.serializer.load.entities.ms,1787278145715000000,1787278205715000000,0
workspaceModel.mutableEntityStorage.entities.by.source.ms,1787278145715000000,1787278205715000000,0
workspaceModel.mutableEntityStorage.put.entity.ms,1787278145715000000,1787278205715000000,0
jps.apply.loaded.storage.ms,1787278145715000000,1787278205715000000,0
jps.module.iml.entities.serializer.save.entities.ms,1787278145715000000,1787278205715000000,0
jps.facet.change.listener.before.change.events.ms,1787278145715000000,1787278205715000000,0
workspaceModel.moduleBridge.update.option.ms,1787278145715000000,1787278205715000000,0
jps.storage.jps.conf.reader.load.component.ms,1787278145715000000,1787278205715000000,0
workspaceModel.delayed.project.synchronizer.sync.ms,1787278145715000000,1787278205715000000,0
workspaceModel.global.updates.count,1787278145715000000,1787278205715000000,0
compiler.ArtifactManagerBridge.commit.ms,1787278145715000000,1787278205715000000,0
compiler.ArtifactManagerBridge.getArtifactsByType.ms,1787278145715000000,1787278205715000000,0
compiler.ArtifactVirtualFileListener.filePathChanged.ms,1787278145715000000,1787278205715000000,0
compiler.ArtifactManagerBridge.getArtifacts.ms,1787278145715000000,1787278205715000000,0
compiler.ArtifactManagerBridge.dropMappings.ms,1787278145715000000,1787278205715000000,0
compiler.ArtifactManagerBridge.initBridges.ms,1787278145715000000,1787278205715000000,0
compiler.ArtifactManagerBridge.findArtifact.ms,1787278145715000000,1787278205715000000,0
compiler.ArtifactVirtualFileListener.propertyChanged.ms,1787278145715000000,1787278205715000000,0
compiler.ArtifactManagerBridge.addArtifact.ms,1787278145715000000,1787278205715000000,0
writeAction.wait.ms,1787278145715000000,1787278205715000000,0
writeAction.median.wait.ms,1787278145715000000,1787278205715000000,0
writeAction.max.wait.ms,1787278145715000000,1787278205715000000,58
writeAction.count,1787278145715000000,1787278205715000000,0
workspaceModel.cachedValueWithParameters.total.get.ms,1787278145715000000,1787278205715000000,0
workspaceModel.workspaceFileIndexData.visitFileSets.ms,1787278145715000000,1787278205715000000,1
workspaceModel.cachedValueWithParameters.from.cache.ms,1787278145715000000,1787278205715000000,0
workspaceModel.entityStorageSnapshotImpl.instances.count,1787278145715000000,1787278205715000000,0
workspaceModel.loading.from.cache.ms,1787278145715000000,1787278205715000000,0
workspaceModel.update.unloaded.entities.ms,1787278145715000000,1787278205715000000,0
workspaceModel.cachedValue.from.cache.ms,1787278145715000000,1787278205715000000,0
workspaceModel.cachedValue.calculated.ms,1787278145715000000,1787278205715000000,0
workspaceModel.workspaceFileIndexContributor.registerFileSets.ms,1787278145715000000,1787278205715000000,0
workspaceModel.workspaceFileIndexData.updateDirtyEntities.ms,1787278145715000000,1787278205715000000,0
workspaceModel.workspaceFileIndexData.getPackageName.ms,1787278145715000000,1787278205715000000,0
workspaceModel.cachedValueWithParameters.calculated.ms,1787278145715000000,1787278205715000000,0
workspaceModel.workspaceFileIndexData.processFileSets.ms,1787278145715000000,1787278205715000000,0
workspaceModel.updates.precise.ms,1787278145715000000,1787278205715000000,0
workspaceModel.to.snapshot.ms,1787278145715000000,1787278205715000000,0
workspaceModel.cachedValue.clear.ms,1787278145715000000,1787278205715000000,0
workspaceModel.check.recursive.update.ms,1787278145715000000,1787278205715000000,0
workspaceModel.workspaceFileIndexData.init.ms,1787278145715000000,1787278205715000000,0
workspaceModel.collect.changes.ms,1787278145715000000,1787278205715000000,0
workspaceModel.full.replace.project.model.ms,1787278145715000000,1787278205715000000,0
workspaceModel.workspaceFileIndexData.instances.count,1787278145715000000,1787278205715000000,0
workspaceModel.workspaceFileIndexData.getFileInfo.ms,1787278145715000000,1787278205715000000,15
workspaceModel.updates.count,1787278145715000000,1787278205715000000,0
workspaceModel.cachedValue.total.get.ms,1787278145715000000,1787278205715000000,0
workspaceModel.pre.handlers.ms,1787278145715000000,1787278205715000000,0
workspaceModel.workspaceFileIndexData.onEntitiesChanged.ms,1787278145715000000,1787278205715000000,0
workspaceModel.updates.ms,1787278145715000000,1787278205715000000,0
workspaceModel.workspaceFileIndexData.markDirty.ms,1787278145715000000,1787278205715000000,0
workspaceModel.initializing.ms,1787278145715000000,1787278205715000000,0
workspaceModel.workspaceFileIndexData.getDirectoriesByPackageName.ms,1787278145715000000,1787278205715000000,0
workspaceModel.loading.total.ms,1787278145715000000,1787278205715000000,0
workspaceModel.cachedValueWithParameters.clear.ms,1787278145715000000,1787278205715000000,0
workspaceModel.replace.project.model.ms,1787278145715000000,1787278205715000000,0
workspaceModel.init.bridges.ms,1787278145715000000,1787278205715000000,0
JVM.usedHeapBytes,1787278145715000000,1787278205715000000,510405632
JVM.maxHeapBytes,1787278145715000000,1787278205715000000,2147483648
JVM.totalBytesAllocated,1787278145715000000,1787278205715000000,26588848
JVM.usedNativeBytes,1787278145715000000,1787278205715000000,417818656
JVM.maxThreadCount,1787278145715000000,1787278205715000000,120
JVM.threadCount,1787278145715000000,1787278205715000000,37
JVM.newThreadsCount,1787278145715000000,1787278205715000000,0
JVM.GC.collections,1787278145715000000,1787278205715000000,0
OS.loadAverage,1787278145715000000,1787278205715000000,0.6044921875
JVM.GC.collectionTimesMs,1787278145715000000,1787278205715000000,0
JVM.totalDirectByteBuffersBytes,1787278145715000000,1787278205715000000,347284639
JVM.totalCpuTimeMs,1787278145715000000,1787278205715000000,1500
Indexes.entries.lookupDurationAvgMs,1787278145715000000,1787278205715000000,0.0
Indexes.allKeys.lookupDurationAvgMs,1787278145715000000,1787278205715000000,0.0
Indexes.entries.lookups,1787278145715000000,1787278205715000000,0.0
Indexes.allKeys.lookups,1787278145715000000,1787278205715000000,0.0
Indexes.entries.lookupDurationMaxMs,1787278145715000000,1787278205715000000,0.0
Indexes.allKeys.lookupDuration90PMs,1787278145715000000,1787278205715000000,0.0
Indexes.stubs.lookupDurationAvgMs,1787278145715000000,1787278205715000000,0.0
Indexes.allKeys.lookupDurationMaxMs,1787278145715000000,1787278205715000000,0.0
Indexes.stubs.lookupDuration90PMs,1787278145715000000,1787278205715000000,0.0
IndexesFlusher.totalFlushes,1787278145715000000,1787278205715000000,120
IndexesFlusher.totalFlushingTimeUs,1787278145715000000,1787278205715000000,242600
Indexes.entries.lookupDuration90PMs,1787278145715000000,1787278205715000000,0.0
IndexesFlusher.totalFlushesRetried,1787278145715000000,1787278205715000000,0
Indexes.stubs.lookupDurationMaxMs,1787278145715000000,1787278205715000000,0.0
IndexesFlusher.totalContentionQuotaSpent,1787278145715000000,1787278205715000000,0
Indexes.stubs.lookups,1787278145715000000,1787278205715000000,0.0
VFS.fileChildByName,1787278145715000000,1787278205715000000,30
FileNameCache.queries,1787278145715000000,1787278205715000000,512
VFS.invertedFileNameIndex.requests,1787278145715000000,1787278205715000000,0
VFS.fileByIdCache.hits,1787278145715000000,1787278205715000000,0
VFS.fileByIdCache.misses,1787278145715000000,1787278205715000000,0
FileNameCache.totalMisses,1787278145715000000,1787278205715000000,0
FilePageCacheLockFree.totalPageAllocationsWaited,1787278205715000000,1787278265715000000,0
FilePageCacheLockFree.totalHeapBytesAllocated,1787278205715000000,1787278265715000000,0
DirectByteBufferAllocator.hits,1787278205715000000,1787278265715000000,0
StorageLockContext.competingThreads.max,1787278205715000000,1787278265715000000,0
FilePageCache.maxCacheSizeInBytes,1787278205715000000,1787278265715000000,347095040
FilePageCache.pageLoadsAboveSizeThreshold,1787278205715000000,1787278265715000000,0
FilePageCacheLockFree.totalBytesRequested,1787278205715000000,1787278265715000000,0
MappedFileStorage.storages,1787278205715000000,1787278265715000000,15
DirectByteBufferAllocator.reclaimed,1787278205715000000,1787278265715000000,0
FilePageCache.totalPageLoadsUs,1787278205715000000,1787278265715000000,0
FilePageCacheLockFree.totalPagesWritten,1787278205715000000,1787278265715000000,0
FilePageCacheLockFree.totalHeapBytesReclaimed,1787278205715000000,1787278265715000000,0
FileChannelInterruptsRetryer.totalRetriedAttempts,1787278205715000000,1787278265715000000,0
FilePageCacheLockFree.totalPagesReclaimed,1787278205715000000,1787278265715000000,0
FilePageCacheLockFree.housekeeperTurnsSkipped,1787278205715000000,1787278265715000000,0
FilePageCacheLockFree.totalNativeBytesAllocated,1787278205715000000,1787278265715000000,0
MappedFileStorage.totalTimeSpentOnMappingUs,1787278205715000000,1787278265715000000,7859062
FilePageCacheLockFree.totalBytesRead,1787278205715000000,1787278265715000000,0
DirectByteBufferAllocator.totalSizeOfBuffersAllocatedInBytes,1787278205715000000,1787278265715000000,347095040
StreamlinedBlobStorage.totalLiveRecordsCapacityBytes,1787278205715000000,1787278265715000000,0
FilePageCacheLockFree.heapBytesInUse,1787278205715000000,1787278265715000000,0
StreamlinedBlobStorage.recordsAllocated,1787278205715000000,1787278265715000000,0
FilePageCacheLockFree.totalPagesRequestsMs,1787278205715000000,1787278265715000000,0
StreamlinedBlobStorage.recordsDeleted,1787278205715000000,1787278265715000000,0
FilePageCacheLockFree.housekeeperTimeSpentMs,1787278205715000000,1787278265715000000,0
DirectByteBufferAllocator.disposed,1787278205715000000,1787278265715000000,0
FilePageCacheLockFree.totalPagesRequested,1787278205715000000,1787278265715000000,0
FilePageCache.capacityInBytes,1787278205715000000,1787278265715000000,503316478
FilePageCache.disposedBuffers,1787278205715000000,1787278265715000000,0
FilePageCacheLockFree.totalPagesWriteMs,1787278205715000000,1787278265715000000,0
DirectByteBufferAllocator.misses,1787278205715000000,1787278265715000000,0
FilePageCacheLockFree.totalPagesAllocated,1787278205715000000,1787278265715000000,0
FilePageCache.pageFastCacheHits,1787278205715000000,1787278265715000000,0
FilePageCache.totalPageDisposalsUs,1787278205715000000,1787278265715000000,0
FilePageCache.maxRegisteredFiles,1787278205715000000,1787278265715000000,558
StreamlinedBlobStorage.recordsRelocated,1787278205715000000,1787278265715000000,0
StreamlinedBlobStorage.totalLiveRecordsPayloadBytes,1787278205715000000,1787278265715000000,0
FilePageCacheLockFree.housekeeperTurnsDone,1787278205715000000,1787278265715000000,0
FilePageCache.pageLoads,1787278205715000000,1787278265715000000,0
MappedFileStorage.totalBytesMapped,1787278205715000000,1787278265715000000,198443008
FilePageCacheLockFree.totalNativeBytesReclaimed,1787278205715000000,1787278265715000000,0
MappedFileStorage.totalPagesMapped,1787278205715000000,1787278265715000000,15
StorageLockContext.competingThreads.avg,1787278205715000000,1787278265715000000,0.0
DirectByteBufferAllocator.totalSizeOfBuffersCachedInBytes,1787278205715000000,1787278265715000000,0
FilePageCache.uncachedFileAccess,1787278205715000000,1787278265715000000,0
FilePageCache.pageHits,1787278205715000000,1787278265715000000,0
StorageLockContext.competingThreads.90P,1787278205715000000,1787278265715000000,0
FilePageCacheLockFree.totalBytesWritten,1787278205715000000,1787278265715000000,0
FilePageCacheLockFree.totalPagesHandedOver,1787278205715000000,1787278265715000000,0
FilePageCacheLockFree.nativeBytesInUse,1787278205715000000,1787278265715000000,0
FilePageCacheLockFree.totalPagesReadMs,1787278205715000000,1787278265715000000,0
FilePageCacheLockFree.totalClosedStoragesReclaimed,1787278205715000000,1787278265715000000,0
FlushQueue.executionTimeMaxNs,1787278205715000000,1787278265715000000,201727
ReadAction.executionsCount,1787278205715000000,1787278265715000000,97554
AWTEventQueue.dispatchTimeTotalNS,1787278205715000000,1787278265715000000,150677027
FlushQueue.queueSizeAvg,1787278205715000000,1787278265715000000,0.0
FlushQueue.tasksExecuted,1787278205715000000,1787278265715000000,240
AWTEventQueue.dispatchTimeMaxNs,1787278205715000000,1787278265715000000,991231
AWTEventQueue.dispatchTime90PNs,1787278205715000000,1787278265715000000,737279
FlushQueue.waitingTimeMaxNs,1787278205715000000,1787278265715000000,313343
WriteAction.executionsCount,1787278205715000000,1787278265715000000,0
NonBlockingReadAction.failedExecutionsCount,1787278205715000000,1787278265715000000,0
FlushQueue.executionTimeAvgNs,1787278205715000000,1787278265715000000,69537.33333333333
NonBlockingReadAction.failedExecutionTimeUs,1787278205715000000,1787278265715000000,0
FlushQueue.waitingTimeAvgNs,1787278205715000000,1787278265715000000,200774.4
NonBlockingReadAction.finalizedExecutionTimeUs,1787278205715000000,1787278265715000000,0
AWTEventQueue.eventsDispatched,1787278205715000000,1787278265715000000,480
NonBlockingReadAction.finalizedExecutionsCount,1787278205715000000,1787278265715000000,0
FlushQueue.queueSizeMax,1787278205715000000,1787278265715000000,0
FlushQueue.executionTime90PNs,1787278205715000000,1787278265715000000,102911
AWTEventQueue.dispatchTimeAvgNs,1787278205715000000,1787278265715000000,313932.26666666666
FlushQueue.waitingTime90PNs,1787278205715000000,1787278265715000000,229375
FlushQueue.queueSize90P,1787278205715000000,1787278265715000000,0
cacheStateStorage.get.counter,1787278205715000000,1787278265715000000,0
cacheStateStorage.set.duration,1787278205715000000,1787278265715000000,0
cacheStateStorage.set.counter,1787278205715000000,1787278265715000000,0
cacheStateStorage.get.duration,1787278205715000000,1787278265715000000,0
workspaceModel.mutableEntityStorage.modify.entity.ms,1787278205715000000,1787278265715000000,0
jps.modifiable.module.model.bridge.new.module.ms,1787278205715000000,1787278265715000000,0
jps.project.serializers.save.ms,1787278205715000000,1787278265715000000,0
jps.artifact.entities.serializer.save.entities.ms,1787278205715000000,1787278265715000000,0
jps.global.initialize.library.bridges.ms,1787278205715000000,1787278265715000000,0
workspaceModel.mutableEntityStorage.mutable.ext.mapping.ms,1787278205715000000,1787278265715000000,0
jps.load.initial.state.ms,1787278205715000000,1787278265715000000,0
workspaceModel.global.updates.ms,1787278205715000000,1787278265715000000,0
jps.reload.project.entities.ms,1787278205715000000,1787278265715000000,0
jps.module.iml.entities.serializer.load.entities.ms,1787278205715000000,1787278265715000000,0
workspaceModel.mutableEntityStorage.entities.ms,1787278205715000000,1787278265715000000,0
jps.global.handle.changed.events.ms,1787278205715000000,1787278265715000000,0
jps.app.storage.content.reader.load.component.ms,1787278205715000000,1787278265715000000,0
workspaceModel.load.cache.from.file.ms,1787278205715000000,1787278265715000000,0
jps.global.initialize.library.bridges.after.loading.ms,1787278205715000000,1787278265715000000,0
workspaceModel.mutableEntityStorage.apply.changes.from.ms,1787278205715000000,1787278265715000000,0
workspaceModel.load.cache.metadata.from.file.ms,1787278205715000000,1787278265715000000,0
workspaceModel.mutableEntityStorage.remove.entity.ms,1787278205715000000,1787278265715000000,0
workspaceModel.mutableEntityStorage.referrers.ms,1787278205715000000,1787278265715000000,0
jps.global.get.library.ms,1787278205715000000,1787278265715000000,0
workspaceModel.mutableEntityStorage.add.entity.ms,1787278205715000000,1787278265715000000,0
workspaceModel.global.apply.state.to.project.builder.ms,1787278205715000000,1787278265715000000,0
workspaceModel.mutableEntityStorage.to.snapshot.ms,1787278205715000000,1787278265715000000,0
jps.facet.change.listener.process.change.events.ms,1787278205715000000,1787278265715000000,0
workspaceModel.orphan.listener.update.ms,1787278205715000000,1787278265715000000,0
jps.global.get.library.by.name.ms,1787278205715000000,1787278265715000000,0
workspaceModel.moduleManagerBridge.newModule.ms,1787278205715000000,1787278265715000000,0
jps.facet.change.listener.init.bridge.ms,1787278205715000000,1787278265715000000,0
workspaceModel.moduleManagerBridge.build.module.graph.ms,1787278205715000000,1787278265715000000,0
workspaceModel.do.save.caches.ms,1787278205715000000,1787278265715000000,0
jps.save.changed.project.entities.ms,1787278205715000000,1787278265715000000,0
jps.app.storage.content.writer.save.component.ms,1787278205715000000,1787278265715000000,0
workspaceModel.mutableEntityStorage.replace.by.source.ms,1787278205715000000,1787278265715000000,0
workspaceModel.moduleManagerBridge.new.nonPersistent.module.ms,1787278205715000000,1787278265715000000,0
workspaceModel.moduleManagerBridge.get.modules.ms,1787278205715000000,1787278265715000000,0
workspaceModel.global.apply.state.to.project.ms,1787278205715000000,1787278265715000000,0
jps.modifiable.module.model.bridge.renaming.ms,1787278205715000000,1787278265715000000,0
workspaceModel.save.cache.to.file.ms,1787278205715000000,1787278265715000000,0
workspaceModel.moduleManagerBridge.load.module.ms,1787278205715000000,1787278265715000000,0
workspaceModel.mutableEntityStorage.collect.changes.ms,1787278205715000000,1787278265715000000,0
workspaceModel.sync.entities.ms,1787278205715000000,1787278265715000000,0
jps.project.serializers.load.ms,1787278205715000000,1787278265715000000,0
workspaceModel.mutableEntityStorage.has.same.entities.ms,1787278205715000000,1787278265715000000,0
workspaceModel.mutableEntityStorage.resolve.ms,1787278205715000000,1787278265715000000,0
workspaceModel.moduleBridge.facet.initialization.ms,1787278205715000000,1787278265715000000,0
jps.load.project.to.empty.storage.ms,1787278205715000000,1787278265715000000,0
jps.global.handle.before.change.events.ms,1787278205715000000,1787278265715000000,0
workspaceModel.moduleBridge.before.changed.ms,1787278205715000000,1787278265715000000,0
jps.modifiable.module.model.bridge.disposing.ms,1787278205715000000,1787278265715000000,0
workspaceModel.moduleManagerBridge.set.unloadedModules.ms,1787278205715000000,1787278265715000000,0
jps.library.entities.serializer.save.entities.ms,1787278205715000000,1787278265715000000,0
jps.library.entities.serializer.load.entities.ms,1787278205715000000,1787278265715000000,0
jps.save.global.entities.ms,1787278205715000000,1787278265715000000,0
jps.global.get.libraries.ms,1787278205715000000,1787278265715000000,0
jps.modifiable.module.model.bridge.load.module.ms,1787278205715000000,1787278265715000000,0
workspaceModel.mutableEntityStorage.instances.count,1787278205715000000,1787278265715000000,0
workspaceModel.moduleManagerBridge.create.module.instance.ms,1787278205715000000,1787278265715000000,0
workspaceModel.moduleBridgeLoader.loading.modules.ms,1787278205715000000,1787278265715000000,0
workspaceModel.moduleManagerBridge.load.all.modules.ms,1787278205715000000,1787278265715000000,0
workspaceModel.mutableEntityStorage.mutable.vfurl.index.ms,1787278205715000000,1787278265715000000,0
jps.artifact.entities.serializer.load.entities.ms,1787278205715000000,1787278265715000000,0
workspaceModel.mutableEntityStorage.entities.by.source.ms,1787278205715000000,1787278265715000000,0
workspaceModel.mutableEntityStorage.put.entity.ms,1787278205715000000,1787278265715000000,0
jps.apply.loaded.storage.ms,1787278205715000000,1787278265715000000,0
jps.module.iml.entities.serializer.save.entities.ms,1787278205715000000,1787278265715000000,0
jps.facet.change.listener.before.change.events.ms,1787278205715000000,1787278265715000000,0
workspaceModel.moduleBridge.update.option.ms,1787278205715000000,1787278265715000000,0
jps.storage.jps.conf.reader.load.component.ms,1787278205715000000,1787278265715000000,0
workspaceModel.delayed.project.synchronizer.sync.ms,1787278205715000000,1787278265715000000,0
workspaceModel.global.updates.count,1787278205715000000,1787278265715000000,0
compiler.ArtifactManagerBridge.commit.ms,1787278205715000000,1787278265715000000,0
compiler.ArtifactManagerBridge.getArtifactsByType.ms,1787278205715000000,1787278265715000000,0
compiler.ArtifactVirtualFileListener.filePathChanged.ms,1787278205715000000,1787278265715000000,0
compiler.ArtifactManagerBridge.getArtifacts.ms,1787278205715000000,1787278265715000000,0
compiler.ArtifactManagerBridge.dropMappings.ms,1787278205715000000,1787278265715000000,0
compiler.ArtifactManagerBridge.initBridges.ms,1787278205715000000,1787278265715000000,0
compiler.ArtifactManagerBridge.findArtifact.ms,1787278205715000000,1787278265715000000,0
compiler.ArtifactVirtualFileListener.propertyChanged.ms,1787278205715000000,1787278265715000000,0
compiler.ArtifactManagerBridge.addArtifact.ms,1787278205715000000,1787278265715000000,0
writeAction.wait.ms,1787278205715000000,1787278265715000000,0
writeAction.median.wait.ms,1787278205715000000,1787278265715000000,0
writeAction.max.wait.ms,1787278205715000000,1787278265715000000,58
writeAction.count,1787278205715000000,1787278265715000000,0
workspaceModel.cachedValueWithParameters.total.get.ms,1787278205715000000,1787278265715000000,0
workspaceModel.workspaceFileIndexData.visitFileSets.ms,1787278205715000000,1787278265715000000,0
workspaceModel.cachedValueWithParameters.from.cache.ms,1787278205715000000,1787278265715000000,0
workspaceModel.entityStorageSnapshotImpl.instances.count,1787278205715000000,1787278265715000000,0
workspaceModel.loading.from.cache.ms,1787278205715000000,1787278265715000000,0
workspaceModel.update.unloaded.entities.ms,1787278205715000000,1787278265715000000,0
workspaceModel.cachedValue.from.cache.ms,1787278205715000000,1787278265715000000,0
workspaceModel.cachedValue.calculated.ms,1787278205715000000,1787278265715000000,0
workspaceModel.workspaceFileIndexContributor.registerFileSets.ms,1787278205715000000,1787278265715000000,0
workspaceModel.workspaceFileIndexData.updateDirtyEntities.ms,1787278205715000000,1787278265715000000,0
workspaceModel.workspaceFileIndexData.getPackageName.ms,1787278205715000000,1787278265715000000,0
workspaceModel.cachedValueWithParameters.calculated.ms,1787278205715000000,1787278265715000000,0
workspaceModel.workspaceFileIndexData.processFileSets.ms,1787278205715000000,1787278265715000000,0
workspaceModel.updates.precise.ms,1787278205715000000,1787278265715000000,0
workspaceModel.to.snapshot.ms,1787278205715000000,1787278265715000000,0
workspaceModel.cachedValue.clear.ms,1787278205715000000,1787278265715000000,0
workspaceModel.check.recursive.update.ms,1787278205715000000,1787278265715000000,0
workspaceModel.workspaceFileIndexData.init.ms,1787278205715000000,1787278265715000000,0
workspaceModel.collect.changes.ms,1787278205715000000,1787278265715000000,0
workspaceModel.full.replace.project.model.ms,1787278205715000000,1787278265715000000,0
workspaceModel.workspaceFileIndexData.instances.count,1787278205715000000,1787278265715000000,0
workspaceModel.workspaceFileIndexData.getFileInfo.ms,1787278205715000000,1787278265715000000,0
workspaceModel.updates.count,1787278205715000000,1787278265715000000,0
workspaceModel.cachedValue.total.get.ms,1787278205715000000,1787278265715000000,0
workspaceModel.pre.handlers.ms,1787278205715000000,1787278265715000000,0
workspaceModel.workspaceFileIndexData.onEntitiesChanged.ms,1787278205715000000,1787278265715000000,0
workspaceModel.updates.ms,1787278205715000000,1787278265715000000,0
workspaceModel.workspaceFileIndexData.markDirty.ms,1787278205715000000,1787278265715000000,0
workspaceModel.initializing.ms,1787278205715000000,1787278265715000000,0
workspaceModel.workspaceFileIndexData.getDirectoriesByPackageName.ms,1787278205715000000,1787278265715000000,0
workspaceModel.loading.total.ms,1787278205715000000,1787278265715000000,0
workspaceModel.cachedValueWithParameters.clear.ms,1787278205715000000,1787278265715000000,0
workspaceModel.replace.project.model.ms,1787278205715000000,1787278265715000000,0
workspaceModel.init.bridges.ms,1787278205715000000,1787278265715000000,0
JVM.usedHeapBytes,1787278205715000000,1787278265715000000,792472576
JVM.maxHeapBytes,1787278205715000000,1787278265715000000,2147483648
JVM.totalBytesAllocated,1787278205715000000,1787278265715000000,282354640
JVM.usedNativeBytes,1787278205715000000,1787278265715000000,418083464
JVM.maxThreadCount,1787278205715000000,1787278265715000000,120
JVM.threadCount,1787278205715000000,1787278265715000000,39
JVM.newThreadsCount,1787278205715000000,1787278265715000000,2
JVM.GC.collections,1787278205715000000,1787278265715000000,0
OS.loadAverage,1787278205715000000,1787278265715000000,0.54345703125
JVM.GC.collectionTimesMs,1787278205715000000,1787278265715000000,0
JVM.totalDirectByteBuffersBytes,1787278205715000000,1787278265715000000,347284639
JVM.totalCpuTimeMs,1787278205715000000,1787278265715000000,11900
Indexes.entries.lookupDurationAvgMs,1787278205715000000,1787278265715000000,0.0
Indexes.allKeys.lookupDurationAvgMs,1787278205715000000,1787278265715000000,0.0
Indexes.entries.lookups,1787278205715000000,1787278265715000000,0.0
Indexes.allKeys.lookups,1787278205715000000,1787278265715000000,0.0
Indexes.entries.lookupDurationMaxMs,1787278205715000000,1787278265715000000,0.0
Indexes.allKeys.lookupDuration90PMs,1787278205715000000,1787278265715000000,0.0
Indexes.stubs.lookupDurationAvgMs,1787278205715000000,1787278265715000000,0.0
Indexes.allKeys.lookupDurationMaxMs,1787278205715000000,1787278265715000000,0.0
Indexes.stubs.lookupDuration90PMs,1787278205715000000,1787278265715000000,0.0
IndexesFlusher.totalFlushes,1787278205715000000,1787278265715000000,120
IndexesFlusher.totalFlushingTimeUs,1787278205715000000,1787278265715000000,255463
Indexes.entries.lookupDuration90PMs,1787278205715000000,1787278265715000000,0.0
IndexesFlusher.totalFlushesRetried,1787278205715000000,1787278265715000000,0
Indexes.stubs.lookupDurationMaxMs,1787278205715000000,1787278265715000000,0.0
IndexesFlusher.totalContentionQuotaSpent,1787278205715000000,1787278265715000000,0
Indexes.stubs.lookups,1787278205715000000,1787278265715000000,0.0
VFS.fileChildByName,1787278205715000000,1787278265715000000,0
FileNameCache.queries,1787278205715000000,1787278265715000000,0
VFS.invertedFileNameIndex.requests,1787278205715000000,1787278265715000000,0
VFS.fileByIdCache.hits,1787278205715000000,1787278265715000000,0
VFS.fileByIdCache.misses,1787278205715000000,1787278265715000000,0
FileNameCache.totalMisses,1787278205715000000,1787278265715000000,0
FilePageCacheLockFree.totalPageAllocationsWaited,1787278265715000000,1787278325715000000,0
FilePageCacheLockFree.totalHeapBytesAllocated,1787278265715000000,1787278325715000000,0
DirectByteBufferAllocator.hits,1787278265715000000,1787278325715000000,0
StorageLockContext.competingThreads.max,1787278265715000000,1787278325715000000,0
FilePageCache.maxCacheSizeInBytes,1787278265715000000,1787278325715000000,347095040
FilePageCache.pageLoadsAboveSizeThreshold,1787278265715000000,1787278325715000000,0
FilePageCacheLockFree.totalBytesRequested,1787278265715000000,1787278325715000000,0
MappedFileStorage.storages,1787278265715000000,1787278325715000000,15
DirectByteBufferAllocator.reclaimed,1787278265715000000,1787278325715000000,0
FilePageCache.totalPageLoadsUs,1787278265715000000,1787278325715000000,0
FilePageCacheLockFree.totalPagesWritten,1787278265715000000,1787278325715000000,0
FilePageCacheLockFree.totalHeapBytesReclaimed,1787278265715000000,1787278325715000000,0
FileChannelInterruptsRetryer.totalRetriedAttempts,1787278265715000000,1787278325715000000,0
FilePageCacheLockFree.totalPagesReclaimed,1787278265715000000,1787278325715000000,0
FilePageCacheLockFree.housekeeperTurnsSkipped,1787278265715000000,1787278325715000000,0
FilePageCacheLockFree.totalNativeBytesAllocated,1787278265715000000,1787278325715000000,0
MappedFileStorage.totalTimeSpentOnMappingUs,1787278265715000000,1787278325715000000,7859062
FilePageCacheLockFree.totalBytesRead,1787278265715000000,1787278325715000000,0
DirectByteBufferAllocator.totalSizeOfBuffersAllocatedInBytes,1787278265715000000,1787278325715000000,347095040
StreamlinedBlobStorage.totalLiveRecordsCapacityBytes,1787278265715000000,1787278325715000000,0
FilePageCacheLockFree.heapBytesInUse,1787278265715000000,1787278325715000000,0
StreamlinedBlobStorage.recordsAllocated,1787278265715000000,1787278325715000000,0
FilePageCacheLockFree.totalPagesRequestsMs,1787278265715000000,1787278325715000000,0
StreamlinedBlobStorage.recordsDeleted,1787278265715000000,1787278325715000000,0
FilePageCacheLockFree.housekeeperTimeSpentMs,1787278265715000000,1787278325715000000,0
DirectByteBufferAllocator.disposed,1787278265715000000,1787278325715000000,0
FilePageCacheLockFree.totalPagesRequested,1787278265715000000,1787278325715000000,0
FilePageCache.capacityInBytes,1787278265715000000,1787278325715000000,503316478
FilePageCache.disposedBuffers,1787278265715000000,1787278325715000000,0
FilePageCacheLockFree.totalPagesWriteMs,1787278265715000000,1787278325715000000,0
DirectByteBufferAllocator.misses,1787278265715000000,1787278325715000000,0
FilePageCacheLockFree.totalPagesAllocated,1787278265715000000,1787278325715000000,0
FilePageCache.pageFastCacheHits,1787278265715000000,1787278325715000000,0
FilePageCache.totalPageDisposalsUs,1787278265715000000,1787278325715000000,0
FilePageCache.maxRegisteredFiles,1787278265715000000,1787278325715000000,558
StreamlinedBlobStorage.recordsRelocated,1787278265715000000,1787278325715000000,0
StreamlinedBlobStorage.totalLiveRecordsPayloadBytes,1787278265715000000,1787278325715000000,0
FilePageCacheLockFree.housekeeperTurnsDone,1787278265715000000,1787278325715000000,0
FilePageCache.pageLoads,1787278265715000000,1787278325715000000,0
MappedFileStorage.totalBytesMapped,1787278265715000000,1787278325715000000,198443008
FilePageCacheLockFree.totalNativeBytesReclaimed,1787278265715000000,1787278325715000000,0
MappedFileStorage.totalPagesMapped,1787278265715000000,1787278325715000000,15
StorageLockContext.competingThreads.avg,1787278265715000000,1787278325715000000,0.0
DirectByteBufferAllocator.totalSizeOfBuffersCachedInBytes,1787278265715000000,1787278325715000000,0
FilePageCache.uncachedFileAccess,1787278265715000000,1787278325715000000,0
FilePageCache.pageHits,1787278265715000000,1787278325715000000,0
StorageLockContext.competingThreads.90P,1787278265715000000,1787278325715000000,0
FilePageCacheLockFree.totalBytesWritten,1787278265715000000,1787278325715000000,0
FilePageCacheLockFree.totalPagesHandedOver,1787278265715000000,1787278325715000000,0
FilePageCacheLockFree.nativeBytesInUse,1787278265715000000,1787278325715000000,0
FilePageCacheLockFree.totalPagesReadMs,1787278265715000000,1787278325715000000,0
FilePageCacheLockFree.totalClosedStoragesReclaimed,1787278265715000000,1787278325715000000,0
FlushQueue.executionTimeMaxNs,1787278265715000000,1787278325715000000,659455
ReadAction.executionsCount,1787278265715000000,1787278325715000000,1560
AWTEventQueue.dispatchTimeTotalNS,1787278265715000000,1787278325715000000,150916438
FlushQueue.queueSizeAvg,1787278265715000000,1787278325715000000,0.0
FlushQueue.tasksExecuted,1787278265715000000,1787278325715000000,240
AWTEventQueue.dispatchTimeMaxNs,1787278265715000000,1787278325715000000,1376255
AWTEventQueue.dispatchTime90PNs,1787278265715000000,1787278325715000000,761855
FlushQueue.waitingTimeMaxNs,1787278265715000000,1787278325715000000,491519
WriteAction.executionsCount,1787278265715000000,1787278325715000000,0
NonBlockingReadAction.failedExecutionsCount,1787278265715000000,1787278325715000000,0
FlushQueue.executionTimeAvgNs,1787278265715000000,1787278325715000000,71495.2
NonBlockingReadAction.failedExecutionTimeUs,1787278265715000000,1787278325715000000,0
FlushQueue.waitingTimeAvgNs,1787278265715000000,1787278325715000000,193831.46666666667
NonBlockingReadAction.finalizedExecutionTimeUs,1787278265715000000,1787278325715000000,0
AWTEventQueue.eventsDispatched,1787278265715000000,1787278325715000000,480
NonBlockingReadAction.finalizedExecutionsCount,1787278265715000000,1787278325715000000,0
FlushQueue.queueSizeMax,1787278265715000000,1787278325715000000,0
FlushQueue.executionTime90PNs,1787278265715000000,1787278325715000000,107007
AWTEventQueue.dispatchTimeAvgNs,1787278265715000000,1787278325715000000,314408.5333333333
FlushQueue.waitingTime90PNs,1787278265715000000,1787278325715000000,228351
FlushQueue.queueSize90P,1787278265715000000,1787278325715000000,0
cacheStateStorage.get.counter,1787278265715000000,1787278325715000000,0
cacheStateStorage.set.duration,1787278265715000000,1787278325715000000,0
cacheStateStorage.set.counter,1787278265715000000,1787278325715000000,0
cacheStateStorage.get.duration,1787278265715000000,1787278325715000000,0
workspaceModel.mutableEntityStorage.modify.entity.ms,1787278265715000000,1787278325715000000,0
jps.modifiable.module.model.bridge.new.module.ms,1787278265715000000,1787278325715000000,0
jps.project.serializers.save.ms,1787278265715000000,1787278325715000000,0
jps.artifact.entities.serializer.save.entities.ms,1787278265715000000,1787278325715000000,0
jps.global.initialize.library.bridges.ms,1787278265715000000,1787278325715000000,0
workspaceModel.mutableEntityStorage.mutable.ext.mapping.ms,1787278265715000000,1787278325715000000,0
jps.load.initial.state.ms,1787278265715000000,1787278325715000000,0
workspaceModel.global.updates.ms,1787278265715000000,1787278325715000000,0
jps.reload.project.entities.ms,1787278265715000000,1787278325715000000,0
jps.module.iml.entities.serializer.load.entities.ms,1787278265715000000,1787278325715000000,0
workspaceModel.mutableEntityStorage.entities.ms,1787278265715000000,1787278325715000000,0
jps.global.handle.changed.events.ms,1787278265715000000,1787278325715000000,0
jps.app.storage.content.reader.load.component.ms,1787278265715000000,1787278325715000000,0
workspaceModel.load.cache.from.file.ms,1787278265715000000,1787278325715000000,0
jps.global.initialize.library.bridges.after.loading.ms,1787278265715000000,1787278325715000000,0
workspaceModel.mutableEntityStorage.apply.changes.from.ms,1787278265715000000,1787278325715000000,0
workspaceModel.load.cache.metadata.from.file.ms,1787278265715000000,1787278325715000000,0
workspaceModel.mutableEntityStorage.remove.entity.ms,1787278265715000000,1787278325715000000,0
workspaceModel.mutableEntityStorage.referrers.ms,1787278265715000000,1787278325715000000,0
jps.global.get.library.ms,1787278265715000000,1787278325715000000,0
workspaceModel.mutableEntityStorage.add.entity.ms,1787278265715000000,1787278325715000000,0
workspaceModel.global.apply.state.to.project.builder.ms,1787278265715000000,1787278325715000000,0
workspaceModel.mutableEntityStorage.to.snapshot.ms,1787278265715000000,1787278325715000000,0
jps.facet.change.listener.process.change.events.ms,1787278265715000000,1787278325715000000,0
workspaceModel.orphan.listener.update.ms,1787278265715000000,1787278325715000000,0
jps.global.get.library.by.name.ms,1787278265715000000,1787278325715000000,0
workspaceModel.moduleManagerBridge.newModule.ms,1787278265715000000,1787278325715000000,0
jps.facet.change.listener.init.bridge.ms,1787278265715000000,1787278325715000000,0
workspaceModel.moduleManagerBridge.build.module.graph.ms,1787278265715000000,1787278325715000000,0
workspaceModel.do.save.caches.ms,1787278265715000000,1787278325715000000,0
jps.save.changed.project.entities.ms,1787278265715000000,1787278325715000000,0
jps.app.storage.content.writer.save.component.ms,1787278265715000000,1787278325715000000,0
workspaceModel.mutableEntityStorage.replace.by.source.ms,1787278265715000000,1787278325715000000,0
workspaceModel.moduleManagerBridge.new.nonPersistent.module.ms,1787278265715000000,1787278325715000000,0
workspaceModel.moduleManagerBridge.get.modules.ms,1787278265715000000,1787278325715000000,0
workspaceModel.global.apply.state.to.project.ms,1787278265715000000,1787278325715000000,0
jps.modifiable.module.model.bridge.renaming.ms,1787278265715000000,1787278325715000000,0
workspaceModel.save.cache.to.file.ms,1787278265715000000,1787278325715000000,0
workspaceModel.moduleManagerBridge.load.module.ms,1787278265715000000,1787278325715000000,0
workspaceModel.mutableEntityStorage.collect.changes.ms,1787278265715000000,1787278325715000000,0
workspaceModel.sync.entities.ms,1787278265715000000,1787278325715000000,0
jps.project.serializers.load.ms,1787278265715000000,1787278325715000000,0
workspaceModel.mutableEntityStorage.has.same.entities.ms,1787278265715000000,1787278325715000000,0
workspaceModel.mutableEntityStorage.resolve.ms,1787278265715000000,1787278325715000000,0
workspaceModel.moduleBridge.facet.initialization.ms,1787278265715000000,1787278325715000000,0
jps.load.project.to.empty.storage.ms,1787278265715000000,1787278325715000000,0
jps.global.handle.before.change.events.ms,1787278265715000000,1787278325715000000,0
workspaceModel.moduleBridge.before.changed.ms,1787278265715000000,1787278325715000000,0
jps.modifiable.module.model.bridge.disposing.ms,1787278265715000000,1787278325715000000,0
workspaceModel.moduleManagerBridge.set.unloadedModules.ms,1787278265715000000,1787278325715000000,0
jps.library.entities.serializer.save.entities.ms,1787278265715000000,1787278325715000000,0
jps.library.entities.serializer.load.entities.ms,1787278265715000000,1787278325715000000,0
jps.save.global.entities.ms,1787278265715000000,1787278325715000000,0
jps.global.get.libraries.ms,1787278265715000000,1787278325715000000,0
jps.modifiable.module.model.bridge.load.module.ms,1787278265715000000,1787278325715000000,0
workspaceModel.mutableEntityStorage.instances.count,1787278265715000000,1787278325715000000,0
workspaceModel.moduleManagerBridge.create.module.instance.ms,1787278265715000000,1787278325715000000,0
workspaceModel.moduleBridgeLoader.loading.modules.ms,1787278265715000000,1787278325715000000,0
workspaceModel.moduleManagerBridge.load.all.modules.ms,1787278265715000000,1787278325715000000,0
workspaceModel.mutableEntityStorage.mutable.vfurl.index.ms,1787278265715000000,1787278325715000000,0
jps.artifact.entities.serializer.load.entities.ms,1787278265715000000,1787278325715000000,0
workspaceModel.mutableEntityStorage.entities.by.source.ms,1787278265715000000,1787278325715000000,0
workspaceModel.mutableEntityStorage.put.entity.ms,1787278265715000000,1787278325715000000,0
jps.apply.loaded.storage.ms,1787278265715000000,1787278325715000000,0
jps.module.iml.entities.serializer.save.entities.ms,1787278265715000000,1787278325715000000,0
jps.facet.change.listener.before.change.events.ms,1787278265715000000,1787278325715000000,0
workspaceModel.moduleBridge.update.option.ms,1787278265715000000,1787278325715000000,0
jps.storage.jps.conf.reader.load.component.ms,1787278265715000000,1787278325715000000,0
workspaceModel.delayed.project.synchronizer.sync.ms,1787278265715000000,1787278325715000000,0
workspaceModel.global.updates.count,1787278265715000000,1787278325715000000,0
compiler.ArtifactManagerBridge.commit.ms,1787278265715000000,1787278325715000000,0
compiler.ArtifactManagerBridge.getArtifactsByType.ms,1787278265715000000,1787278325715000000,0
compiler.ArtifactVirtualFileListener.filePathChanged.ms,1787278265715000000,1787278325715000000,0
compiler.ArtifactManagerBridge.getArtifacts.ms,1787278265715000000,1787278325715000000,0
compiler.ArtifactManagerBridge.dropMappings.ms,1787278265715000000,1787278325715000000,0
compiler.ArtifactManagerBridge.initBridges.ms,1787278265715000000,1787278325715000000,0
compiler.ArtifactManagerBridge.findArtifact.ms,1787278265715000000,1787278325715000000,0
compiler.ArtifactVirtualFileListener.propertyChanged.ms,1787278265715000000,1787278325715000000,0
compiler.ArtifactManagerBridge.addArtifact.ms,1787278265715000000,1787278325715000000,0
writeAction.wait.ms,1787278265715000000,1787278325715000000,0
writeAction.median.wait.ms,1787278265715000000,1787278325715000000,0
writeAction.max.wait.ms,1787278265715000000,1787278325715000000,58
writeAction.count,1787278265715000000,1787278325715000000,0
workspaceModel.cachedValueWithParameters.total.get.ms,1787278265715000000,1787278325715000000,0
workspaceModel.workspaceFileIndexData.visitFileSets.ms,1787278265715000000,1787278325715000000,0
workspaceModel.cachedValueWithParameters.from.cache.ms,1787278265715000000,1787278325715000000,0
workspaceModel.entityStorageSnapshotImpl.instances.count,1787278265715000000,1787278325715000000,0
workspaceModel.loading.from.cache.ms,1787278265715000000,1787278325715000000,0
workspaceModel.update.unloaded.entities.ms,1787278265715000000,1787278325715000000,0
workspaceModel.cachedValue.from.cache.ms,1787278265715000000,1787278325715000000,0
workspaceModel.cachedValue.calculated.ms,1787278265715000000,1787278325715000000,0
workspaceModel.workspaceFileIndexContributor.registerFileSets.ms,1787278265715000000,1787278325715000000,0
workspaceModel.workspaceFileIndexData.updateDirtyEntities.ms,1787278265715000000,1787278325715000000,0
workspaceModel.workspaceFileIndexData.getPackageName.ms,1787278265715000000,1787278325715000000,0
workspaceModel.cachedValueWithParameters.calculated.ms,1787278265715000000,1787278325715000000,0
workspaceModel.workspaceFileIndexData.processFileSets.ms,1787278265715000000,1787278325715000000,0
workspaceModel.updates.precise.ms,1787278265715000000,1787278325715000000,0
workspaceModel.to.snapshot.ms,1787278265715000000,1787278325715000000,0
workspaceModel.cachedValue.clear.ms,1787278265715000000,1787278325715000000,0
workspaceModel.check.recursive.update.ms,1787278265715000000,1787278325715000000,0
workspaceModel.workspaceFileIndexData.init.ms,1787278265715000000,1787278325715000000,0
workspaceModel.collect.changes.ms,1787278265715000000,1787278325715000000,0
workspaceModel.full.replace.project.model.ms,1787278265715000000,1787278325715000000,0
workspaceModel.workspaceFileIndexData.instances.count,1787278265715000000,1787278325715000000,0
workspaceModel.workspaceFileIndexData.getFileInfo.ms,1787278265715000000,1787278325715000000,0
workspaceModel.updates.count,1787278265715000000,1787278325715000000,0
workspaceModel.cachedValue.total.get.ms,1787278265715000000,1787278325715000000,0
workspaceModel.pre.handlers.ms,1787278265715000000,1787278325715000000,0
workspaceModel.workspaceFileIndexData.onEntitiesChanged.ms,1787278265715000000,1787278325715000000,0
workspaceModel.updates.ms,1787278265715000000,1787278325715000000,0
workspaceModel.workspaceFileIndexData.markDirty.ms,1787278265715000000,1787278325715000000,0
workspaceModel.initializing.ms,1787278265715000000,1787278325715000000,0
workspaceModel.workspaceFileIndexData.getDirectoriesByPackageName.ms,1787278265715000000,1787278325715000000,0
workspaceModel.loading.total.ms,1787278265715000000,1787278325715000000,0
workspaceModel.cachedValueWithParameters.clear.ms,1787278265715000000,1787278325715000000,0
workspaceModel.replace.project.model.ms,1787278265715000000,1787278325715000000,0
workspaceModel.init.bridges.ms,1787278265715000000,1787278325715000000,0
JVM.usedHeapBytes,1787278265715000000,1787278325715000000,809249792
JVM.maxHeapBytes,1787278265715000000,1787278325715000000,2147483648
JVM.totalBytesAllocated,1787278265715000000,1787278325715000000,16142552
JVM.usedNativeBytes,1787278265715000000,1787278325715000000,418421048
JVM.maxThreadCount,1787278265715000000,1787278325715000000,120
JVM.threadCount,1787278265715000000,1787278325715000000,37
JVM.newThreadsCount,1787278265715000000,1787278325715000000,0
JVM.GC.collections,1787278265715000000,1787278325715000000,0
OS.loadAverage,1787278265715000000,1787278325715000000,0.45654296875
JVM.GC.collectionTimesMs,1787278265715000000,1787278325715000000,0
JVM.totalDirectByteBuffersBytes,1787278265715000000,1787278325715000000,347276447
JVM.totalCpuTimeMs,1787278265715000000,1787278325715000000,1700
Indexes.entries.lookupDurationAvgMs,1787278265715000000,1787278325715000000,0.0
Indexes.allKeys.lookupDurationAvgMs,1787278265715000000,1787278325715000000,0.0
Indexes.entries.lookups,1787278265715000000,1787278325715000000,0.0
Indexes.allKeys.lookups,1787278265715000000,1787278325715000000,0.0
Indexes.entries.lookupDurationMaxMs,1787278265715000000,1787278325715000000,0.0
Indexes.allKeys.lookupDuration90PMs,1787278265715000000,1787278325715000000,0.0
Indexes.stubs.lookupDurationAvgMs,1787278265715000000,1787278325715000000,0.0
Indexes.allKeys.lookupDurationMaxMs,1787278265715000000,1787278325715000000,0.0
Indexes.stubs.lookupDuration90PMs,1787278265715000000,1787278325715000000,0.0
IndexesFlusher.totalFlushes,1787278265715000000,1787278325715000000,119
IndexesFlusher.totalFlushingTimeUs,1787278265715000000,1787278325715000000,244415
Indexes.entries.lookupDuration90PMs,1787278265715000000,1787278325715000000,0.0
IndexesFlusher.totalFlushesRetried,1787278265715000000,1787278325715000000,0
Indexes.stubs.lookupDurationMaxMs,1787278265715000000,1787278325715000000,0.0
IndexesFlusher.totalContentionQuotaSpent,1787278265715000000,1787278325715000000,0
Indexes.stubs.lookups,1787278265715000000,1787278325715000000,0.0
VFS.fileChildByName,1787278265715000000,1787278325715000000,0
FileNameCache.queries,1787278265715000000,1787278325715000000,0
VFS.invertedFileNameIndex.requests,1787278265715000000,1787278325715000000,0
VFS.fileByIdCache.hits,1787278265715000000,1787278325715000000,0
VFS.fileByIdCache.misses,1787278265715000000,1787278325715000000,0
FileNameCache.totalMisses,1787278265715000000,1787278325715000000,0
FilePageCacheLockFree.totalPageAllocationsWaited,1787278325715000000,1787278385715000000,0
FilePageCacheLockFree.totalHeapBytesAllocated,1787278325715000000,1787278385715000000,0
DirectByteBufferAllocator.hits,1787278325715000000,1787278385715000000,0
StorageLockContext.competingThreads.max,1787278325715000000,1787278385715000000,0
FilePageCache.maxCacheSizeInBytes,1787278325715000000,1787278385715000000,347095040
FilePageCache.pageLoadsAboveSizeThreshold,1787278325715000000,1787278385715000000,0
FilePageCacheLockFree.totalBytesRequested,1787278325715000000,1787278385715000000,0
MappedFileStorage.storages,1787278325715000000,1787278385715000000,15
DirectByteBufferAllocator.reclaimed,1787278325715000000,1787278385715000000,0
FilePageCache.totalPageLoadsUs,1787278325715000000,1787278385715000000,0
FilePageCacheLockFree.totalPagesWritten,1787278325715000000,1787278385715000000,0
FilePageCacheLockFree.totalHeapBytesReclaimed,1787278325715000000,1787278385715000000,0
FileChannelInterruptsRetryer.totalRetriedAttempts,1787278325715000000,1787278385715000000,0
FilePageCacheLockFree.totalPagesReclaimed,1787278325715000000,1787278385715000000,0
FilePageCacheLockFree.housekeeperTurnsSkipped,1787278325715000000,1787278385715000000,0
FilePageCacheLockFree.totalNativeBytesAllocated,1787278325715000000,1787278385715000000,0
MappedFileStorage.totalTimeSpentOnMappingUs,1787278325715000000,1787278385715000000,7859062
FilePageCacheLockFree.totalBytesRead,1787278325715000000,1787278385715000000,0
DirectByteBufferAllocator.totalSizeOfBuffersAllocatedInBytes,1787278325715000000,1787278385715000000,347095040
StreamlinedBlobStorage.totalLiveRecordsCapacityBytes,1787278325715000000,1787278385715000000,0
FilePageCacheLockFree.heapBytesInUse,1787278325715000000,1787278385715000000,0
StreamlinedBlobStorage.recordsAllocated,1787278325715000000,1787278385715000000,0
FilePageCacheLockFree.totalPagesRequestsMs,1787278325715000000,1787278385715000000,0
StreamlinedBlobStorage.recordsDeleted,1787278325715000000,1787278385715000000,0
FilePageCacheLockFree.housekeeperTimeSpentMs,1787278325715000000,1787278385715000000,0
DirectByteBufferAllocator.disposed,1787278325715000000,1787278385715000000,0
FilePageCacheLockFree.totalPagesRequested,1787278325715000000,1787278385715000000,0
FilePageCache.capacityInBytes,1787278325715000000,1787278385715000000,503316478
FilePageCache.disposedBuffers,1787278325715000000,1787278385715000000,0
FilePageCacheLockFree.totalPagesWriteMs,1787278325715000000,1787278385715000000,0
DirectByteBufferAllocator.misses,1787278325715000000,1787278385715000000,0
FilePageCacheLockFree.totalPagesAllocated,1787278325715000000,1787278385715000000,0
FilePageCache.pageFastCacheHits,1787278325715000000,1787278385715000000,0
FilePageCache.totalPageDisposalsUs,1787278325715000000,1787278385715000000,0
FilePageCache.maxRegisteredFiles,1787278325715000000,1787278385715000000,558
StreamlinedBlobStorage.recordsRelocated,1787278325715000000,1787278385715000000,0
StreamlinedBlobStorage.totalLiveRecordsPayloadBytes,1787278325715000000,1787278385715000000,0
FilePageCacheLockFree.housekeeperTurnsDone,1787278325715000000,1787278385715000000,0
FilePageCache.pageLoads,1787278325715000000,1787278385715000000,0
MappedFileStorage.totalBytesMapped,1787278325715000000,1787278385715000000,198443008
FilePageCacheLockFree.totalNativeBytesReclaimed,1787278325715000000,1787278385715000000,0
MappedFileStorage.totalPagesMapped,1787278325715000000,1787278385715000000,15
StorageLockContext.competingThreads.avg,1787278325715000000,1787278385715000000,0.0
DirectByteBufferAllocator.totalSizeOfBuffersCachedInBytes,1787278325715000000,1787278385715000000,0
FilePageCache.uncachedFileAccess,1787278325715000000,1787278385715000000,0
FilePageCache.pageHits,1787278325715000000,1787278385715000000,0
StorageLockContext.competingThreads.90P,1787278325715000000,1787278385715000000,0
FilePageCacheLockFree.totalBytesWritten,1787278325715000000,1787278385715000000,0
FilePageCacheLockFree.totalPagesHandedOver,1787278325715000000,1787278385715000000,0
FilePageCacheLockFree.nativeBytesInUse,1787278325715000000,1787278385715000000,0
FilePageCacheLockFree.totalPagesReadMs,1787278325715000000,1787278385715000000,0
FilePageCacheLockFree.totalClosedStoragesReclaimed,1787278325715000000,1787278385715000000,0
FlushQueue.executionTimeMaxNs,1787278325715000000,1787278385715000000,181247
ReadAction.executionsCount,1787278325715000000,1787278385715000000,1560
AWTEventQueue.dispatchTimeTotalNS,1787278325715000000,1787278385715000000,138551130
FlushQueue.queueSizeAvg,1787278325715000000,1787278385715000000,0.0
FlushQueue.tasksExecuted,1787278325715000000,1787278385715000000,240
AWTEventQueue.dispatchTimeMaxNs,1787278325715000000,1787278385715000000,1204223
AWTEventQueue.dispatchTime90PNs,1787278325715000000,1787278385715000000,708607
FlushQueue.waitingTimeMaxNs,1787278325715000000,1787278385715000000,411647
WriteAction.executionsCount,1787278325715000000,1787278385715000000,0
NonBlockingReadAction.failedExecutionsCount,1787278325715000000,1787278385715000000,0
FlushQueue.executionTimeAvgNs,1787278325715000000,1787278385715000000,70486.13333333333
NonBlockingReadAction.failedExecutionTimeUs,1787278325715000000,1787278385715000000,0
FlushQueue.waitingTimeAvgNs,1787278325715000000,1787278385715000000,175517.86666666667
NonBlockingReadAction.finalizedExecutionTimeUs,1787278325715000000,1787278385715000000,0
AWTEventQueue.eventsDispatched,1787278325715000000,1787278385715000000,480
NonBlockingReadAction.finalizedExecutionsCount,1787278325715000000,1787278385715000000,0
FlushQueue.queueSizeMax,1787278325715000000,1787278385715000000,0
FlushQueue.executionTime90PNs,1787278325715000000,1787278385715000000,108543
AWTEventQueue.dispatchTimeAvgNs,1787278325715000000,1787278385715000000,288692.26666666666
FlushQueue.waitingTime90PNs,1787278325715000000,1787278385715000000,201727
FlushQueue.queueSize90P,1787278325715000000,1787278385715000000,0
cacheStateStorage.get.counter,1787278325715000000,1787278385715000000,0
cacheStateStorage.set.duration,1787278325715000000,1787278385715000000,0
cacheStateStorage.set.counter,1787278325715000000,1787278385715000000,0
cacheStateStorage.get.duration,1787278325715000000,1787278385715000000,0
workspaceModel.mutableEntityStorage.modify.entity.ms,1787278325715000000,1787278385715000000,0
jps.modifiable.module.model.bridge.new.module.ms,1787278325715000000,1787278385715000000,0
jps.project.serializers.save.ms,1787278325715000000,1787278385715000000,0
jps.artifact.entities.serializer.save.entities.ms,1787278325715000000,1787278385715000000,0
jps.global.initialize.library.bridges.ms,1787278325715000000,1787278385715000000,0
workspaceModel.mutableEntityStorage.mutable.ext.mapping.ms,1787278325715000000,1787278385715000000,0
jps.load.initial.state.ms,1787278325715000000,1787278385715000000,0
workspaceModel.global.updates.ms,1787278325715000000,1787278385715000000,0
jps.reload.project.entities.ms,1787278325715000000,1787278385715000000,0
jps.module.iml.entities.serializer.load.entities.ms,1787278325715000000,1787278385715000000,0
workspaceModel.mutableEntityStorage.entities.ms,1787278325715000000,1787278385715000000,0
jps.global.handle.changed.events.ms,1787278325715000000,1787278385715000000,0
jps.app.storage.content.reader.load.component.ms,1787278325715000000,1787278385715000000,0
workspaceModel.load.cache.from.file.ms,1787278325715000000,1787278385715000000,0
jps.global.initialize.library.bridges.after.loading.ms,1787278325715000000,1787278385715000000,0
workspaceModel.mutableEntityStorage.apply.changes.from.ms,1787278325715000000,1787278385715000000,0
workspaceModel.load.cache.metadata.from.file.ms,1787278325715000000,1787278385715000000,0
workspaceModel.mutableEntityStorage.remove.entity.ms,1787278325715000000,1787278385715000000,0
workspaceModel.mutableEntityStorage.referrers.ms,1787278325715000000,1787278385715000000,0
jps.global.get.library.ms,1787278325715000000,1787278385715000000,0
workspaceModel.mutableEntityStorage.add.entity.ms,1787278325715000000,1787278385715000000,0
workspaceModel.global.apply.state.to.project.builder.ms,1787278325715000000,1787278385715000000,0
workspaceModel.mutableEntityStorage.to.snapshot.ms,1787278325715000000,1787278385715000000,0
jps.facet.change.listener.process.change.events.ms,1787278325715000000,1787278385715000000,0
workspaceModel.orphan.listener.update.ms,1787278325715000000,1787278385715000000,0
jps.global.get.library.by.name.ms,1787278325715000000,1787278385715000000,0
workspaceModel.moduleManagerBridge.newModule.ms,1787278325715000000,1787278385715000000,0
jps.facet.change.listener.init.bridge.ms,1787278325715000000,1787278385715000000,0
workspaceModel.moduleManagerBridge.build.module.graph.ms,1787278325715000000,1787278385715000000,0
workspaceModel.do.save.caches.ms,1787278325715000000,1787278385715000000,0
jps.save.changed.project.entities.ms,1787278325715000000,1787278385715000000,0
jps.app.storage.content.writer.save.component.ms,1787278325715000000,1787278385715000000,0
workspaceModel.mutableEntityStorage.replace.by.source.ms,1787278325715000000,1787278385715000000,0
workspaceModel.moduleManagerBridge.new.nonPersistent.module.ms,1787278325715000000,1787278385715000000,0
workspaceModel.moduleManagerBridge.get.modules.ms,1787278325715000000,1787278385715000000,0
workspaceModel.global.apply.state.to.project.ms,1787278325715000000,1787278385715000000,0
jps.modifiable.module.model.bridge.renaming.ms,1787278325715000000,1787278385715000000,0
workspaceModel.save.cache.to.file.ms,1787278325715000000,1787278385715000000,0
workspaceModel.moduleManagerBridge.load.module.ms,1787278325715000000,1787278385715000000,0
workspaceModel.mutableEntityStorage.collect.changes.ms,1787278325715000000,1787278385715000000,0
workspaceModel.sync.entities.ms,1787278325715000000,1787278385715000000,0
jps.project.serializers.load.ms,1787278325715000000,1787278385715000000,0
workspaceModel.mutableEntityStorage.has.same.entities.ms,1787278325715000000,1787278385715000000,0
workspaceModel.mutableEntityStorage.resolve.ms,1787278325715000000,1787278385715000000,0
workspaceModel.moduleBridge.facet.initialization.ms,1787278325715000000,1787278385715000000,0
jps.load.project.to.empty.storage.ms,1787278325715000000,1787278385715000000,0
jps.global.handle.before.change.events.ms,1787278325715000000,1787278385715000000,0
workspaceModel.moduleBridge.before.changed.ms,1787278325715000000,1787278385715000000,0
jps.modifiable.module.model.bridge.disposing.ms,1787278325715000000,1787278385715000000,0
workspaceModel.moduleManagerBridge.set.unloadedModules.ms,1787278325715000000,1787278385715000000,0
jps.library.entities.serializer.save.entities.ms,1787278325715000000,1787278385715000000,0
jps.library.entities.serializer.load.entities.ms,1787278325715000000,1787278385715000000,0
jps.save.global.entities.ms,1787278325715000000,1787278385715000000,0
jps.global.get.libraries.ms,1787278325715000000,1787278385715000000,0
jps.modifiable.module.model.bridge.load.module.ms,1787278325715000000,1787278385715000000,0
workspaceModel.mutableEntityStorage.instances.count,1787278325715000000,1787278385715000000,0
workspaceModel.moduleManagerBridge.create.module.instance.ms,1787278325715000000,1787278385715000000,0
workspaceModel.moduleBridgeLoader.loading.modules.ms,1787278325715000000,1787278385715000000,0
workspaceModel.moduleManagerBridge.load.all.modules.ms,1787278325715000000,1787278385715000000,0
workspaceModel.mutableEntityStorage.mutable.vfurl.index.ms,1787278325715000000,1787278385715000000,0
jps.artifact.entities.serializer.load.entities.ms,1787278325715000000,1787278385715000000,0
workspaceModel.mutableEntityStorage.entities.by.source.ms,1787278325715000000,1787278385715000000,0
workspaceModel.mutableEntityStorage.put.entity.ms,1787278325715000000,1787278385715000000,0
jps.apply.loaded.storage.ms,1787278325715000000,1787278385715000000,0
jps.module.iml.entities.serializer.save.entities.ms,1787278325715000000,1787278385715000000,0
jps.facet.change.listener.before.change.events.ms,1787278325715000000,1787278385715000000,0
workspaceModel.moduleBridge.update.option.ms,1787278325715000000,1787278385715000000,0
jps.storage.jps.conf.reader.load.component.ms,1787278325715000000,1787278385715000000,0
workspaceModel.delayed.project.synchronizer.sync.ms,1787278325715000000,1787278385715000000,0
workspaceModel.global.updates.count,1787278325715000000,1787278385715000000,0
compiler.ArtifactManagerBridge.commit.ms,1787278325715000000,1787278385715000000,0
compiler.ArtifactManagerBridge.getArtifactsByType.ms,1787278325715000000,1787278385715000000,0
compiler.ArtifactVirtualFileListener.filePathChanged.ms,1787278325715000000,1787278385715000000,0
compiler.ArtifactManagerBridge.getArtifacts.ms,1787278325715000000,1787278385715000000,0
compiler.ArtifactManagerBridge.dropMappings.ms,1787278325715000000,1787278385715000000,0
compiler.ArtifactManagerBridge.initBridges.ms,1787278325715000000,1787278385715000000,0
compiler.ArtifactManagerBridge.findArtifact.ms,1787278325715000000,1787278385715000000,0
compiler.ArtifactVirtualFileListener.propertyChanged.ms,1787278325715000000,1787278385715000000,0
compiler.ArtifactManagerBridge.addArtifact.ms,1787278325715000000,1787278385715000000,0
writeAction.wait.ms,1787278325715000000,1787278385715000000,0
writeAction.median.wait.ms,1787278325715000000,1787278385715000000,0
writeAction.max.wait.ms,1787278325715000000,1787278385715000000,58
writeAction.count,1787278325715000000,1787278385715000000,0
workspaceModel.cachedValueWithParameters.total.get.ms,1787278325715000000,1787278385715000000,0
workspaceModel.workspaceFileIndexData.visitFileSets.ms,1787278325715000000,1787278385715000000,0
workspaceModel.cachedValueWithParameters.from.cache.ms,1787278325715000000,1787278385715000000,0
workspaceModel.entityStorageSnapshotImpl.instances.count,1787278325715000000,1787278385715000000,0
workspaceModel.loading.from.cache.ms,1787278325715000000,1787278385715000000,0
workspaceModel.update.unloaded.entities.ms,1787278325715000000,1787278385715000000,0
workspaceModel.cachedValue.from.cache.ms,1787278325715000000,1787278385715000000,0
workspaceModel.cachedValue.calculated.ms,1787278325715000000,1787278385715000000,0
workspaceModel.workspaceFileIndexContributor.registerFileSets.ms,1787278325715000000,1787278385715000000,0
workspaceModel.workspaceFileIndexData.updateDirtyEntities.ms,1787278325715000000,1787278385715000000,0
workspaceModel.workspaceFileIndexData.getPackageName.ms,1787278325715000000,1787278385715000000,0
workspaceModel.cachedValueWithParameters.calculated.ms,1787278325715000000,1787278385715000000,0
workspaceModel.workspaceFileIndexData.processFileSets.ms,1787278325715000000,1787278385715000000,0
workspaceModel.updates.precise.ms,1787278325715000000,1787278385715000000,0
workspaceModel.to.snapshot.ms,1787278325715000000,1787278385715000000,0
workspaceModel.cachedValue.clear.ms,1787278325715000000,1787278385715000000,0
workspaceModel.check.recursive.update.ms,1787278325715000000,1787278385715000000,0
workspaceModel.workspaceFileIndexData.init.ms,1787278325715000000,1787278385715000000,0
workspaceModel.collect.changes.ms,1787278325715000000,1787278385715000000,0
workspaceModel.full.replace.project.model.ms,1787278325715000000,1787278385715000000,0
workspaceModel.workspaceFileIndexData.instances.count,1787278325715000000,1787278385715000000,0
workspaceModel.workspaceFileIndexData.getFileInfo.ms,1787278325715000000,1787278385715000000,0
workspaceModel.updates.count,1787278325715000000,1787278385715000000,0
workspaceModel.cachedValue.total.get.ms,1787278325715000000,1787278385715000000,0
workspaceModel.pre.handlers.ms,1787278325715000000,1787278385715000000,0
workspaceModel.workspaceFileIndexData.onEntitiesChanged.ms,1787278325715000000,1787278385715000000,0
workspaceModel.updates.ms,1787278325715000000,1787278385715000000,0
workspaceModel.workspaceFileIndexData.markDirty.ms,1787278325715000000,1787278385715000000,0
workspaceModel.initializing.ms,1787278325715000000,1787278385715000000,0
workspaceModel.workspaceFileIndexData.getDirectoriesByPackageName.ms,1787278325715000000,1787278385715000000,0
workspaceModel.loading.total.ms,1787278325715000000,1787278385715000000,0
workspaceModel.cachedValueWithParameters.clear.ms,1787278325715000000,1787278385715000000,0
workspaceModel.replace.project.model.ms,1787278325715000000,1787278385715000000,0
workspaceModel.init.bridges.ms,1787278325715000000,1787278385715000000,0
JVM.usedHeapBytes,1787278325715000000,1787278385715000000,824978432
JVM.maxHeapBytes,1787278325715000000,1787278385715000000,2147483648
JVM.totalBytesAllocated,1787278325715000000,1787278385715000000,16067056
JVM.usedNativeBytes,1787278325715000000,1787278385715000000,418611640
JVM.maxThreadCount,1787278325715000000,1787278385715000000,120
JVM.threadCount,1787278325715000000,1787278385715000000,37
JVM.newThreadsCount,1787278325715000000,1787278385715000000,0
JVM.GC.collections,1787278325715000000,1787278385715000000,0
OS.loadAverage,1787278325715000000,1787278385715000000,0.84326171875
JVM.GC.collectionTimesMs,1787278325715000000,1787278385715000000,0
JVM.totalDirectByteBuffersBytes,1787278325715000000,1787278385715000000,347276447
JVM.totalCpuTimeMs,1787278325715000000,1787278385715000000,1700
Indexes.entries.lookupDurationAvgMs,1787278325715000000,1787278385715000000,0.0
Indexes.allKeys.lookupDurationAvgMs,1787278325715000000,1787278385715000000,0.0
Indexes.entries.lookups,1787278325715000000,1787278385715000000,0.0
Indexes.allKeys.lookups,1787278325715000000,1787278385715000000,0.0
Indexes.entries.lookupDurationMaxMs,1787278325715000000,1787278385715000000,0.0
Indexes.allKeys.lookupDuration90PMs,1787278325715000000,1787278385715000000,0.0
Indexes.stubs.lookupDurationAvgMs,1787278325715000000,1787278385715000000,0.0
Indexes.allKeys.lookupDurationMaxMs,1787278325715000000,1787278385715000000,0.0
Indexes.stubs.lookupDuration90PMs,1787278325715000000,1787278385715000000,0.0
IndexesFlusher.totalFlushes,1787278325715000000,1787278385715000000,119
IndexesFlusher.totalFlushingTimeUs,1787278325715000000,1787278385715000000,244510
Indexes.entries.lookupDuration90PMs,1787278325715000000,1787278385715000000,0.0
IndexesFlusher.totalFlushesRetried,1787278325715000000,1787278385715000000,0
Indexes.stubs.lookupDurationMaxMs,1787278325715000000,1787278385715000000,0.0
IndexesFlusher.totalContentionQuotaSpent,1787278325715000000,1787278385715000000,0
Indexes.stubs.lookups,1787278325715000000,1787278385715000000,0.0
VFS.fileChildByName,1787278325715000000,1787278385715000000,0
FileNameCache.queries,1787278325715000000,1787278385715000000,0
VFS.invertedFileNameIndex.requests,1787278325715000000,1787278385715000000,0
VFS.fileByIdCache.hits,1787278325715000000,1787278385715000000,0
VFS.fileByIdCache.misses,1787278325715000000,1787278385715000000,0
FileNameCache.totalMisses,1787278325715000000,1787278385715000000,0
FilePageCacheLockFree.totalPageAllocationsWaited,1787278385715000000,1787278445715000000,0
FilePageCacheLockFree.totalHeapBytesAllocated,1787278385715000000,1787278445715000000,0
DirectByteBufferAllocator.hits,1787278385715000000,1787278445715000000,0
StorageLockContext.competingThreads.max,1787278385715000000,1787278445715000000,0
FilePageCache.maxCacheSizeInBytes,1787278385715000000,1787278445715000000,347095040
FilePageCache.pageLoadsAboveSizeThreshold,1787278385715000000,1787278445715000000,0
FilePageCacheLockFree.totalBytesRequested,1787278385715000000,1787278445715000000,0
MappedFileStorage.storages,1787278385715000000,1787278445715000000,15
DirectByteBufferAllocator.reclaimed,1787278385715000000,1787278445715000000,0
FilePageCache.totalPageLoadsUs,1787278385715000000,1787278445715000000,0
FilePageCacheLockFree.totalPagesWritten,1787278385715000000,1787278445715000000,0
FilePageCacheLockFree.totalHeapBytesReclaimed,1787278385715000000,1787278445715000000,0
FileChannelInterruptsRetryer.totalRetriedAttempts,1787278385715000000,1787278445715000000,0
FilePageCacheLockFree.totalPagesReclaimed,1787278385715000000,1787278445715000000,0
FilePageCacheLockFree.housekeeperTurnsSkipped,1787278385715000000,1787278445715000000,0
FilePageCacheLockFree.totalNativeBytesAllocated,1787278385715000000,1787278445715000000,0
MappedFileStorage.totalTimeSpentOnMappingUs,1787278385715000000,1787278445715000000,7859062
FilePageCacheLockFree.totalBytesRead,1787278385715000000,1787278445715000000,0
DirectByteBufferAllocator.totalSizeOfBuffersAllocatedInBytes,1787278385715000000,1787278445715000000,347095040
StreamlinedBlobStorage.totalLiveRecordsCapacityBytes,1787278385715000000,1787278445715000000,0
FilePageCacheLockFree.heapBytesInUse,1787278385715000000,1787278445715000000,0
StreamlinedBlobStorage.recordsAllocated,1787278385715000000,1787278445715000000,0
FilePageCacheLockFree.totalPagesRequestsMs,1787278385715000000,1787278445715000000,0
StreamlinedBlobStorage.recordsDeleted,1787278385715000000,1787278445715000000,0
FilePageCacheLockFree.housekeeperTimeSpentMs,1787278385715000000,1787278445715000000,0
DirectByteBufferAllocator.disposed,1787278385715000000,1787278445715000000,0
FilePageCacheLockFree.totalPagesRequested,1787278385715000000,1787278445715000000,0
FilePageCache.capacityInBytes,1787278385715000000,1787278445715000000,503316478
FilePageCache.disposedBuffers,1787278385715000000,1787278445715000000,0
FilePageCacheLockFree.totalPagesWriteMs,1787278385715000000,1787278445715000000,0
DirectByteBufferAllocator.misses,1787278385715000000,1787278445715000000,0
FilePageCacheLockFree.totalPagesAllocated,1787278385715000000,1787278445715000000,0
FilePageCache.pageFastCacheHits,1787278385715000000,1787278445715000000,0
FilePageCache.totalPageDisposalsUs,1787278385715000000,1787278445715000000,0
FilePageCache.maxRegisteredFiles,1787278385715000000,1787278445715000000,558
StreamlinedBlobStorage.recordsRelocated,1787278385715000000,1787278445715000000,0
StreamlinedBlobStorage.totalLiveRecordsPayloadBytes,1787278385715000000,1787278445715000000,0
FilePageCacheLockFree.housekeeperTurnsDone,1787278385715000000,1787278445715000000,0
FilePageCache.pageLoads,1787278385715000000,1787278445715000000,0
MappedFileStorage.totalBytesMapped,1787278385715000000,1787278445715000000,198443008
FilePageCacheLockFree.totalNativeBytesReclaimed,1787278385715000000,1787278445715000000,0
MappedFileStorage.totalPagesMapped,1787278385715000000,1787278445715000000,15
StorageLockContext.competingThreads.avg,1787278385715000000,1787278445715000000,0.0
DirectByteBufferAllocator.totalSizeOfBuffersCachedInBytes,1787278385715000000,1787278445715000000,0
FilePageCache.uncachedFileAccess,1787278385715000000,1787278445715000000,0
FilePageCache.pageHits,1787278385715000000,1787278445715000000,0
StorageLockContext.competingThreads.90P,1787278385715000000,1787278445715000000,0
FilePageCacheLockFree.totalBytesWritten,1787278385715000000,1787278445715000000,0
FilePageCacheLockFree.totalPagesHandedOver,1787278385715000000,1787278445715000000,0
FilePageCacheLockFree.nativeBytesInUse,1787278385715000000,1787278445715000000,0
FilePageCacheLockFree.totalPagesReadMs,1787278385715000000,1787278445715000000,0
FilePageCacheLockFree.totalClosedStoragesReclaimed,1787278385715000000,1787278445715000000,0
FlushQueue.executionTimeMaxNs,1787278385715000000,1787278445715000000,195583
ReadAction.executionsCount,1787278385715000000,1787278445715000000,1559
AWTEventQueue.dispatchTimeTotalNS,1787278385715000000,1787278445715000000,135221181
FlushQueue.queueSizeAvg,1787278385715000000,1787278445715000000,0.0
FlushQueue.tasksExecuted,1787278385715000000,1787278445715000000,240
AWTEventQueue.dispatchTimeMaxNs,1787278385715000000,1787278445715000000,970751
AWTEventQueue.dispatchTime90PNs,1787278385715000000,1787278445715000000,688127
FlushQueue.waitingTimeMaxNs,1787278385715000000,1787278445715000000,313343
WriteAction.executionsCount,1787278385715000000,1787278445715000000,0
NonBlockingReadAction.failedExecutionsCount,1787278385715000000,1787278445715000000,0
FlushQueue.executionTimeAvgNs,1787278385715000000,1787278445715000000,69820.26666666666
NonBlockingReadAction.failedExecutionTimeUs,1787278385715000000,1787278445715000000,0
FlushQueue.waitingTimeAvgNs,1787278385715000000,1787278445715000000,173051.73333333334
NonBlockingReadAction.finalizedExecutionTimeUs,1787278385715000000,1787278445715000000,0
AWTEventQueue.eventsDispatched,1787278385715000000,1787278445715000000,479
NonBlockingReadAction.finalizedExecutionsCount,1787278385715000000,1787278445715000000,0
FlushQueue.queueSizeMax,1787278385715000000,1787278445715000000,0
FlushQueue.executionTime90PNs,1787278385715000000,1787278445715000000,106495
AWTEventQueue.dispatchTimeAvgNs,1787278385715000000,1787278445715000000,282341.8121085595
FlushQueue.waitingTime90PNs,1787278385715000000,1787278445715000000,198655
FlushQueue.queueSize90P,1787278385715000000,1787278445715000000,0
cacheStateStorage.get.counter,1787278385715000000,1787278445715000000,0
cacheStateStorage.set.duration,1787278385715000000,1787278445715000000,0
cacheStateStorage.set.counter,1787278385715000000,1787278445715000000,0
cacheStateStorage.get.duration,1787278385715000000,1787278445715000000,0
workspaceModel.mutableEntityStorage.modify.entity.ms,1787278385715000000,1787278445715000000,0
jps.modifiable.module.model.bridge.new.module.ms,1787278385715000000,1787278445715000000,0
jps.project.serializers.save.ms,1787278385715000000,1787278445715000000,0
jps.artifact.entities.serializer.save.entities.ms,1787278385715000000,1787278445715000000,0
jps.global.initialize.library.bridges.ms,1787278385715000000,1787278445715000000,0
workspaceModel.mutableEntityStorage.mutable.ext.mapping.ms,1787278385715000000,1787278445715000000,0
jps.load.initial.state.ms,1787278385715000000,1787278445715000000,0
workspaceModel.global.updates.ms,1787278385715000000,1787278445715000000,0
jps.reload.project.entities.ms,1787278385715000000,1787278445715000000,0
jps.module.iml.entities.serializer.load.entities.ms,1787278385715000000,1787278445715000000,0
workspaceModel.mutableEntityStorage.entities.ms,1787278385715000000,1787278445715000000,0
jps.global.handle.changed.events.ms,1787278385715000000,1787278445715000000,0
jps.app.storage.content.reader.load.component.ms,1787278385715000000,1787278445715000000,0
workspaceModel.load.cache.from.file.ms,1787278385715000000,1787278445715000000,0
jps.global.initialize.library.bridges.after.loading.ms,1787278385715000000,1787278445715000000,0
workspaceModel.mutableEntityStorage.apply.changes.from.ms,1787278385715000000,1787278445715000000,0
workspaceModel.load.cache.metadata.from.file.ms,1787278385715000000,1787278445715000000,0
workspaceModel.mutableEntityStorage.remove.entity.ms,1787278385715000000,1787278445715000000,0
workspaceModel.mutableEntityStorage.referrers.ms,1787278385715000000,1787278445715000000,0
jps.global.get.library.ms,1787278385715000000,1787278445715000000,0
workspaceModel.mutableEntityStorage.add.entity.ms,1787278385715000000,1787278445715000000,0
workspaceModel.global.apply.state.to.project.builder.ms,1787278385715000000,1787278445715000000,0
workspaceModel.mutableEntityStorage.to.snapshot.ms,1787278385715000000,1787278445715000000,0
jps.facet.change.listener.process.change.events.ms,1787278385715000000,1787278445715000000,0
workspaceModel.orphan.listener.update.ms,1787278385715000000,1787278445715000000,0
jps.global.get.library.by.name.ms,1787278385715000000,1787278445715000000,0
workspaceModel.moduleManagerBridge.newModule.ms,1787278385715000000,1787278445715000000,0
jps.facet.change.listener.init.bridge.ms,1787278385715000000,1787278445715000000,0
workspaceModel.moduleManagerBridge.build.module.graph.ms,1787278385715000000,1787278445715000000,0
workspaceModel.do.save.caches.ms,1787278385715000000,1787278445715000000,0
jps.save.changed.project.entities.ms,1787278385715000000,1787278445715000000,0
jps.app.storage.content.writer.save.component.ms,1787278385715000000,1787278445715000000,0
workspaceModel.mutableEntityStorage.replace.by.source.ms,1787278385715000000,1787278445715000000,0
workspaceModel.moduleManagerBridge.new.nonPersistent.module.ms,1787278385715000000,1787278445715000000,0
workspaceModel.moduleManagerBridge.get.modules.ms,1787278385715000000,1787278445715000000,0
workspaceModel.global.apply.state.to.project.ms,1787278385715000000,1787278445715000000,0
jps.modifiable.module.model.bridge.renaming.ms,1787278385715000000,1787278445715000000,0
workspaceModel.save.cache.to.file.ms,1787278385715000000,1787278445715000000,0
workspaceModel.moduleManagerBridge.load.module.ms,1787278385715000000,1787278445715000000,0
workspaceModel.mutableEntityStorage.collect.changes.ms,1787278385715000000,1787278445715000000,0
workspaceModel.sync.entities.ms,1787278385715000000,1787278445715000000,0
jps.project.serializers.load.ms,1787278385715000000,1787278445715000000,0
workspaceModel.mutableEntityStorage.has.same.entities.ms,1787278385715000000,1787278445715000000,0
workspaceModel.mutableEntityStorage.resolve.ms,1787278385715000000,1787278445715000000,0
workspaceModel.moduleBridge.facet.initialization.ms,1787278385715000000,1787278445715000000,0
jps.load.project.to.empty.storage.ms,1787278385715000000,1787278445715000000,0
jps.global.handle.before.change.events.ms,1787278385715000000,1787278445715000000,0
workspaceModel.moduleBridge.before.changed.ms,1787278385715000000,1787278445715000000,0
jps.modifiable.module.model.bridge.disposing.ms,1787278385715000000,1787278445715000000,0
workspaceModel.moduleManagerBridge.set.unloadedModules.ms,1787278385715000000,1787278445715000000,0
jps.library.entities.serializer.save.entities.ms,1787278385715000000,1787278445715000000,0
jps.library.entities.serializer.load.entities.ms,1787278385715000000,1787278445715000000,0
jps.save.global.entities.ms,1787278385715000000,1787278445715000000,0
jps.global.get.libraries.ms,1787278385715000000,1787278445715000000,0
jps.modifiable.module.model.bridge.load.module.ms,1787278385715000000,1787278445715000000,0
workspaceModel.mutableEntityStorage.instances.count,1787278385715000000,1787278445715000000,0
workspaceModel.moduleManagerBridge.create.module.instance.ms,1787278385715000000,1787278445715000000,0
workspaceModel.moduleBridgeLoader.loading.modules.ms,1787278385715000000,1787278445715000000,0
workspaceModel.moduleManagerBridge.load.all.modules.ms,1787278385715000000,1787278445715000000,0
workspaceModel.mutableEntityStorage.mutable.vfurl.index.ms,1787278385715000000,1787278445715000000,0
jps.artifact.entities.serializer.load.entities.ms,1787278385715000000,1787278445715000000,0
workspaceModel.mutableEntityStorage.entities.by.source.ms,1787278385715000000,1787278445715000000,0
workspaceModel.mutableEntityStorage.put.entity.ms,1787278385715000000,1787278445715000000,0
jps.apply.loaded.storage.ms,1787278385715000000,1787278445715000000,0
jps.module.iml.entities.serializer.save.entities.ms,1787278385715000000,1787278445715000000,0
jps.facet.change.listener.before.change.events.ms,1787278385715000000,1787278445715000000,0
workspaceModel.moduleBridge.update.option.ms,1787278385715000000,1787278445715000000,0
jps.storage.jps.conf.reader.load.component.ms,1787278385715000000,1787278445715000000,0
workspaceModel.delayed.project.synchronizer.sync.ms,1787278385715000000,1787278445715000000,0
workspaceModel.global.updates.count,1787278385715000000,1787278445715000000,0
compiler.ArtifactManagerBridge.commit.ms,1787278385715000000,1787278445715000000,0
compiler.ArtifactManagerBridge.getArtifactsByType.ms,1787278385715000000,1787278445715000000,0
compiler.ArtifactVirtualFileListener.filePathChanged.ms,1787278385715000000,1787278445715000000,0
compiler.ArtifactManagerBridge.getArtifacts.ms,1787278385715000000,1787278445715000000,0
compiler.ArtifactManagerBridge.dropMappings.ms,1787278385715000000,1787278445715000000,0
compiler.ArtifactManagerBridge.initBridges.ms,1787278385715000000,1787278445715000000,0
compiler.ArtifactManagerBridge.findArtifact.ms,1787278385715000000,1787278445715000000,0
compiler.ArtifactVirtualFileListener.propertyChanged.ms,1787278385715000000,1787278445715000000,0
compiler.ArtifactManagerBridge.addArtifact.ms,1787278385715000000,1787278445715000000,0
writeAction.wait.ms,1787278385715000000,1787278445715000000,0
writeAction.median.wait.ms,1787278385715000000,1787278445715000000,0
writeAction.max.wait.ms,1787278385715000000,1787278445715000000,58
writeAction.count,1787278385715000000,1787278445715000000,0
workspaceModel.cachedValueWithParameters.total.get.ms,1787278385715000000,1787278445715000000,0
workspaceModel.workspaceFileIndexData.visitFileSets.ms,1787278385715000000,1787278445715000000,0
workspaceModel.cachedValueWithParameters.from.cache.ms,1787278385715000000,1787278445715000000,0
workspaceModel.entityStorageSnapshotImpl.instances.count,1787278385715000000,1787278445715000000,0
workspaceModel.loading.from.cache.ms,1787278385715000000,1787278445715000000,0
workspaceModel.update.unloaded.entities.ms,1787278385715000000,1787278445715000000,0
workspaceModel.cachedValue.from.cache.ms,1787278385715000000,1787278445715000000,0
workspaceModel.cachedValue.calculated.ms,1787278385715000000,1787278445715000000,0
workspaceModel.workspaceFileIndexContributor.registerFileSets.ms,1787278385715000000,1787278445715000000,0
workspaceModel.workspaceFileIndexData.updateDirtyEntities.ms,1787278385715000000,1787278445715000000,0
workspaceModel.workspaceFileIndexData.getPackageName.ms,1787278385715000000,1787278445715000000,0
workspaceModel.cachedValueWithParameters.calculated.ms,1787278385715000000,1787278445715000000,0
workspaceModel.workspaceFileIndexData.processFileSets.ms,1787278385715000000,1787278445715000000,0
workspaceModel.updates.precise.ms,1787278385715000000,1787278445715000000,0
workspaceModel.to.snapshot.ms,1787278385715000000,1787278445715000000,0
workspaceModel.cachedValue.clear.ms,1787278385715000000,1787278445715000000,0
workspaceModel.check.recursive.update.ms,1787278385715000000,1787278445715000000,0
workspaceModel.workspaceFileIndexData.init.ms,1787278385715000000,1787278445715000000,0
workspaceModel.collect.changes.ms,1787278385715000000,1787278445715000000,0
workspaceModel.full.replace.project.model.ms,1787278385715000000,1787278445715000000,0
workspaceModel.workspaceFileIndexData.instances.count,1787278385715000000,1787278445715000000,0
workspaceModel.workspaceFileIndexData.getFileInfo.ms,1787278385715000000,1787278445715000000,0
workspaceModel.updates.count,1787278385715000000,1787278445715000000,0
workspaceModel.cachedValue.total.get.ms,1787278385715000000,1787278445715000000,0
workspaceModel.pre.handlers.ms,1787278385715000000,1787278445715000000,0
workspaceModel.workspaceFileIndexData.onEntitiesChanged.ms,1787278385715000000,1787278445715000000,0
workspaceModel.updates.ms,1787278385715000000,1787278445715000000,0
workspaceModel.workspaceFileIndexData.markDirty.ms,1787278385715000000,1787278445715000000,0
workspaceModel.initializing.ms,1787278385715000000,1787278445715000000,0
workspaceModel.workspaceFileIndexData.getDirectoriesByPackageName.ms,1787278385715000000,1787278445715000000,0
workspaceModel.loading.total.ms,1787278385715000000,1787278445715000000,0
workspaceModel.cachedValueWithParameters.clear.ms,1787278385715000000,1787278445715000000,0
workspaceModel.replace.project.model.ms,1787278385715000000,1787278445715000000,0
workspaceModel.init.bridges.ms,1787278385715000000,1787278445715000000,0
JVM.usedHeapBytes,1787278385715000000,1787278445715000000,840707072
JVM.maxHeapBytes,1787278385715000000,1787278445715000000,2147483648
JVM.totalBytesAllocated,1787278385715000000,1787278445715000000,15718312
JVM.usedNativeBytes,1787278385715000000,1787278445715000000,418804576
JVM.maxThreadCount,1787278385715000000,1787278445715000000,120
JVM.threadCount,1787278385715000000,1787278445715000000,37
JVM.newThreadsCount,1787278385715000000,1787278445715000000,0
JVM.GC.collections,1787278385715000000,1787278445715000000,0
OS.loadAverage,1787278385715000000,1787278445715000000,1.154296875
JVM.GC.collectionTimesMs,1787278385715000000,1787278445715000000,0
JVM.totalDirectByteBuffersBytes,1787278385715000000,1787278445715000000,347276447
JVM.totalCpuTimeMs,1787278385715000000,1787278445715000000,1240
Indexes.entries.lookupDurationAvgMs,1787278385715000000,1787278445715000000,0.0
Indexes.allKeys.lookupDurationAvgMs,1787278385715000000,1787278445715000000,0.0
Indexes.entries.lookups,1787278385715000000,1787278445715000000,0.0
Indexes.allKeys.lookups,1787278385715000000,1787278445715000000,0.0
Indexes.entries.lookupDurationMaxMs,1787278385715000000,1787278445715000000,0.0
Indexes.allKeys.lookupDuration90PMs,1787278385715000000,1787278445715000000,0.0
Indexes.stubs.lookupDurationAvgMs,1787278385715000000,1787278445715000000,0.0
Indexes.allKeys.lookupDurationMaxMs,1787278385715000000,1787278445715000000,0.0
Indexes.stubs.lookupDuration90PMs,1787278385715000000,1787278445715000000,0.0
IndexesFlusher.totalFlushes,1787278385715000000,1787278445715000000,120
IndexesFlusher.totalFlushingTimeUs,1787278385715000000,1787278445715000000,254060
Indexes.entries.lookupDuration90PMs,1787278385715000000,1787278445715000000,0.0
IndexesFlusher.totalFlushesRetried,1787278385715000000,1787278445715000000,0
Indexes.stubs.lookupDurationMaxMs,1787278385715000000,1787278445715000000,0.0
IndexesFlusher.totalContentionQuotaSpent,1787278385715000000,1787278445715000000,0
Indexes.stubs.lookups,1787278385715000000,1787278445715000000,0.0
VFS.fileChildByName,1787278385715000000,1787278445715000000,0
FileNameCache.queries,1787278385715000000,1787278445715000000,0
VFS.invertedFileNameIndex.requests,1787278385715000000,1787278445715000000,0
VFS.fileByIdCache.hits,1787278385715000000,1787278445715000000,0
VFS.fileByIdCache.misses,1787278385715000000,1787278445715000000,0
FileNameCache.totalMisses,1787278385715000000,1787278445715000000,0
FilePageCacheLockFree.totalPageAllocationsWaited,1787278445715000000,1787278505715000000,0
FilePageCacheLockFree.totalHeapBytesAllocated,1787278445715000000,1787278505715000000,0
DirectByteBufferAllocator.hits,1787278445715000000,1787278505715000000,0
StorageLockContext.competingThreads.max,1787278445715000000,1787278505715000000,0
FilePageCache.maxCacheSizeInBytes,1787278445715000000,1787278505715000000,347095040
FilePageCache.pageLoadsAboveSizeThreshold,1787278445715000000,1787278505715000000,0
FilePageCacheLockFree.totalBytesRequested,1787278445715000000,1787278505715000000,0
MappedFileStorage.storages,1787278445715000000,1787278505715000000,15
DirectByteBufferAllocator.reclaimed,1787278445715000000,1787278505715000000,0
FilePageCache.totalPageLoadsUs,1787278445715000000,1787278505715000000,0
FilePageCacheLockFree.totalPagesWritten,1787278445715000000,1787278505715000000,0
FilePageCacheLockFree.totalHeapBytesReclaimed,1787278445715000000,1787278505715000000,0
FileChannelInterruptsRetryer.totalRetriedAttempts,1787278445715000000,1787278505715000000,0
FilePageCacheLockFree.totalPagesReclaimed,1787278445715000000,1787278505715000000,0
FilePageCacheLockFree.housekeeperTurnsSkipped,1787278445715000000,1787278505715000000,0
FilePageCacheLockFree.totalNativeBytesAllocated,1787278445715000000,1787278505715000000,0
MappedFileStorage.totalTimeSpentOnMappingUs,1787278445715000000,1787278505715000000,7859062
FilePageCacheLockFree.totalBytesRead,1787278445715000000,1787278505715000000,0
DirectByteBufferAllocator.totalSizeOfBuffersAllocatedInBytes,1787278445715000000,1787278505715000000,347095040
StreamlinedBlobStorage.totalLiveRecordsCapacityBytes,1787278445715000000,1787278505715000000,0
FilePageCacheLockFree.heapBytesInUse,1787278445715000000,1787278505715000000,0
StreamlinedBlobStorage.recordsAllocated,1787278445715000000,1787278505715000000,0
FilePageCacheLockFree.totalPagesRequestsMs,1787278445715000000,1787278505715000000,0
StreamlinedBlobStorage.recordsDeleted,1787278445715000000,1787278505715000000,0
FilePageCacheLockFree.housekeeperTimeSpentMs,1787278445715000000,1787278505715000000,0
DirectByteBufferAllocator.disposed,1787278445715000000,1787278505715000000,0
FilePageCacheLockFree.totalPagesRequested,1787278445715000000,1787278505715000000,0
FilePageCache.capacityInBytes,1787278445715000000,1787278505715000000,503316478
FilePageCache.disposedBuffers,1787278445715000000,1787278505715000000,0
FilePageCacheLockFree.totalPagesWriteMs,1787278445715000000,1787278505715000000,0
DirectByteBufferAllocator.misses,1787278445715000000,1787278505715000000,0
FilePageCacheLockFree.totalPagesAllocated,1787278445715000000,1787278505715000000,0
FilePageCache.pageFastCacheHits,1787278445715000000,1787278505715000000,0
FilePageCache.totalPageDisposalsUs,1787278445715000000,1787278505715000000,0
FilePageCache.maxRegisteredFiles,1787278445715000000,1787278505715000000,558
StreamlinedBlobStorage.recordsRelocated,1787278445715000000,1787278505715000000,0
StreamlinedBlobStorage.totalLiveRecordsPayloadBytes,1787278445715000000,1787278505715000000,0
FilePageCacheLockFree.housekeeperTurnsDone,1787278445715000000,1787278505715000000,0
FilePageCache.pageLoads,1787278445715000000,1787278505715000000,0
MappedFileStorage.totalBytesMapped,1787278445715000000,1787278505715000000,198443008
FilePageCacheLockFree.totalNativeBytesReclaimed,1787278445715000000,1787278505715000000,0
MappedFileStorage.totalPagesMapped,1787278445715000000,1787278505715000000,15
StorageLockContext.competingThreads.avg,1787278445715000000,1787278505715000000,0.0
DirectByteBufferAllocator.totalSizeOfBuffersCachedInBytes,1787278445715000000,1787278505715000000,0
FilePageCache.uncachedFileAccess,1787278445715000000,1787278505715000000,0
FilePageCache.pageHits,1787278445715000000,1787278505715000000,0
StorageLockContext.competingThreads.90P,1787278445715000000,1787278505715000000,0
FilePageCacheLockFree.totalBytesWritten,1787278445715000000,1787278505715000000,0
FilePageCacheLockFree.totalPagesHandedOver,1787278445715000000,1787278505715000000,0
FilePageCacheLockFree.nativeBytesInUse,1787278445715000000,1787278505715000000,0
FilePageCacheLockFree.totalPagesReadMs,1787278445715000000,1787278505715000000,0
FilePageCacheLockFree.totalClosedStoragesReclaimed,1787278445715000000,1787278505715000000,0
FlushQueue.executionTimeMaxNs,1787278445715000000,1787278505715000000,460799
ReadAction.executionsCount,1787278445715000000,1787278505715000000,46435
AWTEventQueue.dispatchTimeTotalNS,1787278445715000000,1787278505715000000,130417527
FlushQueue.queueSizeAvg,1787278445715000000,1787278505715000000,0.0
FlushQueue.tasksExecuted,1787278445715000000,1787278505715000000,239
AWTEventQueue.dispatchTimeMaxNs,1787278445715000000,1787278505715000000,1490943
AWTEventQueue.dispatchTime90PNs,1787278445715000000,1787278505715000000,688127
FlushQueue.waitingTimeMaxNs,1787278445715000000,1787278505715000000,329727
WriteAction.executionsCount,1787278445715000000,1787278505715000000,0
NonBlockingReadAction.failedExecutionsCount,1787278445715000000,1787278505715000000,0
FlushQueue.executionTimeAvgNs,1787278445715000000,1787278505715000000,70499.61506276151
NonBlockingReadAction.failedExecutionTimeUs,1787278445715000000,1787278505715000000,0
FlushQueue.waitingTimeAvgNs,1787278445715000000,1787278505715000000,162322.20920502092
NonBlockingReadAction.finalizedExecutionTimeUs,1787278445715000000,1787278505715000000,69607
AWTEventQueue.eventsDispatched,1787278445715000000,1787278505715000000,478
NonBlockingReadAction.finalizedExecutionsCount,1787278445715000000,1787278505715000000,3
FlushQueue.queueSizeMax,1787278445715000000,1787278505715000000,0
FlushQueue.executionTime90PNs,1787278445715000000,1787278505715000000,109567
AWTEventQueue.dispatchTimeAvgNs,1787278445715000000,1787278505715000000,272841.37238493725
FlushQueue.waitingTime90PNs,1787278445715000000,1787278505715000000,189439
FlushQueue.queueSize90P,1787278445715000000,1787278505715000000,0
cacheStateStorage.get.counter,1787278445715000000,1787278505715000000,0
cacheStateStorage.set.duration,1787278445715000000,1787278505715000000,0
cacheStateStorage.set.counter,1787278445715000000,1787278505715000000,0
cacheStateStorage.get.duration,1787278445715000000,1787278505715000000,0
workspaceModel.mutableEntityStorage.modify.entity.ms,1787278445715000000,1787278505715000000,0
jps.modifiable.module.model.bridge.new.module.ms,1787278445715000000,1787278505715000000,0
jps.project.serializers.save.ms,1787278445715000000,1787278505715000000,0
jps.artifact.entities.serializer.save.entities.ms,1787278445715000000,1787278505715000000,0
jps.global.initialize.library.bridges.ms,1787278445715000000,1787278505715000000,0
workspaceModel.mutableEntityStorage.mutable.ext.mapping.ms,1787278445715000000,1787278505715000000,0
jps.load.initial.state.ms,1787278445715000000,1787278505715000000,0
workspaceModel.global.updates.ms,1787278445715000000,1787278505715000000,0
jps.reload.project.entities.ms,1787278445715000000,1787278505715000000,0
jps.module.iml.entities.serializer.load.entities.ms,1787278445715000000,1787278505715000000,0
workspaceModel.mutableEntityStorage.entities.ms,1787278445715000000,1787278505715000000,0
jps.global.handle.changed.events.ms,1787278445715000000,1787278505715000000,0
jps.app.storage.content.reader.load.component.ms,1787278445715000000,1787278505715000000,0
workspaceModel.load.cache.from.file.ms,1787278445715000000,1787278505715000000,0
jps.global.initialize.library.bridges.after.loading.ms,1787278445715000000,1787278505715000000,0
workspaceModel.mutableEntityStorage.apply.changes.from.ms,1787278445715000000,1787278505715000000,0
workspaceModel.load.cache.metadata.from.file.ms,1787278445715000000,1787278505715000000,0
workspaceModel.mutableEntityStorage.remove.entity.ms,1787278445715000000,1787278505715000000,0
workspaceModel.mutableEntityStorage.referrers.ms,1787278445715000000,1787278505715000000,0
jps.global.get.library.ms,1787278445715000000,1787278505715000000,0
workspaceModel.mutableEntityStorage.add.entity.ms,1787278445715000000,1787278505715000000,0
workspaceModel.global.apply.state.to.project.builder.ms,1787278445715000000,1787278505715000000,0
workspaceModel.mutableEntityStorage.to.snapshot.ms,1787278445715000000,1787278505715000000,0
jps.facet.change.listener.process.change.events.ms,1787278445715000000,1787278505715000000,0
workspaceModel.orphan.listener.update.ms,1787278445715000000,1787278505715000000,0
jps.global.get.library.by.name.ms,1787278445715000000,1787278505715000000,0
workspaceModel.moduleManagerBridge.newModule.ms,1787278445715000000,1787278505715000000,0
jps.facet.change.listener.init.bridge.ms,1787278445715000000,1787278505715000000,0
workspaceModel.moduleManagerBridge.build.module.graph.ms,1787278445715000000,1787278505715000000,0
workspaceModel.do.save.caches.ms,1787278445715000000,1787278505715000000,0
jps.save.changed.project.entities.ms,1787278445715000000,1787278505715000000,0
jps.app.storage.content.writer.save.component.ms,1787278445715000000,1787278505715000000,0
workspaceModel.mutableEntityStorage.replace.by.source.ms,1787278445715000000,1787278505715000000,0
workspaceModel.moduleManagerBridge.new.nonPersistent.module.ms,1787278445715000000,1787278505715000000,0
workspaceModel.moduleManagerBridge.get.modules.ms,1787278445715000000,1787278505715000000,0
workspaceModel.global.apply.state.to.project.ms,1787278445715000000,1787278505715000000,0
jps.modifiable.module.model.bridge.renaming.ms,1787278445715000000,1787278505715000000,0
workspaceModel.save.cache.to.file.ms,1787278445715000000,1787278505715000000,0
workspaceModel.moduleManagerBridge.load.module.ms,1787278445715000000,1787278505715000000,0
workspaceModel.mutableEntityStorage.collect.changes.ms,1787278445715000000,1787278505715000000,0
workspaceModel.sync.entities.ms,1787278445715000000,1787278505715000000,0
jps.project.serializers.load.ms,1787278445715000000,1787278505715000000,0
workspaceModel.mutableEntityStorage.has.same.entities.ms,1787278445715000000,1787278505715000000,0
workspaceModel.mutableEntityStorage.resolve.ms,1787278445715000000,1787278505715000000,0
workspaceModel.moduleBridge.facet.initialization.ms,1787278445715000000,1787278505715000000,0
jps.load.project.to.empty.storage.ms,1787278445715000000,1787278505715000000,0
jps.global.handle.before.change.events.ms,1787278445715000000,1787278505715000000,0
workspaceModel.moduleBridge.before.changed.ms,1787278445715000000,1787278505715000000,0
jps.modifiable.module.model.bridge.disposing.ms,1787278445715000000,1787278505715000000,0
workspaceModel.moduleManagerBridge.set.unloadedModules.ms,1787278445715000000,1787278505715000000,0
jps.library.entities.serializer.save.entities.ms,1787278445715000000,1787278505715000000,0
jps.library.entities.serializer.load.entities.ms,1787278445715000000,1787278505715000000,0
jps.save.global.entities.ms,1787278445715000000,1787278505715000000,0
jps.global.get.libraries.ms,1787278445715000000,1787278505715000000,0
jps.modifiable.module.model.bridge.load.module.ms,1787278445715000000,1787278505715000000,0
workspaceModel.mutableEntityStorage.instances.count,1787278445715000000,1787278505715000000,0
workspaceModel.moduleManagerBridge.create.module.instance.ms,1787278445715000000,1787278505715000000,0
workspaceModel.moduleBridgeLoader.loading.modules.ms,1787278445715000000,1787278505715000000,0
workspaceModel.moduleManagerBridge.load.all.modules.ms,1787278445715000000,1787278505715000000,0
workspaceModel.mutableEntityStorage.mutable.vfurl.index.ms,1787278445715000000,1787278505715000000,0
jps.artifact.entities.serializer.load.entities.ms,1787278445715000000,1787278505715000000,0
workspaceModel.mutableEntityStorage.entities.by.source.ms,1787278445715000000,1787278505715000000,0
workspaceModel.mutableEntityStorage.put.entity.ms,1787278445715000000,1787278505715000000,0
jps.apply.loaded.storage.ms,1787278445715000000,1787278505715000000,0
jps.module.iml.entities.serializer.save.entities.ms,1787278445715000000,1787278505715000000,0
jps.facet.change.listener.before.change.events.ms,1787278445715000000,1787278505715000000,0
workspaceModel.moduleBridge.update.option.ms,1787278445715000000,1787278505715000000,0
jps.storage.jps.conf.reader.load.component.ms,1787278445715000000,1787278505715000000,0
workspaceModel.delayed.project.synchronizer.sync.ms,1787278445715000000,1787278505715000000,0
workspaceModel.global.updates.count,1787278445715000000,1787278505715000000,0
compiler.ArtifactManagerBridge.commit.ms,1787278445715000000,1787278505715000000,0
compiler.ArtifactManagerBridge.getArtifactsByType.ms,1787278445715000000,1787278505715000000,0
compiler.ArtifactVirtualFileListener.filePathChanged.ms,1787278445715000000,1787278505715000000,0
compiler.ArtifactManagerBridge.getArtifacts.ms,1787278445715000000,1787278505715000000,0
compiler.ArtifactManagerBridge.dropMappings.ms,1787278445715000000,1787278505715000000,0
compiler.ArtifactManagerBridge.initBridges.ms,1787278445715000000,1787278505715000000,0
compiler.ArtifactManagerBridge.findArtifact.ms,1787278445715000000,1787278505715000000,0
compiler.ArtifactVirtualFileListener.propertyChanged.ms,1787278445715000000,1787278505715000000,0
compiler.ArtifactManagerBridge.addArtifact.ms,1787278445715000000,1787278505715000000,0
writeAction.wait.ms,1787278445715000000,1787278505715000000,0
writeAction.median.wait.ms,1787278445715000000,1787278505715000000,0
writeAction.max.wait.ms,1787278445715000000,1787278505715000000,58
writeAction.count,1787278445715000000,1787278505715000000,0
workspaceModel.cachedValueWithParameters.total.get.ms,1787278445715000000,1787278505715000000,0
workspaceModel.workspaceFileIndexData.visitFileSets.ms,1787278445715000000,1787278505715000000,0
workspaceModel.cachedValueWithParameters.from.cache.ms,1787278445715000000,1787278505715000000,0
workspaceModel.entityStorageSnapshotImpl.instances.count,1787278445715000000,1787278505715000000,0
workspaceModel.loading.from.cache.ms,1787278445715000000,1787278505715000000,0
workspaceModel.update.unloaded.entities.ms,1787278445715000000,1787278505715000000,0
workspaceModel.cachedValue.from.cache.ms,1787278445715000000,1787278505715000000,0
workspaceModel.cachedValue.calculated.ms,1787278445715000000,1787278505715000000,0
workspaceModel.workspaceFileIndexContributor.registerFileSets.ms,1787278445715000000,1787278505715000000,0
workspaceModel.workspaceFileIndexData.updateDirtyEntities.ms,1787278445715000000,1787278505715000000,0
workspaceModel.workspaceFileIndexData.getPackageName.ms,1787278445715000000,1787278505715000000,0
workspaceModel.cachedValueWithParameters.calculated.ms,1787278445715000000,1787278505715000000,0
workspaceModel.workspaceFileIndexData.processFileSets.ms,1787278445715000000,1787278505715000000,0
workspaceModel.updates.precise.ms,1787278445715000000,1787278505715000000,0
workspaceModel.to.snapshot.ms,1787278445715000000,1787278505715000000,0
workspaceModel.cachedValue.clear.ms,1787278445715000000,1787278505715000000,0
workspaceModel.check.recursive.update.ms,1787278445715000000,1787278505715000000,0
workspaceModel.workspaceFileIndexData.init.ms,1787278445715000000,1787278505715000000,0
workspaceModel.collect.changes.ms,1787278445715000000,1787278505715000000,0
workspaceModel.full.replace.project.model.ms,1787278445715000000,1787278505715000000,0
workspaceModel.workspaceFileIndexData.instances.count,1787278445715000000,1787278505715000000,0
workspaceModel.workspaceFileIndexData.getFileInfo.ms,1787278445715000000,1787278505715000000,12
workspaceModel.updates.count,1787278445715000000,1787278505715000000,0
workspaceModel.cachedValue.total.get.ms,1787278445715000000,1787278505715000000,0
workspaceModel.pre.handlers.ms,1787278445715000000,1787278505715000000,0
workspaceModel.workspaceFileIndexData.onEntitiesChanged.ms,1787278445715000000,1787278505715000000,0
workspaceModel.updates.ms,1787278445715000000,1787278505715000000,0
workspaceModel.workspaceFileIndexData.markDirty.ms,1787278445715000000,1787278505715000000,0
workspaceModel.initializing.ms,1787278445715000000,1787278505715000000,0
workspaceModel.workspaceFileIndexData.getDirectoriesByPackageName.ms,1787278445715000000,1787278505715000000,0
workspaceModel.loading.total.ms,1787278445715000000,1787278505715000000,0
workspaceModel.cachedValueWithParameters.clear.ms,1787278445715000000,1787278505715000000,0
workspaceModel.replace.project.model.ms,1787278445715000000,1787278505715000000,0
workspaceModel.init.bridges.ms,1787278445715000000,1787278505715000000,0
JVM.usedHeapBytes,1787278445715000000,1787278505715000000,438578176
JVM.maxHeapBytes,1787278445715000000,1787278505715000000,2147483648
JVM.totalBytesAllocated,1787278445715000000,1787278505715000000,26170968
JVM.usedNativeBytes,1787278445715000000,1787278505715000000,419007584
JVM.maxThreadCount,1787278445715000000,1787278505715000000,120
JVM.threadCount,1787278445715000000,1787278505715000000,37
JVM.newThreadsCount,1787278445715000000,1787278505715000000,0
JVM.GC.collections,1787278445715000000,1787278505715000000,1
OS.loadAverage,1787278445715000000,1787278505715000000,1.25732421875
JVM.GC.collectionTimesMs,1787278445715000000,1787278505715000000,54
JVM.totalDirectByteBuffersBytes,1787278445715000000,1787278505715000000,347276447
JVM.totalCpuTimeMs,1787278445715000000,1787278505715000000,1550
Indexes.entries.lookupDurationAvgMs,1787278445715000000,1787278505715000000,0.0
Indexes.allKeys.lookupDurationAvgMs,1787278445715000000,1787278505715000000,0.0
Indexes.entries.lookups,1787278445715000000,1787278505715000000,0.0
Indexes.allKeys.lookups,1787278445715000000,1787278505715000000,0.0
Indexes.entries.lookupDurationMaxMs,1787278445715000000,1787278505715000000,0.0
Indexes.allKeys.lookupDuration90PMs,1787278445715000000,1787278505715000000,0.0
Indexes.stubs.lookupDurationAvgMs,1787278445715000000,1787278505715000000,0.0
Indexes.allKeys.lookupDurationMaxMs,1787278445715000000,1787278505715000000,0.0
Indexes.stubs.lookupDuration90PMs,1787278445715000000,1787278505715000000,0.0
IndexesFlusher.totalFlushes,1787278445715000000,1787278505715000000,119
IndexesFlusher.totalFlushingTimeUs,1787278445715000000,1787278505715000000,255541
Indexes.entries.lookupDuration90PMs,1787278445715000000,1787278505715000000,0.0
IndexesFlusher.totalFlushesRetried,1787278445715000000,1787278505715000000,0
Indexes.stubs.lookupDurationMaxMs,1787278445715000000,1787278505715000000,0.0
IndexesFlusher.totalContentionQuotaSpent,1787278445715000000,1787278505715000000,0
Indexes.stubs.lookups,1787278445715000000,1787278505715000000,0.0
VFS.fileChildByName,1787278445715000000,1787278505715000000,30
FileNameCache.queries,1787278445715000000,1787278505715000000,512
VFS.invertedFileNameIndex.requests,1787278445715000000,1787278505715000000,0
VFS.fileByIdCache.hits,1787278445715000000,1787278505715000000,0
VFS.fileByIdCache.misses,1787278445715000000,1787278505715000000,0
FileNameCache.totalMisses,1787278445715000000,1787278505715000000,0
FilePageCacheLockFree.totalPageAllocationsWaited,1787278505715000000,1787278528896000000,0
FilePageCacheLockFree.totalHeapBytesAllocated,1787278505715000000,1787278528896000000,0
DirectByteBufferAllocator.hits,1787278505715000000,1787278528896000000,1
StorageLockContext.competingThreads.max,1787278505715000000,1787278528896000000,0
FilePageCache.maxCacheSizeInBytes,1787278505715000000,1787278528896000000,348143616
FilePageCache.pageLoadsAboveSizeThreshold,1787278505715000000,1787278528896000000,0
FilePageCacheLockFree.totalBytesRequested,1787278505715000000,1787278528896000000,0
DirectByteBufferAllocator.reclaimed,1787278505715000000,1787278528896000000,43
FilePageCache.totalPageLoadsUs,1787278505715000000,1787278528896000000,4396
FilePageCacheLockFree.totalPagesWritten,1787278505715000000,1787278528896000000,0
FilePageCacheLockFree.totalHeapBytesReclaimed,1787278505715000000,1787278528896000000,0
FileChannelInterruptsRetryer.totalRetriedAttempts,1787278505715000000,1787278528896000000,0
FilePageCacheLockFree.totalPagesReclaimed,1787278505715000000,1787278528896000000,0
FilePageCacheLockFree.housekeeperTurnsSkipped,1787278505715000000,1787278528896000000,0
FilePageCacheLockFree.totalNativeBytesAllocated,1787278505715000000,1787278528896000000,0
FilePageCacheLockFree.totalBytesRead,1787278505715000000,1787278528896000000,0
DirectByteBufferAllocator.totalSizeOfBuffersAllocatedInBytes,1787278505715000000,1787278528896000000,41959424
FilePageCacheLockFree.heapBytesInUse,1787278505715000000,1787278528896000000,0
FilePageCacheLockFree.totalPagesRequestsMs,1787278505715000000,1787278528896000000,0
FilePageCacheLockFree.housekeeperTimeSpentMs,1787278505715000000,1787278528896000000,0
DirectByteBufferAllocator.disposed,1787278505715000000,1787278528896000000,292
FilePageCacheLockFree.totalPagesRequested,1787278505715000000,1787278528896000000,0
FilePageCache.capacityInBytes,1787278505715000000,1787278528896000000,503316478
FilePageCache.disposedBuffers,1787278505715000000,1787278528896000000,335
FilePageCacheLockFree.totalPagesWriteMs,1787278505715000000,1787278528896000000,0
DirectByteBufferAllocator.misses,1787278505715000000,1787278528896000000,1
FilePageCacheLockFree.totalPagesAllocated,1787278505715000000,1787278528896000000,0
FilePageCache.pageFastCacheHits,1787278505715000000,1787278528896000000,219
FilePageCache.totalPageDisposalsUs,1787278505715000000,1787278528896000000,1
FilePageCache.maxRegisteredFiles,1787278505715000000,1787278528896000000,558
FilePageCacheLockFree.housekeeperTurnsDone,1787278505715000000,1787278528896000000,0
FilePageCache.pageLoads,1787278505715000000,1787278528896000000,2
FilePageCacheLockFree.totalNativeBytesReclaimed,1787278505715000000,1787278528896000000,0
StorageLockContext.competingThreads.avg,1787278505715000000,1787278528896000000,0.0
DirectByteBufferAllocator.totalSizeOfBuffersCachedInBytes,1787278505715000000,1787278528896000000,41959424
FilePageCache.uncachedFileAccess,1787278505715000000,1787278528896000000,10
FilePageCache.pageHits,1787278505715000000,1787278528896000000,0
StorageLockContext.competingThreads.90P,1787278505715000000,1787278528896000000,0
FilePageCacheLockFree.totalBytesWritten,1787278505715000000,1787278528896000000,0
FilePageCacheLockFree.totalPagesHandedOver,1787278505715000000,1787278528896000000,0
FilePageCacheLockFree.nativeBytesInUse,1787278505715000000,1787278528896000000,0
FilePageCacheLockFree.totalPagesReadMs,1787278505715000000,1787278528896000000,0
FilePageCacheLockFree.totalClosedStoragesReclaimed,1787278505715000000,1787278528896000000,0
AWTEventQueue.dispatchTimeTotalNS,1787278505715000000,1787278528896000000,821519809
NonBlockingReadAction.failedExecutionsCount,1787278505715000000,1787278528896000000,0
NonBlockingReadAction.failedExecutionTimeUs,1787278505715000000,1787278528896000000,0
NonBlockingReadAction.finalizedExecutionTimeUs,1787278505715000000,1787278528896000000,1613
NonBlockingReadAction.finalizedExecutionsCount,1787278505715000000,1787278528896000000,9
cacheStateStorage.get.counter,1787278505715000000,1787278528896000000,0
cacheStateStorage.set.duration,1787278505715000000,1787278528896000000,22
cacheStateStorage.set.counter,1787278505715000000,1787278528896000000,15
cacheStateStorage.get.duration,1787278505715000000,1787278528896000000,0
workspaceModel.mutableEntityStorage.modify.entity.ms,1787278505715000000,1787278528896000000,0
jps.modifiable.module.model.bridge.new.module.ms,1787278505715000000,1787278528896000000,0
jps.project.serializers.save.ms,1787278505715000000,1787278528896000000,1
jps.artifact.entities.serializer.save.entities.ms,1787278505715000000,1787278528896000000,0
jps.global.initialize.library.bridges.ms,1787278505715000000,1787278528896000000,0
workspaceModel.mutableEntityStorage.mutable.ext.mapping.ms,1787278505715000000,1787278528896000000,0
jps.load.initial.state.ms,1787278505715000000,1787278528896000000,0
workspaceModel.global.updates.ms,1787278505715000000,1787278528896000000,0
jps.reload.project.entities.ms,1787278505715000000,1787278528896000000,0
jps.module.iml.entities.serializer.load.entities.ms,1787278505715000000,1787278528896000000,0
workspaceModel.mutableEntityStorage.entities.ms,1787278505715000000,1787278528896000000,0
jps.global.handle.changed.events.ms,1787278505715000000,1787278528896000000,0
jps.app.storage.content.reader.load.component.ms,1787278505715000000,1787278528896000000,0
workspaceModel.load.cache.from.file.ms,1787278505715000000,1787278528896000000,0
jps.global.initialize.library.bridges.after.loading.ms,1787278505715000000,1787278528896000000,0
workspaceModel.mutableEntityStorage.apply.changes.from.ms,1787278505715000000,1787278528896000000,0
workspaceModel.load.cache.metadata.from.file.ms,1787278505715000000,1787278528896000000,0
workspaceModel.mutableEntityStorage.remove.entity.ms,1787278505715000000,1787278528896000000,0
workspaceModel.mutableEntityStorage.referrers.ms,1787278505715000000,1787278528896000000,0
jps.global.get.library.ms,1787278505715000000,1787278528896000000,0
workspaceModel.mutableEntityStorage.add.entity.ms,1787278505715000000,1787278528896000000,0
workspaceModel.global.apply.state.to.project.builder.ms,1787278505715000000,1787278528896000000,0
workspaceModel.mutableEntityStorage.to.snapshot.ms,1787278505715000000,1787278528896000000,0
jps.facet.change.listener.process.change.events.ms,1787278505715000000,1787278528896000000,0
workspaceModel.orphan.listener.update.ms,1787278505715000000,1787278528896000000,0
jps.global.get.library.by.name.ms,1787278505715000000,1787278528896000000,0
workspaceModel.moduleManagerBridge.newModule.ms,1787278505715000000,1787278528896000000,0
jps.facet.change.listener.init.bridge.ms,1787278505715000000,1787278528896000000,0
workspaceModel.moduleManagerBridge.build.module.graph.ms,1787278505715000000,1787278528896000000,0
workspaceModel.do.save.caches.ms,1787278505715000000,1787278528896000000,0
jps.save.changed.project.entities.ms,1787278505715000000,1787278528896000000,1
jps.app.storage.content.writer.save.component.ms,1787278505715000000,1787278528896000000,1
workspaceModel.mutableEntityStorage.replace.by.source.ms,1787278505715000000,1787278528896000000,0
workspaceModel.moduleManagerBridge.new.nonPersistent.module.ms,1787278505715000000,1787278528896000000,0
workspaceModel.moduleManagerBridge.get.modules.ms,1787278505715000000,1787278528896000000,0
workspaceModel.global.apply.state.to.project.ms,1787278505715000000,1787278528896000000,0
jps.modifiable.module.model.bridge.renaming.ms,1787278505715000000,1787278528896000000,0
workspaceModel.save.cache.to.file.ms,1787278505715000000,1787278528896000000,0
workspaceModel.moduleManagerBridge.load.module.ms,1787278505715000000,1787278528896000000,0
workspaceModel.mutableEntityStorage.collect.changes.ms,1787278505715000000,1787278528896000000,0
workspaceModel.sync.entities.ms,1787278505715000000,1787278528896000000,0
jps.project.serializers.load.ms,1787278505715000000,1787278528896000000,0
workspaceModel.mutableEntityStorage.has.same.entities.ms,1787278505715000000,1787278528896000000,0
workspaceModel.mutableEntityStorage.resolve.ms,1787278505715000000,1787278528896000000,0
workspaceModel.moduleBridge.facet.initialization.ms,1787278505715000000,1787278528896000000,0
jps.load.project.to.empty.storage.ms,1787278505715000000,1787278528896000000,0
jps.global.handle.before.change.events.ms,1787278505715000000,1787278528896000000,0
workspaceModel.moduleBridge.before.changed.ms,1787278505715000000,1787278528896000000,0
jps.modifiable.module.model.bridge.disposing.ms,1787278505715000000,1787278528896000000,0
workspaceModel.moduleManagerBridge.set.unloadedModules.ms,1787278505715000000,1787278528896000000,0
jps.library.entities.serializer.save.entities.ms,1787278505715000000,1787278528896000000,0
jps.library.entities.serializer.load.entities.ms,1787278505715000000,1787278528896000000,0
jps.save.global.entities.ms,1787278505715000000,1787278528896000000,9
jps.global.get.libraries.ms,1787278505715000000,1787278528896000000,0
jps.modifiable.module.model.bridge.load.module.ms,1787278505715000000,1787278528896000000,0
workspaceModel.mutableEntityStorage.instances.count,1787278505715000000,1787278528896000000,0
workspaceModel.moduleManagerBridge.create.module.instance.ms,1787278505715000000,1787278528896000000,0
workspaceModel.moduleBridgeLoader.loading.modules.ms,1787278505715000000,1787278528896000000,0
workspaceModel.moduleManagerBridge.load.all.modules.ms,1787278505715000000,1787278528896000000,0
workspaceModel.mutableEntityStorage.mutable.vfurl.index.ms,1787278505715000000,1787278528896000000,0
jps.artifact.entities.serializer.load.entities.ms,1787278505715000000,1787278528896000000,0
workspaceModel.mutableEntityStorage.entities.by.source.ms,1787278505715000000,1787278528896000000,0
workspaceModel.mutableEntityStorage.put.entity.ms,1787278505715000000,1787278528896000000,0
jps.apply.loaded.storage.ms,1787278505715000000,1787278528896000000,0
jps.module.iml.entities.serializer.save.entities.ms,1787278505715000000,1787278528896000000,0
jps.facet.change.listener.before.change.events.ms,1787278505715000000,1787278528896000000,0
workspaceModel.moduleBridge.update.option.ms,1787278505715000000,1787278528896000000,0
jps.storage.jps.conf.reader.load.component.ms,1787278505715000000,1787278528896000000,0
workspaceModel.delayed.project.synchronizer.sync.ms,1787278505715000000,1787278528896000000,0
workspaceModel.global.updates.count,1787278505715000000,1787278528896000000,0
compiler.ArtifactManagerBridge.commit.ms,1787278505715000000,1787278528896000000,0
compiler.ArtifactManagerBridge.getArtifactsByType.ms,1787278505715000000,1787278528896000000,0
compiler.ArtifactVirtualFileListener.filePathChanged.ms,1787278505715000000,1787278528896000000,0
compiler.ArtifactManagerBridge.getArtifacts.ms,1787278505715000000,1787278528896000000,0
compiler.ArtifactManagerBridge.dropMappings.ms,1787278505715000000,1787278528896000000,0
compiler.ArtifactManagerBridge.initBridges.ms,1787278505715000000,1787278528896000000,0
compiler.ArtifactManagerBridge.findArtifact.ms,1787278505715000000,1787278528896000000,0
compiler.ArtifactVirtualFileListener.propertyChanged.ms,1787278505715000000,1787278528896000000,0
compiler.ArtifactManagerBridge.addArtifact.ms,1787278505715000000,1787278528896000000,0
parser.textmate.time.ns,1787278505715000000,1787278528896000000,161522
writeAction.wait.ms,1787278505715000000,1787278528896000000,0
writeAction.median.wait.ms,1787278505715000000,1787278528896000000,0
lexer.textmate.time.ns,1787278505715000000,1787278528896000000,21420
lexer.textmate.size.bytes,1787278505715000000,1787278528896000000,0
parser.textmate.size.bytes,1787278505715000000,1787278528896000000,0
writeAction.max.wait.ms,1787278505715000000,1787278528896000000,58
writeAction.count,1787278505715000000,1787278528896000000,3
workspaceModel.cachedValueWithParameters.total.get.ms,1787278505715000000,1787278528896000000,0
workspaceModel.workspaceFileIndexData.visitFileSets.ms,1787278505715000000,1787278528896000000,0
workspaceModel.cachedValueWithParameters.from.cache.ms,1787278505715000000,1787278528896000000,0
workspaceModel.entityStorageSnapshotImpl.instances.count,1787278505715000000,1787278528896000000,0
workspaceModel.loading.from.cache.ms,1787278505715000000,1787278528896000000,0
workspaceModel.update.unloaded.entities.ms,1787278505715000000,1787278528896000000,0
workspaceModel.cachedValue.from.cache.ms,1787278505715000000,1787278528896000000,0
workspaceModel.cachedValue.calculated.ms,1787278505715000000,1787278528896000000,0
workspaceModel.workspaceFileIndexContributor.registerFileSets.ms,1787278505715000000,1787278528896000000,0
workspaceModel.workspaceFileIndexData.updateDirtyEntities.ms,1787278505715000000,1787278528896000000,0
workspaceModel.workspaceFileIndexData.getPackageName.ms,1787278505715000000,1787278528896000000,0
workspaceModel.cachedValueWithParameters.calculated.ms,1787278505715000000,1787278528896000000,0
workspaceModel.workspaceFileIndexData.processFileSets.ms,1787278505715000000,1787278528896000000,0
workspaceModel.updates.precise.ms,1787278505715000000,1787278528896000000,0
workspaceModel.to.snapshot.ms,1787278505715000000,1787278528896000000,0
workspaceModel.cachedValue.clear.ms,1787278505715000000,1787278528896000000,1
workspaceModel.check.recursive.update.ms,1787278505715000000,1787278528896000000,0
workspaceModel.workspaceFileIndexData.init.ms,1787278505715000000,1787278528896000000,0
workspaceModel.collect.changes.ms,1787278505715000000,1787278528896000000,0
workspaceModel.full.replace.project.model.ms,1787278505715000000,1787278528896000000,0
workspaceModel.workspaceFileIndexData.instances.count,1787278505715000000,1787278528896000000,0
workspaceModel.workspaceFileIndexData.getFileInfo.ms,1787278505715000000,1787278528896000000,0
workspaceModel.updates.count,1787278505715000000,1787278528896000000,0
workspaceModel.cachedValue.total.get.ms,1787278505715000000,1787278528896000000,0
workspaceModel.pre.handlers.ms,1787278505715000000,1787278528896000000,0
workspaceModel.workspaceFileIndexData.onEntitiesChanged.ms,1787278505715000000,1787278528896000000,0
workspaceModel.updates.ms,1787278505715000000,1787278528896000000,0
workspaceModel.workspaceFileIndexData.markDirty.ms,1787278505715000000,1787278528896000000,0
workspaceModel.initializing.ms,1787278505715000000,1787278528896000000,0
workspaceModel.workspaceFileIndexData.getDirectoriesByPackageName.ms,1787278505715000000,1787278528896000000,0
workspaceModel.loading.total.ms,1787278505715000000,1787278528896000000,0
workspaceModel.cachedValueWithParameters.clear.ms,1787278505715000000,1787278528896000000,0
workspaceModel.replace.project.model.ms,1787278505715000000,1787278528896000000,0
workspaceModel.init.bridges.ms,1787278505715000000,1787278528896000000,0
JVM.usedHeapBytes,1787278505715000000,1787278528896000000,327776208
JVM.maxHeapBytes,1787278505715000000,1787278528896000000,2147483648
JVM.totalBytesAllocated,1787278505715000000,1787278528896000000,46748568
JVM.usedNativeBytes,1787278505715000000,1787278528896000000,425734424
JVM.maxThreadCount,1787278505715000000,1787278528896000000,120
JVM.threadCount,1787278505715000000,1787278528896000000,51
JVM.newThreadsCount,1787278505715000000,1787278528896000000,25
JVM.GC.collections,1787278505715000000,1787278528896000000,2
OS.loadAverage,1787278505715000000,1787278528896000000,2.169921875
JVM.GC.collectionTimesMs,1787278505715000000,1787278528896000000,74
JVM.totalDirectByteBuffersBytes,1787278505715000000,1787278528896000000,42568400
JVM.totalCpuTimeMs,1787278505715000000,1787278528896000000,6350
Indexes.entries.lookupDurationAvgMs,1787278505715000000,1787278528896000000,0.0
Indexes.allKeys.lookupDurationAvgMs,1787278505715000000,1787278528896000000,0.0
Indexes.entries.lookups,1787278505715000000,1787278528896000000,0.0
Indexes.allKeys.lookups,1787278505715000000,1787278528896000000,0.0
Indexes.entries.lookupDurationMaxMs,1787278505715000000,1787278528896000000,0.0
Indexes.allKeys.lookupDuration90PMs,1787278505715000000,1787278528896000000,0.0
Indexes.stubs.lookupDurationAvgMs,1787278505715000000,1787278528896000000,0.0
Indexes.allKeys.lookupDurationMaxMs,1787278505715000000,1787278528896000000,0.0
Indexes.stubs.lookupDuration90PMs,1787278505715000000,1787278528896000000,0.0
Indexes.entries.lookupDuration90PMs,1787278505715000000,1787278528896000000,0.0
Indexes.stubs.lookupDurationMaxMs,1787278505715000000,1787278528896000000,0.0
Indexes.stubs.lookups,1787278505715000000,1787278528896000000,0.0
VFS.fileChildByName,1787278505715000000,1787278528896000000,563
VFS.invertedFileNameIndex.requests,1787278505715000000,1787278528896000000,0
VFS.fileByIdCache.hits,1787278505715000000,1787278528896000000,0
VFS.fileByIdCache.misses,1787278505715000000,1787278528896000000,0
