# OpenTelemetry Metrics report: .csv, 4 fields: 
# <metric name>, <period start, nanoseconds>, <period end, nanoseconds>, <metric value>
# See CsvMetricsExporter for details.
# 
# NAME, PERIOD_START_NANOS, PERIOD_END_NANOS, VALUE
workspaceModel.workspaceFileIndexData.updateDirtyEntities.ms,1787282715216000000,1787282775366000000,0
workspaceModel.updates.count,1787282715216000000,1787282775366000000,3
workspaceModel.workspaceFileIndexData.getPackageName.ms,1787282715216000000,1787282775366000000,13
workspaceModel.init.bridges.ms,1787282715216000000,1787282775366000000,6
workspaceModel.update.unloaded.entities.ms,1787282715216000000,1787282775366000000,0
workspaceModel.workspaceFileIndexData.instances.count,1787282715216000000,1787282775366000000,1
workspaceModel.cachedValueWithParameters.clear.ms,1787282715216000000,1787282775366000000,0
workspaceModel.cachedValue.calculated.ms,1787282715216000000,1787282775366000000,61
workspaceModel.entityStorageSnapshotImpl.instances.count,1787282715216000000,1787282775366000000,19
workspaceModel.pre.handlers.ms,1787282715216000000,1787282775366000000,1
workspaceModel.full.replace.project.model.ms,1787282715216000000,1787282775366000000,16
workspaceModel.check.recursive.update.ms,1787282715216000000,1787282775366000000,2
workspaceModel.workspaceFileIndexData.init.ms,1787282715216000000,1787282775366000000,174
workspaceModel.updates.precise.ms,1787282715216000000,1787282775366000000,21
workspaceModel.workspaceFileIndexData.getFileInfo.ms,1787282715216000000,1787282775366000000,666
workspaceModel.initializing.ms,1787282715216000000,1787282775366000000,6
workspaceModel.to.snapshot.ms,1787282715216000000,1787282775366000000,0
workspaceModel.workspaceFileIndexData.visitFileSets.ms,1787282715216000000,1787282775366000000,1
workspaceModel.workspaceFileIndexData.markDirty.ms,1787282715216000000,1787282775366000000,0
workspaceModel.cachedValueWithParameters.calculated.ms,1787282715216000000,1787282775366000000,0
workspaceModel.collect.changes.ms,1787282715216000000,1787282775366000000,0
workspaceModel.replace.project.model.ms,1787282715216000000,1787282775366000000,0
workspaceModel.cachedValueWithParameters.total.get.ms,1787282715216000000,1787282775366000000,0
workspaceModel.workspaceFileIndexData.onEntitiesChanged.ms,1787282715216000000,1787282775366000000,5
workspaceModel.workspaceFileIndexData.processFileSets.ms,1787282715216000000,1787282775366000000,0
workspaceModel.cachedValueWithParameters.from.cache.ms,1787282715216000000,1787282775366000000,0
workspaceModel.cachedValue.clear.ms,1787282715216000000,1787282775366000000,0
workspaceModel.loading.from.cache.ms,1787282715216000000,1787282775366000000,762
workspaceModel.cachedValue.from.cache.ms,1787282715216000000,1787282775366000000,1
workspaceModel.updates.ms,1787282715216000000,1787282775366000000,144
workspaceModel.workspaceFileIndexContributor.registerFileSets.ms,1787282715216000000,1787282775366000000,261
workspaceModel.loading.total.ms,1787282715216000000,1787282775366000000,819
workspaceModel.workspaceFileIndexData.getDirectoriesByPackageName.ms,1787282715216000000,1787282775366000000,346
workspaceModel.cachedValue.total.get.ms,1787282715216000000,1787282775366000000,62
VFS.fileByIdCache.misses,1787282715216000000,1787282775366000000,34
FileNameCache.totalMisses,1787282715216000000,1787282775366000000,0
VFS.fileByIdCache.hits,1787282715216000000,1787282775366000000,0
FileNameCache.queries,1787282715216000000,1787282775366000000,0
VFS.fileChildByName,1787282715216000000,1787282775366000000,1669
VFS.invertedFileNameIndex.requests,1787282715216000000,1787282775366000000,6
FlushQueue.queueSizeAvg,1787282715216000000,1787282775366000000,26.478566408995082
FlushQueue.waitingTimeAvgNs,1787282715216000000,1787282775366000000,3.964068531159522E8
ReadAction.executionsCount,1787282715216000000,1787282775366000000,96013
FlushQueue.waitingTime90PNs,1787282715216000000,1787282775366000000,964689919
FlushQueue.waitingTimeMaxNs,1787282715216000000,1787282775366000000,4395630591
NonBlockingReadAction.failedExecutionsCount,1787282715216000000,1787282775366000000,2
NonBlockingReadAction.finalizedExecutionTimeUs,1787282715216000000,1787282775366000000,1863019
FlushQueue.executionTimeAvgNs,1787282715216000000,1787282775366000000,9620857.085031623
FlushQueue.tasksExecuted,1787282715216000000,1787282775366000000,1423
FlushQueue.executionTime90PNs,1787282715216000000,1787282775366000000,5308415
AWTEventQueue.dispatchTimeTotalNS,1787282715216000000,1787282775366000000,18936649683
FlushQueue.queueSizeMax,1787282715216000000,1787282775366000000,88
AWTEventQueue.eventsDispatched,1787282715216000000,1787282775366000000,942
FlushQueue.queueSize90P,1787282715216000000,1787282775366000000,64
NonBlockingReadAction.failedExecutionTimeUs,1787282715216000000,1787282775366000000,984907
NonBlockingReadAction.finalizedExecutionsCount,1787282715216000000,1787282775366000000,22
AWTEventQueue.dispatchTime90PNs,1787282715216000000,1787282775366000000,29229055
FlushQueue.executionTimeMaxNs,1787282715216000000,1787282775366000000,2248146943
AWTEventQueue.dispatchTimeMaxNs,1787282715216000000,1787282775366000000,2248146943
WriteAction.executionsCount,1787282715216000000,1787282775366000000,10
AWTEventQueue.dispatchTimeAvgNs,1787282715216000000,1787282775366000000,2.0101798522292994E7
JVM.newThreadsCount,1787282715216000000,1787282775366000000,134
JVM.GC.collections,1787282715216000000,1787282775366000000,23
OS.loadAverage,1787282715216000000,1787282775366000000,7.02392578125
JVM.usedHeapBytes,1787282715216000000,1787282775366000000,297710592
JVM.GC.collectionTimesMs,1787282715216000000,1787282775366000000,630
JVM.totalDirectByteBuffersBytes,1787282715216000000,1787282775366000000,246315680
JVM.totalCpuTimeMs,1787282715216000000,1787282775366000000,117360
JVM.maxHeapBytes,1787282715216000000,1787282775366000000,2147483648
JVM.totalBytesAllocated,1787282715216000000,1787282775366000000,1256080632
JVM.threadCount,1787282715216000000,1787282775366000000,117
JVM.maxThreadCount,1787282715216000000,1787282775366000000,118
JVM.usedNativeBytes,1787282715216000000,1787282775366000000,284560256
FilePageCacheLockFree.totalPageAllocationsWaited,1787282715216000000,1787282775366000000,0
StreamlinedBlobStorage.recordsRelocated,1787282715216000000,1787282775366000000,0
FilePageCacheLockFree.nativeBytesInUse,1787282715216000000,1787282775366000000,0
DirectByteBufferAllocator.misses,1787282715216000000,1787282775366000000,234
FilePageCacheLockFree.totalBytesWritten,1787282715216000000,1787282775366000000,0
FilePageCache.pageLoads,1787282715216000000,1787282775366000000,237
StorageLockContext.competingThreads.max,1787282715216000000,1787282775366000000,3
FilePageCache.maxRegisteredFiles,1787282715216000000,1787282775366000000,555
MappedFileStorage.totalTimeSpentOnMappingUs,1787282715216000000,1787282775366000000,38737
DirectByteBufferAllocator.disposed,1787282715216000000,1787282775366000000,0
FilePageCacheLockFree.heapBytesInUse,1787282715216000000,1787282775366000000,0
DirectByteBufferAllocator.hits,1787282715216000000,1787282775366000000,3
DirectByteBufferAllocator.totalSizeOfBuffersAllocatedInBytes,1787282715216000000,1787282775366000000,243286016
FilePageCache.totalPageDisposalsUs,1787282715216000000,1787282775366000000,6150
FilePageCache.totalPageLoadsUs,1787282715216000000,1787282775366000000,1197151
FilePageCache.uncachedFileAccess,1787282715216000000,1787282775366000000,130
FilePageCacheLockFree.totalHeapBytesAllocated,1787282715216000000,1787282775366000000,0
FilePageCacheLockFree.totalPagesRequestsMs,1787282715216000000,1787282775366000000,0
FilePageCacheLockFree.totalPagesWriteMs,1787282715216000000,1787282775366000000,0
FilePageCacheLockFree.totalPagesReclaimed,1787282715216000000,1787282775366000000,0
DirectByteBufferAllocator.totalSizeOfBuffersCachedInBytes,1787282715216000000,1787282775366000000,0
StorageLockContext.competingThreads.avg,1787282715216000000,1787282775366000000,0.044642857142857144
FilePageCache.maxCacheSizeInBytes,1787282715216000000,1787282775366000000,243286016
FilePageCacheLockFree.totalPagesReadMs,1787282715216000000,1787282775366000000,0
MappedFileStorage.storages,1787282715216000000,1787282775366000000,16
FilePageCacheLockFree.totalBytesRequested,1787282715216000000,1787282775366000000,0
MappedFileStorage.totalBytesMapped,1787282715216000000,1787282775366000000,202637312
FilePageCacheLockFree.housekeeperTurnsDone,1787282715216000000,1787282775366000000,0
FilePageCache.capacityInBytes,1787282715216000000,1787282775366000000,503316478
FilePageCacheLockFree.totalPagesAllocated,1787282715216000000,1787282775366000000,0
FilePageCacheLockFree.totalHeapBytesReclaimed,1787282715216000000,1787282775366000000,0
FilePageCache.pageFastCacheHits,1787282715216000000,1787282775366000000,4653
StreamlinedBlobStorage.totalLiveRecordsCapacityBytes,1787282715216000000,1787282775366000000,2290960
FilePageCacheLockFree.totalPagesWritten,1787282715216000000,1787282775366000000,0
FilePageCacheLockFree.totalNativeBytesAllocated,1787282715216000000,1787282775366000000,0
FilePageCacheLockFree.housekeeperTimeSpentMs,1787282715216000000,1787282775366000000,0
FilePageCache.disposedBuffers,1787282715216000000,1787282775366000000,3
DirectByteBufferAllocator.reclaimed,1787282715216000000,1787282775366000000,3
FilePageCache.pageHits,1787282715216000000,1787282775366000000,0
StreamlinedBlobStorage.recordsAllocated,1787282715216000000,1787282775366000000,32033
FilePageCacheLockFree.housekeeperTurnsSkipped,1787282715216000000,1787282775366000000,0
FilePageCacheLockFree.totalClosedStoragesReclaimed,1787282715216000000,1787282775366000000,0
FilePageCacheLockFree.totalPagesRequested,1787282715216000000,1787282775366000000,0
MappedFileStorage.totalPagesMapped,1787282715216000000,1787282775366000000,16
StreamlinedBlobStorage.totalLiveRecordsPayloadBytes,1787282715216000000,1787282775366000000,453813
FilePageCacheLockFree.totalBytesRead,1787282715216000000,1787282775366000000,0
StorageLockContext.competingThreads.90P,1787282715216000000,1787282775366000000,0
FilePageCacheLockFree.totalNativeBytesReclaimed,1787282715216000000,1787282775366000000,0
FilePageCache.pageLoadsAboveSizeThreshold,1787282715216000000,1787282775366000000,0
FileChannelInterruptsRetryer.totalRetriedAttempts,1787282715216000000,1787282775366000000,0
FilePageCacheLockFree.totalPagesHandedOver,1787282715216000000,1787282775366000000,0
StreamlinedBlobStorage.recordsDeleted,1787282715216000000,1787282775366000000,22
cacheStateStorage.get.duration,1787282715216000000,1787282775366000000,1740
cacheStateStorage.set.counter,1787282715216000000,1787282775366000000,3
cacheStateStorage.set.duration,1787282715216000000,1787282775366000000,88
cacheStateStorage.get.counter,1787282715216000000,1787282775366000000,26
writeAction.wait.ms,1787282715216000000,1787282775366000000,53
parser.textmate.time.ns,1787282715216000000,1787282775366000000,408783
writeAction.median.wait.ms,1787282715216000000,1787282775366000000,0
lexer.textmate.size.bytes,1787282715216000000,1787282775366000000,0
parser.JAVA.time.ns,1787282715216000000,1787282775366000000,718377759
writeAction.count,1787282715216000000,1787282775366000000,10
parser.textmate.size.bytes,1787282715216000000,1787282775366000000,0
lexer.JAVA.time.ns,1787282715216000000,1787282775366000000,13027941
writeAction.max.wait.ms,1787282715216000000,1787282775366000000,32
lexer.textmate.time.ns,1787282715216000000,1787282775366000000,40360
parser.JAVA.size.bytes,1787282715216000000,1787282775366000000,778
lexer.JAVA.size.bytes,1787282715216000000,1787282775366000000,778
Indexes.stubs.lookupDurationMaxMs,1787282715216000000,1787282775366000000,153.0
Indexes.stubs.lookupDuration90PMs,1787282715216000000,1787282775366000000,10.0
Indexes.allKeys.lookupDuration90PMs,1787282715216000000,1787282775366000000,0.0
Indexes.allKeys.lookupDurationAvgMs,1787282715216000000,1787282775366000000,0.0
IndexesFlusher.totalFlushesRetried,1787282715216000000,1787282775366000000,4
Indexes.allKeys.lookupDurationMaxMs,1787282715216000000,1787282775366000000,0.0
Indexes.stubs.lookups,1787282715216000000,1787282775366000000,95.0
IndexesFlusher.totalContentionQuotaSpent,1787282715216000000,1787282775366000000,220
Indexes.entries.lookups,1787282715216000000,1787282775366000000,7.0
Indexes.stubs.lookupDurationAvgMs,1787282715216000000,1787282775366000000,6.6947368421052635
Indexes.entries.lookupDurationAvgMs,1787282715216000000,1787282775366000000,11.428571428571429
Indexes.entries.lookupDuration90PMs,1787282715216000000,1787282775366000000,42.0
Indexes.entries.lookupDurationMaxMs,1787282715216000000,1787282775366000000,42.0
IndexesFlusher.totalFlushes,1787282715216000000,1787282775366000000,57
IndexesFlusher.totalFlushingTimeUs,1787282715216000000,1787282775366000000,774635
Indexes.allKeys.lookups,1787282715216000000,1787282775366000000,0.0
jps.artifact.entities.serializer.load.entities.ms,1787282715216000000,1787282775366000000,0
workspaceModel.mutableEntityStorage.modify.entity.ms,1787282715216000000,1787282775366000000,3
jps.module.iml.entities.serializer.save.entities.ms,1787282715216000000,1787282775366000000,0
workspaceModel.mutableEntityStorage.has.same.entities.ms,1787282715216000000,1787282775366000000,0
jps.project.serializers.save.ms,1787282715216000000,1787282775366000000,0
workspaceModel.global.updates.ms,1787282715216000000,1787282775366000000,43
workspaceModel.mutableEntityStorage.replace.by.source.ms,1787282715216000000,1787282775366000000,27
workspaceModel.load.cache.from.file.ms,1787282715216000000,1787282775366000000,824
workspaceModel.mutableEntityStorage.mutable.vfurl.index.ms,1787282715216000000,1787282775366000000,0
jps.apply.loaded.storage.ms,1787282715216000000,1787282775366000000,44
workspaceModel.mutableEntityStorage.instances.count,1787282715216000000,1787282775366000000,27
workspaceModel.load.cache.metadata.from.file.ms,1787282715216000000,1787282775366000000,113
jps.global.get.library.by.name.ms,1787282715216000000,1787282775366000000,0
workspaceModel.mutableEntityStorage.add.entity.ms,1787282715216000000,1787282775366000000,64
jps.reload.project.entities.ms,1787282715216000000,1787282775366000000,0
jps.app.storage.content.reader.load.component.ms,1787282715216000000,1787282775366000000,43
workspaceModel.mutableEntityStorage.apply.changes.from.ms,1787282715216000000,1787282775366000000,21
jps.module.iml.entities.serializer.load.entities.ms,1787282715216000000,1787282775366000000,80
workspaceModel.global.apply.state.to.project.ms,1787282715216000000,1787282775366000000,172
workspaceModel.moduleManagerBridge.load.module.ms,1787282715216000000,1787282775366000000,0
workspaceModel.sync.entities.ms,1787282715216000000,1787282775366000000,0
workspaceModel.delayed.project.synchronizer.sync.ms,1787282715216000000,1787282775366000000,332
jps.global.get.library.ms,1787282715216000000,1787282775366000000,0
workspaceModel.moduleBridge.update.option.ms,1787282715216000000,1787282775366000000,0
workspaceModel.moduleManagerBridge.newModule.ms,1787282715216000000,1787282775366000000,0
workspaceModel.save.cache.to.file.ms,1787282715216000000,1787282775366000000,812
workspaceModel.global.apply.state.to.project.builder.ms,1787282715216000000,1787282775366000000,10
jps.facet.change.listener.before.change.events.ms,1787282715216000000,1787282775366000000,1
workspaceModel.moduleManagerBridge.load.all.modules.ms,1787282715216000000,1787282775366000000,480
workspaceModel.mutableEntityStorage.referrers.ms,1787282715216000000,1787282775366000000,0
workspaceModel.global.updates.count,1787282715216000000,1787282775366000000,1
workspaceModel.moduleManagerBridge.build.module.graph.ms,1787282715216000000,1787282775366000000,18
workspaceModel.moduleManagerBridge.new.nonPersistent.module.ms,1787282715216000000,1787282775366000000,0
jps.global.handle.before.change.events.ms,1787282715216000000,1787282775366000000,0
jps.global.handle.changed.events.ms,1787282715216000000,1787282775366000000,0
jps.artifact.entities.serializer.save.entities.ms,1787282715216000000,1787282775366000000,0
jps.global.initialize.library.bridges.after.loading.ms,1787282715216000000,1787282775366000000,6
workspaceModel.moduleBridge.before.changed.ms,1787282715216000000,1787282775366000000,0
jps.facet.change.listener.init.bridge.ms,1787282715216000000,1787282775366000000,0
workspaceModel.mutableEntityStorage.put.entity.ms,1787282715216000000,1787282775366000000,8
workspaceModel.mutableEntityStorage.remove.entity.ms,1787282715216000000,1787282775366000000,0
jps.save.global.entities.ms,1787282715216000000,1787282775366000000,0
jps.storage.jps.conf.reader.load.component.ms,1787282715216000000,1787282775366000000,25
jps.load.project.to.empty.storage.ms,1787282715216000000,1787282775366000000,278
workspaceModel.moduleBridgeLoader.loading.modules.ms,1787282715216000000,1787282775366000000,1156
workspaceModel.mutableEntityStorage.entities.ms,1787282715216000000,1787282775366000000,2
workspaceModel.mutableEntityStorage.entities.by.source.ms,1787282715216000000,1787282775366000000,0
workspaceModel.moduleBridge.facet.initialization.ms,1787282715216000000,1787282775366000000,1
jps.facet.change.listener.process.change.events.ms,1787282715216000000,1787282775366000000,3
workspaceModel.moduleManagerBridge.set.unloadedModules.ms,1787282715216000000,1787282775366000000,0
workspaceModel.mutableEntityStorage.to.snapshot.ms,1787282715216000000,1787282775366000000,7
jps.global.get.libraries.ms,1787282715216000000,1787282775366000000,16
workspaceModel.mutableEntityStorage.collect.changes.ms,1787282715216000000,1787282775366000000,3
jps.library.entities.serializer.save.entities.ms,1787282715216000000,1787282775366000000,0
jps.load.initial.state.ms,1787282715216000000,1787282775366000000,128
workspaceModel.moduleManagerBridge.get.modules.ms,1787282715216000000,1787282775366000000,1
workspaceModel.mutableEntityStorage.resolve.ms,1787282715216000000,1787282775366000000,0
workspaceModel.mutableEntityStorage.mutable.ext.mapping.ms,1787282715216000000,1787282775366000000,7
workspaceModel.do.save.caches.ms,1787282715216000000,1787282775366000000,1052
jps.save.changed.project.entities.ms,1787282715216000000,1787282775366000000,0
workspaceModel.moduleManagerBridge.create.module.instance.ms,1787282715216000000,1787282775366000000,0
jps.global.initialize.library.bridges.ms,1787282715216000000,1787282775366000000,8
jps.library.entities.serializer.load.entities.ms,1787282715216000000,1787282775366000000,1
workspaceModel.orphan.listener.update.ms,1787282715216000000,1787282775366000000,7
jps.project.serializers.load.ms,1787282715216000000,1787282775366000000,133
compiler.ArtifactManagerBridge.commit.ms,1787282715216000000,1787282775366000000,0
compiler.ArtifactManagerBridge.getArtifactsByType.ms,1787282715216000000,1787282775366000000,23
compiler.ArtifactManagerBridge.dropMappings.ms,1787282715216000000,1787282775366000000,0
compiler.ArtifactManagerBridge.findArtifact.ms,1787282715216000000,1787282775366000000,0
compiler.ArtifactManagerBridge.getArtifacts.ms,1787282715216000000,1787282775366000000,0
compiler.ArtifactManagerBridge.addArtifact.ms,1787282715216000000,1787282775366000000,0
compiler.ArtifactManagerBridge.initBridges.ms,1787282715216000000,1787282775366000000,21
workspaceModel.workspaceFileIndexData.updateDirtyEntities.ms,1787282775366000000,1787282835359000000,0
workspaceModel.updates.count,1787282775366000000,1787282835359000000,0
workspaceModel.workspaceFileIndexData.getPackageName.ms,1787282775366000000,1787282835359000000,0
workspaceModel.init.bridges.ms,1787282775366000000,1787282835359000000,0
workspaceModel.update.unloaded.entities.ms,1787282775366000000,1787282835359000000,0
workspaceModel.workspaceFileIndexData.instances.count,1787282775366000000,1787282835359000000,0
workspaceModel.cachedValueWithParameters.clear.ms,1787282775366000000,1787282835359000000,0
workspaceModel.cachedValue.calculated.ms,1787282775366000000,1787282835359000000,0
workspaceModel.entityStorageSnapshotImpl.instances.count,1787282775366000000,1787282835359000000,0
workspaceModel.pre.handlers.ms,1787282775366000000,1787282835359000000,0
workspaceModel.full.replace.project.model.ms,1787282775366000000,1787282835359000000,0
workspaceModel.check.recursive.update.ms,1787282775366000000,1787282835359000000,0
workspaceModel.workspaceFileIndexData.init.ms,1787282775366000000,1787282835359000000,0
workspaceModel.updates.precise.ms,1787282775366000000,1787282835359000000,0
workspaceModel.workspaceFileIndexData.getFileInfo.ms,1787282775366000000,1787282835359000000,1
workspaceModel.initializing.ms,1787282775366000000,1787282835359000000,0
workspaceModel.to.snapshot.ms,1787282775366000000,1787282835359000000,0
workspaceModel.workspaceFileIndexData.visitFileSets.ms,1787282775366000000,1787282835359000000,0
workspaceModel.workspaceFileIndexData.markDirty.ms,1787282775366000000,1787282835359000000,0
workspaceModel.cachedValueWithParameters.calculated.ms,1787282775366000000,1787282835359000000,0
workspaceModel.collect.changes.ms,1787282775366000000,1787282835359000000,0
workspaceModel.replace.project.model.ms,1787282775366000000,1787282835359000000,0
workspaceModel.cachedValueWithParameters.total.get.ms,1787282775366000000,1787282835359000000,0
workspaceModel.workspaceFileIndexData.onEntitiesChanged.ms,1787282775366000000,1787282835359000000,0
workspaceModel.workspaceFileIndexData.processFileSets.ms,1787282775366000000,1787282835359000000,0
workspaceModel.cachedValueWithParameters.from.cache.ms,1787282775366000000,1787282835359000000,0
workspaceModel.cachedValue.clear.ms,1787282775366000000,1787282835359000000,0
workspaceModel.loading.from.cache.ms,1787282775366000000,1787282835359000000,0
workspaceModel.cachedValue.from.cache.ms,1787282775366000000,1787282835359000000,0
workspaceModel.updates.ms,1787282775366000000,1787282835359000000,0
workspaceModel.workspaceFileIndexContributor.registerFileSets.ms,1787282775366000000,1787282835359000000,0
workspaceModel.loading.total.ms,1787282775366000000,1787282835359000000,0
workspaceModel.workspaceFileIndexData.getDirectoriesByPackageName.ms,1787282775366000000,1787282835359000000,0
workspaceModel.cachedValue.total.get.ms,1787282775366000000,1787282835359000000,0
VFS.fileByIdCache.misses,1787282775366000000,1787282835359000000,0
FileNameCache.totalMisses,1787282775366000000,1787282835359000000,0
VFS.fileByIdCache.hits,1787282775366000000,1787282835359000000,0
FileNameCache.queries,1787282775366000000,1787282835359000000,0
VFS.fileChildByName,1787282775366000000,1787282835359000000,258
VFS.invertedFileNameIndex.requests,1787282775366000000,1787282835359000000,0
FlushQueue.queueSizeAvg,1787282775366000000,1787282835359000000,0.49882903981264637
FlushQueue.waitingTimeAvgNs,1787282775366000000,1787282835359000000,1458941.9016393442
ReadAction.executionsCount,1787282775366000000,1787282835359000000,4076
FlushQueue.waitingTime90PNs,1787282775366000000,1787282835359000000,2031615
FlushQueue.waitingTimeMaxNs,1787282775366000000,1787282835359000000,127926271
NonBlockingReadAction.failedExecutionsCount,1787282775366000000,1787282835359000000,0
NonBlockingReadAction.finalizedExecutionTimeUs,1787282775366000000,1787282835359000000,0
FlushQueue.executionTimeAvgNs,1787282775366000000,1787282835359000000,298384.11241217796
FlushQueue.tasksExecuted,1787282775366000000,1787282835359000000,427
FlushQueue.executionTime90PNs,1787282775366000000,1787282835359000000,536575
AWTEventQueue.dispatchTimeTotalNS,1787282775366000000,1787282835359000000,1389243961
FlushQueue.queueSizeMax,1787282775366000000,1787282835359000000,7
AWTEventQueue.eventsDispatched,1787282775366000000,1787282835359000000,862
FlushQueue.queueSize90P,1787282775366000000,1787282835359000000,2
NonBlockingReadAction.failedExecutionTimeUs,1787282775366000000,1787282835359000000,0
NonBlockingReadAction.finalizedExecutionsCount,1787282775366000000,1787282835359000000,0
AWTEventQueue.dispatchTime90PNs,1787282775366000000,1787282835359000000,2785279
FlushQueue.executionTimeMaxNs,1787282775366000000,1787282835359000000,17563647
AWTEventQueue.dispatchTimeMaxNs,1787282775366000000,1787282835359000000,141557759
WriteAction.executionsCount,1787282775366000000,1787282835359000000,0
AWTEventQueue.dispatchTimeAvgNs,1787282775366000000,1787282835359000000,1610860.6960556845
JVM.newThreadsCount,1787282775366000000,1787282835359000000,0
JVM.GC.collections,1787282775366000000,1787282835359000000,1
OS.loadAverage,1787282775366000000,1787282835359000000,3.41455078125
JVM.usedHeapBytes,1787282775366000000,1787282835359000000,210012672
JVM.GC.collectionTimesMs,1787282775366000000,1787282835359000000,30
JVM.totalDirectByteBuffersBytes,1787282775366000000,1787282835359000000,244031810
JVM.totalCpuTimeMs,1787282775366000000,1787282835359000000,9790
JVM.maxHeapBytes,1787282775366000000,1787282835359000000,2147483648
JVM.totalBytesAllocated,1787282775366000000,1787282835359000000,40107088
JVM.threadCount,1787282775366000000,1787282835359000000,42
JVM.maxThreadCount,1787282775366000000,1787282835359000000,118
JVM.usedNativeBytes,1787282775366000000,1787282835359000000,290639280
FilePageCacheLockFree.totalPageAllocationsWaited,1787282775366000000,1787282835359000000,0
StreamlinedBlobStorage.recordsRelocated,1787282775366000000,1787282835359000000,0
FilePageCacheLockFree.nativeBytesInUse,1787282775366000000,1787282835359000000,0
DirectByteBufferAllocator.misses,1787282775366000000,1787282835359000000,0
FilePageCacheLockFree.totalBytesWritten,1787282775366000000,1787282835359000000,0
FilePageCache.pageLoads,1787282775366000000,1787282835359000000,0
StorageLockContext.competingThreads.max,1787282775366000000,1787282835359000000,0
FilePageCache.maxRegisteredFiles,1787282775366000000,1787282835359000000,555
MappedFileStorage.totalTimeSpentOnMappingUs,1787282775366000000,1787282835359000000,38737
DirectByteBufferAllocator.disposed,1787282775366000000,1787282835359000000,0
FilePageCacheLockFree.heapBytesInUse,1787282775366000000,1787282835359000000,0
DirectByteBufferAllocator.hits,1787282775366000000,1787282835359000000,0
DirectByteBufferAllocator.totalSizeOfBuffersAllocatedInBytes,1787282775366000000,1787282835359000000,243286016
FilePageCache.totalPageDisposalsUs,1787282775366000000,1787282835359000000,0
FilePageCache.totalPageLoadsUs,1787282775366000000,1787282835359000000,0
FilePageCache.uncachedFileAccess,1787282775366000000,1787282835359000000,0
FilePageCacheLockFree.totalHeapBytesAllocated,1787282775366000000,1787282835359000000,0
FilePageCacheLockFree.totalPagesRequestsMs,1787282775366000000,1787282835359000000,0
FilePageCacheLockFree.totalPagesWriteMs,1787282775366000000,1787282835359000000,0
FilePageCacheLockFree.totalPagesReclaimed,1787282775366000000,1787282835359000000,0
DirectByteBufferAllocator.totalSizeOfBuffersCachedInBytes,1787282775366000000,1787282835359000000,0
StorageLockContext.competingThreads.avg,1787282775366000000,1787282835359000000,0.0
FilePageCache.maxCacheSizeInBytes,1787282775366000000,1787282835359000000,243286016
FilePageCacheLockFree.totalPagesReadMs,1787282775366000000,1787282835359000000,0
MappedFileStorage.storages,1787282775366000000,1787282835359000000,16
FilePageCacheLockFree.totalBytesRequested,1787282775366000000,1787282835359000000,0
MappedFileStorage.totalBytesMapped,1787282775366000000,1787282835359000000,202637312
FilePageCacheLockFree.housekeeperTurnsDone,1787282775366000000,1787282835359000000,0
FilePageCache.capacityInBytes,1787282775366000000,1787282835359000000,503316478
FilePageCacheLockFree.totalPagesAllocated,1787282775366000000,1787282835359000000,0
FilePageCacheLockFree.totalHeapBytesReclaimed,1787282775366000000,1787282835359000000,0
FilePageCache.pageFastCacheHits,1787282775366000000,1787282835359000000,0
StreamlinedBlobStorage.totalLiveRecordsCapacityBytes,1787282775366000000,1787282835359000000,0
FilePageCacheLockFree.totalPagesWritten,1787282775366000000,1787282835359000000,0
FilePageCacheLockFree.totalNativeBytesAllocated,1787282775366000000,1787282835359000000,0
FilePageCacheLockFree.housekeeperTimeSpentMs,1787282775366000000,1787282835359000000,0
FilePageCache.disposedBuffers,1787282775366000000,1787282835359000000,0
DirectByteBufferAllocator.reclaimed,1787282775366000000,1787282835359000000,0
FilePageCache.pageHits,1787282775366000000,1787282835359000000,0
StreamlinedBlobStorage.recordsAllocated,1787282775366000000,1787282835359000000,0
FilePageCacheLockFree.housekeeperTurnsSkipped,1787282775366000000,1787282835359000000,0
FilePageCacheLockFree.totalClosedStoragesReclaimed,1787282775366000000,1787282835359000000,0
FilePageCacheLockFree.totalPagesRequested,1787282775366000000,1787282835359000000,0
MappedFileStorage.totalPagesMapped,1787282775366000000,1787282835359000000,16
StreamlinedBlobStorage.totalLiveRecordsPayloadBytes,1787282775366000000,1787282835359000000,0
FilePageCacheLockFree.totalBytesRead,1787282775366000000,1787282835359000000,0
StorageLockContext.competingThreads.90P,1787282775366000000,1787282835359000000,0
FilePageCacheLockFree.totalNativeBytesReclaimed,1787282775366000000,1787282835359000000,0
FilePageCache.pageLoadsAboveSizeThreshold,1787282775366000000,1787282835359000000,0
FileChannelInterruptsRetryer.totalRetriedAttempts,1787282775366000000,1787282835359000000,0
FilePageCacheLockFree.totalPagesHandedOver,1787282775366000000,1787282835359000000,0
StreamlinedBlobStorage.recordsDeleted,1787282775366000000,1787282835359000000,0
cacheStateStorage.get.duration,1787282775366000000,1787282835359000000,61
cacheStateStorage.set.counter,1787282775366000000,1787282835359000000,0
cacheStateStorage.set.duration,1787282775366000000,1787282835359000000,0
cacheStateStorage.get.counter,1787282775366000000,1787282835359000000,2
writeAction.wait.ms,1787282775366000000,1787282835359000000,0
writeAction.median.wait.ms,1787282775366000000,1787282835359000000,0
writeAction.count,1787282775366000000,1787282835359000000,0
writeAction.max.wait.ms,1787282775366000000,1787282835359000000,32
Indexes.stubs.lookupDurationMaxMs,1787282775366000000,1787282835359000000,0.0
Indexes.stubs.lookupDuration90PMs,1787282775366000000,1787282835359000000,0.0
Indexes.allKeys.lookupDuration90PMs,1787282775366000000,1787282835359000000,0.0
Indexes.allKeys.lookupDurationAvgMs,1787282775366000000,1787282835359000000,0.0
IndexesFlusher.totalFlushesRetried,1787282775366000000,1787282835359000000,0
Indexes.allKeys.lookupDurationMaxMs,1787282775366000000,1787282835359000000,0.0
Indexes.stubs.lookups,1787282775366000000,1787282835359000000,0.0
IndexesFlusher.totalContentionQuotaSpent,1787282775366000000,1787282835359000000,0
Indexes.entries.lookups,1787282775366000000,1787282835359000000,0.0
Indexes.stubs.lookupDurationAvgMs,1787282775366000000,1787282835359000000,0.0
Indexes.entries.lookupDurationAvgMs,1787282775366000000,1787282835359000000,0.0
Indexes.entries.lookupDuration90PMs,1787282775366000000,1787282835359000000,0.0
Indexes.entries.lookupDurationMaxMs,1787282775366000000,1787282835359000000,0.0
IndexesFlusher.totalFlushes,1787282775366000000,1787282835359000000,60
IndexesFlusher.totalFlushingTimeUs,1787282775366000000,1787282835359000000,425165
Indexes.allKeys.lookups,1787282775366000000,1787282835359000000,0.0
jps.artifact.entities.serializer.load.entities.ms,1787282775366000000,1787282835359000000,0
workspaceModel.mutableEntityStorage.modify.entity.ms,1787282775366000000,1787282835359000000,0
jps.module.iml.entities.serializer.save.entities.ms,1787282775366000000,1787282835359000000,0
workspaceModel.mutableEntityStorage.has.same.entities.ms,1787282775366000000,1787282835359000000,0
jps.project.serializers.save.ms,1787282775366000000,1787282835359000000,0
workspaceModel.global.updates.ms,1787282775366000000,1787282835359000000,0
workspaceModel.mutableEntityStorage.replace.by.source.ms,1787282775366000000,1787282835359000000,0
workspaceModel.load.cache.from.file.ms,1787282775366000000,1787282835359000000,0
workspaceModel.mutableEntityStorage.mutable.vfurl.index.ms,1787282775366000000,1787282835359000000,0
jps.apply.loaded.storage.ms,1787282775366000000,1787282835359000000,0
workspaceModel.mutableEntityStorage.instances.count,1787282775366000000,1787282835359000000,0
workspaceModel.load.cache.metadata.from.file.ms,1787282775366000000,1787282835359000000,0
jps.global.get.library.by.name.ms,1787282775366000000,1787282835359000000,0
workspaceModel.mutableEntityStorage.add.entity.ms,1787282775366000000,1787282835359000000,0
jps.reload.project.entities.ms,1787282775366000000,1787282835359000000,0
jps.app.storage.content.reader.load.component.ms,1787282775366000000,1787282835359000000,0
workspaceModel.mutableEntityStorage.apply.changes.from.ms,1787282775366000000,1787282835359000000,0
jps.module.iml.entities.serializer.load.entities.ms,1787282775366000000,1787282835359000000,0
workspaceModel.global.apply.state.to.project.ms,1787282775366000000,1787282835359000000,0
workspaceModel.moduleManagerBridge.load.module.ms,1787282775366000000,1787282835359000000,0
workspaceModel.sync.entities.ms,1787282775366000000,1787282835359000000,0
workspaceModel.delayed.project.synchronizer.sync.ms,1787282775366000000,1787282835359000000,0
jps.global.get.library.ms,1787282775366000000,1787282835359000000,0
workspaceModel.moduleBridge.update.option.ms,1787282775366000000,1787282835359000000,0
workspaceModel.moduleManagerBridge.newModule.ms,1787282775366000000,1787282835359000000,0
workspaceModel.save.cache.to.file.ms,1787282775366000000,1787282835359000000,0
workspaceModel.global.apply.state.to.project.builder.ms,1787282775366000000,1787282835359000000,0
jps.facet.change.listener.before.change.events.ms,1787282775366000000,1787282835359000000,0
workspaceModel.moduleManagerBridge.load.all.modules.ms,1787282775366000000,1787282835359000000,0
workspaceModel.mutableEntityStorage.referrers.ms,1787282775366000000,1787282835359000000,0
workspaceModel.global.updates.count,1787282775366000000,1787282835359000000,0
workspaceModel.moduleManagerBridge.build.module.graph.ms,1787282775366000000,1787282835359000000,0
workspaceModel.moduleManagerBridge.new.nonPersistent.module.ms,1787282775366000000,1787282835359000000,0
jps.global.handle.before.change.events.ms,1787282775366000000,1787282835359000000,0
jps.global.handle.changed.events.ms,1787282775366000000,1787282835359000000,0
jps.artifact.entities.serializer.save.entities.ms,1787282775366000000,1787282835359000000,0
jps.global.initialize.library.bridges.after.loading.ms,1787282775366000000,1787282835359000000,0
workspaceModel.moduleBridge.before.changed.ms,1787282775366000000,1787282835359000000,0
jps.facet.change.listener.init.bridge.ms,1787282775366000000,1787282835359000000,0
workspaceModel.mutableEntityStorage.put.entity.ms,1787282775366000000,1787282835359000000,0
workspaceModel.mutableEntityStorage.remove.entity.ms,1787282775366000000,1787282835359000000,0
jps.save.global.entities.ms,1787282775366000000,1787282835359000000,0
jps.storage.jps.conf.reader.load.component.ms,1787282775366000000,1787282835359000000,0
jps.load.project.to.empty.storage.ms,1787282775366000000,1787282835359000000,0
workspaceModel.moduleBridgeLoader.loading.modules.ms,1787282775366000000,1787282835359000000,0
workspaceModel.mutableEntityStorage.entities.ms,1787282775366000000,1787282835359000000,0
workspaceModel.mutableEntityStorage.entities.by.source.ms,1787282775366000000,1787282835359000000,0
workspaceModel.moduleBridge.facet.initialization.ms,1787282775366000000,1787282835359000000,0
jps.facet.change.listener.process.change.events.ms,1787282775366000000,1787282835359000000,0
workspaceModel.moduleManagerBridge.set.unloadedModules.ms,1787282775366000000,1787282835359000000,0
workspaceModel.mutableEntityStorage.to.snapshot.ms,1787282775366000000,1787282835359000000,0
jps.global.get.libraries.ms,1787282775366000000,1787282835359000000,0
workspaceModel.mutableEntityStorage.collect.changes.ms,1787282775366000000,1787282835359000000,0
jps.library.entities.serializer.save.entities.ms,1787282775366000000,1787282835359000000,0
jps.load.initial.state.ms,1787282775366000000,1787282835359000000,0
workspaceModel.moduleManagerBridge.get.modules.ms,1787282775366000000,1787282835359000000,0
workspaceModel.mutableEntityStorage.resolve.ms,1787282775366000000,1787282835359000000,0
workspaceModel.mutableEntityStorage.mutable.ext.mapping.ms,1787282775366000000,1787282835359000000,0
workspaceModel.do.save.caches.ms,1787282775366000000,1787282835359000000,0
jps.save.changed.project.entities.ms,1787282775366000000,1787282835359000000,0
workspaceModel.moduleManagerBridge.create.module.instance.ms,1787282775366000000,1787282835359000000,0
jps.global.initialize.library.bridges.ms,1787282775366000000,1787282835359000000,0
jps.library.entities.serializer.load.entities.ms,1787282775366000000,1787282835359000000,0
workspaceModel.orphan.listener.update.ms,1787282775366000000,1787282835359000000,0
jps.project.serializers.load.ms,1787282775366000000,1787282835359000000,0
compiler.ArtifactManagerBridge.commit.ms,1787282775366000000,1787282835359000000,0
compiler.ArtifactManagerBridge.getArtifactsByType.ms,1787282775366000000,1787282835359000000,0
compiler.ArtifactManagerBridge.dropMappings.ms,1787282775366000000,1787282835359000000,0
compiler.ArtifactManagerBridge.findArtifact.ms,1787282775366000000,1787282835359000000,0
compiler.ArtifactManagerBridge.getArtifacts.ms,1787282775366000000,1787282835359000000,0
compiler.ArtifactManagerBridge.addArtifact.ms,1787282775366000000,1787282835359000000,0
compiler.ArtifactManagerBridge.initBridges.ms,1787282775366000000,1787282835359000000,0
workspaceModel.workspaceFileIndexData.updateDirtyEntities.ms,1787282835359000000,1787282895361000000,0
workspaceModel.updates.count,1787282835359000000,1787282895361000000,0
workspaceModel.workspaceFileIndexData.getPackageName.ms,1787282835359000000,1787282895361000000,0
workspaceModel.init.bridges.ms,1787282835359000000,1787282895361000000,0
workspaceModel.update.unloaded.entities.ms,1787282835359000000,1787282895361000000,0
workspaceModel.workspaceFileIndexData.instances.count,1787282835359000000,1787282895361000000,0
workspaceModel.cachedValueWithParameters.clear.ms,1787282835359000000,1787282895361000000,0
workspaceModel.cachedValue.calculated.ms,1787282835359000000,1787282895361000000,0
workspaceModel.entityStorageSnapshotImpl.instances.count,1787282835359000000,1787282895361000000,0
workspaceModel.pre.handlers.ms,1787282835359000000,1787282895361000000,0
workspaceModel.full.replace.project.model.ms,1787282835359000000,1787282895361000000,0
workspaceModel.check.recursive.update.ms,1787282835359000000,1787282895361000000,0
workspaceModel.workspaceFileIndexData.init.ms,1787282835359000000,1787282895361000000,0
workspaceModel.updates.precise.ms,1787282835359000000,1787282895361000000,0
workspaceModel.workspaceFileIndexData.getFileInfo.ms,1787282835359000000,1787282895361000000,2
workspaceModel.initializing.ms,1787282835359000000,1787282895361000000,0
workspaceModel.to.snapshot.ms,1787282835359000000,1787282895361000000,0
workspaceModel.workspaceFileIndexData.visitFileSets.ms,1787282835359000000,1787282895361000000,0
workspaceModel.workspaceFileIndexData.markDirty.ms,1787282835359000000,1787282895361000000,0
workspaceModel.cachedValueWithParameters.calculated.ms,1787282835359000000,1787282895361000000,0
workspaceModel.collect.changes.ms,1787282835359000000,1787282895361000000,0
workspaceModel.replace.project.model.ms,1787282835359000000,1787282895361000000,0
workspaceModel.cachedValueWithParameters.total.get.ms,1787282835359000000,1787282895361000000,0
workspaceModel.workspaceFileIndexData.onEntitiesChanged.ms,1787282835359000000,1787282895361000000,0
workspaceModel.workspaceFileIndexData.processFileSets.ms,1787282835359000000,1787282895361000000,0
workspaceModel.cachedValueWithParameters.from.cache.ms,1787282835359000000,1787282895361000000,0
workspaceModel.cachedValue.clear.ms,1787282835359000000,1787282895361000000,0
workspaceModel.loading.from.cache.ms,1787282835359000000,1787282895361000000,0
workspaceModel.cachedValue.from.cache.ms,1787282835359000000,1787282895361000000,0
workspaceModel.updates.ms,1787282835359000000,1787282895361000000,0
workspaceModel.workspaceFileIndexContributor.registerFileSets.ms,1787282835359000000,1787282895361000000,0
workspaceModel.loading.total.ms,1787282835359000000,1787282895361000000,0
workspaceModel.workspaceFileIndexData.getDirectoriesByPackageName.ms,1787282835359000000,1787282895361000000,0
workspaceModel.cachedValue.total.get.ms,1787282835359000000,1787282895361000000,0
VFS.fileByIdCache.misses,1787282835359000000,1787282895361000000,0
FileNameCache.totalMisses,1787282835359000000,1787282895361000000,0
VFS.fileByIdCache.hits,1787282835359000000,1787282895361000000,0
FileNameCache.queries,1787282835359000000,1787282895361000000,0
VFS.fileChildByName,1787282835359000000,1787282895361000000,1957
VFS.invertedFileNameIndex.requests,1787282835359000000,1787282895361000000,0
FlushQueue.queueSizeAvg,1787282835359000000,1787282895361000000,1.2004662004662006
FlushQueue.waitingTimeAvgNs,1787282835359000000,1787282895361000000,1927083.972027972
ReadAction.executionsCount,1787282835359000000,1787282895361000000,10225
FlushQueue.waitingTime90PNs,1787282835359000000,1787282895361000000,5275647
FlushQueue.waitingTimeMaxNs,1787282835359000000,1787282895361000000,74448895
NonBlockingReadAction.failedExecutionsCount,1787282835359000000,1787282895361000000,0
NonBlockingReadAction.finalizedExecutionTimeUs,1787282835359000000,1787282895361000000,3087
FlushQueue.executionTimeAvgNs,1787282835359000000,1787282895361000000,813132.4071484072
FlushQueue.tasksExecuted,1787282835359000000,1787282895361000000,1287
FlushQueue.executionTime90PNs,1787282835359000000,1787282895361000000,671743
AWTEventQueue.dispatchTimeTotalNS,1787282835359000000,1787282895361000000,4168096747
FlushQueue.queueSizeMax,1787282835359000000,1787282895361000000,12
AWTEventQueue.eventsDispatched,1787282835359000000,1787282895361000000,2601
FlushQueue.queueSize90P,1787282835359000000,1787282895361000000,4
NonBlockingReadAction.failedExecutionTimeUs,1787282835359000000,1787282895361000000,0
NonBlockingReadAction.finalizedExecutionsCount,1787282835359000000,1787282895361000000,16
AWTEventQueue.dispatchTime90PNs,1787282835359000000,1787282895361000000,2293759
FlushQueue.executionTimeMaxNs,1787282835359000000,1787282895361000000,179306495
AWTEventQueue.dispatchTimeMaxNs,1787282835359000000,1787282895361000000,180355071
WriteAction.executionsCount,1787282835359000000,1787282895361000000,0
AWTEventQueue.dispatchTimeAvgNs,1787282835359000000,1787282895361000000,1602002.5774702039
JVM.newThreadsCount,1787282835359000000,1787282895361000000,9
JVM.GC.collections,1787282835359000000,1787282895361000000,0
OS.loadAverage,1787282835359000000,1787282895361000000,2.24072265625
JVM.usedHeapBytes,1787282835359000000,1787282895361000000,305433088
JVM.GC.collectionTimesMs,1787282835359000000,1787282895361000000,0
JVM.totalDirectByteBuffersBytes,1787282835359000000,1787282895361000000,244050729
JVM.totalCpuTimeMs,1787282835359000000,1787282895361000000,21860
JVM.maxHeapBytes,1787282835359000000,1787282895361000000,2147483648
JVM.totalBytesAllocated,1787282835359000000,1787282895361000000,94519456
JVM.threadCount,1787282835359000000,1787282895361000000,51
JVM.maxThreadCount,1787282835359000000,1787282895361000000,118
JVM.usedNativeBytes,1787282835359000000,1787282895361000000,308857576
FilePageCacheLockFree.totalPageAllocationsWaited,1787282835359000000,1787282895361000000,0
StreamlinedBlobStorage.recordsRelocated,1787282835359000000,1787282895361000000,0
FilePageCacheLockFree.nativeBytesInUse,1787282835359000000,1787282895361000000,0
DirectByteBufferAllocator.misses,1787282835359000000,1787282895361000000,0
FilePageCacheLockFree.totalBytesWritten,1787282835359000000,1787282895361000000,0
FilePageCache.pageLoads,1787282835359000000,1787282895361000000,0
StorageLockContext.competingThreads.max,1787282835359000000,1787282895361000000,0
FilePageCache.maxRegisteredFiles,1787282835359000000,1787282895361000000,555
MappedFileStorage.totalTimeSpentOnMappingUs,1787282835359000000,1787282895361000000,38737
DirectByteBufferAllocator.disposed,1787282835359000000,1787282895361000000,0
FilePageCacheLockFree.heapBytesInUse,1787282835359000000,1787282895361000000,0
DirectByteBufferAllocator.hits,1787282835359000000,1787282895361000000,0
DirectByteBufferAllocator.totalSizeOfBuffersAllocatedInBytes,1787282835359000000,1787282895361000000,243286016
FilePageCache.totalPageDisposalsUs,1787282835359000000,1787282895361000000,0
FilePageCache.totalPageLoadsUs,1787282835359000000,1787282895361000000,0
FilePageCache.uncachedFileAccess,1787282835359000000,1787282895361000000,0
FilePageCacheLockFree.totalHeapBytesAllocated,1787282835359000000,1787282895361000000,0
FilePageCacheLockFree.totalPagesRequestsMs,1787282835359000000,1787282895361000000,0
FilePageCacheLockFree.totalPagesWriteMs,1787282835359000000,1787282895361000000,0
FilePageCacheLockFree.totalPagesReclaimed,1787282835359000000,1787282895361000000,0
DirectByteBufferAllocator.totalSizeOfBuffersCachedInBytes,1787282835359000000,1787282895361000000,0
StorageLockContext.competingThreads.avg,1787282835359000000,1787282895361000000,0.0
FilePageCache.maxCacheSizeInBytes,1787282835359000000,1787282895361000000,243286016
FilePageCacheLockFree.totalPagesReadMs,1787282835359000000,1787282895361000000,0
MappedFileStorage.storages,1787282835359000000,1787282895361000000,16
FilePageCacheLockFree.totalBytesRequested,1787282835359000000,1787282895361000000,0
MappedFileStorage.totalBytesMapped,1787282835359000000,1787282895361000000,202637312
FilePageCacheLockFree.housekeeperTurnsDone,1787282835359000000,1787282895361000000,0
FilePageCache.capacityInBytes,1787282835359000000,1787282895361000000,503316478
FilePageCacheLockFree.totalPagesAllocated,1787282835359000000,1787282895361000000,0
FilePageCacheLockFree.totalHeapBytesReclaimed,1787282835359000000,1787282895361000000,0
FilePageCache.pageFastCacheHits,1787282835359000000,1787282895361000000,3
StreamlinedBlobStorage.totalLiveRecordsCapacityBytes,1787282835359000000,1787282895361000000,0
FilePageCacheLockFree.totalPagesWritten,1787282835359000000,1787282895361000000,0
FilePageCacheLockFree.totalNativeBytesAllocated,1787282835359000000,1787282895361000000,0
FilePageCacheLockFree.housekeeperTimeSpentMs,1787282835359000000,1787282895361000000,0
FilePageCache.disposedBuffers,1787282835359000000,1787282895361000000,0
DirectByteBufferAllocator.reclaimed,1787282835359000000,1787282895361000000,0
FilePageCache.pageHits,1787282835359000000,1787282895361000000,0
StreamlinedBlobStorage.recordsAllocated,1787282835359000000,1787282895361000000,0
FilePageCacheLockFree.housekeeperTurnsSkipped,1787282835359000000,1787282895361000000,0
FilePageCacheLockFree.totalClosedStoragesReclaimed,1787282835359000000,1787282895361000000,0
FilePageCacheLockFree.totalPagesRequested,1787282835359000000,1787282895361000000,0
MappedFileStorage.totalPagesMapped,1787282835359000000,1787282895361000000,16
StreamlinedBlobStorage.totalLiveRecordsPayloadBytes,1787282835359000000,1787282895361000000,0
FilePageCacheLockFree.totalBytesRead,1787282835359000000,1787282895361000000,0
StorageLockContext.competingThreads.90P,1787282835359000000,1787282895361000000,0
FilePageCacheLockFree.totalNativeBytesReclaimed,1787282835359000000,1787282895361000000,0
FilePageCache.pageLoadsAboveSizeThreshold,1787282835359000000,1787282895361000000,0
FileChannelInterruptsRetryer.totalRetriedAttempts,1787282835359000000,1787282895361000000,0
FilePageCacheLockFree.totalPagesHandedOver,1787282835359000000,1787282895361000000,0
StreamlinedBlobStorage.recordsDeleted,1787282835359000000,1787282895361000000,0
cacheStateStorage.get.duration,1787282835359000000,1787282895361000000,41
cacheStateStorage.set.counter,1787282835359000000,1787282895361000000,0
cacheStateStorage.set.duration,1787282835359000000,1787282895361000000,0
cacheStateStorage.get.counter,1787282835359000000,1787282895361000000,1
writeAction.wait.ms,1787282835359000000,1787282895361000000,0
writeAction.median.wait.ms,1787282835359000000,1787282895361000000,0
writeAction.count,1787282835359000000,1787282895361000000,0
writeAction.max.wait.ms,1787282835359000000,1787282895361000000,32
Indexes.stubs.lookupDurationMaxMs,1787282835359000000,1787282895361000000,0.0
Indexes.stubs.lookupDuration90PMs,1787282835359000000,1787282895361000000,0.0
Indexes.allKeys.lookupDuration90PMs,1787282835359000000,1787282895361000000,0.0
Indexes.allKeys.lookupDurationAvgMs,1787282835359000000,1787282895361000000,0.0
IndexesFlusher.totalFlushesRetried,1787282835359000000,1787282895361000000,0
Indexes.allKeys.lookupDurationMaxMs,1787282835359000000,1787282895361000000,0.0
Indexes.stubs.lookups,1787282835359000000,1787282895361000000,0.0
IndexesFlusher.totalContentionQuotaSpent,1787282835359000000,1787282895361000000,0
Indexes.entries.lookups,1787282835359000000,1787282895361000000,0.0
Indexes.stubs.lookupDurationAvgMs,1787282835359000000,1787282895361000000,0.0
Indexes.entries.lookupDurationAvgMs,1787282835359000000,1787282895361000000,0.0
Indexes.entries.lookupDuration90PMs,1787282835359000000,1787282895361000000,0.0
Indexes.entries.lookupDurationMaxMs,1787282835359000000,1787282895361000000,0.0
IndexesFlusher.totalFlushes,1787282835359000000,1787282895361000000,59
IndexesFlusher.totalFlushingTimeUs,1787282835359000000,1787282895361000000,326517
Indexes.allKeys.lookups,1787282835359000000,1787282895361000000,0.0
jps.artifact.entities.serializer.load.entities.ms,1787282835359000000,1787282895361000000,0
workspaceModel.mutableEntityStorage.modify.entity.ms,1787282835359000000,1787282895361000000,0
jps.module.iml.entities.serializer.save.entities.ms,1787282835359000000,1787282895361000000,0
workspaceModel.mutableEntityStorage.has.same.entities.ms,1787282835359000000,1787282895361000000,0
jps.project.serializers.save.ms,1787282835359000000,1787282895361000000,4
workspaceModel.global.updates.ms,1787282835359000000,1787282895361000000,0
workspaceModel.mutableEntityStorage.replace.by.source.ms,1787282835359000000,1787282895361000000,0
workspaceModel.load.cache.from.file.ms,1787282835359000000,1787282895361000000,0
workspaceModel.mutableEntityStorage.mutable.vfurl.index.ms,1787282835359000000,1787282895361000000,0
jps.apply.loaded.storage.ms,1787282835359000000,1787282895361000000,0
workspaceModel.mutableEntityStorage.instances.count,1787282835359000000,1787282895361000000,0
workspaceModel.load.cache.metadata.from.file.ms,1787282835359000000,1787282895361000000,0
jps.global.get.library.by.name.ms,1787282835359000000,1787282895361000000,0
workspaceModel.mutableEntityStorage.add.entity.ms,1787282835359000000,1787282895361000000,0
jps.reload.project.entities.ms,1787282835359000000,1787282895361000000,0
jps.app.storage.content.reader.load.component.ms,1787282835359000000,1787282895361000000,0
workspaceModel.mutableEntityStorage.apply.changes.from.ms,1787282835359000000,1787282895361000000,0
jps.app.storage.content.writer.save.component.ms,1787282835359000000,1787282895361000000,35
jps.module.iml.entities.serializer.load.entities.ms,1787282835359000000,1787282895361000000,0
workspaceModel.global.apply.state.to.project.ms,1787282835359000000,1787282895361000000,0
workspaceModel.moduleManagerBridge.load.module.ms,1787282835359000000,1787282895361000000,0
workspaceModel.sync.entities.ms,1787282835359000000,1787282895361000000,0
workspaceModel.delayed.project.synchronizer.sync.ms,1787282835359000000,1787282895361000000,0
jps.global.get.library.ms,1787282835359000000,1787282895361000000,0
workspaceModel.moduleBridge.update.option.ms,1787282835359000000,1787282895361000000,0
workspaceModel.moduleManagerBridge.newModule.ms,1787282835359000000,1787282895361000000,0
workspaceModel.save.cache.to.file.ms,1787282835359000000,1787282895361000000,0
workspaceModel.global.apply.state.to.project.builder.ms,1787282835359000000,1787282895361000000,0
jps.facet.change.listener.before.change.events.ms,1787282835359000000,1787282895361000000,0
workspaceModel.moduleManagerBridge.load.all.modules.ms,1787282835359000000,1787282895361000000,0
workspaceModel.mutableEntityStorage.referrers.ms,1787282835359000000,1787282895361000000,0
workspaceModel.global.updates.count,1787282835359000000,1787282895361000000,0
workspaceModel.moduleManagerBridge.build.module.graph.ms,1787282835359000000,1787282895361000000,0
workspaceModel.moduleManagerBridge.new.nonPersistent.module.ms,1787282835359000000,1787282895361000000,0
jps.global.handle.before.change.events.ms,1787282835359000000,1787282895361000000,0
jps.global.handle.changed.events.ms,1787282835359000000,1787282895361000000,0
jps.artifact.entities.serializer.save.entities.ms,1787282835359000000,1787282895361000000,0
jps.global.initialize.library.bridges.after.loading.ms,1787282835359000000,1787282895361000000,0
workspaceModel.moduleBridge.before.changed.ms,1787282835359000000,1787282895361000000,0
jps.facet.change.listener.init.bridge.ms,1787282835359000000,1787282895361000000,0
workspaceModel.mutableEntityStorage.put.entity.ms,1787282835359000000,1787282895361000000,0
workspaceModel.mutableEntityStorage.remove.entity.ms,1787282835359000000,1787282895361000000,0
jps.save.global.entities.ms,1787282835359000000,1787282895361000000,116
jps.storage.jps.conf.reader.load.component.ms,1787282835359000000,1787282895361000000,0
jps.load.project.to.empty.storage.ms,1787282835359000000,1787282895361000000,0
workspaceModel.moduleBridgeLoader.loading.modules.ms,1787282835359000000,1787282895361000000,0
workspaceModel.mutableEntityStorage.entities.ms,1787282835359000000,1787282895361000000,0
workspaceModel.mutableEntityStorage.entities.by.source.ms,1787282835359000000,1787282895361000000,0
workspaceModel.moduleBridge.facet.initialization.ms,1787282835359000000,1787282895361000000,0
jps.facet.change.listener.process.change.events.ms,1787282835359000000,1787282895361000000,0
workspaceModel.moduleManagerBridge.set.unloadedModules.ms,1787282835359000000,1787282895361000000,0
workspaceModel.mutableEntityStorage.to.snapshot.ms,1787282835359000000,1787282895361000000,0
jps.global.get.libraries.ms,1787282835359000000,1787282895361000000,0
workspaceModel.mutableEntityStorage.collect.changes.ms,1787282835359000000,1787282895361000000,0
jps.library.entities.serializer.save.entities.ms,1787282835359000000,1787282895361000000,0
jps.load.initial.state.ms,1787282835359000000,1787282895361000000,0
workspaceModel.moduleManagerBridge.get.modules.ms,1787282835359000000,1787282895361000000,0
workspaceModel.mutableEntityStorage.resolve.ms,1787282835359000000,1787282895361000000,0
workspaceModel.mutableEntityStorage.mutable.ext.mapping.ms,1787282835359000000,1787282895361000000,0
workspaceModel.do.save.caches.ms,1787282835359000000,1787282895361000000,0
jps.save.changed.project.entities.ms,1787282835359000000,1787282895361000000,5
workspaceModel.moduleManagerBridge.create.module.instance.ms,1787282835359000000,1787282895361000000,0
jps.global.initialize.library.bridges.ms,1787282835359000000,1787282895361000000,0
jps.library.entities.serializer.load.entities.ms,1787282835359000000,1787282895361000000,0
workspaceModel.orphan.listener.update.ms,1787282835359000000,1787282895361000000,0
jps.project.serializers.load.ms,1787282835359000000,1787282895361000000,0
compiler.ArtifactManagerBridge.commit.ms,1787282835359000000,1787282895361000000,0
compiler.ArtifactManagerBridge.getArtifactsByType.ms,1787282835359000000,1787282895361000000,0
compiler.ArtifactManagerBridge.dropMappings.ms,1787282835359000000,1787282895361000000,0
compiler.ArtifactManagerBridge.findArtifact.ms,1787282835359000000,1787282895361000000,0
compiler.ArtifactManagerBridge.getArtifacts.ms,1787282835359000000,1787282895361000000,0
compiler.ArtifactManagerBridge.addArtifact.ms,1787282835359000000,1787282895361000000,0
compiler.ArtifactManagerBridge.initBridges.ms,1787282835359000000,1787282895361000000,0
workspaceModel.workspaceFileIndexData.updateDirtyEntities.ms,1787282895361000000,1787282955392000000,0
workspaceModel.updates.count,1787282895361000000,1787282955392000000,0
workspaceModel.workspaceFileIndexData.getPackageName.ms,1787282895361000000,1787282955392000000,4
workspaceModel.init.bridges.ms,1787282895361000000,1787282955392000000,0
workspaceModel.update.unloaded.entities.ms,1787282895361000000,1787282955392000000,0
workspaceModel.workspaceFileIndexData.instances.count,1787282895361000000,1787282955392000000,0
workspaceModel.cachedValueWithParameters.clear.ms,1787282895361000000,1787282955392000000,0
workspaceModel.cachedValue.calculated.ms,1787282895361000000,1787282955392000000,0
workspaceModel.entityStorageSnapshotImpl.instances.count,1787282895361000000,1787282955392000000,0
workspaceModel.pre.handlers.ms,1787282895361000000,1787282955392000000,0
workspaceModel.full.replace.project.model.ms,1787282895361000000,1787282955392000000,0
workspaceModel.check.recursive.update.ms,1787282895361000000,1787282955392000000,0
workspaceModel.workspaceFileIndexData.init.ms,1787282895361000000,1787282955392000000,0
workspaceModel.updates.precise.ms,1787282895361000000,1787282955392000000,0
workspaceModel.workspaceFileIndexData.getFileInfo.ms,1787282895361000000,1787282955392000000,6
workspaceModel.initializing.ms,1787282895361000000,1787282955392000000,0
workspaceModel.to.snapshot.ms,1787282895361000000,1787282955392000000,0
workspaceModel.workspaceFileIndexData.visitFileSets.ms,1787282895361000000,1787282955392000000,0
workspaceModel.workspaceFileIndexData.markDirty.ms,1787282895361000000,1787282955392000000,0
workspaceModel.cachedValueWithParameters.calculated.ms,1787282895361000000,1787282955392000000,0
workspaceModel.collect.changes.ms,1787282895361000000,1787282955392000000,0
workspaceModel.replace.project.model.ms,1787282895361000000,1787282955392000000,0
workspaceModel.cachedValueWithParameters.total.get.ms,1787282895361000000,1787282955392000000,0
workspaceModel.workspaceFileIndexData.onEntitiesChanged.ms,1787282895361000000,1787282955392000000,0
workspaceModel.workspaceFileIndexData.processFileSets.ms,1787282895361000000,1787282955392000000,0
workspaceModel.cachedValueWithParameters.from.cache.ms,1787282895361000000,1787282955392000000,0
workspaceModel.cachedValue.clear.ms,1787282895361000000,1787282955392000000,0
workspaceModel.loading.from.cache.ms,1787282895361000000,1787282955392000000,0
workspaceModel.cachedValue.from.cache.ms,1787282895361000000,1787282955392000000,0
workspaceModel.updates.ms,1787282895361000000,1787282955392000000,0
workspaceModel.workspaceFileIndexContributor.registerFileSets.ms,1787282895361000000,1787282955392000000,0
workspaceModel.loading.total.ms,1787282895361000000,1787282955392000000,0
workspaceModel.workspaceFileIndexData.getDirectoriesByPackageName.ms,1787282895361000000,1787282955392000000,79
workspaceModel.cachedValue.total.get.ms,1787282895361000000,1787282955392000000,0
VFS.fileByIdCache.misses,1787282895361000000,1787282955392000000,0
FileNameCache.totalMisses,1787282895361000000,1787282955392000000,0
VFS.fileByIdCache.hits,1787282895361000000,1787282955392000000,0
FileNameCache.queries,1787282895361000000,1787282955392000000,0
VFS.fileChildByName,1787282895361000000,1787282955392000000,1440
VFS.invertedFileNameIndex.requests,1787282895361000000,1787282955392000000,0
FlushQueue.queueSizeAvg,1787282895361000000,1787282955392000000,1.7923250564334086
FlushQueue.waitingTimeAvgNs,1787282895361000000,1787282955392000000,2.03657808758465E7
ReadAction.executionsCount,1787282895361000000,1787282955392000000,11583
FlushQueue.waitingTime90PNs,1787282895361000000,1787282955392000000,32505855
FlushQueue.waitingTimeMaxNs,1787282895361000000,1787282955392000000,1769996287
NonBlockingReadAction.failedExecutionsCount,1787282895361000000,1787282955392000000,0
NonBlockingReadAction.finalizedExecutionTimeUs,1787282895361000000,1787282955392000000,13277
FlushQueue.executionTimeAvgNs,1787282895361000000,1787282955392000000,1624802.3566591423
FlushQueue.tasksExecuted,1787282895361000000,1787282955392000000,886
FlushQueue.executionTime90PNs,1787282895361000000,1787282955392000000,2080767
AWTEventQueue.dispatchTimeTotalNS,1787282895361000000,1787282955392000000,20612708374
FlushQueue.queueSizeMax,1787282895361000000,1787282955392000000,18
AWTEventQueue.eventsDispatched,1787282895361000000,1787282955392000000,2027
FlushQueue.queueSize90P,1787282895361000000,1787282955392000000,5
NonBlockingReadAction.failedExecutionTimeUs,1787282895361000000,1787282955392000000,0
NonBlockingReadAction.finalizedExecutionsCount,1787282895361000000,1787282955392000000,12
AWTEventQueue.dispatchTime90PNs,1787282895361000000,1787282955392000000,8388607
FlushQueue.executionTimeMaxNs,1787282895361000000,1787282955392000000,291504127
AWTEventQueue.dispatchTimeMaxNs,1787282895361000000,1787282955392000000,6576668671
WriteAction.executionsCount,1787282895361000000,1787282955392000000,0
AWTEventQueue.dispatchTimeAvgNs,1787282895361000000,1787282955392000000,1.017038583917119E7
JVM.newThreadsCount,1787282895361000000,1787282955392000000,2
JVM.GC.collections,1787282895361000000,1787282955392000000,2
OS.loadAverage,1787282895361000000,1787282955392000000,24.28271484375
JVM.usedHeapBytes,1787282895361000000,1787282955392000000,227904512
JVM.GC.collectionTimesMs,1787282895361000000,1787282955392000000,79
JVM.totalDirectByteBuffersBytes,1787282895361000000,1787282955392000000,244103891
JVM.totalCpuTimeMs,1787282895361000000,1787282955392000000,18930
JVM.maxHeapBytes,1787282895361000000,1787282955392000000,2147483648
JVM.totalBytesAllocated,1787282895361000000,1787282955392000000,69793920
JVM.threadCount,1787282895361000000,1787282955392000000,53
JVM.maxThreadCount,1787282895361000000,1787282955392000000,118
JVM.usedNativeBytes,1787282895361000000,1787282955392000000,316442256
FilePageCacheLockFree.totalPageAllocationsWaited,1787282895361000000,1787282955392000000,0
StreamlinedBlobStorage.recordsRelocated,1787282895361000000,1787282955392000000,0
FilePageCacheLockFree.nativeBytesInUse,1787282895361000000,1787282955392000000,0
DirectByteBufferAllocator.misses,1787282895361000000,1787282955392000000,0
FilePageCacheLockFree.totalBytesWritten,1787282895361000000,1787282955392000000,0
FilePageCache.pageLoads,1787282895361000000,1787282955392000000,0
StorageLockContext.competingThreads.max,1787282895361000000,1787282955392000000,0
FilePageCache.maxRegisteredFiles,1787282895361000000,1787282955392000000,555
MappedFileStorage.totalTimeSpentOnMappingUs,1787282895361000000,1787282955392000000,38737
DirectByteBufferAllocator.disposed,1787282895361000000,1787282955392000000,0
FilePageCacheLockFree.heapBytesInUse,1787282895361000000,1787282955392000000,0
DirectByteBufferAllocator.hits,1787282895361000000,1787282955392000000,0
DirectByteBufferAllocator.totalSizeOfBuffersAllocatedInBytes,1787282895361000000,1787282955392000000,243286016
FilePageCache.totalPageDisposalsUs,1787282895361000000,1787282955392000000,0
FilePageCache.totalPageLoadsUs,1787282895361000000,1787282955392000000,0
FilePageCache.uncachedFileAccess,1787282895361000000,1787282955392000000,0
FilePageCacheLockFree.totalHeapBytesAllocated,1787282895361000000,1787282955392000000,0
FilePageCacheLockFree.totalPagesRequestsMs,1787282895361000000,1787282955392000000,0
FilePageCacheLockFree.totalPagesWriteMs,1787282895361000000,1787282955392000000,0
FilePageCacheLockFree.totalPagesReclaimed,1787282895361000000,1787282955392000000,0
DirectByteBufferAllocator.totalSizeOfBuffersCachedInBytes,1787282895361000000,1787282955392000000,0
StorageLockContext.competingThreads.avg,1787282895361000000,1787282955392000000,0.0
FilePageCache.maxCacheSizeInBytes,1787282895361000000,1787282955392000000,243286016
FilePageCacheLockFree.totalPagesReadMs,1787282895361000000,1787282955392000000,0
MappedFileStorage.storages,1787282895361000000,1787282955392000000,16
FilePageCacheLockFree.totalBytesRequested,1787282895361000000,1787282955392000000,0
MappedFileStorage.totalBytesMapped,1787282895361000000,1787282955392000000,202637312
FilePageCacheLockFree.housekeeperTurnsDone,1787282895361000000,1787282955392000000,0
FilePageCache.capacityInBytes,1787282895361000000,1787282955392000000,503316478
FilePageCacheLockFree.totalPagesAllocated,1787282895361000000,1787282955392000000,0
FilePageCacheLockFree.totalHeapBytesReclaimed,1787282895361000000,1787282955392000000,0
FilePageCache.pageFastCacheHits,1787282895361000000,1787282955392000000,39
StreamlinedBlobStorage.totalLiveRecordsCapacityBytes,1787282895361000000,1787282955392000000,0
FilePageCacheLockFree.totalPagesWritten,1787282895361000000,1787282955392000000,0
FilePageCacheLockFree.totalNativeBytesAllocated,1787282895361000000,1787282955392000000,0
FilePageCacheLockFree.housekeeperTimeSpentMs,1787282895361000000,1787282955392000000,0
FilePageCache.disposedBuffers,1787282895361000000,1787282955392000000,0
DirectByteBufferAllocator.reclaimed,1787282895361000000,1787282955392000000,0
FilePageCache.pageHits,1787282895361000000,1787282955392000000,0
StreamlinedBlobStorage.recordsAllocated,1787282895361000000,1787282955392000000,0
FilePageCacheLockFree.housekeeperTurnsSkipped,1787282895361000000,1787282955392000000,0
FilePageCacheLockFree.totalClosedStoragesReclaimed,1787282895361000000,1787282955392000000,0
FilePageCacheLockFree.totalPagesRequested,1787282895361000000,1787282955392000000,0
MappedFileStorage.totalPagesMapped,1787282895361000000,1787282955392000000,16
StreamlinedBlobStorage.totalLiveRecordsPayloadBytes,1787282895361000000,1787282955392000000,0
FilePageCacheLockFree.totalBytesRead,1787282895361000000,1787282955392000000,0
StorageLockContext.competingThreads.90P,1787282895361000000,1787282955392000000,0
FilePageCacheLockFree.totalNativeBytesReclaimed,1787282895361000000,1787282955392000000,0
FilePageCache.pageLoadsAboveSizeThreshold,1787282895361000000,1787282955392000000,0
FileChannelInterruptsRetryer.totalRetriedAttempts,1787282895361000000,1787282955392000000,0
FilePageCacheLockFree.totalPagesHandedOver,1787282895361000000,1787282955392000000,0
StreamlinedBlobStorage.recordsDeleted,1787282895361000000,1787282955392000000,0
cacheStateStorage.get.duration,1787282895361000000,1787282955392000000,0
cacheStateStorage.set.counter,1787282895361000000,1787282955392000000,0
cacheStateStorage.set.duration,1787282895361000000,1787282955392000000,0
cacheStateStorage.get.counter,1787282895361000000,1787282955392000000,0
writeAction.wait.ms,1787282895361000000,1787282955392000000,0
writeAction.median.wait.ms,1787282895361000000,1787282955392000000,0
writeAction.count,1787282895361000000,1787282955392000000,0
writeAction.max.wait.ms,1787282895361000000,1787282955392000000,32
Indexes.stubs.lookupDurationMaxMs,1787282895361000000,1787282955392000000,0.0
Indexes.stubs.lookupDuration90PMs,1787282895361000000,1787282955392000000,0.0
Indexes.allKeys.lookupDuration90PMs,1787282895361000000,1787282955392000000,0.0
Indexes.allKeys.lookupDurationAvgMs,1787282895361000000,1787282955392000000,0.0
IndexesFlusher.totalFlushesRetried,1787282895361000000,1787282955392000000,0
Indexes.allKeys.lookupDurationMaxMs,1787282895361000000,1787282955392000000,0.0
Indexes.stubs.lookups,1787282895361000000,1787282955392000000,0.0
IndexesFlusher.totalContentionQuotaSpent,1787282895361000000,1787282955392000000,0
Indexes.entries.lookups,1787282895361000000,1787282955392000000,3.0
Indexes.stubs.lookupDurationAvgMs,1787282895361000000,1787282955392000000,0.0
Indexes.entries.lookupDurationAvgMs,1787282895361000000,1787282955392000000,2.3333333333333335
Indexes.entries.lookupDuration90PMs,1787282895361000000,1787282955392000000,6.0
Indexes.entries.lookupDurationMaxMs,1787282895361000000,1787282955392000000,6.0
IndexesFlusher.totalFlushes,1787282895361000000,1787282955392000000,68
IndexesFlusher.totalFlushingTimeUs,1787282895361000000,1787282955392000000,3962342
Indexes.allKeys.lookups,1787282895361000000,1787282955392000000,0.0
jps.artifact.entities.serializer.load.entities.ms,1787282895361000000,1787282955392000000,0
workspaceModel.mutableEntityStorage.modify.entity.ms,1787282895361000000,1787282955392000000,0
jps.module.iml.entities.serializer.save.entities.ms,1787282895361000000,1787282955392000000,0
workspaceModel.mutableEntityStorage.has.same.entities.ms,1787282895361000000,1787282955392000000,0
jps.project.serializers.save.ms,1787282895361000000,1787282955392000000,0
workspaceModel.global.updates.ms,1787282895361000000,1787282955392000000,0
workspaceModel.mutableEntityStorage.replace.by.source.ms,1787282895361000000,1787282955392000000,0
workspaceModel.load.cache.from.file.ms,1787282895361000000,1787282955392000000,0
workspaceModel.mutableEntityStorage.mutable.vfurl.index.ms,1787282895361000000,1787282955392000000,0
jps.apply.loaded.storage.ms,1787282895361000000,1787282955392000000,0
workspaceModel.mutableEntityStorage.instances.count,1787282895361000000,1787282955392000000,0
workspaceModel.load.cache.metadata.from.file.ms,1787282895361000000,1787282955392000000,0
jps.global.get.library.by.name.ms,1787282895361000000,1787282955392000000,0
workspaceModel.mutableEntityStorage.add.entity.ms,1787282895361000000,1787282955392000000,0
jps.reload.project.entities.ms,1787282895361000000,1787282955392000000,0
jps.app.storage.content.reader.load.component.ms,1787282895361000000,1787282955392000000,0
workspaceModel.mutableEntityStorage.apply.changes.from.ms,1787282895361000000,1787282955392000000,0
jps.app.storage.content.writer.save.component.ms,1787282895361000000,1787282955392000000,13
jps.module.iml.entities.serializer.load.entities.ms,1787282895361000000,1787282955392000000,0
workspaceModel.global.apply.state.to.project.ms,1787282895361000000,1787282955392000000,0
workspaceModel.moduleManagerBridge.load.module.ms,1787282895361000000,1787282955392000000,0
workspaceModel.sync.entities.ms,1787282895361000000,1787282955392000000,0
workspaceModel.delayed.project.synchronizer.sync.ms,1787282895361000000,1787282955392000000,0
jps.global.get.library.ms,1787282895361000000,1787282955392000000,0
workspaceModel.moduleBridge.update.option.ms,1787282895361000000,1787282955392000000,0
workspaceModel.moduleManagerBridge.newModule.ms,1787282895361000000,1787282955392000000,0
workspaceModel.save.cache.to.file.ms,1787282895361000000,1787282955392000000,0
workspaceModel.global.apply.state.to.project.builder.ms,1787282895361000000,1787282955392000000,0
jps.facet.change.listener.before.change.events.ms,1787282895361000000,1787282955392000000,0
workspaceModel.moduleManagerBridge.load.all.modules.ms,1787282895361000000,1787282955392000000,0
workspaceModel.mutableEntityStorage.referrers.ms,1787282895361000000,1787282955392000000,0
workspaceModel.global.updates.count,1787282895361000000,1787282955392000000,0
workspaceModel.moduleManagerBridge.build.module.graph.ms,1787282895361000000,1787282955392000000,0
workspaceModel.moduleManagerBridge.new.nonPersistent.module.ms,1787282895361000000,1787282955392000000,0
jps.global.handle.before.change.events.ms,1787282895361000000,1787282955392000000,0
jps.global.handle.changed.events.ms,1787282895361000000,1787282955392000000,0
jps.artifact.entities.serializer.save.entities.ms,1787282895361000000,1787282955392000000,0
jps.global.initialize.library.bridges.after.loading.ms,1787282895361000000,1787282955392000000,0
workspaceModel.moduleBridge.before.changed.ms,1787282895361000000,1787282955392000000,0
jps.facet.change.listener.init.bridge.ms,1787282895361000000,1787282955392000000,0
workspaceModel.mutableEntityStorage.put.entity.ms,1787282895361000000,1787282955392000000,0
workspaceModel.mutableEntityStorage.remove.entity.ms,1787282895361000000,1787282955392000000,0
jps.save.global.entities.ms,1787282895361000000,1787282955392000000,42
jps.storage.jps.conf.reader.load.component.ms,1787282895361000000,1787282955392000000,0
jps.load.project.to.empty.storage.ms,1787282895361000000,1787282955392000000,0
workspaceModel.moduleBridgeLoader.loading.modules.ms,1787282895361000000,1787282955392000000,0
workspaceModel.mutableEntityStorage.entities.ms,1787282895361000000,1787282955392000000,0
workspaceModel.mutableEntityStorage.entities.by.source.ms,1787282895361000000,1787282955392000000,0
workspaceModel.moduleBridge.facet.initialization.ms,1787282895361000000,1787282955392000000,0
jps.facet.change.listener.process.change.events.ms,1787282895361000000,1787282955392000000,0
workspaceModel.moduleManagerBridge.set.unloadedModules.ms,1787282895361000000,1787282955392000000,0
workspaceModel.mutableEntityStorage.to.snapshot.ms,1787282895361000000,1787282955392000000,0
jps.global.get.libraries.ms,1787282895361000000,1787282955392000000,0
workspaceModel.mutableEntityStorage.collect.changes.ms,1787282895361000000,1787282955392000000,0
jps.library.entities.serializer.save.entities.ms,1787282895361000000,1787282955392000000,0
jps.load.initial.state.ms,1787282895361000000,1787282955392000000,0
workspaceModel.moduleManagerBridge.get.modules.ms,1787282895361000000,1787282955392000000,0
workspaceModel.mutableEntityStorage.resolve.ms,1787282895361000000,1787282955392000000,0
workspaceModel.mutableEntityStorage.mutable.ext.mapping.ms,1787282895361000000,1787282955392000000,0
workspaceModel.do.save.caches.ms,1787282895361000000,1787282955392000000,0
jps.save.changed.project.entities.ms,1787282895361000000,1787282955392000000,0
workspaceModel.moduleManagerBridge.create.module.instance.ms,1787282895361000000,1787282955392000000,0
jps.global.initialize.library.bridges.ms,1787282895361000000,1787282955392000000,0
jps.library.entities.serializer.load.entities.ms,1787282895361000000,1787282955392000000,0
workspaceModel.orphan.listener.update.ms,1787282895361000000,1787282955392000000,0
jps.project.serializers.load.ms,1787282895361000000,1787282955392000000,0
compiler.ArtifactManagerBridge.commit.ms,1787282895361000000,1787282955392000000,0
compiler.ArtifactManagerBridge.getArtifactsByType.ms,1787282895361000000,1787282955392000000,0
compiler.ArtifactManagerBridge.dropMappings.ms,1787282895361000000,1787282955392000000,0
compiler.ArtifactManagerBridge.findArtifact.ms,1787282895361000000,1787282955392000000,0
compiler.ArtifactManagerBridge.getArtifacts.ms,1787282895361000000,1787282955392000000,3
compiler.ArtifactManagerBridge.addArtifact.ms,1787282895361000000,1787282955392000000,0
compiler.ArtifactManagerBridge.initBridges.ms,1787282895361000000,1787282955392000000,0
workspaceModel.workspaceFileIndexData.updateDirtyEntities.ms,1787282955392000000,1787283015731000000,0
workspaceModel.updates.count,1787282955392000000,1787283015731000000,0
workspaceModel.workspaceFileIndexData.getPackageName.ms,1787282955392000000,1787283015731000000,0
workspaceModel.init.bridges.ms,1787282955392000000,1787283015731000000,0
workspaceModel.update.unloaded.entities.ms,1787282955392000000,1787283015731000000,0
workspaceModel.workspaceFileIndexData.instances.count,1787282955392000000,1787283015731000000,0
workspaceModel.cachedValueWithParameters.clear.ms,1787282955392000000,1787283015731000000,0
workspaceModel.cachedValue.calculated.ms,1787282955392000000,1787283015731000000,0
workspaceModel.entityStorageSnapshotImpl.instances.count,1787282955392000000,1787283015731000000,0
workspaceModel.pre.handlers.ms,1787282955392000000,1787283015731000000,0
workspaceModel.full.replace.project.model.ms,1787282955392000000,1787283015731000000,0
workspaceModel.check.recursive.update.ms,1787282955392000000,1787283015731000000,0
workspaceModel.workspaceFileIndexData.init.ms,1787282955392000000,1787283015731000000,0
workspaceModel.updates.precise.ms,1787282955392000000,1787283015731000000,0
workspaceModel.workspaceFileIndexData.getFileInfo.ms,1787282955392000000,1787283015731000000,0
workspaceModel.initializing.ms,1787282955392000000,1787283015731000000,0
workspaceModel.to.snapshot.ms,1787282955392000000,1787283015731000000,0
workspaceModel.workspaceFileIndexData.visitFileSets.ms,1787282955392000000,1787283015731000000,0
workspaceModel.workspaceFileIndexData.markDirty.ms,1787282955392000000,1787283015731000000,0
workspaceModel.cachedValueWithParameters.calculated.ms,1787282955392000000,1787283015731000000,0
workspaceModel.collect.changes.ms,1787282955392000000,1787283015731000000,0
workspaceModel.replace.project.model.ms,1787282955392000000,1787283015731000000,0
workspaceModel.cachedValueWithParameters.total.get.ms,1787282955392000000,1787283015731000000,0
workspaceModel.workspaceFileIndexData.onEntitiesChanged.ms,1787282955392000000,1787283015731000000,0
workspaceModel.workspaceFileIndexData.processFileSets.ms,1787282955392000000,1787283015731000000,0
workspaceModel.cachedValueWithParameters.from.cache.ms,1787282955392000000,1787283015731000000,0
workspaceModel.cachedValue.clear.ms,1787282955392000000,1787283015731000000,0
workspaceModel.loading.from.cache.ms,1787282955392000000,1787283015731000000,0
workspaceModel.cachedValue.from.cache.ms,1787282955392000000,1787283015731000000,0
workspaceModel.updates.ms,1787282955392000000,1787283015731000000,0
workspaceModel.workspaceFileIndexContributor.registerFileSets.ms,1787282955392000000,1787283015731000000,0
workspaceModel.loading.total.ms,1787282955392000000,1787283015731000000,0
workspaceModel.workspaceFileIndexData.getDirectoriesByPackageName.ms,1787282955392000000,1787283015731000000,0
workspaceModel.cachedValue.total.get.ms,1787282955392000000,1787283015731000000,0
VFS.fileByIdCache.misses,1787282955392000000,1787283015731000000,0
FileNameCache.totalMisses,1787282955392000000,1787283015731000000,0
VFS.fileByIdCache.hits,1787282955392000000,1787283015731000000,0
FileNameCache.queries,1787282955392000000,1787283015731000000,0
VFS.fileChildByName,1787282955392000000,1787283015731000000,9
VFS.invertedFileNameIndex.requests,1787282955392000000,1787283015731000000,0
FlushQueue.queueSizeAvg,1787282955392000000,1787283015731000000,0.7170731707317073
FlushQueue.waitingTimeAvgNs,1787282955392000000,1787283015731000000,2.3424234809756097E8
ReadAction.executionsCount,1787282955392000000,1787283015731000000,229
FlushQueue.waitingTime90PNs,1787282955392000000,1787283015731000000,406847487
FlushQueue.waitingTimeMaxNs,1787282955392000000,1787283015731000000,8321499135
NonBlockingReadAction.failedExecutionsCount,1787282955392000000,1787283015731000000,0
NonBlockingReadAction.finalizedExecutionTimeUs,1787282955392000000,1787283015731000000,110112
FlushQueue.executionTimeAvgNs,1787282955392000000,1787283015731000000,1.2525121873170732E7
FlushQueue.tasksExecuted,1787282955392000000,1787283015731000000,205
FlushQueue.executionTime90PNs,1787282955392000000,1787283015731000000,11075583
AWTEventQueue.dispatchTimeTotalNS,1787282955392000000,1787283015731000000,12847450453
FlushQueue.queueSizeMax,1787282955392000000,1787283015731000000,8
AWTEventQueue.eventsDispatched,1787282955392000000,1787283015731000000,267
FlushQueue.queueSize90P,1787282955392000000,1787283015731000000,2
NonBlockingReadAction.failedExecutionTimeUs,1787282955392000000,1787283015731000000,0
NonBlockingReadAction.finalizedExecutionsCount,1787282955392000000,1787283015731000000,4
AWTEventQueue.dispatchTime90PNs,1787282955392000000,1787283015731000000,69730303
FlushQueue.executionTimeMaxNs,1787282955392000000,1787283015731000000,545259519
AWTEventQueue.dispatchTimeMaxNs,1787282955392000000,1787283015731000000,1275068415
WriteAction.executionsCount,1787282955392000000,1787283015731000000,0
AWTEventQueue.dispatchTimeAvgNs,1787282955392000000,1787283015731000000,3.648145438202247E7
JVM.newThreadsCount,1787282955392000000,1787283015731000000,2
JVM.GC.collections,1787282955392000000,1787283015731000000,0
OS.loadAverage,1787282955392000000,1787283015731000000,62.13623046875
JVM.usedHeapBytes,1787282955392000000,1787283015731000000,240487424
JVM.GC.collectionTimesMs,1787282955392000000,1787283015731000000,0
JVM.totalDirectByteBuffersBytes,1787282955392000000,1787283015731000000,244103936
JVM.totalCpuTimeMs,1787282955392000000,1787283015731000000,7730
JVM.maxHeapBytes,1787282955392000000,1787283015731000000,2147483648
JVM.totalBytesAllocated,1787282955392000000,1787283015731000000,12444672
JVM.threadCount,1787282955392000000,1787283015731000000,53
JVM.maxThreadCount,1787282955392000000,1787283015731000000,118
JVM.usedNativeBytes,1787282955392000000,1787283015731000000,317304328
FilePageCacheLockFree.totalPageAllocationsWaited,1787282955392000000,1787283015731000000,0
StreamlinedBlobStorage.recordsRelocated,1787282955392000000,1787283015731000000,0
FilePageCacheLockFree.nativeBytesInUse,1787282955392000000,1787283015731000000,0
DirectByteBufferAllocator.misses,1787282955392000000,1787283015731000000,0
FilePageCacheLockFree.totalBytesWritten,1787282955392000000,1787283015731000000,0
FilePageCache.pageLoads,1787282955392000000,1787283015731000000,0
StorageLockContext.competingThreads.max,1787282955392000000,1787283015731000000,0
FilePageCache.maxRegisteredFiles,1787282955392000000,1787283015731000000,555
MappedFileStorage.totalTimeSpentOnMappingUs,1787282955392000000,1787283015731000000,38737
DirectByteBufferAllocator.disposed,1787282955392000000,1787283015731000000,0
FilePageCacheLockFree.heapBytesInUse,1787282955392000000,1787283015731000000,0
DirectByteBufferAllocator.hits,1787282955392000000,1787283015731000000,0
DirectByteBufferAllocator.totalSizeOfBuffersAllocatedInBytes,1787282955392000000,1787283015731000000,243286016
FilePageCache.totalPageDisposalsUs,1787282955392000000,1787283015731000000,0
FilePageCache.totalPageLoadsUs,1787282955392000000,1787283015731000000,0
FilePageCache.uncachedFileAccess,1787282955392000000,1787283015731000000,0
FilePageCacheLockFree.totalHeapBytesAllocated,1787282955392000000,1787283015731000000,0
FilePageCacheLockFree.totalPagesRequestsMs,1787282955392000000,1787283015731000000,0
FilePageCacheLockFree.totalPagesWriteMs,1787282955392000000,1787283015731000000,0
FilePageCacheLockFree.totalPagesReclaimed,1787282955392000000,1787283015731000000,0
DirectByteBufferAllocator.totalSizeOfBuffersCachedInBytes,1787282955392000000,1787283015731000000,0
StorageLockContext.competingThreads.avg,1787282955392000000,1787283015731000000,0.0
FilePageCache.maxCacheSizeInBytes,1787282955392000000,1787283015731000000,243286016
FilePageCacheLockFree.totalPagesReadMs,1787282955392000000,1787283015731000000,0
MappedFileStorage.storages,1787282955392000000,1787283015731000000,16
FilePageCacheLockFree.totalBytesRequested,1787282955392000000,1787283015731000000,0
MappedFileStorage.totalBytesMapped,1787282955392000000,1787283015731000000,202637312
FilePageCacheLockFree.housekeeperTurnsDone,1787282955392000000,1787283015731000000,0
FilePageCache.capacityInBytes,1787282955392000000,1787283015731000000,503316478
FilePageCacheLockFree.totalPagesAllocated,1787282955392000000,1787283015731000000,0
FilePageCacheLockFree.totalHeapBytesReclaimed,1787282955392000000,1787283015731000000,0
FilePageCache.pageFastCacheHits,1787282955392000000,1787283015731000000,0
StreamlinedBlobStorage.totalLiveRecordsCapacityBytes,1787282955392000000,1787283015731000000,0
FilePageCacheLockFree.totalPagesWritten,1787282955392000000,1787283015731000000,0
FilePageCacheLockFree.totalNativeBytesAllocated,1787282955392000000,1787283015731000000,0
FilePageCacheLockFree.housekeeperTimeSpentMs,1787282955392000000,1787283015731000000,0
FilePageCache.disposedBuffers,1787282955392000000,1787283015731000000,0
DirectByteBufferAllocator.reclaimed,1787282955392000000,1787283015731000000,0
FilePageCache.pageHits,1787282955392000000,1787283015731000000,0
StreamlinedBlobStorage.recordsAllocated,1787282955392000000,1787283015731000000,0
FilePageCacheLockFree.housekeeperTurnsSkipped,1787282955392000000,1787283015731000000,0
FilePageCacheLockFree.totalClosedStoragesReclaimed,1787282955392000000,1787283015731000000,0
FilePageCacheLockFree.totalPagesRequested,1787282955392000000,1787283015731000000,0
MappedFileStorage.totalPagesMapped,1787282955392000000,1787283015731000000,16
StreamlinedBlobStorage.totalLiveRecordsPayloadBytes,1787282955392000000,1787283015731000000,0
FilePageCacheLockFree.totalBytesRead,1787282955392000000,1787283015731000000,0
StorageLockContext.competingThreads.90P,1787282955392000000,1787283015731000000,0
FilePageCacheLockFree.totalNativeBytesReclaimed,1787282955392000000,1787283015731000000,0
FilePageCache.pageLoadsAboveSizeThreshold,1787282955392000000,1787283015731000000,0
FileChannelInterruptsRetryer.totalRetriedAttempts,1787282955392000000,1787283015731000000,0
FilePageCacheLockFree.totalPagesHandedOver,1787282955392000000,1787283015731000000,0
StreamlinedBlobStorage.recordsDeleted,1787282955392000000,1787283015731000000,0
cacheStateStorage.get.duration,1787282955392000000,1787283015731000000,0
cacheStateStorage.set.counter,1787282955392000000,1787283015731000000,0
cacheStateStorage.set.duration,1787282955392000000,1787283015731000000,0
cacheStateStorage.get.counter,1787282955392000000,1787283015731000000,0
writeAction.wait.ms,1787282955392000000,1787283015731000000,0
writeAction.median.wait.ms,1787282955392000000,1787283015731000000,0
writeAction.count,1787282955392000000,1787283015731000000,0
writeAction.max.wait.ms,1787282955392000000,1787283015731000000,32
Indexes.stubs.lookupDurationMaxMs,1787282955392000000,1787283015731000000,0.0
Indexes.stubs.lookupDuration90PMs,1787282955392000000,1787283015731000000,0.0
Indexes.allKeys.lookupDuration90PMs,1787282955392000000,1787283015731000000,0.0
Indexes.allKeys.lookupDurationAvgMs,1787282955392000000,1787283015731000000,0.0
IndexesFlusher.totalFlushesRetried,1787282955392000000,1787283015731000000,0
Indexes.allKeys.lookupDurationMaxMs,1787282955392000000,1787283015731000000,0.0
Indexes.stubs.lookups,1787282955392000000,1787283015731000000,0.0
IndexesFlusher.totalContentionQuotaSpent,1787282955392000000,1787283015731000000,0
Indexes.entries.lookups,1787282955392000000,1787283015731000000,0.0
Indexes.stubs.lookupDurationAvgMs,1787282955392000000,1787283015731000000,0.0
Indexes.entries.lookupDurationAvgMs,1787282955392000000,1787283015731000000,0.0
Indexes.entries.lookupDuration90PMs,1787282955392000000,1787283015731000000,0.0
Indexes.entries.lookupDurationMaxMs,1787282955392000000,1787283015731000000,0.0
IndexesFlusher.totalFlushes,1787282955392000000,1787283015731000000,101
IndexesFlusher.totalFlushingTimeUs,1787282955392000000,1787283015731000000,21644339
Indexes.allKeys.lookups,1787282955392000000,1787283015731000000,0.0
jps.artifact.entities.serializer.load.entities.ms,1787282955392000000,1787283015731000000,0
workspaceModel.mutableEntityStorage.modify.entity.ms,1787282955392000000,1787283015731000000,0
jps.module.iml.entities.serializer.save.entities.ms,1787282955392000000,1787283015731000000,0
workspaceModel.mutableEntityStorage.has.same.entities.ms,1787282955392000000,1787283015731000000,0
jps.project.serializers.save.ms,1787282955392000000,1787283015731000000,0
workspaceModel.global.updates.ms,1787282955392000000,1787283015731000000,0
workspaceModel.mutableEntityStorage.replace.by.source.ms,1787282955392000000,1787283015731000000,0
workspaceModel.load.cache.from.file.ms,1787282955392000000,1787283015731000000,0
workspaceModel.mutableEntityStorage.mutable.vfurl.index.ms,1787282955392000000,1787283015731000000,0
jps.apply.loaded.storage.ms,1787282955392000000,1787283015731000000,0
workspaceModel.mutableEntityStorage.instances.count,1787282955392000000,1787283015731000000,0
workspaceModel.load.cache.metadata.from.file.ms,1787282955392000000,1787283015731000000,0
jps.global.get.library.by.name.ms,1787282955392000000,1787283015731000000,0
workspaceModel.mutableEntityStorage.add.entity.ms,1787282955392000000,1787283015731000000,0
jps.reload.project.entities.ms,1787282955392000000,1787283015731000000,0
jps.app.storage.content.reader.load.component.ms,1787282955392000000,1787283015731000000,0
workspaceModel.mutableEntityStorage.apply.changes.from.ms,1787282955392000000,1787283015731000000,0
jps.app.storage.content.writer.save.component.ms,1787282955392000000,1787283015731000000,0
jps.module.iml.entities.serializer.load.entities.ms,1787282955392000000,1787283015731000000,0
workspaceModel.global.apply.state.to.project.ms,1787282955392000000,1787283015731000000,0
workspaceModel.moduleManagerBridge.load.module.ms,1787282955392000000,1787283015731000000,0
workspaceModel.sync.entities.ms,1787282955392000000,1787283015731000000,0
workspaceModel.delayed.project.synchronizer.sync.ms,1787282955392000000,1787283015731000000,0
jps.global.get.library.ms,1787282955392000000,1787283015731000000,0
workspaceModel.moduleBridge.update.option.ms,1787282955392000000,1787283015731000000,0
workspaceModel.moduleManagerBridge.newModule.ms,1787282955392000000,1787283015731000000,0
workspaceModel.save.cache.to.file.ms,1787282955392000000,1787283015731000000,0
workspaceModel.global.apply.state.to.project.builder.ms,1787282955392000000,1787283015731000000,0
jps.facet.change.listener.before.change.events.ms,1787282955392000000,1787283015731000000,0
workspaceModel.moduleManagerBridge.load.all.modules.ms,1787282955392000000,1787283015731000000,0
workspaceModel.mutableEntityStorage.referrers.ms,1787282955392000000,1787283015731000000,0
workspaceModel.global.updates.count,1787282955392000000,1787283015731000000,0
workspaceModel.moduleManagerBridge.build.module.graph.ms,1787282955392000000,1787283015731000000,0
workspaceModel.moduleManagerBridge.new.nonPersistent.module.ms,1787282955392000000,1787283015731000000,0
jps.global.handle.before.change.events.ms,1787282955392000000,1787283015731000000,0
jps.global.handle.changed.events.ms,1787282955392000000,1787283015731000000,0
jps.artifact.entities.serializer.save.entities.ms,1787282955392000000,1787283015731000000,0
jps.global.initialize.library.bridges.after.loading.ms,1787282955392000000,1787283015731000000,0
workspaceModel.moduleBridge.before.changed.ms,1787282955392000000,1787283015731000000,0
jps.facet.change.listener.init.bridge.ms,1787282955392000000,1787283015731000000,0
workspaceModel.mutableEntityStorage.put.entity.ms,1787282955392000000,1787283015731000000,0
workspaceModel.mutableEntityStorage.remove.entity.ms,1787282955392000000,1787283015731000000,0
jps.save.global.entities.ms,1787282955392000000,1787283015731000000,47
jps.storage.jps.conf.reader.load.component.ms,1787282955392000000,1787283015731000000,0
jps.load.project.to.empty.storage.ms,1787282955392000000,1787283015731000000,0
workspaceModel.moduleBridgeLoader.loading.modules.ms,1787282955392000000,1787283015731000000,0
workspaceModel.mutableEntityStorage.entities.ms,1787282955392000000,1787283015731000000,0
workspaceModel.mutableEntityStorage.entities.by.source.ms,1787282955392000000,1787283015731000000,0
workspaceModel.moduleBridge.facet.initialization.ms,1787282955392000000,1787283015731000000,0
jps.facet.change.listener.process.change.events.ms,1787282955392000000,1787283015731000000,0
workspaceModel.moduleManagerBridge.set.unloadedModules.ms,1787282955392000000,1787283015731000000,0
workspaceModel.mutableEntityStorage.to.snapshot.ms,1787282955392000000,1787283015731000000,0
jps.global.get.libraries.ms,1787282955392000000,1787283015731000000,0
workspaceModel.mutableEntityStorage.collect.changes.ms,1787282955392000000,1787283015731000000,0
jps.library.entities.serializer.save.entities.ms,1787282955392000000,1787283015731000000,0
jps.load.initial.state.ms,1787282955392000000,1787283015731000000,0
workspaceModel.moduleManagerBridge.get.modules.ms,1787282955392000000,1787283015731000000,0
workspaceModel.mutableEntityStorage.resolve.ms,1787282955392000000,1787283015731000000,0
workspaceModel.mutableEntityStorage.mutable.ext.mapping.ms,1787282955392000000,1787283015731000000,0
workspaceModel.do.save.caches.ms,1787282955392000000,1787283015731000000,0
jps.save.changed.project.entities.ms,1787282955392000000,1787283015731000000,0
workspaceModel.moduleManagerBridge.create.module.instance.ms,1787282955392000000,1787283015731000000,0
jps.global.initialize.library.bridges.ms,1787282955392000000,1787283015731000000,0
jps.library.entities.serializer.load.entities.ms,1787282955392000000,1787283015731000000,0
workspaceModel.orphan.listener.update.ms,1787282955392000000,1787283015731000000,0
jps.project.serializers.load.ms,1787282955392000000,1787283015731000000,0
compiler.ArtifactManagerBridge.commit.ms,1787282955392000000,1787283015731000000,0
compiler.ArtifactManagerBridge.getArtifactsByType.ms,1787282955392000000,1787283015731000000,0
compiler.ArtifactManagerBridge.dropMappings.ms,1787282955392000000,1787283015731000000,0
compiler.ArtifactManagerBridge.findArtifact.ms,1787282955392000000,1787283015731000000,0
compiler.ArtifactManagerBridge.getArtifacts.ms,1787282955392000000,1787283015731000000,0
compiler.ArtifactManagerBridge.addArtifact.ms,1787282955392000000,1787283015731000000,0
compiler.ArtifactManagerBridge.initBridges.ms,1787282955392000000,1787283015731000000,0
workspaceModel.workspaceFileIndexData.updateDirtyEntities.ms,1787283015731000000,1787283075428000000,0
workspaceModel.updates.count,1787283015731000000,1787283075428000000,0
workspaceModel.workspaceFileIndexData.getPackageName.ms,1787283015731000000,1787283075428000000,0
workspaceModel.init.bridges.ms,1787283015731000000,1787283075428000000,0
workspaceModel.update.unloaded.entities.ms,1787283015731000000,1787283075428000000,0
workspaceModel.workspaceFileIndexData.instances.count,1787283015731000000,1787283075428000000,0
workspaceModel.cachedValueWithParameters.clear.ms,1787283015731000000,1787283075428000000,0
workspaceModel.cachedValue.calculated.ms,1787283015731000000,1787283075428000000,4
workspaceModel.entityStorageSnapshotImpl.instances.count,1787283015731000000,1787283075428000000,0
workspaceModel.pre.handlers.ms,1787283015731000000,1787283075428000000,0
workspaceModel.full.replace.project.model.ms,1787283015731000000,1787283075428000000,0
workspaceModel.check.recursive.update.ms,1787283015731000000,1787283075428000000,0
workspaceModel.workspaceFileIndexData.init.ms,1787283015731000000,1787283075428000000,0
workspaceModel.updates.precise.ms,1787283015731000000,1787283075428000000,0
workspaceModel.workspaceFileIndexData.getFileInfo.ms,1787283015731000000,1787283075428000000,294
workspaceModel.initializing.ms,1787283015731000000,1787283075428000000,0
workspaceModel.to.snapshot.ms,1787283015731000000,1787283075428000000,0
workspaceModel.workspaceFileIndexData.visitFileSets.ms,1787283015731000000,1787283075428000000,9
workspaceModel.workspaceFileIndexData.markDirty.ms,1787283015731000000,1787283075428000000,0
workspaceModel.cachedValueWithParameters.calculated.ms,1787283015731000000,1787283075428000000,0
workspaceModel.collect.changes.ms,1787283015731000000,1787283075428000000,0
workspaceModel.replace.project.model.ms,1787283015731000000,1787283075428000000,0
workspaceModel.cachedValueWithParameters.total.get.ms,1787283015731000000,1787283075428000000,0
workspaceModel.workspaceFileIndexData.onEntitiesChanged.ms,1787283015731000000,1787283075428000000,0
workspaceModel.workspaceFileIndexData.processFileSets.ms,1787283015731000000,1787283075428000000,0
workspaceModel.cachedValueWithParameters.from.cache.ms,1787283015731000000,1787283075428000000,0
workspaceModel.cachedValue.clear.ms,1787283015731000000,1787283075428000000,0
workspaceModel.loading.from.cache.ms,1787283015731000000,1787283075428000000,0
workspaceModel.cachedValue.from.cache.ms,1787283015731000000,1787283075428000000,1
workspaceModel.updates.ms,1787283015731000000,1787283075428000000,0
workspaceModel.workspaceFileIndexContributor.registerFileSets.ms,1787283015731000000,1787283075428000000,0
workspaceModel.loading.total.ms,1787283015731000000,1787283075428000000,0
workspaceModel.workspaceFileIndexData.getDirectoriesByPackageName.ms,1787283015731000000,1787283075428000000,0
workspaceModel.cachedValue.total.get.ms,1787283015731000000,1787283075428000000,5
VFS.fileByIdCache.misses,1787283015731000000,1787283075428000000,0
FileNameCache.totalMisses,1787283015731000000,1787283075428000000,0
VFS.fileByIdCache.hits,1787283015731000000,1787283075428000000,2
FileNameCache.queries,1787283015731000000,1787283075428000000,0
VFS.fileChildByName,1787283015731000000,1787283075428000000,73
VFS.invertedFileNameIndex.requests,1787283015731000000,1787283075428000000,1
FlushQueue.queueSizeAvg,1787283015731000000,1787283075428000000,0.017316017316017316
FlushQueue.waitingTimeAvgNs,1787283015731000000,1787283075428000000,6700597.194805195
ReadAction.executionsCount,1787283015731000000,1787283075428000000,89810
FlushQueue.waitingTime90PNs,1787283015731000000,1787283075428000000,11993087
FlushQueue.waitingTimeMaxNs,1787283015731000000,1787283075428000000,161480703
NonBlockingReadAction.failedExecutionsCount,1787283015731000000,1787283075428000000,0
NonBlockingReadAction.finalizedExecutionTimeUs,1787283015731000000,1787283075428000000,641139
FlushQueue.executionTimeAvgNs,1787283015731000000,1787283075428000000,778151.2034632035
FlushQueue.tasksExecuted,1787283015731000000,1787283075428000000,231
FlushQueue.executionTime90PNs,1787283015731000000,1787283075428000000,186367
AWTEventQueue.dispatchTimeTotalNS,1787283015731000000,1787283075428000000,908528068
FlushQueue.queueSizeMax,1787283015731000000,1787283075428000000,1
AWTEventQueue.eventsDispatched,1787283015731000000,1787283075428000000,297
FlushQueue.queueSize90P,1787283015731000000,1787283075428000000,0
NonBlockingReadAction.failedExecutionTimeUs,1787283015731000000,1787283075428000000,0
NonBlockingReadAction.finalizedExecutionsCount,1787283015731000000,1787283075428000000,6
AWTEventQueue.dispatchTime90PNs,1787283015731000000,1787283075428000000,6160383
FlushQueue.executionTimeMaxNs,1787283015731000000,1787283075428000000,82837503
AWTEventQueue.dispatchTimeMaxNs,1787283015731000000,1787283075428000000,98041855
WriteAction.executionsCount,1787283015731000000,1787283075428000000,0
AWTEventQueue.dispatchTimeAvgNs,1787283015731000000,1787283075428000000,2959641.427609428
JVM.newThreadsCount,1787283015731000000,1787283075428000000,4
JVM.GC.collections,1787283015731000000,1787283075428000000,0
OS.loadAverage,1787283015731000000,1787283075428000000,43.6689453125
JVM.usedHeapBytes,1787283015731000000,1787283075428000000,284527616
JVM.GC.collectionTimesMs,1787283015731000000,1787283075428000000,0
JVM.totalDirectByteBuffersBytes,1787283015731000000,1787283075428000000,243533973
JVM.totalCpuTimeMs,1787283015731000000,1787283075428000000,10490
JVM.maxHeapBytes,1787283015731000000,1787283075428000000,2147483648
JVM.totalBytesAllocated,1787283015731000000,1787283075428000000,43900776
JVM.threadCount,1787283015731000000,1787283075428000000,49
JVM.maxThreadCount,1787283015731000000,1787283075428000000,118
JVM.usedNativeBytes,1787283015731000000,1787283075428000000,327536240
FilePageCacheLockFree.totalPageAllocationsWaited,1787283015731000000,1787283075428000000,0
StreamlinedBlobStorage.recordsRelocated,1787283015731000000,1787283075428000000,0
FilePageCacheLockFree.nativeBytesInUse,1787283015731000000,1787283075428000000,0
DirectByteBufferAllocator.misses,1787283015731000000,1787283075428000000,0
FilePageCacheLockFree.totalBytesWritten,1787283015731000000,1787283075428000000,0
FilePageCache.pageLoads,1787283015731000000,1787283075428000000,0
StorageLockContext.competingThreads.max,1787283015731000000,1787283075428000000,0
FilePageCache.maxRegisteredFiles,1787283015731000000,1787283075428000000,555
MappedFileStorage.totalTimeSpentOnMappingUs,1787283015731000000,1787283075428000000,38737
DirectByteBufferAllocator.disposed,1787283015731000000,1787283075428000000,0
FilePageCacheLockFree.heapBytesInUse,1787283015731000000,1787283075428000000,0
DirectByteBufferAllocator.hits,1787283015731000000,1787283075428000000,0
DirectByteBufferAllocator.totalSizeOfBuffersAllocatedInBytes,1787283015731000000,1787283075428000000,243286016
FilePageCache.totalPageDisposalsUs,1787283015731000000,1787283075428000000,0
FilePageCache.totalPageLoadsUs,1787283015731000000,1787283075428000000,0
FilePageCache.uncachedFileAccess,1787283015731000000,1787283075428000000,0
FilePageCacheLockFree.totalHeapBytesAllocated,1787283015731000000,1787283075428000000,0
FilePageCacheLockFree.totalPagesRequestsMs,1787283015731000000,1787283075428000000,0
FilePageCacheLockFree.totalPagesWriteMs,1787283015731000000,1787283075428000000,0
FilePageCacheLockFree.totalPagesReclaimed,1787283015731000000,1787283075428000000,0
DirectByteBufferAllocator.totalSizeOfBuffersCachedInBytes,1787283015731000000,1787283075428000000,0
StorageLockContext.competingThreads.avg,1787283015731000000,1787283075428000000,0.0
FilePageCache.maxCacheSizeInBytes,1787283015731000000,1787283075428000000,243286016
FilePageCacheLockFree.totalPagesReadMs,1787283015731000000,1787283075428000000,0
MappedFileStorage.storages,1787283015731000000,1787283075428000000,16
FilePageCacheLockFree.totalBytesRequested,1787283015731000000,1787283075428000000,0
MappedFileStorage.totalBytesMapped,1787283015731000000,1787283075428000000,202637312
FilePageCacheLockFree.housekeeperTurnsDone,1787283015731000000,1787283075428000000,0
FilePageCache.capacityInBytes,1787283015731000000,1787283075428000000,503316478
FilePageCacheLockFree.totalPagesAllocated,1787283015731000000,1787283075428000000,0
FilePageCacheLockFree.totalHeapBytesReclaimed,1787283015731000000,1787283075428000000,0
FilePageCache.pageFastCacheHits,1787283015731000000,1787283075428000000,0
StreamlinedBlobStorage.totalLiveRecordsCapacityBytes,1787283015731000000,1787283075428000000,0
FilePageCacheLockFree.totalPagesWritten,1787283015731000000,1787283075428000000,0
FilePageCacheLockFree.totalNativeBytesAllocated,1787283015731000000,1787283075428000000,0
FilePageCacheLockFree.housekeeperTimeSpentMs,1787283015731000000,1787283075428000000,0
FilePageCache.disposedBuffers,1787283015731000000,1787283075428000000,0
DirectByteBufferAllocator.reclaimed,1787283015731000000,1787283075428000000,0
FilePageCache.pageHits,1787283015731000000,1787283075428000000,0
StreamlinedBlobStorage.recordsAllocated,1787283015731000000,1787283075428000000,0
FilePageCacheLockFree.housekeeperTurnsSkipped,1787283015731000000,1787283075428000000,0
FilePageCacheLockFree.totalClosedStoragesReclaimed,1787283015731000000,1787283075428000000,0
FilePageCacheLockFree.totalPagesRequested,1787283015731000000,1787283075428000000,0
MappedFileStorage.totalPagesMapped,1787283015731000000,1787283075428000000,16
StreamlinedBlobStorage.totalLiveRecordsPayloadBytes,1787283015731000000,1787283075428000000,0
FilePageCacheLockFree.totalBytesRead,1787283015731000000,1787283075428000000,0
StorageLockContext.competingThreads.90P,1787283015731000000,1787283075428000000,0
FilePageCacheLockFree.totalNativeBytesReclaimed,1787283015731000000,1787283075428000000,0
FilePageCache.pageLoadsAboveSizeThreshold,1787283015731000000,1787283075428000000,0
FileChannelInterruptsRetryer.totalRetriedAttempts,1787283015731000000,1787283075428000000,0
FilePageCacheLockFree.totalPagesHandedOver,1787283015731000000,1787283075428000000,0
StreamlinedBlobStorage.recordsDeleted,1787283015731000000,1787283075428000000,0
cacheStateStorage.get.duration,1787283015731000000,1787283075428000000,0
cacheStateStorage.set.counter,1787283015731000000,1787283075428000000,0
cacheStateStorage.set.duration,1787283015731000000,1787283075428000000,0
cacheStateStorage.get.counter,1787283015731000000,1787283075428000000,0
writeAction.wait.ms,1787283015731000000,1787283075428000000,0
writeAction.median.wait.ms,1787283015731000000,1787283075428000000,0
writeAction.count,1787283015731000000,1787283075428000000,0
writeAction.max.wait.ms,1787283015731000000,1787283075428000000,32
Indexes.stubs.lookupDurationMaxMs,1787283015731000000,1787283075428000000,0.0
Indexes.stubs.lookupDuration90PMs,1787283015731000000,1787283075428000000,0.0
Indexes.allKeys.lookupDuration90PMs,1787283015731000000,1787283075428000000,0.0
Indexes.allKeys.lookupDurationAvgMs,1787283015731000000,1787283075428000000,0.0
IndexesFlusher.totalFlushesRetried,1787283015731000000,1787283075428000000,0
Indexes.allKeys.lookupDurationMaxMs,1787283015731000000,1787283075428000000,0.0
Indexes.stubs.lookups,1787283015731000000,1787283075428000000,0.0
IndexesFlusher.totalContentionQuotaSpent,1787283015731000000,1787283075428000000,0
Indexes.entries.lookups,1787283015731000000,1787283075428000000,1.0
Indexes.stubs.lookupDurationAvgMs,1787283015731000000,1787283075428000000,0.0
Indexes.entries.lookupDurationAvgMs,1787283015731000000,1787283075428000000,4.0
Indexes.entries.lookupDuration90PMs,1787283015731000000,1787283075428000000,4.0
Indexes.entries.lookupDurationMaxMs,1787283015731000000,1787283075428000000,4.0
IndexesFlusher.totalFlushes,1787283015731000000,1787283075428000000,213
IndexesFlusher.totalFlushingTimeUs,1787283015731000000,1787283075428000000,2555333
Indexes.allKeys.lookups,1787283015731000000,1787283075428000000,0.0
jps.artifact.entities.serializer.load.entities.ms,1787283015731000000,1787283075428000000,0
workspaceModel.mutableEntityStorage.modify.entity.ms,1787283015731000000,1787283075428000000,0
jps.module.iml.entities.serializer.save.entities.ms,1787283015731000000,1787283075428000000,0
workspaceModel.mutableEntityStorage.has.same.entities.ms,1787283015731000000,1787283075428000000,0
jps.project.serializers.save.ms,1787283015731000000,1787283075428000000,0
workspaceModel.global.updates.ms,1787283015731000000,1787283075428000000,0
workspaceModel.mutableEntityStorage.replace.by.source.ms,1787283015731000000,1787283075428000000,0
workspaceModel.load.cache.from.file.ms,1787283015731000000,1787283075428000000,0
workspaceModel.mutableEntityStorage.mutable.vfurl.index.ms,1787283015731000000,1787283075428000000,0
jps.apply.loaded.storage.ms,1787283015731000000,1787283075428000000,0
workspaceModel.mutableEntityStorage.instances.count,1787283015731000000,1787283075428000000,0
workspaceModel.load.cache.metadata.from.file.ms,1787283015731000000,1787283075428000000,0
jps.global.get.library.by.name.ms,1787283015731000000,1787283075428000000,0
workspaceModel.mutableEntityStorage.add.entity.ms,1787283015731000000,1787283075428000000,0
jps.reload.project.entities.ms,1787283015731000000,1787283075428000000,0
jps.app.storage.content.reader.load.component.ms,1787283015731000000,1787283075428000000,0
workspaceModel.mutableEntityStorage.apply.changes.from.ms,1787283015731000000,1787283075428000000,0
jps.app.storage.content.writer.save.component.ms,1787283015731000000,1787283075428000000,0
jps.module.iml.entities.serializer.load.entities.ms,1787283015731000000,1787283075428000000,0
workspaceModel.global.apply.state.to.project.ms,1787283015731000000,1787283075428000000,0
workspaceModel.moduleManagerBridge.load.module.ms,1787283015731000000,1787283075428000000,0
workspaceModel.sync.entities.ms,1787283015731000000,1787283075428000000,0
workspaceModel.delayed.project.synchronizer.sync.ms,1787283015731000000,1787283075428000000,0
jps.global.get.library.ms,1787283015731000000,1787283075428000000,0
workspaceModel.moduleBridge.update.option.ms,1787283015731000000,1787283075428000000,0
workspaceModel.moduleManagerBridge.newModule.ms,1787283015731000000,1787283075428000000,0
workspaceModel.save.cache.to.file.ms,1787283015731000000,1787283075428000000,0
workspaceModel.global.apply.state.to.project.builder.ms,1787283015731000000,1787283075428000000,0
jps.facet.change.listener.before.change.events.ms,1787283015731000000,1787283075428000000,0
workspaceModel.moduleManagerBridge.load.all.modules.ms,1787283015731000000,1787283075428000000,0
workspaceModel.mutableEntityStorage.referrers.ms,1787283015731000000,1787283075428000000,0
workspaceModel.global.updates.count,1787283015731000000,1787283075428000000,0
workspaceModel.moduleManagerBridge.build.module.graph.ms,1787283015731000000,1787283075428000000,0
workspaceModel.moduleManagerBridge.new.nonPersistent.module.ms,1787283015731000000,1787283075428000000,0
jps.global.handle.before.change.events.ms,1787283015731000000,1787283075428000000,0
jps.global.handle.changed.events.ms,1787283015731000000,1787283075428000000,0
jps.artifact.entities.serializer.save.entities.ms,1787283015731000000,1787283075428000000,0
jps.global.initialize.library.bridges.after.loading.ms,1787283015731000000,1787283075428000000,0
workspaceModel.moduleBridge.before.changed.ms,1787283015731000000,1787283075428000000,0
jps.facet.change.listener.init.bridge.ms,1787283015731000000,1787283075428000000,0
workspaceModel.mutableEntityStorage.put.entity.ms,1787283015731000000,1787283075428000000,0
workspaceModel.mutableEntityStorage.remove.entity.ms,1787283015731000000,1787283075428000000,0
jps.save.global.entities.ms,1787283015731000000,1787283075428000000,0
jps.storage.jps.conf.reader.load.component.ms,1787283015731000000,1787283075428000000,0
jps.load.project.to.empty.storage.ms,1787283015731000000,1787283075428000000,0
workspaceModel.moduleBridgeLoader.loading.modules.ms,1787283015731000000,1787283075428000000,0
workspaceModel.mutableEntityStorage.entities.ms,1787283015731000000,1787283075428000000,0
workspaceModel.mutableEntityStorage.entities.by.source.ms,1787283015731000000,1787283075428000000,0
workspaceModel.moduleBridge.facet.initialization.ms,1787283015731000000,1787283075428000000,0
jps.facet.change.listener.process.change.events.ms,1787283015731000000,1787283075428000000,0
workspaceModel.moduleManagerBridge.set.unloadedModules.ms,1787283015731000000,1787283075428000000,0
workspaceModel.mutableEntityStorage.to.snapshot.ms,1787283015731000000,1787283075428000000,0
jps.global.get.libraries.ms,1787283015731000000,1787283075428000000,0
workspaceModel.mutableEntityStorage.collect.changes.ms,1787283015731000000,1787283075428000000,0
jps.library.entities.serializer.save.entities.ms,1787283015731000000,1787283075428000000,0
jps.load.initial.state.ms,1787283015731000000,1787283075428000000,0
workspaceModel.moduleManagerBridge.get.modules.ms,1787283015731000000,1787283075428000000,0
workspaceModel.mutableEntityStorage.resolve.ms,1787283015731000000,1787283075428000000,0
workspaceModel.mutableEntityStorage.mutable.ext.mapping.ms,1787283015731000000,1787283075428000000,0
workspaceModel.do.save.caches.ms,1787283015731000000,1787283075428000000,0
jps.save.changed.project.entities.ms,1787283015731000000,1787283075428000000,0
workspaceModel.moduleManagerBridge.create.module.instance.ms,1787283015731000000,1787283075428000000,0
jps.global.initialize.library.bridges.ms,1787283015731000000,1787283075428000000,0
jps.library.entities.serializer.load.entities.ms,1787283015731000000,1787283075428000000,0
workspaceModel.orphan.listener.update.ms,1787283015731000000,1787283075428000000,0
jps.project.serializers.load.ms,1787283015731000000,1787283075428000000,0
compiler.ArtifactManagerBridge.commit.ms,1787283015731000000,1787283075428000000,0
compiler.ArtifactManagerBridge.getArtifactsByType.ms,1787283015731000000,1787283075428000000,0
compiler.ArtifactManagerBridge.dropMappings.ms,1787283015731000000,1787283075428000000,0
compiler.ArtifactManagerBridge.findArtifact.ms,1787283015731000000,1787283075428000000,0
compiler.ArtifactManagerBridge.getArtifacts.ms,1787283015731000000,1787283075428000000,0
compiler.ArtifactManagerBridge.addArtifact.ms,1787283015731000000,1787283075428000000,0
compiler.ArtifactManagerBridge.initBridges.ms,1787283015731000000,1787283075428000000,0
workspaceModel.workspaceFileIndexData.updateDirtyEntities.ms,1787283075428000000,1787283135359000000,0
workspaceModel.updates.count,1787283075428000000,1787283135359000000,0
workspaceModel.workspaceFileIndexData.getPackageName.ms,1787283075428000000,1787283135359000000,0
workspaceModel.init.bridges.ms,1787283075428000000,1787283135359000000,0
workspaceModel.update.unloaded.entities.ms,1787283075428000000,1787283135359000000,0
workspaceModel.workspaceFileIndexData.instances.count,1787283075428000000,1787283135359000000,0
workspaceModel.cachedValueWithParameters.clear.ms,1787283075428000000,1787283135359000000,0
workspaceModel.cachedValue.calculated.ms,1787283075428000000,1787283135359000000,0
workspaceModel.entityStorageSnapshotImpl.instances.count,1787283075428000000,1787283135359000000,0
workspaceModel.pre.handlers.ms,1787283075428000000,1787283135359000000,0
workspaceModel.full.replace.project.model.ms,1787283075428000000,1787283135359000000,0
workspaceModel.check.recursive.update.ms,1787283075428000000,1787283135359000000,0
workspaceModel.workspaceFileIndexData.init.ms,1787283075428000000,1787283135359000000,0
workspaceModel.updates.precise.ms,1787283075428000000,1787283135359000000,0
workspaceModel.workspaceFileIndexData.getFileInfo.ms,1787283075428000000,1787283135359000000,1
workspaceModel.initializing.ms,1787283075428000000,1787283135359000000,0
workspaceModel.to.snapshot.ms,1787283075428000000,1787283135359000000,0
workspaceModel.workspaceFileIndexData.visitFileSets.ms,1787283075428000000,1787283135359000000,0
workspaceModel.workspaceFileIndexData.markDirty.ms,1787283075428000000,1787283135359000000,0
workspaceModel.cachedValueWithParameters.calculated.ms,1787283075428000000,1787283135359000000,0
workspaceModel.collect.changes.ms,1787283075428000000,1787283135359000000,0
workspaceModel.replace.project.model.ms,1787283075428000000,1787283135359000000,0
workspaceModel.cachedValueWithParameters.total.get.ms,1787283075428000000,1787283135359000000,0
workspaceModel.workspaceFileIndexData.onEntitiesChanged.ms,1787283075428000000,1787283135359000000,0
workspaceModel.workspaceFileIndexData.processFileSets.ms,1787283075428000000,1787283135359000000,0
workspaceModel.cachedValueWithParameters.from.cache.ms,1787283075428000000,1787283135359000000,0
workspaceModel.cachedValue.clear.ms,1787283075428000000,1787283135359000000,0
workspaceModel.loading.from.cache.ms,1787283075428000000,1787283135359000000,0
workspaceModel.cachedValue.from.cache.ms,1787283075428000000,1787283135359000000,0
workspaceModel.updates.ms,1787283075428000000,1787283135359000000,0
workspaceModel.workspaceFileIndexContributor.registerFileSets.ms,1787283075428000000,1787283135359000000,0
workspaceModel.loading.total.ms,1787283075428000000,1787283135359000000,0
workspaceModel.workspaceFileIndexData.getDirectoriesByPackageName.ms,1787283075428000000,1787283135359000000,0
workspaceModel.cachedValue.total.get.ms,1787283075428000000,1787283135359000000,0
VFS.fileByIdCache.misses,1787283075428000000,1787283135359000000,0
FileNameCache.totalMisses,1787283075428000000,1787283135359000000,0
VFS.fileByIdCache.hits,1787283075428000000,1787283135359000000,0
FileNameCache.queries,1787283075428000000,1787283135359000000,0
VFS.fileChildByName,1787283075428000000,1787283135359000000,1005
VFS.invertedFileNameIndex.requests,1787283075428000000,1787283135359000000,0
FlushQueue.queueSizeAvg,1787283075428000000,1787283135359000000,1.7855946398659968
FlushQueue.waitingTimeAvgNs,1787283075428000000,1787283135359000000,1.3306852274706868E7
ReadAction.executionsCount,1787283075428000000,1787283135359000000,2867
FlushQueue.waitingTime90PNs,1787283075428000000,1787283135359000000,11141119
FlushQueue.waitingTimeMaxNs,1787283075428000000,1787283135359000000,721420287
NonBlockingReadAction.failedExecutionsCount,1787283075428000000,1787283135359000000,0
NonBlockingReadAction.finalizedExecutionTimeUs,1787283075428000000,1787283135359000000,0
FlushQueue.executionTimeAvgNs,1787283075428000000,1787283135359000000,636049.0351758794
FlushQueue.tasksExecuted,1787283075428000000,1787283135359000000,597
FlushQueue.executionTime90PNs,1787283075428000000,1787283135359000000,458751
AWTEventQueue.dispatchTimeTotalNS,1787283075428000000,1787283135359000000,2912089633
FlushQueue.queueSizeMax,1787283075428000000,1787283135359000000,22
AWTEventQueue.eventsDispatched,1787283075428000000,1787283135359000000,688
FlushQueue.queueSize90P,1787283075428000000,1787283135359000000,5
NonBlockingReadAction.failedExecutionTimeUs,1787283075428000000,1787283135359000000,0
NonBlockingReadAction.finalizedExecutionsCount,1787283075428000000,1787283135359000000,0
AWTEventQueue.dispatchTime90PNs,1787283075428000000,1787283135359000000,3833855
FlushQueue.executionTimeMaxNs,1787283075428000000,1787283135359000000,112197631
AWTEventQueue.dispatchTimeMaxNs,1787283075428000000,1787283135359000000,742391807
WriteAction.executionsCount,1787283075428000000,1787283135359000000,0
AWTEventQueue.dispatchTimeAvgNs,1787283075428000000,1787283135359000000,4231874.976744186
JVM.newThreadsCount,1787283075428000000,1787283135359000000,9
JVM.GC.collections,1787283075428000000,1787283135359000000,0
OS.loadAverage,1787283075428000000,1787283135359000000,25.4365234375
JVM.usedHeapBytes,1787283075428000000,1787283135359000000,313887744
JVM.GC.collectionTimesMs,1787283075428000000,1787283135359000000,0
JVM.totalDirectByteBuffersBytes,1787283075428000000,1787283135359000000,243500818
JVM.totalCpuTimeMs,1787283075428000000,1787283135359000000,6400
JVM.maxHeapBytes,1787283075428000000,1787283135359000000,2147483648
JVM.totalBytesAllocated,1787283075428000000,1787283135359000000,27940136
JVM.threadCount,1787283075428000000,1787283135359000000,52
JVM.maxThreadCount,1787283075428000000,1787283135359000000,118
JVM.usedNativeBytes,1787283075428000000,1787283135359000000,328553216
FilePageCacheLockFree.totalPageAllocationsWaited,1787283075428000000,1787283135359000000,0
StreamlinedBlobStorage.recordsRelocated,1787283075428000000,1787283135359000000,0
FilePageCacheLockFree.nativeBytesInUse,1787283075428000000,1787283135359000000,0
DirectByteBufferAllocator.misses,1787283075428000000,1787283135359000000,0
FilePageCacheLockFree.totalBytesWritten,1787283075428000000,1787283135359000000,0
FilePageCache.pageLoads,1787283075428000000,1787283135359000000,0
StorageLockContext.competingThreads.max,1787283075428000000,1787283135359000000,0
FilePageCache.maxRegisteredFiles,1787283075428000000,1787283135359000000,555
MappedFileStorage.totalTimeSpentOnMappingUs,1787283075428000000,1787283135359000000,38737
DirectByteBufferAllocator.disposed,1787283075428000000,1787283135359000000,0
FilePageCacheLockFree.heapBytesInUse,1787283075428000000,1787283135359000000,0
DirectByteBufferAllocator.hits,1787283075428000000,1787283135359000000,0
DirectByteBufferAllocator.totalSizeOfBuffersAllocatedInBytes,1787283075428000000,1787283135359000000,243286016
FilePageCache.totalPageDisposalsUs,1787283075428000000,1787283135359000000,0
FilePageCache.totalPageLoadsUs,1787283075428000000,1787283135359000000,0
FilePageCache.uncachedFileAccess,1787283075428000000,1787283135359000000,0
FilePageCacheLockFree.totalHeapBytesAllocated,1787283075428000000,1787283135359000000,0
FilePageCacheLockFree.totalPagesRequestsMs,1787283075428000000,1787283135359000000,0
FilePageCacheLockFree.totalPagesWriteMs,1787283075428000000,1787283135359000000,0
FilePageCacheLockFree.totalPagesReclaimed,1787283075428000000,1787283135359000000,0
DirectByteBufferAllocator.totalSizeOfBuffersCachedInBytes,1787283075428000000,1787283135359000000,0
StorageLockContext.competingThreads.avg,1787283075428000000,1787283135359000000,0.0
FilePageCache.maxCacheSizeInBytes,1787283075428000000,1787283135359000000,243286016
FilePageCacheLockFree.totalPagesReadMs,1787283075428000000,1787283135359000000,0
MappedFileStorage.storages,1787283075428000000,1787283135359000000,16
FilePageCacheLockFree.totalBytesRequested,1787283075428000000,1787283135359000000,0
MappedFileStorage.totalBytesMapped,1787283075428000000,1787283135359000000,202637312
FilePageCacheLockFree.housekeeperTurnsDone,1787283075428000000,1787283135359000000,0
FilePageCache.capacityInBytes,1787283075428000000,1787283135359000000,503316478
FilePageCacheLockFree.totalPagesAllocated,1787283075428000000,1787283135359000000,0
FilePageCacheLockFree.totalHeapBytesReclaimed,1787283075428000000,1787283135359000000,0
FilePageCache.pageFastCacheHits,1787283075428000000,1787283135359000000,0
StreamlinedBlobStorage.totalLiveRecordsCapacityBytes,1787283075428000000,1787283135359000000,0
FilePageCacheLockFree.totalPagesWritten,1787283075428000000,1787283135359000000,0
FilePageCacheLockFree.totalNativeBytesAllocated,1787283075428000000,1787283135359000000,0
FilePageCacheLockFree.housekeeperTimeSpentMs,1787283075428000000,1787283135359000000,0
FilePageCache.disposedBuffers,1787283075428000000,1787283135359000000,0
DirectByteBufferAllocator.reclaimed,1787283075428000000,1787283135359000000,0
FilePageCache.pageHits,1787283075428000000,1787283135359000000,0
StreamlinedBlobStorage.recordsAllocated,1787283075428000000,1787283135359000000,0
FilePageCacheLockFree.housekeeperTurnsSkipped,1787283075428000000,1787283135359000000,0
FilePageCacheLockFree.totalClosedStoragesReclaimed,1787283075428000000,1787283135359000000,0
FilePageCacheLockFree.totalPagesRequested,1787283075428000000,1787283135359000000,0
MappedFileStorage.totalPagesMapped,1787283075428000000,1787283135359000000,16
StreamlinedBlobStorage.totalLiveRecordsPayloadBytes,1787283075428000000,1787283135359000000,0
FilePageCacheLockFree.totalBytesRead,1787283075428000000,1787283135359000000,0
StorageLockContext.competingThreads.90P,1787283075428000000,1787283135359000000,0
FilePageCacheLockFree.totalNativeBytesReclaimed,1787283075428000000,1787283135359000000,0
FilePageCache.pageLoadsAboveSizeThreshold,1787283075428000000,1787283135359000000,0
FileChannelInterruptsRetryer.totalRetriedAttempts,1787283075428000000,1787283135359000000,0
FilePageCacheLockFree.totalPagesHandedOver,1787283075428000000,1787283135359000000,0
StreamlinedBlobStorage.recordsDeleted,1787283075428000000,1787283135359000000,0
cacheStateStorage.get.duration,1787283075428000000,1787283135359000000,0
cacheStateStorage.set.counter,1787283075428000000,1787283135359000000,0
cacheStateStorage.set.duration,1787283075428000000,1787283135359000000,0
cacheStateStorage.get.counter,1787283075428000000,1787283135359000000,0
writeAction.wait.ms,1787283075428000000,1787283135359000000,0
writeAction.median.wait.ms,1787283075428000000,1787283135359000000,0
writeAction.count,1787283075428000000,1787283135359000000,0
writeAction.max.wait.ms,1787283075428000000,1787283135359000000,32
Indexes.stubs.lookupDurationMaxMs,1787283075428000000,1787283135359000000,0.0
Indexes.stubs.lookupDuration90PMs,1787283075428000000,1787283135359000000,0.0
Indexes.allKeys.lookupDuration90PMs,1787283075428000000,1787283135359000000,0.0
Indexes.allKeys.lookupDurationAvgMs,1787283075428000000,1787283135359000000,0.0
IndexesFlusher.totalFlushesRetried,1787283075428000000,1787283135359000000,0
Indexes.allKeys.lookupDurationMaxMs,1787283075428000000,1787283135359000000,0.0
Indexes.stubs.lookups,1787283075428000000,1787283135359000000,0.0
IndexesFlusher.totalContentionQuotaSpent,1787283075428000000,1787283135359000000,0
Indexes.entries.lookups,1787283075428000000,1787283135359000000,0.0
Indexes.stubs.lookupDurationAvgMs,1787283075428000000,1787283135359000000,0.0
Indexes.entries.lookupDurationAvgMs,1787283075428000000,1787283135359000000,0.0
Indexes.entries.lookupDuration90PMs,1787283075428000000,1787283135359000000,0.0
Indexes.entries.lookupDurationMaxMs,1787283075428000000,1787283135359000000,0.0
IndexesFlusher.totalFlushes,1787283075428000000,1787283135359000000,121
IndexesFlusher.totalFlushingTimeUs,1787283075428000000,1787283135359000000,939295
Indexes.allKeys.lookups,1787283075428000000,1787283135359000000,0.0
jps.artifact.entities.serializer.load.entities.ms,1787283075428000000,1787283135359000000,0
workspaceModel.mutableEntityStorage.modify.entity.ms,1787283075428000000,1787283135359000000,0
jps.module.iml.entities.serializer.save.entities.ms,1787283075428000000,1787283135359000000,0
workspaceModel.mutableEntityStorage.has.same.entities.ms,1787283075428000000,1787283135359000000,0
jps.project.serializers.save.ms,1787283075428000000,1787283135359000000,0
workspaceModel.global.updates.ms,1787283075428000000,1787283135359000000,0
workspaceModel.mutableEntityStorage.replace.by.source.ms,1787283075428000000,1787283135359000000,0
workspaceModel.load.cache.from.file.ms,1787283075428000000,1787283135359000000,0
workspaceModel.mutableEntityStorage.mutable.vfurl.index.ms,1787283075428000000,1787283135359000000,0
jps.apply.loaded.storage.ms,1787283075428000000,1787283135359000000,0
workspaceModel.mutableEntityStorage.instances.count,1787283075428000000,1787283135359000000,0
workspaceModel.load.cache.metadata.from.file.ms,1787283075428000000,1787283135359000000,0
jps.global.get.library.by.name.ms,1787283075428000000,1787283135359000000,0
workspaceModel.mutableEntityStorage.add.entity.ms,1787283075428000000,1787283135359000000,0
jps.reload.project.entities.ms,1787283075428000000,1787283135359000000,0
jps.app.storage.content.reader.load.component.ms,1787283075428000000,1787283135359000000,0
workspaceModel.mutableEntityStorage.apply.changes.from.ms,1787283075428000000,1787283135359000000,0
jps.app.storage.content.writer.save.component.ms,1787283075428000000,1787283135359000000,0
jps.module.iml.entities.serializer.load.entities.ms,1787283075428000000,1787283135359000000,0
workspaceModel.global.apply.state.to.project.ms,1787283075428000000,1787283135359000000,0
workspaceModel.moduleManagerBridge.load.module.ms,1787283075428000000,1787283135359000000,0
workspaceModel.sync.entities.ms,1787283075428000000,1787283135359000000,0
workspaceModel.delayed.project.synchronizer.sync.ms,1787283075428000000,1787283135359000000,0
jps.global.get.library.ms,1787283075428000000,1787283135359000000,0
workspaceModel.moduleBridge.update.option.ms,1787283075428000000,1787283135359000000,0
workspaceModel.moduleManagerBridge.newModule.ms,1787283075428000000,1787283135359000000,0
workspaceModel.save.cache.to.file.ms,1787283075428000000,1787283135359000000,0
workspaceModel.global.apply.state.to.project.builder.ms,1787283075428000000,1787283135359000000,0
jps.facet.change.listener.before.change.events.ms,1787283075428000000,1787283135359000000,0
workspaceModel.moduleManagerBridge.load.all.modules.ms,1787283075428000000,1787283135359000000,0
workspaceModel.mutableEntityStorage.referrers.ms,1787283075428000000,1787283135359000000,0
workspaceModel.global.updates.count,1787283075428000000,1787283135359000000,0
workspaceModel.moduleManagerBridge.build.module.graph.ms,1787283075428000000,1787283135359000000,0
workspaceModel.moduleManagerBridge.new.nonPersistent.module.ms,1787283075428000000,1787283135359000000,0
jps.global.handle.before.change.events.ms,1787283075428000000,1787283135359000000,0
jps.global.handle.changed.events.ms,1787283075428000000,1787283135359000000,0
jps.artifact.entities.serializer.save.entities.ms,1787283075428000000,1787283135359000000,0
jps.global.initialize.library.bridges.after.loading.ms,1787283075428000000,1787283135359000000,0
workspaceModel.moduleBridge.before.changed.ms,1787283075428000000,1787283135359000000,0
jps.facet.change.listener.init.bridge.ms,1787283075428000000,1787283135359000000,0
workspaceModel.mutableEntityStorage.put.entity.ms,1787283075428000000,1787283135359000000,0
workspaceModel.mutableEntityStorage.remove.entity.ms,1787283075428000000,1787283135359000000,0
jps.save.global.entities.ms,1787283075428000000,1787283135359000000,0
jps.storage.jps.conf.reader.load.component.ms,1787283075428000000,1787283135359000000,0
jps.load.project.to.empty.storage.ms,1787283075428000000,1787283135359000000,0
workspaceModel.moduleBridgeLoader.loading.modules.ms,1787283075428000000,1787283135359000000,0
workspaceModel.mutableEntityStorage.entities.ms,1787283075428000000,1787283135359000000,0
workspaceModel.mutableEntityStorage.entities.by.source.ms,1787283075428000000,1787283135359000000,0
workspaceModel.moduleBridge.facet.initialization.ms,1787283075428000000,1787283135359000000,0
jps.facet.change.listener.process.change.events.ms,1787283075428000000,1787283135359000000,0
workspaceModel.moduleManagerBridge.set.unloadedModules.ms,1787283075428000000,1787283135359000000,0
workspaceModel.mutableEntityStorage.to.snapshot.ms,1787283075428000000,1787283135359000000,0
jps.global.get.libraries.ms,1787283075428000000,1787283135359000000,0
workspaceModel.mutableEntityStorage.collect.changes.ms,1787283075428000000,1787283135359000000,0
jps.library.entities.serializer.save.entities.ms,1787283075428000000,1787283135359000000,0
jps.load.initial.state.ms,1787283075428000000,1787283135359000000,0
workspaceModel.moduleManagerBridge.get.modules.ms,1787283075428000000,1787283135359000000,0
workspaceModel.mutableEntityStorage.resolve.ms,1787283075428000000,1787283135359000000,0
workspaceModel.mutableEntityStorage.mutable.ext.mapping.ms,1787283075428000000,1787283135359000000,0
workspaceModel.do.save.caches.ms,1787283075428000000,1787283135359000000,0
jps.save.changed.project.entities.ms,1787283075428000000,1787283135359000000,0
workspaceModel.moduleManagerBridge.create.module.instance.ms,1787283075428000000,1787283135359000000,0
jps.global.initialize.library.bridges.ms,1787283075428000000,1787283135359000000,0
jps.library.entities.serializer.load.entities.ms,1787283075428000000,1787283135359000000,0
workspaceModel.orphan.listener.update.ms,1787283075428000000,1787283135359000000,0
jps.project.serializers.load.ms,1787283075428000000,1787283135359000000,0
compiler.ArtifactManagerBridge.commit.ms,1787283075428000000,1787283135359000000,0
compiler.ArtifactManagerBridge.getArtifactsByType.ms,1787283075428000000,1787283135359000000,0
compiler.ArtifactManagerBridge.dropMappings.ms,1787283075428000000,1787283135359000000,0
compiler.ArtifactManagerBridge.findArtifact.ms,1787283075428000000,1787283135359000000,0
compiler.ArtifactManagerBridge.getArtifacts.ms,1787283075428000000,1787283135359000000,0
compiler.ArtifactManagerBridge.addArtifact.ms,1787283075428000000,1787283135359000000,0
compiler.ArtifactManagerBridge.initBridges.ms,1787283075428000000,1787283135359000000,0
workspaceModel.workspaceFileIndexData.updateDirtyEntities.ms,1787283135359000000,1787283162607000000,0
workspaceModel.updates.count,1787283135359000000,1787283162607000000,0
workspaceModel.workspaceFileIndexData.getPackageName.ms,1787283135359000000,1787283162607000000,0
workspaceModel.init.bridges.ms,1787283135359000000,1787283162607000000,0
workspaceModel.update.unloaded.entities.ms,1787283135359000000,1787283162607000000,0
workspaceModel.workspaceFileIndexData.instances.count,1787283135359000000,1787283162607000000,0
workspaceModel.cachedValueWithParameters.clear.ms,1787283135359000000,1787283162607000000,0
workspaceModel.cachedValue.calculated.ms,1787283135359000000,1787283162607000000,0
workspaceModel.entityStorageSnapshotImpl.instances.count,1787283135359000000,1787283162607000000,0
workspaceModel.pre.handlers.ms,1787283135359000000,1787283162607000000,0
workspaceModel.full.replace.project.model.ms,1787283135359000000,1787283162607000000,0
workspaceModel.check.recursive.update.ms,1787283135359000000,1787283162607000000,0
workspaceModel.workspaceFileIndexData.init.ms,1787283135359000000,1787283162607000000,0
workspaceModel.updates.precise.ms,1787283135359000000,1787283162607000000,0
workspaceModel.workspaceFileIndexData.getFileInfo.ms,1787283135359000000,1787283162607000000,4
workspaceModel.initializing.ms,1787283135359000000,1787283162607000000,0
workspaceModel.to.snapshot.ms,1787283135359000000,1787283162607000000,0
workspaceModel.workspaceFileIndexData.visitFileSets.ms,1787283135359000000,1787283162607000000,0
workspaceModel.workspaceFileIndexData.markDirty.ms,1787283135359000000,1787283162607000000,0
workspaceModel.cachedValueWithParameters.calculated.ms,1787283135359000000,1787283162607000000,0
workspaceModel.collect.changes.ms,1787283135359000000,1787283162607000000,0
workspaceModel.replace.project.model.ms,1787283135359000000,1787283162607000000,0
workspaceModel.cachedValueWithParameters.total.get.ms,1787283135359000000,1787283162607000000,0
workspaceModel.workspaceFileIndexData.onEntitiesChanged.ms,1787283135359000000,1787283162607000000,0
workspaceModel.workspaceFileIndexData.processFileSets.ms,1787283135359000000,1787283162607000000,0
workspaceModel.cachedValueWithParameters.from.cache.ms,1787283135359000000,1787283162607000000,0
workspaceModel.cachedValue.clear.ms,1787283135359000000,1787283162607000000,0
workspaceModel.loading.from.cache.ms,1787283135359000000,1787283162607000000,0
workspaceModel.cachedValue.from.cache.ms,1787283135359000000,1787283162607000000,0
workspaceModel.updates.ms,1787283135359000000,1787283162607000000,0
workspaceModel.workspaceFileIndexContributor.registerFileSets.ms,1787283135359000000,1787283162607000000,0
workspaceModel.loading.total.ms,1787283135359000000,1787283162607000000,0
workspaceModel.workspaceFileIndexData.getDirectoriesByPackageName.ms,1787283135359000000,1787283162607000000,0
workspaceModel.cachedValue.total.get.ms,1787283135359000000,1787283162607000000,0
VFS.fileByIdCache.misses,1787283135359000000,1787283162607000000,0
VFS.fileByIdCache.hits,1787283135359000000,1787283162607000000,0
VFS.fileChildByName,1787283135359000000,1787283162607000000,1971
VFS.invertedFileNameIndex.requests,1787283135359000000,1787283162607000000,0
NonBlockingReadAction.failedExecutionsCount,1787283135359000000,1787283162607000000,1
NonBlockingReadAction.finalizedExecutionTimeUs,1787283135359000000,1787283162607000000,1258285
AWTEventQueue.dispatchTimeTotalNS,1787283135359000000,1787283162607000000,7011574068
NonBlockingReadAction.failedExecutionTimeUs,1787283135359000000,1787283162607000000,216523
NonBlockingReadAction.finalizedExecutionsCount,1787283135359000000,1787283162607000000,41
JVM.newThreadsCount,1787283135359000000,1787283162607000000,13
JVM.GC.collections,1787283135359000000,1787283162607000000,2
OS.loadAverage,1787283135359000000,1787283162607000000,19.5361328125
JVM.usedHeapBytes,1787283135359000000,1787283162607000000,232098816
JVM.GC.collectionTimesMs,1787283135359000000,1787283162607000000,56
JVM.totalDirectByteBuffersBytes,1787283135359000000,1787283162607000000,42209351
JVM.totalCpuTimeMs,1787283135359000000,1787283162607000000,18950
JVM.maxHeapBytes,1787283135359000000,1787283162607000000,2147483648
JVM.totalBytesAllocated,1787283135359000000,1787283162607000000,97280512
JVM.threadCount,1787283135359000000,1787283162607000000,55
JVM.maxThreadCount,1787283135359000000,1787283162607000000,118
JVM.usedNativeBytes,1787283135359000000,1787283162607000000,346807368
FilePageCacheLockFree.totalPageAllocationsWaited,1787283135359000000,1787283162607000000,0
FilePageCacheLockFree.nativeBytesInUse,1787283135359000000,1787283162607000000,0
DirectByteBufferAllocator.misses,1787283135359000000,1787283162607000000,0
FilePageCacheLockFree.totalBytesWritten,1787283135359000000,1787283162607000000,0
FilePageCache.pageLoads,1787283135359000000,1787283162607000000,0
StorageLockContext.competingThreads.max,1787283135359000000,1787283162607000000,0
FilePageCache.maxRegisteredFiles,1787283135359000000,1787283162607000000,555
DirectByteBufferAllocator.disposed,1787283135359000000,1787283162607000000,192
FilePageCacheLockFree.heapBytesInUse,1787283135359000000,1787283162607000000,0
DirectByteBufferAllocator.hits,1787283135359000000,1787283162607000000,0
DirectByteBufferAllocator.totalSizeOfBuffersAllocatedInBytes,1787283135359000000,1787283162607000000,41959424
FilePageCache.totalPageDisposalsUs,1787283135359000000,1787283162607000000,0
FilePageCache.totalPageLoadsUs,1787283135359000000,1787283162607000000,0
FilePageCache.uncachedFileAccess,1787283135359000000,1787283162607000000,10
FilePageCacheLockFree.totalHeapBytesAllocated,1787283135359000000,1787283162607000000,0
FilePageCacheLockFree.totalPagesRequestsMs,1787283135359000000,1787283162607000000,0
FilePageCacheLockFree.totalPagesWriteMs,1787283135359000000,1787283162607000000,0
FilePageCacheLockFree.totalPagesReclaimed,1787283135359000000,1787283162607000000,0
DirectByteBufferAllocator.totalSizeOfBuffersCachedInBytes,1787283135359000000,1787283162607000000,41959424
StorageLockContext.competingThreads.avg,1787283135359000000,1787283162607000000,0.0
FilePageCache.maxCacheSizeInBytes,1787283135359000000,1787283162607000000,243286016
FilePageCacheLockFree.totalPagesReadMs,1787283135359000000,1787283162607000000,0
FilePageCacheLockFree.totalBytesRequested,1787283135359000000,1787283162607000000,0
FilePageCacheLockFree.housekeeperTurnsDone,1787283135359000000,1787283162607000000,0
FilePageCache.capacityInBytes,1787283135359000000,1787283162607000000,503316478
FilePageCacheLockFree.totalPagesAllocated,1787283135359000000,1787283162607000000,0
FilePageCacheLockFree.totalHeapBytesReclaimed,1787283135359000000,1787283162607000000,0
FilePageCache.pageFastCacheHits,1787283135359000000,1787283162607000000,179
FilePageCacheLockFree.totalPagesWritten,1787283135359000000,1787283162607000000,0
FilePageCacheLockFree.totalNativeBytesAllocated,1787283135359000000,1787283162607000000,0
FilePageCacheLockFree.housekeeperTimeSpentMs,1787283135359000000,1787283162607000000,0
FilePageCache.disposedBuffers,1787283135359000000,1787283162607000000,234
DirectByteBufferAllocator.reclaimed,1787283135359000000,1787283162607000000,42
FilePageCache.pageHits,1787283135359000000,1787283162607000000,0
FilePageCacheLockFree.housekeeperTurnsSkipped,1787283135359000000,1787283162607000000,0
FilePageCacheLockFree.totalClosedStoragesReclaimed,1787283135359000000,1787283162607000000,0
FilePageCacheLockFree.totalPagesRequested,1787283135359000000,1787283162607000000,0
FilePageCacheLockFree.totalBytesRead,1787283135359000000,1787283162607000000,0
StorageLockContext.competingThreads.90P,1787283135359000000,1787283162607000000,0
FilePageCacheLockFree.totalNativeBytesReclaimed,1787283135359000000,1787283162607000000,0
FilePageCache.pageLoadsAboveSizeThreshold,1787283135359000000,1787283162607000000,0
FileChannelInterruptsRetryer.totalRetriedAttempts,1787283135359000000,1787283162607000000,0
FilePageCacheLockFree.totalPagesHandedOver,1787283135359000000,1787283162607000000,0
cacheStateStorage.get.duration,1787283135359000000,1787283162607000000,0
cacheStateStorage.set.counter,1787283135359000000,1787283162607000000,5
cacheStateStorage.set.duration,1787283135359000000,1787283162607000000,24
cacheStateStorage.get.counter,1787283135359000000,1787283162607000000,0
writeAction.wait.ms,1787283135359000000,1787283162607000000,2
parser.textmate.time.ns,1787283135359000000,1787283162607000000,193461
writeAction.median.wait.ms,1787283135359000000,1787283162607000000,0
lexer.textmate.size.bytes,1787283135359000000,1787283162607000000,1145
writeAction.count,1787283135359000000,1787283162607000000,10
parser.textmate.size.bytes,1787283135359000000,1787283162607000000,1145
writeAction.max.wait.ms,1787283135359000000,1787283162607000000,32
lexer.textmate.time.ns,1787283135359000000,1787283162607000000,17141
Indexes.stubs.lookupDurationMaxMs,1787283135359000000,1787283162607000000,0.0
Indexes.stubs.lookupDuration90PMs,1787283135359000000,1787283162607000000,0.0
Indexes.allKeys.lookupDuration90PMs,1787283135359000000,1787283162607000000,0.0
Indexes.allKeys.lookupDurationAvgMs,1787283135359000000,1787283162607000000,0.0
Indexes.allKeys.lookupDurationMaxMs,1787283135359000000,1787283162607000000,0.0
Indexes.stubs.lookups,1787283135359000000,1787283162607000000,0.0
Indexes.entries.lookups,1787283135359000000,1787283162607000000,7.0
Indexes.stubs.lookupDurationAvgMs,1787283135359000000,1787283162607000000,0.0
Indexes.entries.lookupDurationAvgMs,1787283135359000000,1787283162607000000,30.428571428571427
Indexes.entries.lookupDuration90PMs,1787283135359000000,1787283162607000000,99.0
Indexes.entries.lookupDurationMaxMs,1787283135359000000,1787283162607000000,99.0
Indexes.allKeys.lookups,1787283135359000000,1787283162607000000,0.0
jps.artifact.entities.serializer.load.entities.ms,1787283135359000000,1787283162607000000,0
workspaceModel.mutableEntityStorage.modify.entity.ms,1787283135359000000,1787283162607000000,0
jps.module.iml.entities.serializer.save.entities.ms,1787283135359000000,1787283162607000000,0
workspaceModel.mutableEntityStorage.has.same.entities.ms,1787283135359000000,1787283162607000000,0
jps.project.serializers.save.ms,1787283135359000000,1787283162607000000,1
workspaceModel.global.updates.ms,1787283135359000000,1787283162607000000,0
workspaceModel.mutableEntityStorage.replace.by.source.ms,1787283135359000000,1787283162607000000,0
workspaceModel.load.cache.from.file.ms,1787283135359000000,1787283162607000000,0
workspaceModel.mutableEntityStorage.mutable.vfurl.index.ms,1787283135359000000,1787283162607000000,0
jps.apply.loaded.storage.ms,1787283135359000000,1787283162607000000,0
workspaceModel.mutableEntityStorage.instances.count,1787283135359000000,1787283162607000000,0
workspaceModel.load.cache.metadata.from.file.ms,1787283135359000000,1787283162607000000,0
jps.global.get.library.by.name.ms,1787283135359000000,1787283162607000000,0
workspaceModel.mutableEntityStorage.add.entity.ms,1787283135359000000,1787283162607000000,0
jps.reload.project.entities.ms,1787283135359000000,1787283162607000000,0
jps.app.storage.content.reader.load.component.ms,1787283135359000000,1787283162607000000,0
workspaceModel.mutableEntityStorage.apply.changes.from.ms,1787283135359000000,1787283162607000000,0
jps.app.storage.content.writer.save.component.ms,1787283135359000000,1787283162607000000,2
jps.module.iml.entities.serializer.load.entities.ms,1787283135359000000,1787283162607000000,0
workspaceModel.global.apply.state.to.project.ms,1787283135359000000,1787283162607000000,0
workspaceModel.moduleManagerBridge.load.module.ms,1787283135359000000,1787283162607000000,0
workspaceModel.sync.entities.ms,1787283135359000000,1787283162607000000,0
workspaceModel.delayed.project.synchronizer.sync.ms,1787283135359000000,1787283162607000000,0
jps.global.get.library.ms,1787283135359000000,1787283162607000000,0
workspaceModel.moduleBridge.update.option.ms,1787283135359000000,1787283162607000000,0
workspaceModel.moduleManagerBridge.newModule.ms,1787283135359000000,1787283162607000000,0
workspaceModel.save.cache.to.file.ms,1787283135359000000,1787283162607000000,0
workspaceModel.global.apply.state.to.project.builder.ms,1787283135359000000,1787283162607000000,0
jps.facet.change.listener.before.change.events.ms,1787283135359000000,1787283162607000000,0
workspaceModel.moduleManagerBridge.load.all.modules.ms,1787283135359000000,1787283162607000000,0
workspaceModel.mutableEntityStorage.referrers.ms,1787283135359000000,1787283162607000000,0
workspaceModel.global.updates.count,1787283135359000000,1787283162607000000,0
workspaceModel.moduleManagerBridge.build.module.graph.ms,1787283135359000000,1787283162607000000,0
workspaceModel.moduleManagerBridge.new.nonPersistent.module.ms,1787283135359000000,1787283162607000000,0
jps.global.handle.before.change.events.ms,1787283135359000000,1787283162607000000,0
jps.global.handle.changed.events.ms,1787283135359000000,1787283162607000000,0
jps.artifact.entities.serializer.save.entities.ms,1787283135359000000,1787283162607000000,0
jps.global.initialize.library.bridges.after.loading.ms,1787283135359000000,1787283162607000000,0
workspaceModel.moduleBridge.before.changed.ms,1787283135359000000,1787283162607000000,0
jps.facet.change.listener.init.bridge.ms,1787283135359000000,1787283162607000000,0
workspaceModel.mutableEntityStorage.put.entity.ms,1787283135359000000,1787283162607000000,0
workspaceModel.mutableEntityStorage.remove.entity.ms,1787283135359000000,1787283162607000000,0
jps.save.global.entities.ms,1787283135359000000,1787283162607000000,46
jps.storage.jps.conf.reader.load.component.ms,1787283135359000000,1787283162607000000,0
jps.load.project.to.empty.storage.ms,1787283135359000000,1787283162607000000,0
workspaceModel.moduleBridgeLoader.loading.modules.ms,1787283135359000000,1787283162607000000,0
workspaceModel.mutableEntityStorage.entities.ms,1787283135359000000,1787283162607000000,0
workspaceModel.mutableEntityStorage.entities.by.source.ms,1787283135359000000,1787283162607000000,0
workspaceModel.moduleBridge.facet.initialization.ms,1787283135359000000,1787283162607000000,0
jps.facet.change.listener.process.change.events.ms,1787283135359000000,1787283162607000000,0
workspaceModel.moduleManagerBridge.set.unloadedModules.ms,1787283135359000000,1787283162607000000,0
workspaceModel.mutableEntityStorage.to.snapshot.ms,1787283135359000000,1787283162607000000,0
jps.global.get.libraries.ms,1787283135359000000,1787283162607000000,0
workspaceModel.mutableEntityStorage.collect.changes.ms,1787283135359000000,1787283162607000000,0
jps.library.entities.serializer.save.entities.ms,1787283135359000000,1787283162607000000,0
jps.load.initial.state.ms,1787283135359000000,1787283162607000000,0
workspaceModel.moduleManagerBridge.get.modules.ms,1787283135359000000,1787283162607000000,0
workspaceModel.mutableEntityStorage.resolve.ms,1787283135359000000,1787283162607000000,0
workspaceModel.mutableEntityStorage.mutable.ext.mapping.ms,1787283135359000000,1787283162607000000,0
workspaceModel.do.save.caches.ms,1787283135359000000,1787283162607000000,0
jps.save.changed.project.entities.ms,1787283135359000000,1787283162607000000,1
workspaceModel.moduleManagerBridge.create.module.instance.ms,1787283135359000000,1787283162607000000,0
jps.global.initialize.library.bridges.ms,1787283135359000000,1787283162607000000,0
jps.library.entities.serializer.load.entities.ms,1787283135359000000,1787283162607000000,0
workspaceModel.orphan.listener.update.ms,1787283135359000000,1787283162607000000,0
jps.project.serializers.load.ms,1787283135359000000,1787283162607000000,0
compiler.ArtifactManagerBridge.commit.ms,1787283135359000000,1787283162607000000,0
compiler.ArtifactManagerBridge.getArtifactsByType.ms,1787283135359000000,1787283162607000000,0
compiler.ArtifactVirtualFileListener.filePathChanged.ms,1787283135359000000,1787283162607000000,1
compiler.ArtifactManagerBridge.dropMappings.ms,1787283135359000000,1787283162607000000,0
compiler.ArtifactManagerBridge.findArtifact.ms,1787283135359000000,1787283162607000000,0
compiler.ArtifactManagerBridge.getArtifacts.ms,1787283135359000000,1787283162607000000,0
compiler.ArtifactManagerBridge.addArtifact.ms,1787283135359000000,1787283162607000000,0
compiler.ArtifactVirtualFileListener.propertyChanged.ms,1787283135359000000,1787283162607000000,4
compiler.ArtifactManagerBridge.initBridges.ms,1787283135359000000,1787283162607000000,0
