# OpenTelemetry Metrics report: .csv, 4 fields: 
# <metric name>, <period start, nanoseconds>, <period end, nanoseconds>, <metric value>
# See CsvMetricsExporter for details.
# 
# NAME, PERIOD_START_NANOS, PERIOD_END_NANOS, VALUE
MappedFileStorage.totalTimeSpentOnMappingUs,1787283865566000000,1787283925660000000,23466
DirectByteBufferAllocator.reclaimed,1787283865566000000,1787283925660000000,3
FilePageCacheLockFree.totalNativeBytesReclaimed,1787283865566000000,1787283925660000000,0
MappedFileStorage.totalBytesMapped,1787283865566000000,1787283925660000000,202637312
FileChannelInterruptsRetryer.totalRetriedAttempts,1787283865566000000,1787283925660000000,0
FilePageCacheLockFree.heapBytesInUse,1787283865566000000,1787283925660000000,0
FilePageCacheLockFree.nativeBytesInUse,1787283865566000000,1787283925660000000,0
StreamlinedBlobStorage.totalLiveRecordsPayloadBytes,1787283865566000000,1787283925660000000,454004
FilePageCacheLockFree.housekeeperTurnsSkipped,1787283865566000000,1787283925660000000,0
FilePageCacheLockFree.totalBytesRead,1787283865566000000,1787283925660000000,0
FilePageCacheLockFree.totalPageAllocationsWaited,1787283865566000000,1787283925660000000,0
FilePageCacheLockFree.totalPagesRequested,1787283865566000000,1787283925660000000,0
DirectByteBufferAllocator.misses,1787283865566000000,1787283925660000000,236
FilePageCacheLockFree.totalPagesHandedOver,1787283865566000000,1787283925660000000,0
FilePageCache.totalPageDisposalsUs,1787283865566000000,1787283925660000000,3491
StorageLockContext.competingThreads.90P,1787283865566000000,1787283925660000000,0
FilePageCacheLockFree.totalPagesReadMs,1787283865566000000,1787283925660000000,0
FilePageCache.capacityInBytes,1787283865566000000,1787283925660000000,503316478
StreamlinedBlobStorage.recordsDeleted,1787283865566000000,1787283925660000000,24
FilePageCacheLockFree.totalClosedStoragesReclaimed,1787283865566000000,1787283925660000000,0
DirectByteBufferAllocator.hits,1787283865566000000,1787283925660000000,3
StreamlinedBlobStorage.recordsRelocated,1787283865566000000,1787283925660000000,0
FilePageCacheLockFree.totalPagesWritten,1787283865566000000,1787283925660000000,0
FilePageCacheLockFree.totalBytesRequested,1787283865566000000,1787283925660000000,0
FilePageCache.uncachedFileAccess,1787283865566000000,1787283925660000000,133
FilePageCache.pageLoadsAboveSizeThreshold,1787283865566000000,1787283925660000000,0
DirectByteBufferAllocator.totalSizeOfBuffersCachedInBytes,1787283865566000000,1787283925660000000,0
MappedFileStorage.storages,1787283865566000000,1787283925660000000,16
FilePageCache.totalPageLoadsUs,1787283865566000000,1787283925660000000,1392989
FilePageCache.maxRegisteredFiles,1787283865566000000,1787283925660000000,555
FilePageCacheLockFree.housekeeperTurnsDone,1787283865566000000,1787283925660000000,0
FilePageCacheLockFree.totalNativeBytesAllocated,1787283865566000000,1787283925660000000,0
MappedFileStorage.totalPagesMapped,1787283865566000000,1787283925660000000,16
FilePageCache.disposedBuffers,1787283865566000000,1787283925660000000,3
FilePageCacheLockFree.totalHeapBytesReclaimed,1787283865566000000,1787283925660000000,0
DirectByteBufferAllocator.totalSizeOfBuffersAllocatedInBytes,1787283865566000000,1787283925660000000,245383168
DirectByteBufferAllocator.disposed,1787283865566000000,1787283925660000000,0
FilePageCacheLockFree.totalPagesAllocated,1787283865566000000,1787283925660000000,0
StreamlinedBlobStorage.recordsAllocated,1787283865566000000,1787283925660000000,32056
FilePageCache.pageLoads,1787283865566000000,1787283925660000000,239
FilePageCacheLockFree.totalPagesRequestsMs,1787283865566000000,1787283925660000000,0
FilePageCacheLockFree.totalBytesWritten,1787283865566000000,1787283925660000000,0
StorageLockContext.competingThreads.max,1787283865566000000,1787283925660000000,0
FilePageCache.pageFastCacheHits,1787283865566000000,1787283925660000000,5105
FilePageCacheLockFree.housekeeperTimeSpentMs,1787283865566000000,1787283925660000000,0
FilePageCacheLockFree.totalPagesWriteMs,1787283865566000000,1787283925660000000,0
FilePageCache.pageHits,1787283865566000000,1787283925660000000,0
StorageLockContext.competingThreads.avg,1787283865566000000,1787283925660000000,0.0
FilePageCacheLockFree.totalPagesReclaimed,1787283865566000000,1787283925660000000,0
StreamlinedBlobStorage.totalLiveRecordsCapacityBytes,1787283865566000000,1787283925660000000,2292446
FilePageCache.maxCacheSizeInBytes,1787283865566000000,1787283925660000000,245383168
FilePageCacheLockFree.totalHeapBytesAllocated,1787283865566000000,1787283925660000000,0
compiler.ArtifactManagerBridge.initBridges.ms,1787283865566000000,1787283925660000000,1
compiler.ArtifactManagerBridge.commit.ms,1787283865566000000,1787283925660000000,0
compiler.ArtifactVirtualFileListener.propertyChanged.ms,1787283865566000000,1787283925660000000,0
compiler.ArtifactManagerBridge.getArtifactsByType.ms,1787283865566000000,1787283925660000000,3
compiler.ArtifactVirtualFileListener.filePathChanged.ms,1787283865566000000,1787283925660000000,0
compiler.ArtifactManagerBridge.dropMappings.ms,1787283865566000000,1787283925660000000,0
compiler.ArtifactManagerBridge.findArtifact.ms,1787283865566000000,1787283925660000000,0
compiler.ArtifactManagerBridge.addArtifact.ms,1787283865566000000,1787283925660000000,0
compiler.ArtifactManagerBridge.getArtifacts.ms,1787283865566000000,1787283925660000000,0
JVM.newThreadsCount,1787283865566000000,1787283925660000000,183
JVM.usedHeapBytes,1787283865566000000,1787283925660000000,341126144
JVM.maxThreadCount,1787283865566000000,1787283925660000000,170
JVM.maxHeapBytes,1787283865566000000,1787283925660000000,2147483648
JVM.totalCpuTimeMs,1787283865566000000,1787283925660000000,99080
JVM.GC.collections,1787283865566000000,1787283925660000000,25
JVM.usedNativeBytes,1787283865566000000,1787283925660000000,326840008
JVM.totalDirectByteBuffersBytes,1787283865566000000,1787283925660000000,249439533
OS.loadAverage,1787283865566000000,1787283925660000000,3.76220703125
JVM.totalBytesAllocated,1787283865566000000,1787283925660000000,1643706808
JVM.threadCount,1787283865566000000,1787283925660000000,168
JVM.GC.collectionTimesMs,1787283865566000000,1787283925660000000,540
Indexes.stubs.lookupDurationAvgMs,1787283865566000000,1787283925660000000,2.0
Indexes.entries.lookupDuration90PMs,1787283865566000000,1787283925660000000,0.0
Indexes.allKeys.lookupDuration90PMs,1787283865566000000,1787283925660000000,0.0
Indexes.stubs.lookupDurationMaxMs,1787283865566000000,1787283925660000000,13.0
Indexes.allKeys.lookupDurationMaxMs,1787283865566000000,1787283925660000000,0.0
Indexes.entries.lookups,1787283865566000000,1787283925660000000,0.0
Indexes.entries.lookupDurationMaxMs,1787283865566000000,1787283925660000000,0.0
Indexes.stubs.lookups,1787283865566000000,1787283925660000000,7.0
Indexes.entries.lookupDurationAvgMs,1787283865566000000,1787283925660000000,0.0
IndexesFlusher.totalFlushesRetried,1787283865566000000,1787283925660000000,4
IndexesFlusher.totalFlushingTimeUs,1787283865566000000,1787283925660000000,878901
Indexes.allKeys.lookups,1787283865566000000,1787283925660000000,0.0
IndexesFlusher.totalFlushes,1787283865566000000,1787283925660000000,164
IndexesFlusher.totalContentionQuotaSpent,1787283865566000000,1787283925660000000,209
Indexes.stubs.lookupDuration90PMs,1787283865566000000,1787283925660000000,13.0
Indexes.allKeys.lookupDurationAvgMs,1787283865566000000,1787283925660000000,0.0
FlushQueue.waitingTimeMaxNs,1787283865566000000,1787283925660000000,28049407
NonBlockingReadAction.failedExecutionTimeUs,1787283865566000000,1787283925660000000,487111
NonBlockingReadAction.finalizedExecutionsCount,1787283865566000000,1787283925660000000,56
AWTEventQueue.dispatchTimeTotalNS,1787283865566000000,1787283925660000000,19850071440
AWTEventQueue.eventsDispatched,1787283865566000000,1787283925660000000,9
FlushQueue.queueSize90P,1787283865566000000,1787283925660000000,1
FlushQueue.tasksExecuted,1787283865566000000,1787283925660000000,4
AWTEventQueue.dispatchTime90PNs,1787283865566000000,1787283925660000000,26345471
FlushQueue.executionTime90PNs,1787283865566000000,1787283925660000000,337919
FlushQueue.queueSizeMax,1787283865566000000,1787283925660000000,1
FlushQueue.queueSizeAvg,1787283865566000000,1787283925660000000,0.25
AWTEventQueue.dispatchTimeMaxNs,1787283865566000000,1787283925660000000,26345471
AWTEventQueue.dispatchTimeAvgNs,1787283865566000000,1787283925660000000,3262208.0
FlushQueue.waitingTimeAvgNs,1787283865566000000,1787283925660000000,1.291456E7
NonBlockingReadAction.finalizedExecutionTimeUs,1787283865566000000,1787283925660000000,2459388
ReadAction.executionsCount,1787283865566000000,1787283925660000000,128454
FlushQueue.waitingTime90PNs,1787283865566000000,1787283925660000000,28049407
WriteAction.executionsCount,1787283865566000000,1787283925660000000,14
FlushQueue.executionTimeMaxNs,1787283865566000000,1787283925660000000,337919
NonBlockingReadAction.failedExecutionsCount,1787283865566000000,1787283925660000000,2
FlushQueue.executionTimeAvgNs,1787283865566000000,1787283925660000000,200832.0
cacheStateStorage.set.counter,1787283865566000000,1787283925660000000,3
cacheStateStorage.get.duration,1787283865566000000,1787283925660000000,1217
cacheStateStorage.set.duration,1787283865566000000,1787283925660000000,22
cacheStateStorage.get.counter,1787283865566000000,1787283925660000000,28
VFS.fileByIdCache.misses,1787283865566000000,1787283925660000000,33
VFS.fileByIdCache.hits,1787283865566000000,1787283925660000000,0
VFS.invertedFileNameIndex.requests,1787283865566000000,1787283925660000000,4
VFS.fileChildByName,1787283865566000000,1787283925660000000,4076
FileNameCache.queries,1787283865566000000,1787283925660000000,0
FileNameCache.totalMisses,1787283865566000000,1787283925660000000,0
workspaceModel.moduleManagerBridge.load.all.modules.ms,1787283865566000000,1787283925660000000,234
workspaceModel.moduleBridge.facet.initialization.ms,1787283865566000000,1787283925660000000,1
workspaceModel.moduleManagerBridge.get.modules.ms,1787283865566000000,1787283925660000000,1
jps.load.initial.state.ms,1787283865566000000,1787283925660000000,38
workspaceModel.mutableEntityStorage.add.entity.ms,1787283865566000000,1787283925660000000,60
jps.artifact.entities.serializer.load.entities.ms,1787283865566000000,1787283925660000000,0
jps.save.global.entities.ms,1787283865566000000,1787283925660000000,93
workspaceModel.mutableEntityStorage.collect.changes.ms,1787283865566000000,1787283925660000000,2
workspaceModel.mutableEntityStorage.entities.by.source.ms,1787283865566000000,1787283925660000000,2
jps.global.get.library.ms,1787283865566000000,1787283925660000000,0
jps.facet.change.listener.process.change.events.ms,1787283865566000000,1787283925660000000,1
jps.library.entities.serializer.save.entities.ms,1787283865566000000,1787283925660000000,0
workspaceModel.mutableEntityStorage.mutable.vfurl.index.ms,1787283865566000000,1787283925660000000,0
workspaceModel.global.updates.ms,1787283865566000000,1787283925660000000,18
jps.reload.project.entities.ms,1787283865566000000,1787283925660000000,0
jps.load.project.to.empty.storage.ms,1787283865566000000,1787283925660000000,183
workspaceModel.mutableEntityStorage.to.snapshot.ms,1787283865566000000,1787283925660000000,3
jps.global.initialize.library.bridges.after.loading.ms,1787283865566000000,1787283925660000000,3
workspaceModel.mutableEntityStorage.referrers.ms,1787283865566000000,1787283925660000000,0
workspaceModel.moduleManagerBridge.newModule.ms,1787283865566000000,1787283925660000000,0
workspaceModel.orphan.listener.update.ms,1787283865566000000,1787283925660000000,5
jps.global.handle.changed.events.ms,1787283865566000000,1787283925660000000,0
workspaceModel.mutableEntityStorage.resolve.ms,1787283865566000000,1787283925660000000,0
jps.module.iml.entities.serializer.save.entities.ms,1787283865566000000,1787283925660000000,0
workspaceModel.moduleBridge.update.option.ms,1787283865566000000,1787283925660000000,0
workspaceModel.moduleManagerBridge.set.unloadedModules.ms,1787283865566000000,1787283925660000000,0
workspaceModel.load.cache.from.file.ms,1787283865566000000,1787283925660000000,468
jps.apply.loaded.storage.ms,1787283865566000000,1787283925660000000,1733
workspaceModel.global.updates.count,1787283865566000000,1787283925660000000,1
workspaceModel.moduleManagerBridge.new.nonPersistent.module.ms,1787283865566000000,1787283925660000000,0
workspaceModel.global.apply.state.to.project.ms,1787283865566000000,1787283925660000000,115
workspaceModel.mutableEntityStorage.entities.ms,1787283865566000000,1787283925660000000,1
jps.global.initialize.library.bridges.ms,1787283865566000000,1787283925660000000,1
jps.app.storage.content.writer.save.component.ms,1787283865566000000,1787283925660000000,27
jps.global.get.library.by.name.ms,1787283865566000000,1787283925660000000,0
jps.app.storage.content.reader.load.component.ms,1787283865566000000,1787283925660000000,23
workspaceModel.mutableEntityStorage.instances.count,1787283865566000000,1787283925660000000,27
jps.global.get.libraries.ms,1787283865566000000,1787283925660000000,1
jps.module.iml.entities.serializer.load.entities.ms,1787283865566000000,1787283925660000000,60
workspaceModel.moduleBridge.before.changed.ms,1787283865566000000,1787283925660000000,0
jps.facet.change.listener.before.change.events.ms,1787283865566000000,1787283925660000000,0
jps.save.changed.project.entities.ms,1787283865566000000,1787283925660000000,3
jps.library.entities.serializer.load.entities.ms,1787283865566000000,1787283925660000000,1
workspaceModel.mutableEntityStorage.apply.changes.from.ms,1787283865566000000,1787283925660000000,13
workspaceModel.moduleBridgeLoader.loading.modules.ms,1787283865566000000,1787283925660000000,709
jps.facet.change.listener.init.bridge.ms,1787283865566000000,1787283925660000000,0
workspaceModel.save.cache.to.file.ms,1787283865566000000,1787283925660000000,173
workspaceModel.mutableEntityStorage.has.same.entities.ms,1787283865566000000,1787283925660000000,0
jps.storage.jps.conf.reader.load.component.ms,1787283865566000000,1787283925660000000,28
workspaceModel.mutableEntityStorage.replace.by.source.ms,1787283865566000000,1787283925660000000,21
workspaceModel.mutableEntityStorage.put.entity.ms,1787283865566000000,1787283925660000000,7
workspaceModel.sync.entities.ms,1787283865566000000,1787283925660000000,0
workspaceModel.global.apply.state.to.project.builder.ms,1787283865566000000,1787283925660000000,5
workspaceModel.moduleManagerBridge.build.module.graph.ms,1787283865566000000,1787283925660000000,50
workspaceModel.delayed.project.synchronizer.sync.ms,1787283865566000000,1787283925660000000,1920
workspaceModel.moduleManagerBridge.create.module.instance.ms,1787283865566000000,1787283925660000000,0
jps.project.serializers.save.ms,1787283865566000000,1787283925660000000,3
workspaceModel.do.save.caches.ms,1787283865566000000,1787283925660000000,168
workspaceModel.moduleManagerBridge.load.module.ms,1787283865566000000,1787283925660000000,0
workspaceModel.mutableEntityStorage.modify.entity.ms,1787283865566000000,1787283925660000000,3
jps.global.handle.before.change.events.ms,1787283865566000000,1787283925660000000,0
workspaceModel.mutableEntityStorage.mutable.ext.mapping.ms,1787283865566000000,1787283925660000000,3
workspaceModel.load.cache.metadata.from.file.ms,1787283865566000000,1787283925660000000,59
jps.artifact.entities.serializer.save.entities.ms,1787283865566000000,1787283925660000000,0
jps.project.serializers.load.ms,1787283865566000000,1787283925660000000,97
workspaceModel.mutableEntityStorage.remove.entity.ms,1787283865566000000,1787283925660000000,0
writeAction.median.wait.ms,1787283865566000000,1787283925660000000,700
writeAction.count,1787283865566000000,1787283925660000000,14
writeAction.max.wait.ms,1787283865566000000,1787283925660000000,498
lexer.JSON.size.bytes,1787283865566000000,1787283925660000000,472117
parser.JAVA.size.bytes,1787283865566000000,1787283925660000000,1556
lexer.JAVA.time.ns,1787283865566000000,1787283925660000000,5206624
writeAction.wait.ms,1787283865566000000,1787283925660000000,1164
parser.JSON.size.bytes,1787283865566000000,1787283925660000000,472117
parser.yaml.time.ns,1787283865566000000,1787283925660000000,343740193
lexer.yaml.size.bytes,1787283865566000000,1787283925660000000,699
lexer.yaml.time.ns,1787283865566000000,1787283925660000000,12734098
lexer.JAVA.size.bytes,1787283865566000000,1787283925660000000,1556
parser.JSON.time.ns,1787283865566000000,1787283925660000000,767546387
parser.JAVA.time.ns,1787283865566000000,1787283925660000000,141643832
lexer.JSON.time.ns,1787283865566000000,1787283925660000000,120339990
parser.yaml.size.bytes,1787283865566000000,1787283925660000000,699
workspaceModel.loading.total.ms,1787283865566000000,1787283925660000000,443
workspaceModel.to.snapshot.ms,1787283865566000000,1787283925660000000,0
workspaceModel.update.unloaded.entities.ms,1787283865566000000,1787283925660000000,0
workspaceModel.workspaceFileIndexData.getFileInfo.ms,1787283865566000000,1787283925660000000,587
workspaceModel.workspaceFileIndexData.instances.count,1787283865566000000,1787283925660000000,1
workspaceModel.cachedValueWithParameters.total.get.ms,1787283865566000000,1787283925660000000,0
workspaceModel.check.recursive.update.ms,1787283865566000000,1787283925660000000,1
workspaceModel.workspaceFileIndexData.getPackageName.ms,1787283865566000000,1787283925660000000,8
workspaceModel.init.bridges.ms,1787283865566000000,1787283925660000000,2
workspaceModel.workspaceFileIndexData.updateDirtyEntities.ms,1787283865566000000,1787283925660000000,0
workspaceModel.collect.changes.ms,1787283865566000000,1787283925660000000,0
workspaceModel.cachedValueWithParameters.clear.ms,1787283865566000000,1787283925660000000,0
workspaceModel.workspaceFileIndexData.visitFileSets.ms,1787283865566000000,1787283925660000000,1
workspaceModel.cachedValue.total.get.ms,1787283865566000000,1787283925660000000,122
workspaceModel.workspaceFileIndexData.getDirectoriesByPackageName.ms,1787283865566000000,1787283925660000000,102
workspaceModel.workspaceFileIndexData.onEntitiesChanged.ms,1787283865566000000,1787283925660000000,1
workspaceModel.updates.precise.ms,1787283865566000000,1787283925660000000,18
workspaceModel.updates.ms,1787283865566000000,1787283925660000000,100
workspaceModel.loading.from.cache.ms,1787283865566000000,1787283925660000000,419
workspaceModel.workspaceFileIndexContributor.registerFileSets.ms,1787283865566000000,1787283925660000000,163
workspaceModel.workspaceFileIndexData.processFileSets.ms,1787283865566000000,1787283925660000000,0
workspaceModel.workspaceFileIndexData.markDirty.ms,1787283865566000000,1787283925660000000,0
workspaceModel.full.replace.project.model.ms,1787283865566000000,1787283925660000000,7
workspaceModel.initializing.ms,1787283865566000000,1787283925660000000,2
workspaceModel.cachedValueWithParameters.from.cache.ms,1787283865566000000,1787283925660000000,0
workspaceModel.entityStorageSnapshotImpl.instances.count,1787283865566000000,1787283925660000000,19
workspaceModel.updates.count,1787283865566000000,1787283925660000000,3
workspaceModel.cachedValue.clear.ms,1787283865566000000,1787283925660000000,0
workspaceModel.pre.handlers.ms,1787283865566000000,1787283925660000000,1
workspaceModel.cachedValueWithParameters.calculated.ms,1787283865566000000,1787283925660000000,0
workspaceModel.cachedValue.calculated.ms,1787283865566000000,1787283925660000000,121
workspaceModel.cachedValue.from.cache.ms,1787283865566000000,1787283925660000000,1
workspaceModel.workspaceFileIndexData.init.ms,1787283865566000000,1787283925660000000,110
workspaceModel.replace.project.model.ms,1787283865566000000,1787283925660000000,0
MappedFileStorage.totalTimeSpentOnMappingUs,1787283925660000000,1787283985591000000,23466
DirectByteBufferAllocator.reclaimed,1787283925660000000,1787283985591000000,0
FilePageCacheLockFree.totalNativeBytesReclaimed,1787283925660000000,1787283985591000000,0
MappedFileStorage.totalBytesMapped,1787283925660000000,1787283985591000000,202637312
FileChannelInterruptsRetryer.totalRetriedAttempts,1787283925660000000,1787283985591000000,0
FilePageCacheLockFree.heapBytesInUse,1787283925660000000,1787283985591000000,0
FilePageCacheLockFree.nativeBytesInUse,1787283925660000000,1787283985591000000,0
StreamlinedBlobStorage.totalLiveRecordsPayloadBytes,1787283925660000000,1787283985591000000,0
FilePageCacheLockFree.housekeeperTurnsSkipped,1787283925660000000,1787283985591000000,0
FilePageCacheLockFree.totalBytesRead,1787283925660000000,1787283985591000000,0
FilePageCacheLockFree.totalPageAllocationsWaited,1787283925660000000,1787283985591000000,0
FilePageCacheLockFree.totalPagesRequested,1787283925660000000,1787283985591000000,0
DirectByteBufferAllocator.misses,1787283925660000000,1787283985591000000,7
FilePageCacheLockFree.totalPagesHandedOver,1787283925660000000,1787283985591000000,0
FilePageCache.totalPageDisposalsUs,1787283925660000000,1787283985591000000,23
StorageLockContext.competingThreads.90P,1787283925660000000,1787283985591000000,0
FilePageCacheLockFree.totalPagesReadMs,1787283925660000000,1787283985591000000,0
FilePageCache.capacityInBytes,1787283925660000000,1787283985591000000,503316478
StreamlinedBlobStorage.recordsDeleted,1787283925660000000,1787283985591000000,0
FilePageCacheLockFree.totalClosedStoragesReclaimed,1787283925660000000,1787283985591000000,0
DirectByteBufferAllocator.hits,1787283925660000000,1787283985591000000,0
StreamlinedBlobStorage.recordsRelocated,1787283925660000000,1787283985591000000,0
FilePageCacheLockFree.totalPagesWritten,1787283925660000000,1787283985591000000,0
FilePageCacheLockFree.totalBytesRequested,1787283925660000000,1787283985591000000,0
FilePageCache.uncachedFileAccess,1787283925660000000,1787283985591000000,5
FilePageCache.pageLoadsAboveSizeThreshold,1787283925660000000,1787283985591000000,0
DirectByteBufferAllocator.totalSizeOfBuffersCachedInBytes,1787283925660000000,1787283985591000000,0
MappedFileStorage.storages,1787283925660000000,1787283985591000000,16
FilePageCache.totalPageLoadsUs,1787283925660000000,1787283985591000000,26171
FilePageCache.maxRegisteredFiles,1787283925660000000,1787283985591000000,558
FilePageCacheLockFree.housekeeperTurnsDone,1787283925660000000,1787283985591000000,0
FilePageCacheLockFree.totalNativeBytesAllocated,1787283925660000000,1787283985591000000,0
MappedFileStorage.totalPagesMapped,1787283925660000000,1787283985591000000,16
FilePageCache.disposedBuffers,1787283925660000000,1787283985591000000,0
FilePageCacheLockFree.totalHeapBytesReclaimed,1787283925660000000,1787283985591000000,0
DirectByteBufferAllocator.totalSizeOfBuffersAllocatedInBytes,1787283925660000000,1787283985591000000,252723200
DirectByteBufferAllocator.disposed,1787283925660000000,1787283985591000000,0
FilePageCacheLockFree.totalPagesAllocated,1787283925660000000,1787283985591000000,0
StreamlinedBlobStorage.recordsAllocated,1787283925660000000,1787283985591000000,0
FilePageCache.pageLoads,1787283925660000000,1787283985591000000,7
FilePageCacheLockFree.totalPagesRequestsMs,1787283925660000000,1787283985591000000,0
FilePageCacheLockFree.totalBytesWritten,1787283925660000000,1787283985591000000,0
StorageLockContext.competingThreads.max,1787283925660000000,1787283985591000000,0
FilePageCache.pageFastCacheHits,1787283925660000000,1787283985591000000,1348
FilePageCacheLockFree.housekeeperTimeSpentMs,1787283925660000000,1787283985591000000,0
FilePageCacheLockFree.totalPagesWriteMs,1787283925660000000,1787283985591000000,0
FilePageCache.pageHits,1787283925660000000,1787283985591000000,0
StorageLockContext.competingThreads.avg,1787283925660000000,1787283985591000000,0.0
FilePageCacheLockFree.totalPagesReclaimed,1787283925660000000,1787283985591000000,0
StreamlinedBlobStorage.totalLiveRecordsCapacityBytes,1787283925660000000,1787283985591000000,0
FilePageCache.maxCacheSizeInBytes,1787283925660000000,1787283985591000000,252723200
FilePageCacheLockFree.totalHeapBytesAllocated,1787283925660000000,1787283985591000000,0
compiler.ArtifactManagerBridge.initBridges.ms,1787283925660000000,1787283985591000000,0
compiler.ArtifactManagerBridge.commit.ms,1787283925660000000,1787283985591000000,0
compiler.ArtifactVirtualFileListener.propertyChanged.ms,1787283925660000000,1787283985591000000,0
compiler.ArtifactManagerBridge.getArtifactsByType.ms,1787283925660000000,1787283985591000000,0
compiler.ArtifactVirtualFileListener.filePathChanged.ms,1787283925660000000,1787283985591000000,0
compiler.ArtifactManagerBridge.dropMappings.ms,1787283925660000000,1787283985591000000,0
compiler.ArtifactManagerBridge.findArtifact.ms,1787283925660000000,1787283985591000000,0
compiler.ArtifactManagerBridge.addArtifact.ms,1787283925660000000,1787283985591000000,0
compiler.ArtifactManagerBridge.getArtifacts.ms,1787283925660000000,1787283985591000000,0
JVM.newThreadsCount,1787283925660000000,1787283985591000000,1
JVM.usedHeapBytes,1787283925660000000,1787283985591000000,396876208
JVM.maxThreadCount,1787283925660000000,1787283985591000000,170
JVM.maxHeapBytes,1787283925660000000,1787283985591000000,2147483648
JVM.totalCpuTimeMs,1787283925660000000,1787283985591000000,23390
JVM.GC.collections,1787283925660000000,1787283985591000000,4
JVM.usedNativeBytes,1787283925660000000,1787283985591000000,370844696
JVM.totalDirectByteBuffersBytes,1787283925660000000,1787283985591000000,253825887
OS.loadAverage,1787283925660000000,1787283985591000000,3.1318359375
JVM.totalBytesAllocated,1787283925660000000,1787283985591000000,653929552
JVM.threadCount,1787283925660000000,1787283985591000000,60
JVM.GC.collectionTimesMs,1787283925660000000,1787283985591000000,191
Indexes.stubs.lookupDurationAvgMs,1787283925660000000,1787283985591000000,0.0
Indexes.entries.lookupDuration90PMs,1787283925660000000,1787283985591000000,0.0
Indexes.allKeys.lookupDuration90PMs,1787283925660000000,1787283985591000000,0.0
Indexes.stubs.lookupDurationMaxMs,1787283925660000000,1787283985591000000,0.0
Indexes.allKeys.lookupDurationMaxMs,1787283925660000000,1787283985591000000,0.0
Indexes.entries.lookups,1787283925660000000,1787283985591000000,0.0
Indexes.entries.lookupDurationMaxMs,1787283925660000000,1787283985591000000,0.0
Indexes.stubs.lookups,1787283925660000000,1787283985591000000,0.0
Indexes.entries.lookupDurationAvgMs,1787283925660000000,1787283985591000000,0.0
IndexesFlusher.totalFlushesRetried,1787283925660000000,1787283985591000000,0
IndexesFlusher.totalFlushingTimeUs,1787283925660000000,1787283985591000000,214805
Indexes.allKeys.lookups,1787283925660000000,1787283985591000000,0.0
IndexesFlusher.totalFlushes,1787283925660000000,1787283985591000000,180
IndexesFlusher.totalContentionQuotaSpent,1787283925660000000,1787283985591000000,0
Indexes.stubs.lookupDuration90PMs,1787283925660000000,1787283985591000000,0.0
Indexes.allKeys.lookupDurationAvgMs,1787283925660000000,1787283985591000000,0.0
FlushQueue.waitingTimeMaxNs,1787283925660000000,1787283985591000000,0
NonBlockingReadAction.failedExecutionTimeUs,1787283925660000000,1787283985591000000,0
NonBlockingReadAction.finalizedExecutionsCount,1787283925660000000,1787283985591000000,58
AWTEventQueue.dispatchTimeTotalNS,1787283925660000000,1787283985591000000,2214205045
AWTEventQueue.eventsDispatched,1787283925660000000,1787283985591000000,0
FlushQueue.queueSize90P,1787283925660000000,1787283985591000000,0
FlushQueue.tasksExecuted,1787283925660000000,1787283985591000000,0
AWTEventQueue.dispatchTime90PNs,1787283925660000000,1787283985591000000,0
FlushQueue.executionTime90PNs,1787283925660000000,1787283985591000000,0
FlushQueue.queueSizeMax,1787283925660000000,1787283985591000000,0
FlushQueue.queueSizeAvg,1787283925660000000,1787283985591000000,0.0
AWTEventQueue.dispatchTimeMaxNs,1787283925660000000,1787283985591000000,0
AWTEventQueue.dispatchTimeAvgNs,1787283925660000000,1787283985591000000,0.0
FlushQueue.waitingTimeAvgNs,1787283925660000000,1787283985591000000,0.0
NonBlockingReadAction.finalizedExecutionTimeUs,1787283925660000000,1787283985591000000,22962
ReadAction.executionsCount,1787283925660000000,1787283985591000000,28082
FlushQueue.waitingTime90PNs,1787283925660000000,1787283985591000000,0
WriteAction.executionsCount,1787283925660000000,1787283985591000000,0
FlushQueue.executionTimeMaxNs,1787283925660000000,1787283985591000000,0
NonBlockingReadAction.failedExecutionsCount,1787283925660000000,1787283985591000000,0
FlushQueue.executionTimeAvgNs,1787283925660000000,1787283985591000000,0.0
cacheStateStorage.set.counter,1787283925660000000,1787283985591000000,0
cacheStateStorage.get.duration,1787283925660000000,1787283985591000000,1
cacheStateStorage.set.duration,1787283925660000000,1787283985591000000,0
cacheStateStorage.get.counter,1787283925660000000,1787283985591000000,1
VFS.fileByIdCache.misses,1787283925660000000,1787283985591000000,171
VFS.fileByIdCache.hits,1787283925660000000,1787283985591000000,0
VFS.invertedFileNameIndex.requests,1787283925660000000,1787283985591000000,0
VFS.fileChildByName,1787283925660000000,1787283985591000000,2014
FileNameCache.queries,1787283925660000000,1787283985591000000,0
FileNameCache.totalMisses,1787283925660000000,1787283985591000000,0
workspaceModel.moduleManagerBridge.load.all.modules.ms,1787283925660000000,1787283985591000000,0
workspaceModel.moduleBridge.facet.initialization.ms,1787283925660000000,1787283985591000000,0
workspaceModel.moduleManagerBridge.get.modules.ms,1787283925660000000,1787283985591000000,0
jps.load.initial.state.ms,1787283925660000000,1787283985591000000,0
workspaceModel.mutableEntityStorage.add.entity.ms,1787283925660000000,1787283985591000000,0
jps.artifact.entities.serializer.load.entities.ms,1787283925660000000,1787283985591000000,0
jps.save.global.entities.ms,1787283925660000000,1787283985591000000,4
workspaceModel.mutableEntityStorage.collect.changes.ms,1787283925660000000,1787283985591000000,0
workspaceModel.mutableEntityStorage.entities.by.source.ms,1787283925660000000,1787283985591000000,0
jps.global.get.library.ms,1787283925660000000,1787283985591000000,0
jps.facet.change.listener.process.change.events.ms,1787283925660000000,1787283985591000000,0
jps.library.entities.serializer.save.entities.ms,1787283925660000000,1787283985591000000,0
workspaceModel.mutableEntityStorage.mutable.vfurl.index.ms,1787283925660000000,1787283985591000000,0
workspaceModel.global.updates.ms,1787283925660000000,1787283985591000000,0
jps.reload.project.entities.ms,1787283925660000000,1787283985591000000,0
jps.load.project.to.empty.storage.ms,1787283925660000000,1787283985591000000,0
workspaceModel.mutableEntityStorage.to.snapshot.ms,1787283925660000000,1787283985591000000,0
jps.global.initialize.library.bridges.after.loading.ms,1787283925660000000,1787283985591000000,0
workspaceModel.mutableEntityStorage.referrers.ms,1787283925660000000,1787283985591000000,0
workspaceModel.moduleManagerBridge.newModule.ms,1787283925660000000,1787283985591000000,0
workspaceModel.orphan.listener.update.ms,1787283925660000000,1787283985591000000,0
jps.global.handle.changed.events.ms,1787283925660000000,1787283985591000000,0
workspaceModel.mutableEntityStorage.resolve.ms,1787283925660000000,1787283985591000000,0
jps.module.iml.entities.serializer.save.entities.ms,1787283925660000000,1787283985591000000,0
workspaceModel.moduleBridge.update.option.ms,1787283925660000000,1787283985591000000,0
workspaceModel.moduleManagerBridge.set.unloadedModules.ms,1787283925660000000,1787283985591000000,0
workspaceModel.load.cache.from.file.ms,1787283925660000000,1787283985591000000,0
jps.apply.loaded.storage.ms,1787283925660000000,1787283985591000000,0
workspaceModel.global.updates.count,1787283925660000000,1787283985591000000,0
workspaceModel.moduleManagerBridge.new.nonPersistent.module.ms,1787283925660000000,1787283985591000000,0
workspaceModel.global.apply.state.to.project.ms,1787283925660000000,1787283985591000000,0
workspaceModel.mutableEntityStorage.entities.ms,1787283925660000000,1787283985591000000,0
jps.global.initialize.library.bridges.ms,1787283925660000000,1787283985591000000,0
jps.app.storage.content.writer.save.component.ms,1787283925660000000,1787283985591000000,1
jps.global.get.library.by.name.ms,1787283925660000000,1787283985591000000,0
jps.app.storage.content.reader.load.component.ms,1787283925660000000,1787283985591000000,0
workspaceModel.mutableEntityStorage.instances.count,1787283925660000000,1787283985591000000,0
jps.global.get.libraries.ms,1787283925660000000,1787283985591000000,0
jps.module.iml.entities.serializer.load.entities.ms,1787283925660000000,1787283985591000000,0
workspaceModel.moduleBridge.before.changed.ms,1787283925660000000,1787283985591000000,0
jps.facet.change.listener.before.change.events.ms,1787283925660000000,1787283985591000000,0
jps.save.changed.project.entities.ms,1787283925660000000,1787283985591000000,1
jps.library.entities.serializer.load.entities.ms,1787283925660000000,1787283985591000000,0
workspaceModel.mutableEntityStorage.apply.changes.from.ms,1787283925660000000,1787283985591000000,0
workspaceModel.moduleBridgeLoader.loading.modules.ms,1787283925660000000,1787283985591000000,0
jps.facet.change.listener.init.bridge.ms,1787283925660000000,1787283985591000000,0
workspaceModel.save.cache.to.file.ms,1787283925660000000,1787283985591000000,0
workspaceModel.mutableEntityStorage.has.same.entities.ms,1787283925660000000,1787283985591000000,0
jps.storage.jps.conf.reader.load.component.ms,1787283925660000000,1787283985591000000,0
workspaceModel.mutableEntityStorage.replace.by.source.ms,1787283925660000000,1787283985591000000,0
workspaceModel.mutableEntityStorage.put.entity.ms,1787283925660000000,1787283985591000000,0
workspaceModel.sync.entities.ms,1787283925660000000,1787283985591000000,0
workspaceModel.global.apply.state.to.project.builder.ms,1787283925660000000,1787283985591000000,0
workspaceModel.moduleManagerBridge.build.module.graph.ms,1787283925660000000,1787283985591000000,0
workspaceModel.delayed.project.synchronizer.sync.ms,1787283925660000000,1787283985591000000,0
workspaceModel.moduleManagerBridge.create.module.instance.ms,1787283925660000000,1787283985591000000,0
jps.project.serializers.save.ms,1787283925660000000,1787283985591000000,1
workspaceModel.do.save.caches.ms,1787283925660000000,1787283985591000000,0
workspaceModel.moduleManagerBridge.load.module.ms,1787283925660000000,1787283985591000000,0
workspaceModel.mutableEntityStorage.modify.entity.ms,1787283925660000000,1787283985591000000,0
jps.global.handle.before.change.events.ms,1787283925660000000,1787283985591000000,0
workspaceModel.mutableEntityStorage.mutable.ext.mapping.ms,1787283925660000000,1787283985591000000,0
workspaceModel.load.cache.metadata.from.file.ms,1787283925660000000,1787283985591000000,0
jps.artifact.entities.serializer.save.entities.ms,1787283925660000000,1787283985591000000,0
jps.project.serializers.load.ms,1787283925660000000,1787283985591000000,0
workspaceModel.mutableEntityStorage.remove.entity.ms,1787283925660000000,1787283985591000000,0
writeAction.median.wait.ms,1787283925660000000,1787283985591000000,700
writeAction.count,1787283925660000000,1787283985591000000,0
writeAction.max.wait.ms,1787283925660000000,1787283985591000000,498
parser.JAVA.size.bytes,1787283925660000000,1787283985591000000,7074
lexer.JAVA.time.ns,1787283925660000000,1787283985591000000,3210874
writeAction.wait.ms,1787283925660000000,1787283985591000000,0
lexer.JAVA.size.bytes,1787283925660000000,1787283985591000000,7074
parser.JAVA.time.ns,1787283925660000000,1787283985591000000,69925283
workspaceModel.loading.total.ms,1787283925660000000,1787283985591000000,0
workspaceModel.to.snapshot.ms,1787283925660000000,1787283985591000000,0
workspaceModel.update.unloaded.entities.ms,1787283925660000000,1787283985591000000,0
workspaceModel.workspaceFileIndexData.getFileInfo.ms,1787283925660000000,1787283985591000000,18
workspaceModel.workspaceFileIndexData.instances.count,1787283925660000000,1787283985591000000,0
workspaceModel.cachedValueWithParameters.total.get.ms,1787283925660000000,1787283985591000000,0
workspaceModel.check.recursive.update.ms,1787283925660000000,1787283985591000000,0
workspaceModel.workspaceFileIndexData.getPackageName.ms,1787283925660000000,1787283985591000000,6
workspaceModel.init.bridges.ms,1787283925660000000,1787283985591000000,0
workspaceModel.workspaceFileIndexData.updateDirtyEntities.ms,1787283925660000000,1787283985591000000,0
workspaceModel.collect.changes.ms,1787283925660000000,1787283985591000000,0
workspaceModel.cachedValueWithParameters.clear.ms,1787283925660000000,1787283985591000000,0
workspaceModel.workspaceFileIndexData.visitFileSets.ms,1787283925660000000,1787283985591000000,0
workspaceModel.cachedValue.total.get.ms,1787283925660000000,1787283985591000000,0
workspaceModel.workspaceFileIndexData.getDirectoriesByPackageName.ms,1787283925660000000,1787283985591000000,4
workspaceModel.workspaceFileIndexData.onEntitiesChanged.ms,1787283925660000000,1787283985591000000,0
workspaceModel.updates.precise.ms,1787283925660000000,1787283985591000000,0
workspaceModel.updates.ms,1787283925660000000,1787283985591000000,0
workspaceModel.loading.from.cache.ms,1787283925660000000,1787283985591000000,0
workspaceModel.workspaceFileIndexContributor.registerFileSets.ms,1787283925660000000,1787283985591000000,0
workspaceModel.workspaceFileIndexData.processFileSets.ms,1787283925660000000,1787283985591000000,0
workspaceModel.workspaceFileIndexData.markDirty.ms,1787283925660000000,1787283985591000000,0
workspaceModel.full.replace.project.model.ms,1787283925660000000,1787283985591000000,0
workspaceModel.initializing.ms,1787283925660000000,1787283985591000000,0
workspaceModel.cachedValueWithParameters.from.cache.ms,1787283925660000000,1787283985591000000,0
workspaceModel.entityStorageSnapshotImpl.instances.count,1787283925660000000,1787283985591000000,0
workspaceModel.updates.count,1787283925660000000,1787283985591000000,0
workspaceModel.cachedValue.clear.ms,1787283925660000000,1787283985591000000,0
workspaceModel.pre.handlers.ms,1787283925660000000,1787283985591000000,0
workspaceModel.cachedValueWithParameters.calculated.ms,1787283925660000000,1787283985591000000,0
workspaceModel.cachedValue.calculated.ms,1787283925660000000,1787283985591000000,0
workspaceModel.cachedValue.from.cache.ms,1787283925660000000,1787283985591000000,0
workspaceModel.workspaceFileIndexData.init.ms,1787283925660000000,1787283985591000000,0
workspaceModel.replace.project.model.ms,1787283925660000000,1787283985591000000,0
MappedFileStorage.totalTimeSpentOnMappingUs,1787283985591000000,1787284045591000000,23466
DirectByteBufferAllocator.reclaimed,1787283985591000000,1787284045591000000,0
FilePageCacheLockFree.totalNativeBytesReclaimed,1787283985591000000,1787284045591000000,0
MappedFileStorage.totalBytesMapped,1787283985591000000,1787284045591000000,202637312
FileChannelInterruptsRetryer.totalRetriedAttempts,1787283985591000000,1787284045591000000,0
FilePageCacheLockFree.heapBytesInUse,1787283985591000000,1787284045591000000,0
FilePageCacheLockFree.nativeBytesInUse,1787283985591000000,1787284045591000000,0
StreamlinedBlobStorage.totalLiveRecordsPayloadBytes,1787283985591000000,1787284045591000000,0
FilePageCacheLockFree.housekeeperTurnsSkipped,1787283985591000000,1787284045591000000,0
FilePageCacheLockFree.totalBytesRead,1787283985591000000,1787284045591000000,0
FilePageCacheLockFree.totalPageAllocationsWaited,1787283985591000000,1787284045591000000,0
FilePageCacheLockFree.totalPagesRequested,1787283985591000000,1787284045591000000,0
DirectByteBufferAllocator.misses,1787283985591000000,1787284045591000000,10
FilePageCacheLockFree.totalPagesHandedOver,1787283985591000000,1787284045591000000,0
FilePageCache.totalPageDisposalsUs,1787283985591000000,1787284045591000000,28
StorageLockContext.competingThreads.90P,1787283985591000000,1787284045591000000,0
FilePageCacheLockFree.totalPagesReadMs,1787283985591000000,1787284045591000000,0
FilePageCache.capacityInBytes,1787283985591000000,1787284045591000000,503316478
StreamlinedBlobStorage.recordsDeleted,1787283985591000000,1787284045591000000,0
FilePageCacheLockFree.totalClosedStoragesReclaimed,1787283985591000000,1787284045591000000,0
DirectByteBufferAllocator.hits,1787283985591000000,1787284045591000000,0
StreamlinedBlobStorage.recordsRelocated,1787283985591000000,1787284045591000000,0
FilePageCacheLockFree.totalPagesWritten,1787283985591000000,1787284045591000000,0
FilePageCacheLockFree.totalBytesRequested,1787283985591000000,1787284045591000000,0
FilePageCache.uncachedFileAccess,1787283985591000000,1787284045591000000,2
FilePageCache.pageLoadsAboveSizeThreshold,1787283985591000000,1787284045591000000,0
DirectByteBufferAllocator.totalSizeOfBuffersCachedInBytes,1787283985591000000,1787284045591000000,0
MappedFileStorage.storages,1787283985591000000,1787284045591000000,16
FilePageCache.totalPageLoadsUs,1787283985591000000,1787284045591000000,31337
FilePageCache.maxRegisteredFiles,1787283985591000000,1787284045591000000,558
FilePageCacheLockFree.housekeeperTurnsDone,1787283985591000000,1787284045591000000,0
FilePageCacheLockFree.totalNativeBytesAllocated,1787283985591000000,1787284045591000000,0
MappedFileStorage.totalPagesMapped,1787283985591000000,1787284045591000000,16
FilePageCache.disposedBuffers,1787283985591000000,1787284045591000000,0
FilePageCacheLockFree.totalHeapBytesReclaimed,1787283985591000000,1787284045591000000,0
DirectByteBufferAllocator.totalSizeOfBuffersAllocatedInBytes,1787283985591000000,1787284045591000000,263208960
DirectByteBufferAllocator.disposed,1787283985591000000,1787284045591000000,0
FilePageCacheLockFree.totalPagesAllocated,1787283985591000000,1787284045591000000,0
StreamlinedBlobStorage.recordsAllocated,1787283985591000000,1787284045591000000,0
FilePageCache.pageLoads,1787283985591000000,1787284045591000000,10
FilePageCacheLockFree.totalPagesRequestsMs,1787283985591000000,1787284045591000000,0
FilePageCacheLockFree.totalBytesWritten,1787283985591000000,1787284045591000000,0
StorageLockContext.competingThreads.max,1787283985591000000,1787284045591000000,0
FilePageCache.pageFastCacheHits,1787283985591000000,1787284045591000000,727
FilePageCacheLockFree.housekeeperTimeSpentMs,1787283985591000000,1787284045591000000,0
FilePageCacheLockFree.totalPagesWriteMs,1787283985591000000,1787284045591000000,0
FilePageCache.pageHits,1787283985591000000,1787284045591000000,21
StorageLockContext.competingThreads.avg,1787283985591000000,1787284045591000000,0.0
FilePageCacheLockFree.totalPagesReclaimed,1787283985591000000,1787284045591000000,0
StreamlinedBlobStorage.totalLiveRecordsCapacityBytes,1787283985591000000,1787284045591000000,0
FilePageCache.maxCacheSizeInBytes,1787283985591000000,1787284045591000000,263208960
FilePageCacheLockFree.totalHeapBytesAllocated,1787283985591000000,1787284045591000000,0
compiler.ArtifactManagerBridge.initBridges.ms,1787283985591000000,1787284045591000000,0
compiler.ArtifactManagerBridge.commit.ms,1787283985591000000,1787284045591000000,0
compiler.ArtifactVirtualFileListener.propertyChanged.ms,1787283985591000000,1787284045591000000,0
compiler.ArtifactManagerBridge.getArtifactsByType.ms,1787283985591000000,1787284045591000000,0
compiler.ArtifactVirtualFileListener.filePathChanged.ms,1787283985591000000,1787284045591000000,0
compiler.ArtifactManagerBridge.dropMappings.ms,1787283985591000000,1787284045591000000,0
compiler.ArtifactManagerBridge.findArtifact.ms,1787283985591000000,1787284045591000000,0
compiler.ArtifactManagerBridge.addArtifact.ms,1787283985591000000,1787284045591000000,0
compiler.ArtifactManagerBridge.getArtifacts.ms,1787283985591000000,1787284045591000000,0
JVM.newThreadsCount,1787283985591000000,1787284045591000000,3
JVM.usedHeapBytes,1787283985591000000,1787284045591000000,358134408
JVM.maxThreadCount,1787283985591000000,1787284045591000000,170
JVM.maxHeapBytes,1787283985591000000,1787284045591000000,2147483648
JVM.totalCpuTimeMs,1787283985591000000,1787284045591000000,19950
JVM.GC.collections,1787283985591000000,1787284045591000000,2
JVM.usedNativeBytes,1787283985591000000,1787284045591000000,385336752
JVM.totalDirectByteBuffersBytes,1787283985591000000,1787284045591000000,264322589
OS.loadAverage,1787283985591000000,1787284045591000000,2.03564453125
JVM.totalBytesAllocated,1787283985591000000,1787284045591000000,164653640
JVM.threadCount,1787283985591000000,1787284045591000000,58
JVM.GC.collectionTimesMs,1787283985591000000,1787284045591000000,43
Indexes.stubs.lookupDurationAvgMs,1787283985591000000,1787284045591000000,0.0
Indexes.entries.lookupDuration90PMs,1787283985591000000,1787284045591000000,0.0
Indexes.allKeys.lookupDuration90PMs,1787283985591000000,1787284045591000000,0.0
Indexes.stubs.lookupDurationMaxMs,1787283985591000000,1787284045591000000,0.0
Indexes.allKeys.lookupDurationMaxMs,1787283985591000000,1787284045591000000,0.0
Indexes.entries.lookups,1787283985591000000,1787284045591000000,0.0
Indexes.entries.lookupDurationMaxMs,1787283985591000000,1787284045591000000,0.0
Indexes.stubs.lookups,1787283985591000000,1787284045591000000,0.0
Indexes.entries.lookupDurationAvgMs,1787283985591000000,1787284045591000000,0.0
IndexesFlusher.totalFlushesRetried,1787283985591000000,1787284045591000000,0
IndexesFlusher.totalFlushingTimeUs,1787283985591000000,1787284045591000000,254419
Indexes.allKeys.lookups,1787283985591000000,1787284045591000000,0.0
IndexesFlusher.totalFlushes,1787283985591000000,1787284045591000000,178
IndexesFlusher.totalContentionQuotaSpent,1787283985591000000,1787284045591000000,0
Indexes.stubs.lookupDuration90PMs,1787283985591000000,1787284045591000000,0.0
Indexes.allKeys.lookupDurationAvgMs,1787283985591000000,1787284045591000000,0.0
FlushQueue.waitingTimeMaxNs,1787283985591000000,1787284045591000000,0
NonBlockingReadAction.failedExecutionTimeUs,1787283985591000000,1787284045591000000,0
NonBlockingReadAction.finalizedExecutionsCount,1787283985591000000,1787284045591000000,95
AWTEventQueue.dispatchTimeTotalNS,1787283985591000000,1787284045591000000,9050630805
AWTEventQueue.eventsDispatched,1787283985591000000,1787284045591000000,0
FlushQueue.queueSize90P,1787283985591000000,1787284045591000000,0
FlushQueue.tasksExecuted,1787283985591000000,1787284045591000000,0
AWTEventQueue.dispatchTime90PNs,1787283985591000000,1787284045591000000,0
FlushQueue.executionTime90PNs,1787283985591000000,1787284045591000000,0
FlushQueue.queueSizeMax,1787283985591000000,1787284045591000000,0
FlushQueue.queueSizeAvg,1787283985591000000,1787284045591000000,0.0
AWTEventQueue.dispatchTimeMaxNs,1787283985591000000,1787284045591000000,0
AWTEventQueue.dispatchTimeAvgNs,1787283985591000000,1787284045591000000,0.0
FlushQueue.waitingTimeAvgNs,1787283985591000000,1787284045591000000,0.0
NonBlockingReadAction.finalizedExecutionTimeUs,1787283985591000000,1787284045591000000,92563
ReadAction.executionsCount,1787283985591000000,1787284045591000000,42977
FlushQueue.waitingTime90PNs,1787283985591000000,1787284045591000000,0
WriteAction.executionsCount,1787283985591000000,1787284045591000000,7
FlushQueue.executionTimeMaxNs,1787283985591000000,1787284045591000000,0
NonBlockingReadAction.failedExecutionsCount,1787283985591000000,1787284045591000000,0
FlushQueue.executionTimeAvgNs,1787283985591000000,1787284045591000000,0.0
cacheStateStorage.set.counter,1787283985591000000,1787284045591000000,0
cacheStateStorage.get.duration,1787283985591000000,1787284045591000000,0
cacheStateStorage.set.duration,1787283985591000000,1787284045591000000,0
cacheStateStorage.get.counter,1787283985591000000,1787284045591000000,0
VFS.fileByIdCache.misses,1787283985591000000,1787284045591000000,0
VFS.fileByIdCache.hits,1787283985591000000,1787284045591000000,0
VFS.invertedFileNameIndex.requests,1787283985591000000,1787284045591000000,0
VFS.fileChildByName,1787283985591000000,1787284045591000000,4393
FileNameCache.queries,1787283985591000000,1787284045591000000,0
FileNameCache.totalMisses,1787283985591000000,1787284045591000000,0
workspaceModel.moduleManagerBridge.load.all.modules.ms,1787283985591000000,1787284045591000000,0
workspaceModel.moduleBridge.facet.initialization.ms,1787283985591000000,1787284045591000000,0
workspaceModel.moduleManagerBridge.get.modules.ms,1787283985591000000,1787284045591000000,0
jps.load.initial.state.ms,1787283985591000000,1787284045591000000,0
workspaceModel.mutableEntityStorage.add.entity.ms,1787283985591000000,1787284045591000000,0
jps.artifact.entities.serializer.load.entities.ms,1787283985591000000,1787284045591000000,0
jps.save.global.entities.ms,1787283985591000000,1787284045591000000,14
workspaceModel.mutableEntityStorage.collect.changes.ms,1787283985591000000,1787284045591000000,0
workspaceModel.mutableEntityStorage.entities.by.source.ms,1787283985591000000,1787284045591000000,0
jps.global.get.library.ms,1787283985591000000,1787284045591000000,0
jps.facet.change.listener.process.change.events.ms,1787283985591000000,1787284045591000000,0
jps.library.entities.serializer.save.entities.ms,1787283985591000000,1787284045591000000,0
workspaceModel.mutableEntityStorage.mutable.vfurl.index.ms,1787283985591000000,1787284045591000000,0
workspaceModel.global.updates.ms,1787283985591000000,1787284045591000000,0
jps.reload.project.entities.ms,1787283985591000000,1787284045591000000,0
jps.load.project.to.empty.storage.ms,1787283985591000000,1787284045591000000,0
workspaceModel.mutableEntityStorage.to.snapshot.ms,1787283985591000000,1787284045591000000,0
jps.global.initialize.library.bridges.after.loading.ms,1787283985591000000,1787284045591000000,0
workspaceModel.mutableEntityStorage.referrers.ms,1787283985591000000,1787284045591000000,0
workspaceModel.moduleManagerBridge.newModule.ms,1787283985591000000,1787284045591000000,0
workspaceModel.orphan.listener.update.ms,1787283985591000000,1787284045591000000,0
jps.global.handle.changed.events.ms,1787283985591000000,1787284045591000000,0
workspaceModel.mutableEntityStorage.resolve.ms,1787283985591000000,1787284045591000000,0
jps.module.iml.entities.serializer.save.entities.ms,1787283985591000000,1787284045591000000,0
workspaceModel.moduleBridge.update.option.ms,1787283985591000000,1787284045591000000,0
workspaceModel.moduleManagerBridge.set.unloadedModules.ms,1787283985591000000,1787284045591000000,0
workspaceModel.load.cache.from.file.ms,1787283985591000000,1787284045591000000,0
jps.apply.loaded.storage.ms,1787283985591000000,1787284045591000000,0
workspaceModel.global.updates.count,1787283985591000000,1787284045591000000,0
workspaceModel.moduleManagerBridge.new.nonPersistent.module.ms,1787283985591000000,1787284045591000000,0
workspaceModel.global.apply.state.to.project.ms,1787283985591000000,1787284045591000000,0
workspaceModel.mutableEntityStorage.entities.ms,1787283985591000000,1787284045591000000,0
jps.global.initialize.library.bridges.ms,1787283985591000000,1787284045591000000,0
jps.app.storage.content.writer.save.component.ms,1787283985591000000,1787284045591000000,2
jps.global.get.library.by.name.ms,1787283985591000000,1787284045591000000,0
jps.app.storage.content.reader.load.component.ms,1787283985591000000,1787284045591000000,0
workspaceModel.mutableEntityStorage.instances.count,1787283985591000000,1787284045591000000,0
jps.global.get.libraries.ms,1787283985591000000,1787284045591000000,0
jps.module.iml.entities.serializer.load.entities.ms,1787283985591000000,1787284045591000000,0
workspaceModel.moduleBridge.before.changed.ms,1787283985591000000,1787284045591000000,0
jps.facet.change.listener.before.change.events.ms,1787283985591000000,1787284045591000000,0
jps.save.changed.project.entities.ms,1787283985591000000,1787284045591000000,3
jps.library.entities.serializer.load.entities.ms,1787283985591000000,1787284045591000000,0
workspaceModel.mutableEntityStorage.apply.changes.from.ms,1787283985591000000,1787284045591000000,0
workspaceModel.moduleBridgeLoader.loading.modules.ms,1787283985591000000,1787284045591000000,0
jps.facet.change.listener.init.bridge.ms,1787283985591000000,1787284045591000000,0
workspaceModel.save.cache.to.file.ms,1787283985591000000,1787284045591000000,0
workspaceModel.mutableEntityStorage.has.same.entities.ms,1787283985591000000,1787284045591000000,0
jps.storage.jps.conf.reader.load.component.ms,1787283985591000000,1787284045591000000,0
workspaceModel.mutableEntityStorage.replace.by.source.ms,1787283985591000000,1787284045591000000,0
workspaceModel.mutableEntityStorage.put.entity.ms,1787283985591000000,1787284045591000000,0
workspaceModel.sync.entities.ms,1787283985591000000,1787284045591000000,0
workspaceModel.global.apply.state.to.project.builder.ms,1787283985591000000,1787284045591000000,0
workspaceModel.moduleManagerBridge.build.module.graph.ms,1787283985591000000,1787284045591000000,0
workspaceModel.delayed.project.synchronizer.sync.ms,1787283985591000000,1787284045591000000,0
workspaceModel.moduleManagerBridge.create.module.instance.ms,1787283985591000000,1787284045591000000,0
jps.project.serializers.save.ms,1787283985591000000,1787284045591000000,2
workspaceModel.do.save.caches.ms,1787283985591000000,1787284045591000000,0
workspaceModel.moduleManagerBridge.load.module.ms,1787283985591000000,1787284045591000000,0
workspaceModel.mutableEntityStorage.modify.entity.ms,1787283985591000000,1787284045591000000,0
jps.global.handle.before.change.events.ms,1787283985591000000,1787284045591000000,0
workspaceModel.mutableEntityStorage.mutable.ext.mapping.ms,1787283985591000000,1787284045591000000,0
workspaceModel.load.cache.metadata.from.file.ms,1787283985591000000,1787284045591000000,0
jps.artifact.entities.serializer.save.entities.ms,1787283985591000000,1787284045591000000,0
jps.project.serializers.load.ms,1787283985591000000,1787284045591000000,0
workspaceModel.mutableEntityStorage.remove.entity.ms,1787283985591000000,1787284045591000000,0
writeAction.median.wait.ms,1787283985591000000,1787284045591000000,900
writeAction.count,1787283985591000000,1787284045591000000,7
writeAction.max.wait.ms,1787283985591000000,1787284045591000000,498
parser.textmate.size.bytes,1787283985591000000,1787284045591000000,1145
lexer.textmate.time.ns,1787283985591000000,1787284045591000000,26240
lexer.textmate.size.bytes,1787283985591000000,1787284045591000000,1145
writeAction.wait.ms,1787283985591000000,1787284045591000000,127
parser.yaml.time.ns,1787283985591000000,1787284045591000000,515854
lexer.yaml.size.bytes,1787283985591000000,1787284045591000000,74
lexer.yaml.time.ns,1787283985591000000,1787284045591000000,219282
parser.textmate.time.ns,1787283985591000000,1787284045591000000,353133
parser.yaml.size.bytes,1787283985591000000,1787284045591000000,74
workspaceModel.loading.total.ms,1787283985591000000,1787284045591000000,0
workspaceModel.to.snapshot.ms,1787283985591000000,1787284045591000000,0
workspaceModel.update.unloaded.entities.ms,1787283985591000000,1787284045591000000,0
workspaceModel.workspaceFileIndexData.getFileInfo.ms,1787283985591000000,1787284045591000000,6
workspaceModel.workspaceFileIndexData.instances.count,1787283985591000000,1787284045591000000,0
workspaceModel.cachedValueWithParameters.total.get.ms,1787283985591000000,1787284045591000000,0
workspaceModel.check.recursive.update.ms,1787283985591000000,1787284045591000000,0
workspaceModel.workspaceFileIndexData.getPackageName.ms,1787283985591000000,1787284045591000000,0
workspaceModel.init.bridges.ms,1787283985591000000,1787284045591000000,0
workspaceModel.workspaceFileIndexData.updateDirtyEntities.ms,1787283985591000000,1787284045591000000,0
workspaceModel.collect.changes.ms,1787283985591000000,1787284045591000000,0
workspaceModel.cachedValueWithParameters.clear.ms,1787283985591000000,1787284045591000000,0
workspaceModel.workspaceFileIndexData.visitFileSets.ms,1787283985591000000,1787284045591000000,0
workspaceModel.cachedValue.total.get.ms,1787283985591000000,1787284045591000000,1
workspaceModel.workspaceFileIndexData.getDirectoriesByPackageName.ms,1787283985591000000,1787284045591000000,0
workspaceModel.workspaceFileIndexData.onEntitiesChanged.ms,1787283985591000000,1787284045591000000,0
workspaceModel.updates.precise.ms,1787283985591000000,1787284045591000000,0
workspaceModel.updates.ms,1787283985591000000,1787284045591000000,0
workspaceModel.loading.from.cache.ms,1787283985591000000,1787284045591000000,0
workspaceModel.workspaceFileIndexContributor.registerFileSets.ms,1787283985591000000,1787284045591000000,0
workspaceModel.workspaceFileIndexData.processFileSets.ms,1787283985591000000,1787284045591000000,0
workspaceModel.workspaceFileIndexData.markDirty.ms,1787283985591000000,1787284045591000000,0
workspaceModel.full.replace.project.model.ms,1787283985591000000,1787284045591000000,0
workspaceModel.initializing.ms,1787283985591000000,1787284045591000000,0
workspaceModel.cachedValueWithParameters.from.cache.ms,1787283985591000000,1787284045591000000,0
workspaceModel.entityStorageSnapshotImpl.instances.count,1787283985591000000,1787284045591000000,0
workspaceModel.updates.count,1787283985591000000,1787284045591000000,0
workspaceModel.cachedValue.clear.ms,1787283985591000000,1787284045591000000,0
workspaceModel.pre.handlers.ms,1787283985591000000,1787284045591000000,0
workspaceModel.cachedValueWithParameters.calculated.ms,1787283985591000000,1787284045591000000,0
workspaceModel.cachedValue.calculated.ms,1787283985591000000,1787284045591000000,0
workspaceModel.cachedValue.from.cache.ms,1787283985591000000,1787284045591000000,1
workspaceModel.workspaceFileIndexData.init.ms,1787283985591000000,1787284045591000000,0
workspaceModel.replace.project.model.ms,1787283985591000000,1787284045591000000,0
MappedFileStorage.totalTimeSpentOnMappingUs,1787284045591000000,1787284105583000000,23466
DirectByteBufferAllocator.reclaimed,1787284045591000000,1787284105583000000,0
FilePageCacheLockFree.totalNativeBytesReclaimed,1787284045591000000,1787284105583000000,0
MappedFileStorage.totalBytesMapped,1787284045591000000,1787284105583000000,202637312
FileChannelInterruptsRetryer.totalRetriedAttempts,1787284045591000000,1787284105583000000,0
FilePageCacheLockFree.heapBytesInUse,1787284045591000000,1787284105583000000,0
FilePageCacheLockFree.nativeBytesInUse,1787284045591000000,1787284105583000000,0
StreamlinedBlobStorage.totalLiveRecordsPayloadBytes,1787284045591000000,1787284105583000000,-1
FilePageCacheLockFree.housekeeperTurnsSkipped,1787284045591000000,1787284105583000000,0
FilePageCacheLockFree.totalBytesRead,1787284045591000000,1787284105583000000,0
FilePageCacheLockFree.totalPageAllocationsWaited,1787284045591000000,1787284105583000000,0
FilePageCacheLockFree.totalPagesRequested,1787284045591000000,1787284105583000000,0
DirectByteBufferAllocator.misses,1787284045591000000,1787284105583000000,12
FilePageCacheLockFree.totalPagesHandedOver,1787284045591000000,1787284105583000000,0
FilePageCache.totalPageDisposalsUs,1787284045591000000,1787284105583000000,22
StorageLockContext.competingThreads.90P,1787284045591000000,1787284105583000000,0
FilePageCacheLockFree.totalPagesReadMs,1787284045591000000,1787284105583000000,0
FilePageCache.capacityInBytes,1787284045591000000,1787284105583000000,503316478
StreamlinedBlobStorage.recordsDeleted,1787284045591000000,1787284105583000000,0
FilePageCacheLockFree.totalClosedStoragesReclaimed,1787284045591000000,1787284105583000000,0
DirectByteBufferAllocator.hits,1787284045591000000,1787284105583000000,0
StreamlinedBlobStorage.recordsRelocated,1787284045591000000,1787284105583000000,0
FilePageCacheLockFree.totalPagesWritten,1787284045591000000,1787284105583000000,0
FilePageCacheLockFree.totalBytesRequested,1787284045591000000,1787284105583000000,0
FilePageCache.uncachedFileAccess,1787284045591000000,1787284105583000000,23
FilePageCache.pageLoadsAboveSizeThreshold,1787284045591000000,1787284105583000000,0
DirectByteBufferAllocator.totalSizeOfBuffersCachedInBytes,1787284045591000000,1787284105583000000,0
MappedFileStorage.storages,1787284045591000000,1787284105583000000,16
FilePageCache.totalPageLoadsUs,1787284045591000000,1787284105583000000,34053
FilePageCache.maxRegisteredFiles,1787284045591000000,1787284105583000000,558
FilePageCacheLockFree.housekeeperTurnsDone,1787284045591000000,1787284105583000000,0
FilePageCacheLockFree.totalNativeBytesAllocated,1787284045591000000,1787284105583000000,0
MappedFileStorage.totalPagesMapped,1787284045591000000,1787284105583000000,16
FilePageCache.disposedBuffers,1787284045591000000,1787284105583000000,0
FilePageCacheLockFree.totalHeapBytesReclaimed,1787284045591000000,1787284105583000000,0
DirectByteBufferAllocator.totalSizeOfBuffersAllocatedInBytes,1787284045591000000,1787284105583000000,275791872
DirectByteBufferAllocator.disposed,1787284045591000000,1787284105583000000,0
FilePageCacheLockFree.totalPagesAllocated,1787284045591000000,1787284105583000000,0
StreamlinedBlobStorage.recordsAllocated,1787284045591000000,1787284105583000000,0
FilePageCache.pageLoads,1787284045591000000,1787284105583000000,12
FilePageCacheLockFree.totalPagesRequestsMs,1787284045591000000,1787284105583000000,0
FilePageCacheLockFree.totalBytesWritten,1787284045591000000,1787284105583000000,0
StorageLockContext.competingThreads.max,1787284045591000000,1787284105583000000,0
FilePageCache.pageFastCacheHits,1787284045591000000,1787284105583000000,2085
FilePageCacheLockFree.housekeeperTimeSpentMs,1787284045591000000,1787284105583000000,0
FilePageCacheLockFree.totalPagesWriteMs,1787284045591000000,1787284105583000000,0
FilePageCache.pageHits,1787284045591000000,1787284105583000000,66
StorageLockContext.competingThreads.avg,1787284045591000000,1787284105583000000,0.0
FilePageCacheLockFree.totalPagesReclaimed,1787284045591000000,1787284105583000000,0
StreamlinedBlobStorage.totalLiveRecordsCapacityBytes,1787284045591000000,1787284105583000000,0
FilePageCache.maxCacheSizeInBytes,1787284045591000000,1787284105583000000,275791872
FilePageCacheLockFree.totalHeapBytesAllocated,1787284045591000000,1787284105583000000,0
compiler.ArtifactManagerBridge.initBridges.ms,1787284045591000000,1787284105583000000,0
compiler.ArtifactManagerBridge.commit.ms,1787284045591000000,1787284105583000000,0
compiler.ArtifactVirtualFileListener.propertyChanged.ms,1787284045591000000,1787284105583000000,0
compiler.ArtifactManagerBridge.getArtifactsByType.ms,1787284045591000000,1787284105583000000,0
compiler.ArtifactVirtualFileListener.filePathChanged.ms,1787284045591000000,1787284105583000000,0
compiler.ArtifactManagerBridge.dropMappings.ms,1787284045591000000,1787284105583000000,0
compiler.ArtifactManagerBridge.findArtifact.ms,1787284045591000000,1787284105583000000,0
compiler.ArtifactManagerBridge.addArtifact.ms,1787284045591000000,1787284105583000000,0
compiler.ArtifactManagerBridge.getArtifacts.ms,1787284045591000000,1787284105583000000,0
JVM.newThreadsCount,1787284045591000000,1787284105583000000,1
JVM.usedHeapBytes,1787284045591000000,1787284105583000000,421942968
JVM.maxThreadCount,1787284045591000000,1787284105583000000,170
JVM.maxHeapBytes,1787284045591000000,1787284105583000000,2147483648
JVM.totalCpuTimeMs,1787284045591000000,1787284105583000000,21150
JVM.GC.collections,1787284045591000000,1787284105583000000,1
JVM.usedNativeBytes,1787284045591000000,1787284105583000000,406402816
JVM.totalDirectByteBuffersBytes,1787284045591000000,1787284105583000000,276490945
OS.loadAverage,1787284045591000000,1787284105583000000,2.1103515625
JVM.totalBytesAllocated,1787284045591000000,1787284105583000000,250310760
JVM.threadCount,1787284045591000000,1787284105583000000,55
JVM.GC.collectionTimesMs,1787284045591000000,1787284105583000000,8
Indexes.stubs.lookupDurationAvgMs,1787284045591000000,1787284105583000000,0.0
Indexes.entries.lookupDuration90PMs,1787284045591000000,1787284105583000000,0.0
Indexes.allKeys.lookupDuration90PMs,1787284045591000000,1787284105583000000,0.0
Indexes.stubs.lookupDurationMaxMs,1787284045591000000,1787284105583000000,0.0
Indexes.allKeys.lookupDurationMaxMs,1787284045591000000,1787284105583000000,0.0
Indexes.entries.lookups,1787284045591000000,1787284105583000000,0.0
Indexes.entries.lookupDurationMaxMs,1787284045591000000,1787284105583000000,0.0
Indexes.stubs.lookups,1787284045591000000,1787284105583000000,0.0
Indexes.entries.lookupDurationAvgMs,1787284045591000000,1787284105583000000,0.0
IndexesFlusher.totalFlushesRetried,1787284045591000000,1787284105583000000,0
IndexesFlusher.totalFlushingTimeUs,1787284045591000000,1787284105583000000,228055
Indexes.allKeys.lookups,1787284045591000000,1787284105583000000,0.0
IndexesFlusher.totalFlushes,1787284045591000000,1787284105583000000,179
IndexesFlusher.totalContentionQuotaSpent,1787284045591000000,1787284105583000000,0
Indexes.stubs.lookupDuration90PMs,1787284045591000000,1787284105583000000,0.0
Indexes.allKeys.lookupDurationAvgMs,1787284045591000000,1787284105583000000,0.0
FlushQueue.waitingTimeMaxNs,1787284045591000000,1787284105583000000,0
NonBlockingReadAction.failedExecutionTimeUs,1787284045591000000,1787284105583000000,0
NonBlockingReadAction.finalizedExecutionsCount,1787284045591000000,1787284105583000000,64
AWTEventQueue.dispatchTimeTotalNS,1787284045591000000,1787284105583000000,3793153314
AWTEventQueue.eventsDispatched,1787284045591000000,1787284105583000000,0
FlushQueue.queueSize90P,1787284045591000000,1787284105583000000,0
FlushQueue.tasksExecuted,1787284045591000000,1787284105583000000,0
AWTEventQueue.dispatchTime90PNs,1787284045591000000,1787284105583000000,0
FlushQueue.executionTime90PNs,1787284045591000000,1787284105583000000,0
FlushQueue.queueSizeMax,1787284045591000000,1787284105583000000,0
FlushQueue.queueSizeAvg,1787284045591000000,1787284105583000000,0.0
AWTEventQueue.dispatchTimeMaxNs,1787284045591000000,1787284105583000000,0
AWTEventQueue.dispatchTimeAvgNs,1787284045591000000,1787284105583000000,0.0
FlushQueue.waitingTimeAvgNs,1787284045591000000,1787284105583000000,0.0
NonBlockingReadAction.finalizedExecutionTimeUs,1787284045591000000,1787284105583000000,62848
ReadAction.executionsCount,1787284045591000000,1787284105583000000,30305
FlushQueue.waitingTime90PNs,1787284045591000000,1787284105583000000,0
WriteAction.executionsCount,1787284045591000000,1787284105583000000,1
FlushQueue.executionTimeMaxNs,1787284045591000000,1787284105583000000,0
NonBlockingReadAction.failedExecutionsCount,1787284045591000000,1787284105583000000,0
FlushQueue.executionTimeAvgNs,1787284045591000000,1787284105583000000,0.0
cacheStateStorage.set.counter,1787284045591000000,1787284105583000000,0
cacheStateStorage.get.duration,1787284045591000000,1787284105583000000,0
cacheStateStorage.set.duration,1787284045591000000,1787284105583000000,0
cacheStateStorage.get.counter,1787284045591000000,1787284105583000000,0
VFS.fileByIdCache.misses,1787284045591000000,1787284105583000000,89
VFS.fileByIdCache.hits,1787284045591000000,1787284105583000000,0
VFS.invertedFileNameIndex.requests,1787284045591000000,1787284105583000000,0
VFS.fileChildByName,1787284045591000000,1787284105583000000,5427
FileNameCache.queries,1787284045591000000,1787284105583000000,0
FileNameCache.totalMisses,1787284045591000000,1787284105583000000,0
workspaceModel.moduleManagerBridge.load.all.modules.ms,1787284045591000000,1787284105583000000,0
workspaceModel.moduleBridge.facet.initialization.ms,1787284045591000000,1787284105583000000,0
workspaceModel.moduleManagerBridge.get.modules.ms,1787284045591000000,1787284105583000000,0
jps.load.initial.state.ms,1787284045591000000,1787284105583000000,0
workspaceModel.mutableEntityStorage.add.entity.ms,1787284045591000000,1787284105583000000,0
jps.artifact.entities.serializer.load.entities.ms,1787284045591000000,1787284105583000000,0
jps.save.global.entities.ms,1787284045591000000,1787284105583000000,0
workspaceModel.mutableEntityStorage.collect.changes.ms,1787284045591000000,1787284105583000000,0
workspaceModel.mutableEntityStorage.entities.by.source.ms,1787284045591000000,1787284105583000000,0
jps.global.get.library.ms,1787284045591000000,1787284105583000000,0
jps.facet.change.listener.process.change.events.ms,1787284045591000000,1787284105583000000,0
jps.library.entities.serializer.save.entities.ms,1787284045591000000,1787284105583000000,0
workspaceModel.mutableEntityStorage.mutable.vfurl.index.ms,1787284045591000000,1787284105583000000,0
workspaceModel.global.updates.ms,1787284045591000000,1787284105583000000,0
jps.reload.project.entities.ms,1787284045591000000,1787284105583000000,0
jps.load.project.to.empty.storage.ms,1787284045591000000,1787284105583000000,0
workspaceModel.mutableEntityStorage.to.snapshot.ms,1787284045591000000,1787284105583000000,0
jps.global.initialize.library.bridges.after.loading.ms,1787284045591000000,1787284105583000000,0
workspaceModel.mutableEntityStorage.referrers.ms,1787284045591000000,1787284105583000000,0
workspaceModel.moduleManagerBridge.newModule.ms,1787284045591000000,1787284105583000000,0
workspaceModel.orphan.listener.update.ms,1787284045591000000,1787284105583000000,0
jps.global.handle.changed.events.ms,1787284045591000000,1787284105583000000,0
workspaceModel.mutableEntityStorage.resolve.ms,1787284045591000000,1787284105583000000,0
jps.module.iml.entities.serializer.save.entities.ms,1787284045591000000,1787284105583000000,0
workspaceModel.moduleBridge.update.option.ms,1787284045591000000,1787284105583000000,0
workspaceModel.moduleManagerBridge.set.unloadedModules.ms,1787284045591000000,1787284105583000000,0
workspaceModel.load.cache.from.file.ms,1787284045591000000,1787284105583000000,0
jps.apply.loaded.storage.ms,1787284045591000000,1787284105583000000,0
workspaceModel.global.updates.count,1787284045591000000,1787284105583000000,0
workspaceModel.moduleManagerBridge.new.nonPersistent.module.ms,1787284045591000000,1787284105583000000,0
workspaceModel.global.apply.state.to.project.ms,1787284045591000000,1787284105583000000,0
workspaceModel.mutableEntityStorage.entities.ms,1787284045591000000,1787284105583000000,0
jps.global.initialize.library.bridges.ms,1787284045591000000,1787284105583000000,0
jps.app.storage.content.writer.save.component.ms,1787284045591000000,1787284105583000000,0
jps.global.get.library.by.name.ms,1787284045591000000,1787284105583000000,0
jps.app.storage.content.reader.load.component.ms,1787284045591000000,1787284105583000000,0
workspaceModel.mutableEntityStorage.instances.count,1787284045591000000,1787284105583000000,0
jps.global.get.libraries.ms,1787284045591000000,1787284105583000000,0
jps.module.iml.entities.serializer.load.entities.ms,1787284045591000000,1787284105583000000,0
workspaceModel.moduleBridge.before.changed.ms,1787284045591000000,1787284105583000000,0
jps.facet.change.listener.before.change.events.ms,1787284045591000000,1787284105583000000,0
jps.save.changed.project.entities.ms,1787284045591000000,1787284105583000000,0
jps.library.entities.serializer.load.entities.ms,1787284045591000000,1787284105583000000,0
workspaceModel.mutableEntityStorage.apply.changes.from.ms,1787284045591000000,1787284105583000000,0
workspaceModel.moduleBridgeLoader.loading.modules.ms,1787284045591000000,1787284105583000000,0
jps.facet.change.listener.init.bridge.ms,1787284045591000000,1787284105583000000,0
workspaceModel.save.cache.to.file.ms,1787284045591000000,1787284105583000000,0
workspaceModel.mutableEntityStorage.has.same.entities.ms,1787284045591000000,1787284105583000000,0
jps.storage.jps.conf.reader.load.component.ms,1787284045591000000,1787284105583000000,0
workspaceModel.mutableEntityStorage.replace.by.source.ms,1787284045591000000,1787284105583000000,0
workspaceModel.mutableEntityStorage.put.entity.ms,1787284045591000000,1787284105583000000,0
workspaceModel.sync.entities.ms,1787284045591000000,1787284105583000000,0
workspaceModel.global.apply.state.to.project.builder.ms,1787284045591000000,1787284105583000000,0
workspaceModel.moduleManagerBridge.build.module.graph.ms,1787284045591000000,1787284105583000000,0
workspaceModel.delayed.project.synchronizer.sync.ms,1787284045591000000,1787284105583000000,0
workspaceModel.moduleManagerBridge.create.module.instance.ms,1787284045591000000,1787284105583000000,0
jps.project.serializers.save.ms,1787284045591000000,1787284105583000000,0
workspaceModel.do.save.caches.ms,1787284045591000000,1787284105583000000,0
workspaceModel.moduleManagerBridge.load.module.ms,1787284045591000000,1787284105583000000,0
workspaceModel.mutableEntityStorage.modify.entity.ms,1787284045591000000,1787284105583000000,0
jps.global.handle.before.change.events.ms,1787284045591000000,1787284105583000000,0
workspaceModel.mutableEntityStorage.mutable.ext.mapping.ms,1787284045591000000,1787284105583000000,0
workspaceModel.load.cache.metadata.from.file.ms,1787284045591000000,1787284105583000000,0
jps.artifact.entities.serializer.save.entities.ms,1787284045591000000,1787284105583000000,0
jps.project.serializers.load.ms,1787284045591000000,1787284105583000000,0
workspaceModel.mutableEntityStorage.remove.entity.ms,1787284045591000000,1787284105583000000,0
writeAction.median.wait.ms,1787284045591000000,1787284105583000000,900
writeAction.count,1787284045591000000,1787284105583000000,1
writeAction.max.wait.ms,1787284045591000000,1787284105583000000,498
parser.JAVA.size.bytes,1787284045591000000,1787284105583000000,6098
lexer.JAVA.time.ns,1787284045591000000,1787284105583000000,843107
writeAction.wait.ms,1787284045591000000,1787284105583000000,0
lexer.JAVA.size.bytes,1787284045591000000,1787284105583000000,6098
parser.JAVA.time.ns,1787284045591000000,1787284105583000000,7308903
workspaceModel.loading.total.ms,1787284045591000000,1787284105583000000,0
workspaceModel.to.snapshot.ms,1787284045591000000,1787284105583000000,0
workspaceModel.update.unloaded.entities.ms,1787284045591000000,1787284105583000000,0
workspaceModel.workspaceFileIndexData.getFileInfo.ms,1787284045591000000,1787284105583000000,15
workspaceModel.workspaceFileIndexData.instances.count,1787284045591000000,1787284105583000000,0
workspaceModel.cachedValueWithParameters.total.get.ms,1787284045591000000,1787284105583000000,0
workspaceModel.check.recursive.update.ms,1787284045591000000,1787284105583000000,0
workspaceModel.workspaceFileIndexData.getPackageName.ms,1787284045591000000,1787284105583000000,1
workspaceModel.init.bridges.ms,1787284045591000000,1787284105583000000,0
workspaceModel.workspaceFileIndexData.updateDirtyEntities.ms,1787284045591000000,1787284105583000000,1
workspaceModel.collect.changes.ms,1787284045591000000,1787284105583000000,0
workspaceModel.cachedValueWithParameters.clear.ms,1787284045591000000,1787284105583000000,0
workspaceModel.workspaceFileIndexData.visitFileSets.ms,1787284045591000000,1787284105583000000,0
workspaceModel.cachedValue.total.get.ms,1787284045591000000,1787284105583000000,1
workspaceModel.workspaceFileIndexData.getDirectoriesByPackageName.ms,1787284045591000000,1787284105583000000,0
workspaceModel.workspaceFileIndexData.onEntitiesChanged.ms,1787284045591000000,1787284105583000000,0
workspaceModel.updates.precise.ms,1787284045591000000,1787284105583000000,0
workspaceModel.updates.ms,1787284045591000000,1787284105583000000,0
workspaceModel.loading.from.cache.ms,1787284045591000000,1787284105583000000,0
workspaceModel.workspaceFileIndexContributor.registerFileSets.ms,1787284045591000000,1787284105583000000,3
workspaceModel.workspaceFileIndexData.processFileSets.ms,1787284045591000000,1787284105583000000,0
workspaceModel.workspaceFileIndexData.markDirty.ms,1787284045591000000,1787284105583000000,0
workspaceModel.full.replace.project.model.ms,1787284045591000000,1787284105583000000,0
workspaceModel.initializing.ms,1787284045591000000,1787284105583000000,0
workspaceModel.cachedValueWithParameters.from.cache.ms,1787284045591000000,1787284105583000000,0
workspaceModel.entityStorageSnapshotImpl.instances.count,1787284045591000000,1787284105583000000,0
workspaceModel.updates.count,1787284045591000000,1787284105583000000,0
workspaceModel.cachedValue.clear.ms,1787284045591000000,1787284105583000000,0
workspaceModel.pre.handlers.ms,1787284045591000000,1787284105583000000,0
workspaceModel.cachedValueWithParameters.calculated.ms,1787284045591000000,1787284105583000000,0
workspaceModel.cachedValue.calculated.ms,1787284045591000000,1787284105583000000,0
workspaceModel.cachedValue.from.cache.ms,1787284045591000000,1787284105583000000,1
workspaceModel.workspaceFileIndexData.init.ms,1787284045591000000,1787284105583000000,0
workspaceModel.replace.project.model.ms,1787284045591000000,1787284105583000000,0
MappedFileStorage.totalTimeSpentOnMappingUs,1787284105583000000,1787284165587000000,23466
DirectByteBufferAllocator.reclaimed,1787284105583000000,1787284165587000000,0
FilePageCacheLockFree.totalNativeBytesReclaimed,1787284105583000000,1787284165587000000,0
MappedFileStorage.totalBytesMapped,1787284105583000000,1787284165587000000,202637312
FileChannelInterruptsRetryer.totalRetriedAttempts,1787284105583000000,1787284165587000000,0
FilePageCacheLockFree.heapBytesInUse,1787284105583000000,1787284165587000000,0
FilePageCacheLockFree.nativeBytesInUse,1787284105583000000,1787284165587000000,0
StreamlinedBlobStorage.totalLiveRecordsPayloadBytes,1787284105583000000,1787284165587000000,7
FilePageCacheLockFree.housekeeperTurnsSkipped,1787284105583000000,1787284165587000000,0
FilePageCacheLockFree.totalBytesRead,1787284105583000000,1787284165587000000,0
FilePageCacheLockFree.totalPageAllocationsWaited,1787284105583000000,1787284165587000000,0
FilePageCacheLockFree.totalPagesRequested,1787284105583000000,1787284165587000000,0
DirectByteBufferAllocator.misses,1787284105583000000,1787284165587000000,0
FilePageCacheLockFree.totalPagesHandedOver,1787284105583000000,1787284165587000000,0
FilePageCache.totalPageDisposalsUs,1787284105583000000,1787284165587000000,0
StorageLockContext.competingThreads.90P,1787284105583000000,1787284165587000000,0
FilePageCacheLockFree.totalPagesReadMs,1787284105583000000,1787284165587000000,0
FilePageCache.capacityInBytes,1787284105583000000,1787284165587000000,503316478
StreamlinedBlobStorage.recordsDeleted,1787284105583000000,1787284165587000000,0
FilePageCacheLockFree.totalClosedStoragesReclaimed,1787284105583000000,1787284165587000000,0
DirectByteBufferAllocator.hits,1787284105583000000,1787284165587000000,0
StreamlinedBlobStorage.recordsRelocated,1787284105583000000,1787284165587000000,0
FilePageCacheLockFree.totalPagesWritten,1787284105583000000,1787284165587000000,0
FilePageCacheLockFree.totalBytesRequested,1787284105583000000,1787284165587000000,0
FilePageCache.uncachedFileAccess,1787284105583000000,1787284165587000000,23
FilePageCache.pageLoadsAboveSizeThreshold,1787284105583000000,1787284165587000000,0
DirectByteBufferAllocator.totalSizeOfBuffersCachedInBytes,1787284105583000000,1787284165587000000,0
MappedFileStorage.storages,1787284105583000000,1787284165587000000,16
FilePageCache.totalPageLoadsUs,1787284105583000000,1787284165587000000,0
FilePageCache.maxRegisteredFiles,1787284105583000000,1787284165587000000,558
FilePageCacheLockFree.housekeeperTurnsDone,1787284105583000000,1787284165587000000,0
FilePageCacheLockFree.totalNativeBytesAllocated,1787284105583000000,1787284165587000000,0
MappedFileStorage.totalPagesMapped,1787284105583000000,1787284165587000000,16
FilePageCache.disposedBuffers,1787284105583000000,1787284165587000000,0
FilePageCacheLockFree.totalHeapBytesReclaimed,1787284105583000000,1787284165587000000,0
DirectByteBufferAllocator.totalSizeOfBuffersAllocatedInBytes,1787284105583000000,1787284165587000000,275791872
DirectByteBufferAllocator.disposed,1787284105583000000,1787284165587000000,0
FilePageCacheLockFree.totalPagesAllocated,1787284105583000000,1787284165587000000,0
StreamlinedBlobStorage.recordsAllocated,1787284105583000000,1787284165587000000,1
FilePageCache.pageLoads,1787284105583000000,1787284165587000000,0
FilePageCacheLockFree.totalPagesRequestsMs,1787284105583000000,1787284165587000000,0
FilePageCacheLockFree.totalBytesWritten,1787284105583000000,1787284165587000000,0
StorageLockContext.competingThreads.max,1787284105583000000,1787284165587000000,0
FilePageCache.pageFastCacheHits,1787284105583000000,1787284165587000000,967
FilePageCacheLockFree.housekeeperTimeSpentMs,1787284105583000000,1787284165587000000,0
FilePageCacheLockFree.totalPagesWriteMs,1787284105583000000,1787284165587000000,0
FilePageCache.pageHits,1787284105583000000,1787284165587000000,62
StorageLockContext.competingThreads.avg,1787284105583000000,1787284165587000000,0.0
FilePageCacheLockFree.totalPagesReclaimed,1787284105583000000,1787284165587000000,0
StreamlinedBlobStorage.totalLiveRecordsCapacityBytes,1787284105583000000,1787284165587000000,70
FilePageCache.maxCacheSizeInBytes,1787284105583000000,1787284165587000000,275791872
FilePageCacheLockFree.totalHeapBytesAllocated,1787284105583000000,1787284165587000000,0
compiler.ArtifactManagerBridge.initBridges.ms,1787284105583000000,1787284165587000000,0
compiler.ArtifactManagerBridge.commit.ms,1787284105583000000,1787284165587000000,0
compiler.ArtifactVirtualFileListener.propertyChanged.ms,1787284105583000000,1787284165587000000,0
compiler.ArtifactManagerBridge.getArtifactsByType.ms,1787284105583000000,1787284165587000000,0
compiler.ArtifactVirtualFileListener.filePathChanged.ms,1787284105583000000,1787284165587000000,0
compiler.ArtifactManagerBridge.dropMappings.ms,1787284105583000000,1787284165587000000,0
compiler.ArtifactManagerBridge.findArtifact.ms,1787284105583000000,1787284165587000000,0
compiler.ArtifactManagerBridge.addArtifact.ms,1787284105583000000,1787284165587000000,0
compiler.ArtifactManagerBridge.getArtifacts.ms,1787284105583000000,1787284165587000000,0
JVM.newThreadsCount,1787284105583000000,1787284165587000000,4
JVM.usedHeapBytes,1787284105583000000,1787284165587000000,254962168
JVM.maxThreadCount,1787284105583000000,1787284165587000000,170
JVM.maxHeapBytes,1787284105583000000,1787284165587000000,2147483648
JVM.totalCpuTimeMs,1787284105583000000,1787284165587000000,18980
JVM.GC.collections,1787284105583000000,1787284165587000000,4
JVM.usedNativeBytes,1787284105583000000,1787284165587000000,419133656
JVM.totalDirectByteBuffersBytes,1787284105583000000,1787284165587000000,276490988
OS.loadAverage,1787284105583000000,1787284165587000000,2.4736328125
JVM.totalBytesAllocated,1787284105583000000,1787284165587000000,279950904
JVM.threadCount,1787284105583000000,1787284165587000000,59
JVM.GC.collectionTimesMs,1787284105583000000,1787284165587000000,96
Indexes.stubs.lookupDurationAvgMs,1787284105583000000,1787284165587000000,0.0
Indexes.entries.lookupDuration90PMs,1787284105583000000,1787284165587000000,0.0
Indexes.allKeys.lookupDuration90PMs,1787284105583000000,1787284165587000000,0.0
Indexes.stubs.lookupDurationMaxMs,1787284105583000000,1787284165587000000,0.0
Indexes.allKeys.lookupDurationMaxMs,1787284105583000000,1787284165587000000,0.0
Indexes.entries.lookups,1787284105583000000,1787284165587000000,0.0
Indexes.entries.lookupDurationMaxMs,1787284105583000000,1787284165587000000,0.0
Indexes.stubs.lookups,1787284105583000000,1787284165587000000,0.0
Indexes.entries.lookupDurationAvgMs,1787284105583000000,1787284165587000000,0.0
IndexesFlusher.totalFlushesRetried,1787284105583000000,1787284165587000000,0
IndexesFlusher.totalFlushingTimeUs,1787284105583000000,1787284165587000000,221802
Indexes.allKeys.lookups,1787284105583000000,1787284165587000000,0.0
IndexesFlusher.totalFlushes,1787284105583000000,1787284165587000000,179
IndexesFlusher.totalContentionQuotaSpent,1787284105583000000,1787284165587000000,0
Indexes.stubs.lookupDuration90PMs,1787284105583000000,1787284165587000000,0.0
Indexes.allKeys.lookupDurationAvgMs,1787284105583000000,1787284165587000000,0.0
FlushQueue.waitingTimeMaxNs,1787284105583000000,1787284165587000000,0
NonBlockingReadAction.failedExecutionTimeUs,1787284105583000000,1787284165587000000,23138
NonBlockingReadAction.finalizedExecutionsCount,1787284105583000000,1787284165587000000,34
AWTEventQueue.dispatchTimeTotalNS,1787284105583000000,1787284165587000000,4949952132
AWTEventQueue.eventsDispatched,1787284105583000000,1787284165587000000,0
FlushQueue.queueSize90P,1787284105583000000,1787284165587000000,0
FlushQueue.tasksExecuted,1787284105583000000,1787284165587000000,0
AWTEventQueue.dispatchTime90PNs,1787284105583000000,1787284165587000000,0
FlushQueue.executionTime90PNs,1787284105583000000,1787284165587000000,0
FlushQueue.queueSizeMax,1787284105583000000,1787284165587000000,0
FlushQueue.queueSizeAvg,1787284105583000000,1787284165587000000,0.0
AWTEventQueue.dispatchTimeMaxNs,1787284105583000000,1787284165587000000,0
AWTEventQueue.dispatchTimeAvgNs,1787284105583000000,1787284165587000000,0.0
FlushQueue.waitingTimeAvgNs,1787284105583000000,1787284165587000000,0.0
NonBlockingReadAction.finalizedExecutionTimeUs,1787284105583000000,1787284165587000000,21770
ReadAction.executionsCount,1787284105583000000,1787284165587000000,26604
FlushQueue.waitingTime90PNs,1787284105583000000,1787284165587000000,0
WriteAction.executionsCount,1787284105583000000,1787284165587000000,10
FlushQueue.executionTimeMaxNs,1787284105583000000,1787284165587000000,0
NonBlockingReadAction.failedExecutionsCount,1787284105583000000,1787284165587000000,1
FlushQueue.executionTimeAvgNs,1787284105583000000,1787284165587000000,0.0
cacheStateStorage.set.counter,1787284105583000000,1787284165587000000,2
cacheStateStorage.get.duration,1787284105583000000,1787284165587000000,23
cacheStateStorage.set.duration,1787284105583000000,1787284165587000000,7
cacheStateStorage.get.counter,1787284105583000000,1787284165587000000,2
VFS.fileByIdCache.misses,1787284105583000000,1787284165587000000,0
VFS.fileByIdCache.hits,1787284105583000000,1787284165587000000,1
VFS.invertedFileNameIndex.requests,1787284105583000000,1787284165587000000,0
VFS.fileChildByName,1787284105583000000,1787284165587000000,5802
FileNameCache.queries,1787284105583000000,1787284165587000000,0
FileNameCache.totalMisses,1787284105583000000,1787284165587000000,0
workspaceModel.moduleManagerBridge.load.all.modules.ms,1787284105583000000,1787284165587000000,0
workspaceModel.moduleBridge.facet.initialization.ms,1787284105583000000,1787284165587000000,0
workspaceModel.moduleManagerBridge.get.modules.ms,1787284105583000000,1787284165587000000,0
jps.load.initial.state.ms,1787284105583000000,1787284165587000000,0
workspaceModel.mutableEntityStorage.add.entity.ms,1787284105583000000,1787284165587000000,0
jps.artifact.entities.serializer.load.entities.ms,1787284105583000000,1787284165587000000,0
jps.save.global.entities.ms,1787284105583000000,1787284165587000000,14
workspaceModel.mutableEntityStorage.collect.changes.ms,1787284105583000000,1787284165587000000,0
workspaceModel.mutableEntityStorage.entities.by.source.ms,1787284105583000000,1787284165587000000,0
jps.global.get.library.ms,1787284105583000000,1787284165587000000,0
jps.facet.change.listener.process.change.events.ms,1787284105583000000,1787284165587000000,0
jps.library.entities.serializer.save.entities.ms,1787284105583000000,1787284165587000000,0
workspaceModel.mutableEntityStorage.mutable.vfurl.index.ms,1787284105583000000,1787284165587000000,0
workspaceModel.global.updates.ms,1787284105583000000,1787284165587000000,0
jps.reload.project.entities.ms,1787284105583000000,1787284165587000000,0
jps.load.project.to.empty.storage.ms,1787284105583000000,1787284165587000000,0
workspaceModel.mutableEntityStorage.to.snapshot.ms,1787284105583000000,1787284165587000000,0
jps.global.initialize.library.bridges.after.loading.ms,1787284105583000000,1787284165587000000,0
workspaceModel.mutableEntityStorage.referrers.ms,1787284105583000000,1787284165587000000,0
workspaceModel.moduleManagerBridge.newModule.ms,1787284105583000000,1787284165587000000,0
workspaceModel.orphan.listener.update.ms,1787284105583000000,1787284165587000000,0
jps.global.handle.changed.events.ms,1787284105583000000,1787284165587000000,0
workspaceModel.mutableEntityStorage.resolve.ms,1787284105583000000,1787284165587000000,0
jps.module.iml.entities.serializer.save.entities.ms,1787284105583000000,1787284165587000000,0
workspaceModel.moduleBridge.update.option.ms,1787284105583000000,1787284165587000000,0
workspaceModel.moduleManagerBridge.set.unloadedModules.ms,1787284105583000000,1787284165587000000,0
workspaceModel.load.cache.from.file.ms,1787284105583000000,1787284165587000000,0
jps.apply.loaded.storage.ms,1787284105583000000,1787284165587000000,0
workspaceModel.global.updates.count,1787284105583000000,1787284165587000000,0
workspaceModel.moduleManagerBridge.new.nonPersistent.module.ms,1787284105583000000,1787284165587000000,0
workspaceModel.global.apply.state.to.project.ms,1787284105583000000,1787284165587000000,0
workspaceModel.mutableEntityStorage.entities.ms,1787284105583000000,1787284165587000000,0
jps.global.initialize.library.bridges.ms,1787284105583000000,1787284165587000000,0
jps.app.storage.content.writer.save.component.ms,1787284105583000000,1787284165587000000,5
jps.global.get.library.by.name.ms,1787284105583000000,1787284165587000000,0
jps.app.storage.content.reader.load.component.ms,1787284105583000000,1787284165587000000,0
workspaceModel.mutableEntityStorage.instances.count,1787284105583000000,1787284165587000000,0
jps.global.get.libraries.ms,1787284105583000000,1787284165587000000,0
jps.module.iml.entities.serializer.load.entities.ms,1787284105583000000,1787284165587000000,0
workspaceModel.moduleBridge.before.changed.ms,1787284105583000000,1787284165587000000,0
jps.facet.change.listener.before.change.events.ms,1787284105583000000,1787284165587000000,0
jps.save.changed.project.entities.ms,1787284105583000000,1787284165587000000,0
jps.library.entities.serializer.load.entities.ms,1787284105583000000,1787284165587000000,0
workspaceModel.mutableEntityStorage.apply.changes.from.ms,1787284105583000000,1787284165587000000,0
workspaceModel.moduleBridgeLoader.loading.modules.ms,1787284105583000000,1787284165587000000,0
jps.facet.change.listener.init.bridge.ms,1787284105583000000,1787284165587000000,0
workspaceModel.save.cache.to.file.ms,1787284105583000000,1787284165587000000,0
workspaceModel.mutableEntityStorage.has.same.entities.ms,1787284105583000000,1787284165587000000,0
jps.storage.jps.conf.reader.load.component.ms,1787284105583000000,1787284165587000000,0
workspaceModel.mutableEntityStorage.replace.by.source.ms,1787284105583000000,1787284165587000000,0
workspaceModel.mutableEntityStorage.put.entity.ms,1787284105583000000,1787284165587000000,0
workspaceModel.sync.entities.ms,1787284105583000000,1787284165587000000,0
workspaceModel.global.apply.state.to.project.builder.ms,1787284105583000000,1787284165587000000,0
workspaceModel.moduleManagerBridge.build.module.graph.ms,1787284105583000000,1787284165587000000,0
workspaceModel.delayed.project.synchronizer.sync.ms,1787284105583000000,1787284165587000000,0
workspaceModel.moduleManagerBridge.create.module.instance.ms,1787284105583000000,1787284165587000000,0
jps.project.serializers.save.ms,1787284105583000000,1787284165587000000,0
workspaceModel.do.save.caches.ms,1787284105583000000,1787284165587000000,0
workspaceModel.moduleManagerBridge.load.module.ms,1787284105583000000,1787284165587000000,0
workspaceModel.mutableEntityStorage.modify.entity.ms,1787284105583000000,1787284165587000000,0
jps.global.handle.before.change.events.ms,1787284105583000000,1787284165587000000,0
workspaceModel.mutableEntityStorage.mutable.ext.mapping.ms,1787284105583000000,1787284165587000000,0
workspaceModel.load.cache.metadata.from.file.ms,1787284105583000000,1787284165587000000,0
jps.artifact.entities.serializer.save.entities.ms,1787284105583000000,1787284165587000000,0
jps.project.serializers.load.ms,1787284105583000000,1787284165587000000,0
workspaceModel.mutableEntityStorage.remove.entity.ms,1787284105583000000,1787284165587000000,0
lexer.HTML.size.bytes,1787284105583000000,1787284165587000000,32
writeAction.count,1787284105583000000,1787284165587000000,10
parser.RELAX-NG.time.ns,1787284105583000000,1787284165587000000,7338662
writeAction.max.wait.ms,1787284105583000000,1787284165587000000,498
lexer.XML.time.ns,1787284105583000000,1787284165587000000,964503
parser.HTML.time.ns,1787284105583000000,1787284165587000000,9393660
lexer.XML.size.bytes,1787284105583000000,1787284165587000000,50
writeAction.wait.ms,1787284105583000000,1787284165587000000,166
parser.XML.size.bytes,1787284105583000000,1787284165587000000,50
lexer.RELAX-NG.time.ns,1787284105583000000,1787284165587000000,12052803
parser.HTML.size.bytes,1787284105583000000,1787284165587000000,32
writeAction.median.wait.ms,1787284105583000000,1787284165587000000,1100
parser.XML.time.ns,1787284105583000000,1787284165587000000,5380723
parser.RELAX-NG.size.bytes,1787284105583000000,1787284165587000000,3782
lexer.HTML.time.ns,1787284105583000000,1787284165587000000,442013
lexer.RELAX-NG.size.bytes,1787284105583000000,1787284165587000000,3782
workspaceModel.loading.total.ms,1787284105583000000,1787284165587000000,0
workspaceModel.to.snapshot.ms,1787284105583000000,1787284165587000000,0
workspaceModel.update.unloaded.entities.ms,1787284105583000000,1787284165587000000,0
workspaceModel.workspaceFileIndexData.getFileInfo.ms,1787284105583000000,1787284165587000000,8
workspaceModel.workspaceFileIndexData.instances.count,1787284105583000000,1787284165587000000,0
workspaceModel.cachedValueWithParameters.total.get.ms,1787284105583000000,1787284165587000000,0
workspaceModel.check.recursive.update.ms,1787284105583000000,1787284165587000000,0
workspaceModel.workspaceFileIndexData.getPackageName.ms,1787284105583000000,1787284165587000000,1
workspaceModel.init.bridges.ms,1787284105583000000,1787284165587000000,0
workspaceModel.workspaceFileIndexData.updateDirtyEntities.ms,1787284105583000000,1787284165587000000,0
workspaceModel.collect.changes.ms,1787284105583000000,1787284165587000000,0
workspaceModel.cachedValueWithParameters.clear.ms,1787284105583000000,1787284165587000000,0
workspaceModel.workspaceFileIndexData.visitFileSets.ms,1787284105583000000,1787284165587000000,0
workspaceModel.cachedValue.total.get.ms,1787284105583000000,1787284165587000000,0
workspaceModel.workspaceFileIndexData.getDirectoriesByPackageName.ms,1787284105583000000,1787284165587000000,4
workspaceModel.workspaceFileIndexData.onEntitiesChanged.ms,1787284105583000000,1787284165587000000,0
workspaceModel.updates.precise.ms,1787284105583000000,1787284165587000000,0
workspaceModel.updates.ms,1787284105583000000,1787284165587000000,0
workspaceModel.loading.from.cache.ms,1787284105583000000,1787284165587000000,0
workspaceModel.workspaceFileIndexContributor.registerFileSets.ms,1787284105583000000,1787284165587000000,0
workspaceModel.workspaceFileIndexData.processFileSets.ms,1787284105583000000,1787284165587000000,0
workspaceModel.workspaceFileIndexData.markDirty.ms,1787284105583000000,1787284165587000000,0
workspaceModel.full.replace.project.model.ms,1787284105583000000,1787284165587000000,0
workspaceModel.initializing.ms,1787284105583000000,1787284165587000000,0
workspaceModel.cachedValueWithParameters.from.cache.ms,1787284105583000000,1787284165587000000,0
workspaceModel.entityStorageSnapshotImpl.instances.count,1787284105583000000,1787284165587000000,0
workspaceModel.updates.count,1787284105583000000,1787284165587000000,0
workspaceModel.cachedValue.clear.ms,1787284105583000000,1787284165587000000,0
workspaceModel.pre.handlers.ms,1787284105583000000,1787284165587000000,0
workspaceModel.cachedValueWithParameters.calculated.ms,1787284105583000000,1787284165587000000,0
workspaceModel.cachedValue.calculated.ms,1787284105583000000,1787284165587000000,0
workspaceModel.cachedValue.from.cache.ms,1787284105583000000,1787284165587000000,0
workspaceModel.workspaceFileIndexData.init.ms,1787284105583000000,1787284165587000000,0
workspaceModel.replace.project.model.ms,1787284105583000000,1787284165587000000,0
DirectByteBufferAllocator.reclaimed,1787284165587000000,1787284181344000000,42
FilePageCacheLockFree.totalNativeBytesReclaimed,1787284165587000000,1787284181344000000,0
FileChannelInterruptsRetryer.totalRetriedAttempts,1787284165587000000,1787284181344000000,0
FilePageCacheLockFree.heapBytesInUse,1787284165587000000,1787284181344000000,0
FilePageCacheLockFree.nativeBytesInUse,1787284165587000000,1787284181344000000,0
FilePageCacheLockFree.housekeeperTurnsSkipped,1787284165587000000,1787284181344000000,0
FilePageCacheLockFree.totalBytesRead,1787284165587000000,1787284181344000000,0
FilePageCacheLockFree.totalPageAllocationsWaited,1787284165587000000,1787284181344000000,0
FilePageCacheLockFree.totalPagesRequested,1787284165587000000,1787284181344000000,0
DirectByteBufferAllocator.misses,1787284165587000000,1787284181344000000,0
FilePageCacheLockFree.totalPagesHandedOver,1787284165587000000,1787284181344000000,0
FilePageCache.totalPageDisposalsUs,1787284165587000000,1787284181344000000,0
StorageLockContext.competingThreads.90P,1787284165587000000,1787284181344000000,0
FilePageCacheLockFree.totalPagesReadMs,1787284165587000000,1787284181344000000,0
FilePageCache.capacityInBytes,1787284165587000000,1787284181344000000,503316478
FilePageCacheLockFree.totalClosedStoragesReclaimed,1787284165587000000,1787284181344000000,0
DirectByteBufferAllocator.hits,1787284165587000000,1787284181344000000,0
FilePageCacheLockFree.totalPagesWritten,1787284165587000000,1787284181344000000,0
FilePageCacheLockFree.totalBytesRequested,1787284165587000000,1787284181344000000,0
FilePageCache.uncachedFileAccess,1787284165587000000,1787284181344000000,4
FilePageCache.pageLoadsAboveSizeThreshold,1787284165587000000,1787284181344000000,0
DirectByteBufferAllocator.totalSizeOfBuffersCachedInBytes,1787284165587000000,1787284181344000000,41959424
FilePageCache.totalPageLoadsUs,1787284165587000000,1787284181344000000,0
FilePageCache.maxRegisteredFiles,1787284165587000000,1787284181344000000,558
FilePageCacheLockFree.housekeeperTurnsDone,1787284165587000000,1787284181344000000,0
FilePageCacheLockFree.totalNativeBytesAllocated,1787284165587000000,1787284181344000000,0
FilePageCache.disposedBuffers,1787284165587000000,1787284181344000000,265
FilePageCacheLockFree.totalHeapBytesReclaimed,1787284165587000000,1787284181344000000,0
DirectByteBufferAllocator.totalSizeOfBuffersAllocatedInBytes,1787284165587000000,1787284181344000000,41959424
DirectByteBufferAllocator.disposed,1787284165587000000,1787284181344000000,223
FilePageCacheLockFree.totalPagesAllocated,1787284165587000000,1787284181344000000,0
FilePageCache.pageLoads,1787284165587000000,1787284181344000000,0
FilePageCacheLockFree.totalPagesRequestsMs,1787284165587000000,1787284181344000000,0
FilePageCacheLockFree.totalBytesWritten,1787284165587000000,1787284181344000000,0
StorageLockContext.competingThreads.max,1787284165587000000,1787284181344000000,0
FilePageCache.pageFastCacheHits,1787284165587000000,1787284181344000000,75
FilePageCacheLockFree.housekeeperTimeSpentMs,1787284165587000000,1787284181344000000,0
FilePageCacheLockFree.totalPagesWriteMs,1787284165587000000,1787284181344000000,0
FilePageCache.pageHits,1787284165587000000,1787284181344000000,0
StorageLockContext.competingThreads.avg,1787284165587000000,1787284181344000000,0.0
FilePageCacheLockFree.totalPagesReclaimed,1787284165587000000,1787284181344000000,0
FilePageCache.maxCacheSizeInBytes,1787284165587000000,1787284181344000000,275791872
FilePageCacheLockFree.totalHeapBytesAllocated,1787284165587000000,1787284181344000000,0
compiler.ArtifactManagerBridge.initBridges.ms,1787284165587000000,1787284181344000000,0
compiler.ArtifactManagerBridge.commit.ms,1787284165587000000,1787284181344000000,0
compiler.ArtifactVirtualFileListener.propertyChanged.ms,1787284165587000000,1787284181344000000,0
compiler.ArtifactManagerBridge.getArtifactsByType.ms,1787284165587000000,1787284181344000000,0
compiler.ArtifactVirtualFileListener.filePathChanged.ms,1787284165587000000,1787284181344000000,0
compiler.ArtifactManagerBridge.dropMappings.ms,1787284165587000000,1787284181344000000,0
compiler.ArtifactManagerBridge.findArtifact.ms,1787284165587000000,1787284181344000000,0
compiler.ArtifactManagerBridge.addArtifact.ms,1787284165587000000,1787284181344000000,0
compiler.ArtifactManagerBridge.getArtifacts.ms,1787284165587000000,1787284181344000000,0
JVM.newThreadsCount,1787284165587000000,1787284181344000000,6
JVM.usedHeapBytes,1787284165587000000,1787284181344000000,321022456
JVM.maxThreadCount,1787284165587000000,1787284181344000000,170
JVM.maxHeapBytes,1787284165587000000,1787284181344000000,2147483648
JVM.totalCpuTimeMs,1787284165587000000,1787284181344000000,4570
JVM.GC.collections,1787284165587000000,1787284181344000000,0
JVM.usedNativeBytes,1787284165587000000,1787284181344000000,424382128
JVM.totalDirectByteBuffersBytes,1787284165587000000,1787284181344000000,42598453
OS.loadAverage,1787284165587000000,1787284181344000000,2.146484375
JVM.totalBytesAllocated,1787284165587000000,1787284181344000000,60375296
JVM.threadCount,1787284165587000000,1787284181344000000,56
JVM.GC.collectionTimesMs,1787284165587000000,1787284181344000000,0
Indexes.stubs.lookupDurationAvgMs,1787284165587000000,1787284181344000000,0.0
Indexes.entries.lookupDuration90PMs,1787284165587000000,1787284181344000000,0.0
Indexes.allKeys.lookupDuration90PMs,1787284165587000000,1787284181344000000,0.0
Indexes.stubs.lookupDurationMaxMs,1787284165587000000,1787284181344000000,0.0
Indexes.allKeys.lookupDurationMaxMs,1787284165587000000,1787284181344000000,0.0
Indexes.entries.lookups,1787284165587000000,1787284181344000000,0.0
Indexes.entries.lookupDurationMaxMs,1787284165587000000,1787284181344000000,0.0
Indexes.stubs.lookups,1787284165587000000,1787284181344000000,0.0
Indexes.entries.lookupDurationAvgMs,1787284165587000000,1787284181344000000,0.0
Indexes.allKeys.lookups,1787284165587000000,1787284181344000000,0.0
Indexes.stubs.lookupDuration90PMs,1787284165587000000,1787284181344000000,0.0
Indexes.allKeys.lookupDurationAvgMs,1787284165587000000,1787284181344000000,0.0
NonBlockingReadAction.failedExecutionTimeUs,1787284165587000000,1787284181344000000,0
NonBlockingReadAction.finalizedExecutionsCount,1787284165587000000,1787284181344000000,6
AWTEventQueue.dispatchTimeTotalNS,1787284165587000000,1787284181344000000,449459261
NonBlockingReadAction.finalizedExecutionTimeUs,1787284165587000000,1787284181344000000,143811
NonBlockingReadAction.failedExecutionsCount,1787284165587000000,1787284181344000000,0
cacheStateStorage.set.counter,1787284165587000000,1787284181344000000,2
cacheStateStorage.get.duration,1787284165587000000,1787284181344000000,0
cacheStateStorage.set.duration,1787284165587000000,1787284181344000000,1
cacheStateStorage.get.counter,1787284165587000000,1787284181344000000,0
VFS.fileByIdCache.misses,1787284165587000000,1787284181344000000,2
VFS.fileByIdCache.hits,1787284165587000000,1787284181344000000,0
VFS.invertedFileNameIndex.requests,1787284165587000000,1787284181344000000,0
VFS.fileChildByName,1787284165587000000,1787284181344000000,884
workspaceModel.moduleManagerBridge.load.all.modules.ms,1787284165587000000,1787284181344000000,0
workspaceModel.moduleBridge.facet.initialization.ms,1787284165587000000,1787284181344000000,0
workspaceModel.moduleManagerBridge.get.modules.ms,1787284165587000000,1787284181344000000,0
jps.load.initial.state.ms,1787284165587000000,1787284181344000000,0
workspaceModel.mutableEntityStorage.add.entity.ms,1787284165587000000,1787284181344000000,0
jps.artifact.entities.serializer.load.entities.ms,1787284165587000000,1787284181344000000,0
jps.save.global.entities.ms,1787284165587000000,1787284181344000000,2
workspaceModel.mutableEntityStorage.collect.changes.ms,1787284165587000000,1787284181344000000,0
workspaceModel.mutableEntityStorage.entities.by.source.ms,1787284165587000000,1787284181344000000,0
jps.global.get.library.ms,1787284165587000000,1787284181344000000,0
jps.facet.change.listener.process.change.events.ms,1787284165587000000,1787284181344000000,0
jps.library.entities.serializer.save.entities.ms,1787284165587000000,1787284181344000000,0
workspaceModel.mutableEntityStorage.mutable.vfurl.index.ms,1787284165587000000,1787284181344000000,0
workspaceModel.global.updates.ms,1787284165587000000,1787284181344000000,0
jps.reload.project.entities.ms,1787284165587000000,1787284181344000000,0
jps.load.project.to.empty.storage.ms,1787284165587000000,1787284181344000000,0
workspaceModel.mutableEntityStorage.to.snapshot.ms,1787284165587000000,1787284181344000000,0
jps.global.initialize.library.bridges.after.loading.ms,1787284165587000000,1787284181344000000,0
workspaceModel.mutableEntityStorage.referrers.ms,1787284165587000000,1787284181344000000,0
workspaceModel.moduleManagerBridge.newModule.ms,1787284165587000000,1787284181344000000,0
workspaceModel.orphan.listener.update.ms,1787284165587000000,1787284181344000000,0
jps.global.handle.changed.events.ms,1787284165587000000,1787284181344000000,0
workspaceModel.mutableEntityStorage.resolve.ms,1787284165587000000,1787284181344000000,0
jps.module.iml.entities.serializer.save.entities.ms,1787284165587000000,1787284181344000000,0
workspaceModel.moduleBridge.update.option.ms,1787284165587000000,1787284181344000000,0
workspaceModel.moduleManagerBridge.set.unloadedModules.ms,1787284165587000000,1787284181344000000,0
workspaceModel.load.cache.from.file.ms,1787284165587000000,1787284181344000000,0
jps.apply.loaded.storage.ms,1787284165587000000,1787284181344000000,0
workspaceModel.global.updates.count,1787284165587000000,1787284181344000000,0
workspaceModel.moduleManagerBridge.new.nonPersistent.module.ms,1787284165587000000,1787284181344000000,0
workspaceModel.global.apply.state.to.project.ms,1787284165587000000,1787284181344000000,0
workspaceModel.mutableEntityStorage.entities.ms,1787284165587000000,1787284181344000000,0
jps.global.initialize.library.bridges.ms,1787284165587000000,1787284181344000000,0
jps.app.storage.content.writer.save.component.ms,1787284165587000000,1787284181344000000,1
jps.global.get.library.by.name.ms,1787284165587000000,1787284181344000000,0
jps.app.storage.content.reader.load.component.ms,1787284165587000000,1787284181344000000,0
workspaceModel.mutableEntityStorage.instances.count,1787284165587000000,1787284181344000000,0
jps.global.get.libraries.ms,1787284165587000000,1787284181344000000,0
jps.module.iml.entities.serializer.load.entities.ms,1787284165587000000,1787284181344000000,0
workspaceModel.moduleBridge.before.changed.ms,1787284165587000000,1787284181344000000,0
jps.facet.change.listener.before.change.events.ms,1787284165587000000,1787284181344000000,0
jps.save.changed.project.entities.ms,1787284165587000000,1787284181344000000,0
jps.library.entities.serializer.load.entities.ms,1787284165587000000,1787284181344000000,0
workspaceModel.mutableEntityStorage.apply.changes.from.ms,1787284165587000000,1787284181344000000,0
workspaceModel.moduleBridgeLoader.loading.modules.ms,1787284165587000000,1787284181344000000,0
jps.facet.change.listener.init.bridge.ms,1787284165587000000,1787284181344000000,0
workspaceModel.save.cache.to.file.ms,1787284165587000000,1787284181344000000,0
workspaceModel.mutableEntityStorage.has.same.entities.ms,1787284165587000000,1787284181344000000,0
jps.storage.jps.conf.reader.load.component.ms,1787284165587000000,1787284181344000000,0
workspaceModel.mutableEntityStorage.replace.by.source.ms,1787284165587000000,1787284181344000000,0
workspaceModel.mutableEntityStorage.put.entity.ms,1787284165587000000,1787284181344000000,0
workspaceModel.sync.entities.ms,1787284165587000000,1787284181344000000,0
workspaceModel.global.apply.state.to.project.builder.ms,1787284165587000000,1787284181344000000,0
workspaceModel.moduleManagerBridge.build.module.graph.ms,1787284165587000000,1787284181344000000,0
workspaceModel.delayed.project.synchronizer.sync.ms,1787284165587000000,1787284181344000000,0
workspaceModel.moduleManagerBridge.create.module.instance.ms,1787284165587000000,1787284181344000000,0
jps.project.serializers.save.ms,1787284165587000000,1787284181344000000,0
workspaceModel.do.save.caches.ms,1787284165587000000,1787284181344000000,0
workspaceModel.moduleManagerBridge.load.module.ms,1787284165587000000,1787284181344000000,0
workspaceModel.mutableEntityStorage.modify.entity.ms,1787284165587000000,1787284181344000000,0
jps.global.handle.before.change.events.ms,1787284165587000000,1787284181344000000,0
workspaceModel.mutableEntityStorage.mutable.ext.mapping.ms,1787284165587000000,1787284181344000000,0
workspaceModel.load.cache.metadata.from.file.ms,1787284165587000000,1787284181344000000,0
jps.artifact.entities.serializer.save.entities.ms,1787284165587000000,1787284181344000000,0
jps.project.serializers.load.ms,1787284165587000000,1787284181344000000,0
workspaceModel.mutableEntityStorage.remove.entity.ms,1787284165587000000,1787284181344000000,0
writeAction.count,1787284165587000000,1787284181344000000,3
writeAction.max.wait.ms,1787284165587000000,1787284181344000000,498
writeAction.wait.ms,1787284165587000000,1787284181344000000,0
writeAction.median.wait.ms,1787284165587000000,1787284181344000000,1200
workspaceModel.loading.total.ms,1787284165587000000,1787284181344000000,0
workspaceModel.to.snapshot.ms,1787284165587000000,1787284181344000000,0
workspaceModel.update.unloaded.entities.ms,1787284165587000000,1787284181344000000,0
workspaceModel.workspaceFileIndexData.getFileInfo.ms,1787284165587000000,1787284181344000000,38
workspaceModel.workspaceFileIndexData.instances.count,1787284165587000000,1787284181344000000,0
workspaceModel.cachedValueWithParameters.total.get.ms,1787284165587000000,1787284181344000000,0
workspaceModel.check.recursive.update.ms,1787284165587000000,1787284181344000000,0
workspaceModel.workspaceFileIndexData.getPackageName.ms,1787284165587000000,1787284181344000000,0
workspaceModel.init.bridges.ms,1787284165587000000,1787284181344000000,0
workspaceModel.workspaceFileIndexData.updateDirtyEntities.ms,1787284165587000000,1787284181344000000,0
workspaceModel.collect.changes.ms,1787284165587000000,1787284181344000000,0
workspaceModel.cachedValueWithParameters.clear.ms,1787284165587000000,1787284181344000000,0
workspaceModel.workspaceFileIndexData.visitFileSets.ms,1787284165587000000,1787284181344000000,0
workspaceModel.cachedValue.total.get.ms,1787284165587000000,1787284181344000000,0
workspaceModel.workspaceFileIndexData.getDirectoriesByPackageName.ms,1787284165587000000,1787284181344000000,0
workspaceModel.workspaceFileIndexData.onEntitiesChanged.ms,1787284165587000000,1787284181344000000,0
workspaceModel.updates.precise.ms,1787284165587000000,1787284181344000000,0
workspaceModel.updates.ms,1787284165587000000,1787284181344000000,0
workspaceModel.loading.from.cache.ms,1787284165587000000,1787284181344000000,0
workspaceModel.workspaceFileIndexContributor.registerFileSets.ms,1787284165587000000,1787284181344000000,0
workspaceModel.workspaceFileIndexData.processFileSets.ms,1787284165587000000,1787284181344000000,0
workspaceModel.workspaceFileIndexData.markDirty.ms,1787284165587000000,1787284181344000000,0
workspaceModel.full.replace.project.model.ms,1787284165587000000,1787284181344000000,0
workspaceModel.initializing.ms,1787284165587000000,1787284181344000000,0
workspaceModel.cachedValueWithParameters.from.cache.ms,1787284165587000000,1787284181344000000,0
workspaceModel.entityStorageSnapshotImpl.instances.count,1787284165587000000,1787284181344000000,0
workspaceModel.updates.count,1787284165587000000,1787284181344000000,0
workspaceModel.cachedValue.clear.ms,1787284165587000000,1787284181344000000,0
workspaceModel.pre.handlers.ms,1787284165587000000,1787284181344000000,0
workspaceModel.cachedValueWithParameters.calculated.ms,1787284165587000000,1787284181344000000,0
workspaceModel.cachedValue.calculated.ms,1787284165587000000,1787284181344000000,0
workspaceModel.cachedValue.from.cache.ms,1787284165587000000,1787284181344000000,0
workspaceModel.workspaceFileIndexData.init.ms,1787284165587000000,1787284181344000000,0
workspaceModel.replace.project.model.ms,1787284165587000000,1787284181344000000,0
